CASE_ID,ACCIDENT_YEAR,PROC_DATE,JURIS,COLLISION_DATE,COLLISION_TIME,OFFICER_ID,REPORTING_DISTRICT,DAY_OF_WEEK,CHP_SHIFT,POPULATION,CNTY_CITY_LOC,SPECIAL_COND,BEAT_TYPE,CHP_BEAT_TYPE,CITY_DIVISION_LAPD,CHP_BEAT_CLASS,BEAT_NUMBER,PRIMARY_RD,SECONDARY_RD,DISTANCE,DIRECTION,INTERSECTION,WEATHER_1,WEATHER_2,STATE_HWY_IND,CALTRANS_COUNTY,CALTRANS_DISTRICT,STATE_ROUTE,ROUTE_SUFFIX,POSTMILE_PREFIX,POSTMILE,LOCATION_TYPE,RAMP_INTERSECTION,SIDE_OF_HWY,TOW_AWAY,COLLISION_SEVERITY,NUMBER_KILLED,NUMBER_INJURED,PARTY_COUNT,PRIMARY_COLL_FACTOR,PCF_CODE_OF_VIOL,PCF_VIOL_CATEGORY,PCF_VIOLATION,PCF_VIOL_SUBSECTION,HIT_AND_RUN,TYPE_OF_COLLISION,MVIW,PED_ACTION,ROAD_SURFACE,ROAD_COND_1,ROAD_COND_2,LIGHTING,CONTROL_DEVICE,CHP_ROAD_TYPE,PEDESTRIAN_ACCIDENT,BICYCLE_ACCIDENT,MOTORCYCLE_ACCIDENT,TRUCK_ACCIDENT,NOT_PRIVATE_PROPERTY,ALCOHOL_INVOLVED,STWD_VEHTYPE_AT_FAULT,CHP_VEHTYPE_AT_FAULT,COUNT_SEVERE_INJ,COUNT_VISIBLE_INJ,COUNT_COMPLAINT_PAIN,COUNT_PED_KILLED,COUNT_PED_INJURED,COUNT_BICYCLIST_KILLED,COUNT_BICYCLIST_INJURED,COUNT_MC_KILLED,COUNT_MC_INJURED,PRIMARY_RAMP,SECONDARY_RAMP,LATITUDE,LONGITUDE,COUNTY,CITY,POINT_X,POINT_Y
90024708,2015,2016-01-21,9770,2015-09-29,1815,014454,,2,2,6,5607,0,1,3,,2,076,"SR-23 N/B (MOORPARK FREEWAY)","PAIGE LANE (LA GRANADA DRIVE)",1056.00,S,N,A,-,Y,,,23,,,,,,N,Y,4,0,1,2,A,-,07,21658,A,N,C,C,A,A,H,-,A,D,0,,,Y,,Y,,A,01,0,0,1,0,0,0,0,0,1,"- ","- ",34.187420000000003,-118.86176,VENTURA,"THOUSAND OAKS",-118.86195839,34.187370540000003
90026568,2015,2015-10-19,9770,2015-09-27,0120,020641,,7,3,6,5607,0,1,2,,2,072,"US-101 N/B (VENTURA FREEWAY)","MOORPARK ROAD",2112.00,N,N,A,-,Y,,,101,,,,,,N,Y,3,0,1,2,A,-,08,22107,,N,E,I,A,A,D,-,C,D,0,,,,,Y,,A,01,0,1,0,0,0,0,0,0,0,"- ","- ",34.17886,-118.88166,VENTURA,"THOUSAND OAKS",-118.88171866,34.178740609999998
90035084,2015,2015-10-21,9765,2015-10-20,1945,016712,,2,2,4,5606,0,1,3,,2,040,"SR 126 EB","PECK RD",220.00,W,N,A,-,Y,,,126,,,,,,E,Y,4,0,1,1,A,-,08,22107,,N,E,I,A,A,H,-,C,D,0,,,,,Y,,A,01,0,0,1,0,0,0,0,0,0,"- ","- ",34.335900000000002,-119.08402,VENTURA,"SANTA PAULA",-119.08424900999999,34.336217490000003
90035711,2015,2015-10-21,9765,2015-10-19,0545,016234,,1,3,5,5601,0,1,2,,2,501,"US-101 S/B","SPRINGVILLE DRIVE",2112.00,N,N,A,-,Y,,,101,,,,,,S,Y,4,0,1,2,A,-,07,21658,A,N,B,C,A,A,H,-,C,D,0,,,,,Y,,D,22,0,0,1,0,0,0,0,0,0,"- ","- ",34.220709999999997,-119.09326,VENTURA,CAMARILLO,-119.09324125000001,34.220932179999998
90040493,2015,2015-10-29,9765,2015-10-20,1620,015696,,2,2,6,5604,0,1,2,,2,531,"US-101 S/B (VENTURA FREEWAY)","SR-1 (OXNARD BOULEVARD)",700.00,N,N,A,-,Y,,,101,,,,,,S,Y,4,0,1,3,A,-,03,22350,,N,C,C,A,A,H,-,A,D,0,,,,,Y,,A,01,0,0,1,0,0,0,0,0,0,"- ","- ",34.241100000000003,-119.1865,VENTURA,OXNARD,-119.18647514,34.241174909999998
90051143,2015,2015-11-16,9765,2015-11-04,0800,016234,,3,1,5,5601,0,1,2,,2,503,"US-101 S/B","ARNEILL ROAD",50.00,N,N,A,-,Y,,,101,,,,,,S,Y,4,0,2,2,A,-,03,22350,,N,C,C,A,A,H,-,A,D,0,,,,,Y,,A,01,0,0,2,0,0,0,0,0,0,"- ","- ",34.217329999999997,-119.0393,VENTURA,CAMARILLO,-119.0393006,34.217301569999997
90083066,2015,2015-12-28,9770,2015-12-18,0925,014675,,5,1,9,5600,0,2,4,,1,056,"GRIMES CANYON ROAD","BROADWAY ROAD",590.00,S,N,A,-,N,,,,,,,,,,Y,4,0,1,1,A,-,08,22107,,N,E,I,A,A,H,-,A,D,0,,,,,Y,,A,01,0,0,1,0,0,0,0,0,0,"- ","- ",34.315150000000003,-118.89961,VENTURA,UNINCORPORATED,-118.90969229,34.313551019999998
90098195,2016,2016-01-19,9765,2016-01-11,1753,020866,,1,2,6,5604,0,1,2,,2,502,"US 101 NB","DEL NORTE BLVD.",1584.00,N,N,A,-,Y,,,,,,,,,,Y,4,0,1,3,A,-,03,22350,,N,C,C,A,A,H,-,C,D,0,,,,,Y,,A,01,0,0,1,0,0,0,0,0,0,"- ","- ",34.222230000000003,-119.13229,VENTURA,OXNARD,-119.12684,34.222169999999998
90106683,2016,2016-02-01,9770,2016-01-26,0700,014675,,2,1,6,5609,0,1,3,,2,082,"SR-118 W/B (RONALD REAGAN FREEWAY)","COCHRAN STREET",50.00,W,N,A,-,Y,,,118,,,,,,W,Y,3,0,1,2,A,-,08,22107,,N,B,C,A,A,H,-,B,D,0,,,,,Y,,D,22,0,1,0,0,0,0,0,0,0,"- ","- ",34.281080000000003,-118.67134,VENTURA,"SIMI VALLEY",-118.67133696,34.281088009999998
90106985,2016,2016-02-02,9765,2016-01-25,1420,020866,,1,2,5,5601,0,1,2,,2,502,"US 101 NB","LAS POSAS RD.",1450.00,N,N,A,-,Y,,,,,,,,,,N,4,0,1,2,A,-,03,22350,,N,C,C,A,A,H,-,A,D,0,,,,,Y,,A,01,0,0,1,0,0,0,0,0,0,"- ","- ",34.219520000000003,-119.07640000000001,VENTURA,CAMARILLO,-119.06961,34.219970000000004
90112529,2016,2016-02-10,9770,2016-02-07,2220,018885,,7,3,6,5607,0,1,3,,2,084,"SR-23 N/B TO OLSEN ROAD","OLSEN ROAD",614.00,S,N,A,-,Y,,,23,,,,R,,N,Y,3,0,1,1,A,-,08,22107,,N,E,I,A,A,H,-,D,D,0,,,,,Y,,A,07,0,1,0,0,0,0,0,0,0,"- ","- ",34.240850000000002,-118.83908,VENTURA,"THOUSAND OAKS",-118.83908,34.240850000000002
90118340,2016,2016-02-18,9770,2016-02-11,1825,019849,,4,2,6,5609,0,1,3,,2,083,"SR-118 E/B (RONALD REAGAN FREEWAY)","FIRST STREET",1056.00,E,N,A,-,Y,,,118,,,,,,E,Y,4,0,1,2,A,-,03,22350,,N,C,C,A,A,H,-,A,D,0,,,,,Y,,A,01,0,0,1,0,0,0,0,0,0,"- ","- ",34.282389999999999,-118.77377,VENTURA,"SIMI VALLEY",-118.77377140999999,34.28211847
90133327,2016,2016-03-10,9770,2016-03-02,0838,012869,,3,1,6,5607,0,1,2,,2,073,"US-101 S/B (VENTURA FREEWAY)","LYNN ROAD",2157.00,N,N,A,-,Y,,,101,,,,,,S,Y,4,0,1,2,A,-,03,22350,,N,C,C,A,A,H,-,A,D,0,,,,,Y,,D,22,0,0,1,0,0,0,0,0,0,"- ","- ",34.184690000000003,-118.89867,VENTURA,"THOUSAND OAKS",-118.89865315,34.184514370000002
90137366,2016,2016-03-15,9770,2016-02-23,0035,014454,,2,3,6,5607,0,1,2,,2,075,"US-101 S/B (VENTURA FREEWAY)","WESTLAKE BOULEVARD",528.00,S,N,A,-,Y,,,101,,,,,,S,Y,2,0,3,2,A,-,03,22350,,N,C,C,A,A,D,-,C,A,0,,,,Y,Y,Y,A,01,1,1,1,0,0,0,0,0,0,"- ","- ",34.155949999999997,-118.82290999999999,VENTURA,"THOUSAND OAKS",-118.82288251,34.155991069999999
90141670,2016,2016-03-23,9765,2016-03-09,1520,020924,,3,2,6,5608,0,1,2,,1,104,"US-101 NB","VISTA DEL MAR DRIVE",22.00,S,N,A,-,Y,,,101,,,,,,N,Y,3,0,1,2,A,-,08,22107,,N,E,I,A,A,H,-,A,D,0,,,Y,Y,Y,,C,02,0,1,0,0,0,0,0,0,1,"- ","- ",34.272570000000002,-119.28286,VENTURA,VENTURA,-119.28285533,34.272582479999997
90142345,2016,2016-03-23,9765,2016-03-16,1539,017395,,3,2,6,5604,0,1,2,,2,531,"US-101 S/B","DEL NORTE BLVD",2387.00,N,N,A,-,Y,,,101,,,,,,S,Y,3,0,2,2,A,-,03,22350,,N,C,C,A,A,H,-,A,D,0,,,,,Y,,A,08,0,2,0,0,0,0,0,0,0,"- ","- ",34.222059999999999,-119.13405,VENTURA,OXNARD,-119.13404758,34.222107719999997
90175336,2016,2016-05-09,9765,2016-05-04,1352,015696,,3,1,9,5600,0,2,4,,1,290,"VILLANOVA ROAD","OLD GRADE ROAD",0.00,,Y,A,-,N,,,,,,,,,,Y,3,0,2,2,A,-,09,21801,A,N,A,C,A,A,H,-,A,A,0,,,,,Y,,A,01,0,1,1,0,0,0,0,0,0,"- ","- ",34.42577,-119.28815,VENTURA,UNINCORPORATED,-119.2878499,34.425800049999999
90188427,2016,2016-05-26,9430,2016-05-21,1520,014796,,6,2,9,5600,0,1,3,,1,030,"SR-33 N/B","LOCKWOOD VALLEY RD",26400.00,S,N,A,-,Y,,,33,,,,,,N,Y,4,0,1,1,A,-,03,22350,,N,F,A,A,A,H,-,A,D,0,,,Y,,Y,,C,02,0,0,1,0,0,0,0,0,1,"- ","- ",34.655270000000002,-119.38258,VENTURA,UNINCORPORATED,-119.38258401,34.655266070000003
90205460,2016,2016-06-20,9765,2016-06-17,1835,011995,,5,2,9,5600,0,1,3,,1,023,SR-150,"REEVES ROAD",528.00,E,N,A,-,Y,,,150,,,,,,,N,4,0,1,2,A,-,03,22350,,N,C,C,A,A,H,-,A,D,0,,,,,Y,,D,22,0,0,1,0,0,0,0,0,0,"- ","- ",34.445369999999997,-119.20271,VENTURA,UNINCORPORATED,-119.20271234000001,34.445386620000001
90210581,2016,2016-06-27,9770,2016-06-20,1143,021306,,1,1,6,5607,0,1,2,,2,073,"US-101 S/B (VENTURA FREEWAY)","LYNN ROAD",930.00,S,N,A,-,Y,,,101,,,,,,S,N,4,0,3,2,A,-,03,22350,,N,C,C,A,A,H,-,A,D,0,,,,,Y,,A,01,0,0,3,0,0,0,0,0,0,"- ","- ",34.181980000000003,-118.88875,VENTURA,"THOUSAND OAKS",-118.88873335,34.182014629999998
9021636,2020,2020-03-13,5600,2020-01-23,0959,4501,8110,4,5,5,5601,0,0,0,,0,08B,"LAS POSAS RD","ANACAPA DR",0.00,,Y,A,-,N,,,,,,,,,,Y,4,0,3,2,A,-,09,21802,A,N,D,C,A,A,H,-,A,A,0,,,,,Y,,A,08,0,0,3,0,0,0,0,0,0,"- ","- ",34.235500335693359,-119.043701171875,VENTURA,CAMARILLO,-119.04376220703125,34.235458374023438
90224614,2016,2016-07-18,9765,2016-07-10,0435,020187,,7,3,4,5606,0,1,3,,2,040,"SR-126 E/B","8TH STREET",70.00,W,N,A,-,Y,,,126,,,,,,E,Y,4,0,1,2,A,-,07,21658,A,F,E,I,A,A,H,-,D,D,0,,,,,Y,,-,99,0,0,1,0,0,0,0,0,0,"- ","- ",34.348779999999998,-119.06224,VENTURA,"SANTA PAULA",-119.0622704,34.348856349999998
9023369,2019,2020-02-05,5604,2019-12-25,2047,5586,,3,5,6,5604,0,0,0,,0,012,"GONZALES DR","GONZALES DR 2221",0.00,,Y,C,-,N,,,,,,,,,,Y,4,0,2,1,A,-,03,22350,,N,E,I,A,B,F,-,C,D,0,,,,,Y,,A,01,0,0,2,0,0,0,0,0,0,"- ","- ",34.218818664550781,-119.1492919921875,VENTURA,OXNARD,-119.149269,34.218915000000003
90248259,2016,2016-08-19,9765,2016-08-12,1114,013206,9765,5,1,9,5600,0,1,3,,1,046,"SR-118 (LOS ANGELES AVE)","COUNTY DRIVE",100.00,E,N,A,-,Y,,,118,,,,,,,Y,4,0,1,2,A,-,07,21658,A,N,C,C,A,A,H,-,A,A,0,,,,Y,Y,,A,01,0,0,1,0,0,0,0,0,0,"- ","- ",34.280790000000003,-119.14434,VENTURA,UNINCORPORATED,-119.14443086999999,34.280666150000002
90248572,2016,2016-08-19,9765,2016-08-14,1130,015658,,7,1,9,5600,0,1,3,,1,022,"SR-150 (CASITAS PASS)","RAMELI RANCH ROAD",3168.00,W,N,A,-,Y,,,150,,,,,,,N,3,0,1,2,A,-,05,21460,A,N,B,C,A,A,H,-,A,D,0,,,Y,,Y,,C,03,0,1,0,0,0,0,0,0,1,"- ","- ",34.388779999999997,-119.41368,VENTURA,UNINCORPORATED,-119.41370338,34.388765859999999
90250448,2016,2016-08-23,9770,2016-08-17,0813,018572,,3,1,4,5690,0,1,3,,2,081,"SR-118 E/B (RONALD REAGAN FREEWAY)","COLLINS DRIVE",1280.00,W,N,A,-,Y,,,118,,,,,,E,Y,4,0,1,2,A,-,03,22350,,N,C,C,A,A,H,-,A,D,0,,,,,Y,,A,07,0,0,1,0,0,0,0,0,0,"- ","- ",34.292920000000002,-118.85178000000001,VENTURA,MOORPARK,-118.85178087,34.292944310000003
90261942,2016,2016-09-06,9765,2016-09-03,1535,020917,,6,2,9,5600,0,1,3,,1,021,SR-33,"ROSE VALLEY ROAD",21120.00,S,N,A,-,Y,,,33,,,,,,,Y,2,0,1,1,A,-,03,22350,,N,F,A,A,A,H,-,A,D,0,,,Y,,Y,,C,02,1,0,0,0,0,0,0,0,1,"- ","- ",34.528799999999997,-119.26779999999999,VENTURA,UNINCORPORATED,-119.26783115000001,34.528775690000003
90266055,2016,2016-09-12,9770,2016-09-05,1245,016561,,1,1,6,5607,0,1,2,,2,074,"US-101 N/B (VENTURA FREEWAY)","CONEJO SCHOOL ROAD",288.00,N,N,A,-,Y,,,101,,,,,,N,Y,4,0,1,3,A,-,03,22350,,N,C,C,A,A,D,-,A,D,0,,,,,Y,,A,01,0,0,1,0,0,0,0,0,0,"- ","- ",34.184170000000002,-118.913,VENTURA,"THOUSAND OAKS",-118.9130028,34.18445037
90277141,2016,2016-09-27,9765,2016-09-24,1415,020423,,6,2,9,5600,0,1,3,,1,062,SR-1,"TONGA ST",528.00,N,N,A,-,Y,,,1,,,,,,,Y,4,0,1,1,A,-,01,23152,A,N,E,I,A,A,H,-,A,D,0,,,,,Y,Y,A,08,0,0,1,0,0,0,0,0,0,"- ","- ",34.051609999999997,-118.95909,VENTURA,UNINCORPORATED,-118.95907827000001,34.051643159999998
9028514,2020,2020-03-11,5600,2020-01-09,1419,5360,9130,4,5,6,5607,0,0,0,,0,09C,"NEWBURY RD","GIANT OAK AV",681.00,E,N,A,-,N,,,,,,,,,,Y,4,0,1,2,A,-,09,21804,A,N,D,C,A,A,H,-,A,A,0,,,,,Y,,A,01,0,0,1,0,0,0,0,0,0,"- ","- ",,,VENTURA,"THOUSAND OAKS",-118.91415405273438,34.183910369873047
90321079,2016,2016-11-16,9770,2016-11-07,1010,016561,,1,1,9,5600,0,2,4,,2,079,"KANAN ROAD","DEERHILL RD.",38.00,W,N,A,-,N,,,,,,,,,,N,4,0,1,2,A,-,01,23152,A,N,C,C,A,A,H,-,A,A,0,,,,,Y,Y,A,01,0,0,1,0,0,0,0,0,0,"- ","- ",34.180280000000003,-118.76167,VENTURA,UNINCORPORATED,-118.76165188,34.180200990000003
90325295,2016,2016-11-21,9770,2016-11-18,1855,020964,,5,2,6,5607,0,1,3,,2,076,"SR-23 N/B (MOORPARK FREEWAY)","SUNSET HILLS BOULEVARD",2640.00,S,N,A,-,Y,,,23,,,,,,N,N,4,0,2,2,A,-,07,21658,A,N,B,C,A,A,H,-,C,D,0,,,,,Y,,A,01,0,0,2,0,0,0,0,0,0,"- ","- ",34.220570000000002,-118.8497,VENTURA,"THOUSAND OAKS",-118.84969193000001,34.220569449999999
90333317,2016,2016-11-30,9770,2016-11-26,1345,016383,,6,1,6,5607,0,1,2,,2,074,"US-101 N/B (VENTURA FREEWAY)","RANCHO ROAD",400.00,S,N,A,C,Y,,,101,,,,,,N,Y,4,0,1,2,A,-,03,22350,,N,C,C,A,B,D,-,A,D,0,,,,,Y,,D,22,0,0,1,0,0,0,0,0,0,"- ","- ",34.175789999999999,-118.85493,VENTURA,"THOUSAND OAKS",-118.85491528999999,34.175884330000002
90337948,2016,2016-12-06,9765,2016-11-28,1320,014535,,1,1,9,5600,0,1,2,,1,102,"US-101 N/B","MOBIL PIER",1256.00,N,N,B,-,Y,,,101,,,,,,N,Y,2,0,1,1,A,-,08,22107,,N,E,I,A,A,H,-,A,D,0,,,,,Y,,A,01,1,0,0,0,0,0,0,0,0,"- ","- ",34.353850000000001,-119.42815,VENTURA,UNINCORPORATED,-119.42819111,34.353793940000003
90346270,2016,2016-12-15,9770,2016-12-03,0032,021296,,6,3,6,5609,0,1,3,,2,082,"SR-118 W/B (RONALD REAGAN FREEWAY)","FIRST STREET",1584.00,E,N,A,-,Y,,,118,,,,,,W,Y,3,0,1,2,A,-,01,23152,A,N,C,C,A,A,H,-,C,D,0,,,,Y,Y,Y,D,22,0,1,0,0,0,0,0,0,0,"- ","- ",34.282429999999998,-118.77372,VENTURA,"SIMI VALLEY",-118.77372,34.282420289999997
9035185,2020,2020-09-25,5600,2020-01-29,1232,5473,5116,3,5,4,5690,0,0,0,,0,02A,"RT 118","MOORPARK AV",0.00,,Y,B,-,Y,VEN,7,23,-,R,12.900,I,5,S,Y,4,0,1,2,A,-,12,21453,A,F,D,C,A,B,H,-,B,A,0,,,,,Y,,-,99,0,0,1,0,0,0,0,0,0,"- ","- ",,,VENTURA,MOORPARK,-118.87472534179688,34.278858184814453
9036690,2019,2020-02-04,5604,2019-12-15,1955,5018,,7,5,6,5604,0,0,0,,0,014,"RIVERPARK BL","TOWN CENTER DR",0.00,,Y,A,C,N,,,,,,,,,,Y,4,0,2,2,A,-,09,21801,A,N,D,C,A,A,H,-,C,A,0,,,,,Y,,A,07,0,0,2,0,0,0,0,0,0,"- ","- ",34.236888885498047,-119.17391204833984,VENTURA,OXNARD,-119.175537109375,34.238059997558594
9037550,2020,2020-11-03,5604,2020-01-05,1155,5458,,7,5,6,5604,0,0,0,,0,014,"RT 232","VINEYARD AV",0.00,,Y,A,-,Y,VEN,7,232,-,-,0.540,H,-,S,Y,4,0,1,2,A,-,04,21703,,F,C,C,A,A,H,-,A,A,0,,,,,Y,,A,07,0,0,1,0,0,0,0,0,0,"- ","- ",34.231700897216797,-119.17320251464844,VENTURA,OXNARD,-119.17281341552734,34.232421875
90375506,2017,2017-01-23,9770,2017-01-20,1110,017638,,5,1,6,5609,0,1,3,,2,082,"SR-118 W/B (RONALD REAGAN FREEWAY)","ROCKY PEAK ROAD",5280.00,W,N,B,C,Y,,,118,,,,,,W,Y,3,0,1,3,A,-,08,22107,,F,E,I,A,B,H,-,A,D,0,,,,,Y,,A,01,0,1,0,0,0,0,0,0,0,"- ","- ",34.270620000000001,-118.65222,VENTURA,"SIMI VALLEY",-118.65220766,34.270672050000002
90375523,2017,2017-01-23,9770,2017-01-20,0520,020998,,5,3,6,5609,0,1,3,,2,082,"SR-118 W/B (RONALD REAGAN FREEWAY)","STOW STREET",450.00,W,N,B,C,Y,,,118,,,,,,W,Y,2,0,1,1,A,-,08,22107,,N,E,I,A,B,H,-,D,D,0,,,,,Y,,D,22,1,0,0,0,0,0,0,0,0,"- ","- ",34.281790000000001,-118.68413,VENTURA,"SIMI VALLEY",-118.68412992,34.281741670000002
90381207,2017,2017-01-30,9770,2017-01-20,1235,021420,,5,1,6,5607,0,1,2,,2,075,"US-101 S/B (VENTURA FREEWAY)","WESTLAKE BOULEVARD",1056.00,N,N,B,C,Y,,,101,,,,,,S,Y,4,0,1,1,A,-,03,22350,,N,E,I,A,B,H,-,A,D,0,,,,,Y,,A,01,0,0,1,0,0,0,0,0,0,"- ","- ",34.159280000000003,-118.82805,VENTURA,"THOUSAND OAKS",-118.82798001,34.159385260000001
90381745,2017,2017-01-30,9770,2017-01-22,1049,019819,,7,1,9,5600,0,1,3,,1,045,"SR-126 E/B (EAST TELEGRAPH ROAD)","NEWHALL RANCH (WEST)",2640.00,E,N,B,C,Y,,,126,,,,,,E,Y,4,0,1,1,A,-,03,22350,,N,F,A,A,B,H,-,A,D,0,,,,,Y,,A,01,0,0,1,0,0,0,0,0,0,"- ","- ",34.408380000000001,-118.72387999999999,VENTURA,UNINCORPORATED,-118.72385839,34.408407199999999
90384270,2017,2017-02-02,9765,2017-01-23,1510,019988,,1,2,9,5600,0,1,3,,1,021,SR-33,"CREEK RD.",0.00,,Y,B,-,Y,,,33,,,,,,,Y,4,0,1,2,A,-,09,21801,A,N,D,C,A,A,H,-,A,A,0,,,,,Y,,A,07,0,0,1,0,0,0,0,0,0,"- ","- ",34.386000000000003,-119.3023,VENTURA,UNINCORPORATED,-119.30206963000001,34.385795360000003
90396368,2017,2017-02-20,9770,2017-02-16,1902,018659,,4,2,6,5609,0,1,3,,2,083,"SR-118 E/B (RONALD REAGAN FREEWAY)","ERRINGER ROAD",500.00,W,N,B,-,Y,,,118,,,,,,E,Y,4,0,1,4,A,-,03,22350,,N,C,C,A,A,H,-,D,D,0,,,,,Y,,D,22,0,0,1,0,0,0,0,0,0,"- ","- ",34.282209999999999,-118.76743999999999,VENTURA,"SIMI VALLEY",-118.76743986,34.282128239999999
90422387,2017,2017-03-28,9765,2017-03-21,1730,017395,,2,2,9,5600,0,3,5,,2,005,"CENTRAL AVENUE","ROSE AVENUE",372.00,S,N,B,C,N,,,,,,,,,,Y,4,0,1,2,A,-,03,22350,,N,C,C,A,B,H,-,A,A,0,,,,,Y,,A,01,0,0,1,0,0,0,0,0,0,"- ","- ",34.250059999999998,-119.14157,VENTURA,UNINCORPORATED,-119.14171940999999,34.250132469999997
90424473,2017,2017-03-30,9765,2017-03-28,1150,019057,,2,1,9,5600,0,3,5,,2,003,"VICTORIA AVENUE","OLIVAS PARK DRIVE",2640.00,S,N,A,-,N,,,,,,,,,,Y,4,0,1,4,A,-,03,22350,,M,C,C,A,A,H,-,A,D,0,,,,,Y,,A,01,0,0,1,0,0,0,0,0,0,"- ","- ",34.235550000000003,-119.21637,VENTURA,UNINCORPORATED,-119.21645889,34.23710784
90436456,2017,2017-04-18,9770,2017-04-12,0555,021420,,3,3,9,5600,0,1,3,,1,045,"SR-126 E/B (EAST TELEGRAPH ROAD)","LA FALDA WAY (PRIVATE)",40.00,W,N,A,-,Y,,,126,,,,,,E,Y,3,0,2,2,A,-,03,22350,,N,C,C,A,A,H,-,D,D,0,,,,Y,Y,,F,26,0,1,1,0,0,0,0,0,0,"- ","- ",34.40596,-118.74104,VENTURA,UNINCORPORATED,-118.74103379,34.405932489999998
90439836,2017,2017-04-24,9770,2017-04-12,2021,020721,,3,2,6,5607,0,1,2,,2,075,"US-101 S/B (VENTURA FREEWAY)","HAMPSHIRE ROAD",700.00,S,N,A,-,Y,,,101,,,,,,S,Y,3,0,4,2,C,-,18,,,N,D,C,A,A,C,-,C,D,0,,,,,Y,,-,"- ",0,1,3,0,0,0,0,0,0,"- ","- ",34.164949999999997,-118.83592,VENTURA,"THOUSAND OAKS",-118.83605629,34.164744939999999
9045805,2019,2020-02-20,5600,2019-10-15,0644,4901,9124,2,5,6,5607,0,0,0,,0,9C01,"MADRID AV","PALOS CT",0.00,,Y,A,-,N,,,,,,,,,,Y,4,0,1,1,C,-,18,,,N,E,I,A,A,H,-,B,D,0,,,,,Y,,-,"- ",0,0,1,0,0,0,0,0,0,"- ","- ",,,VENTURA,"THOUSAND OAKS",-118.92372131347656,34.177108764648438
9046813,2020,2020-05-28,5600,2020-02-04,1815,4965,8005,2,5,5,5601,0,0,0,,0,08A,"LAS POSAS RD","CRESTVIEW AV",0.00,,Y,A,-,N,,,,,,,,,,Y,4,0,1,2,A,-,09,21801,A,N,H,C,A,A,H,-,C,A,0,,,,,Y,,A,01,0,0,1,0,0,0,0,0,0,"- ","- ",34.229049682617188,-119.06999206542969,VENTURA,CAMARILLO,-119.06999969482422,34.229038238525391
90471057,2017,2017-06-05,9765,2017-05-29,1620,019827,,1,2,9,5600,0,1,3,,1,062,SR-1,"YERBA BUENA ROAD",300.00,S,N,B,-,N,,,1,,,,,,,Y,2,0,1,2,A,-,08,22107,,F,B,C,A,A,H,-,A,D,0,,,Y,,Y,,D,22,1,0,0,0,0,0,0,0,1,"- ","- ",34.054479999999998,-118.96545999999999,VENTURA,UNINCORPORATED,-118.96550976,34.05442163
90475448,2017,2017-06-12,9765,2017-06-02,0610,014823,,5,1,9,5600,0,1,3,,1,055,"SR-118 (LOS ANGELES AVE.)","SANTA CLARA AVE.",528.00,W,N,A,-,Y,,,118,,,,,,,Y,4,0,1,3,A,-,03,22350,,N,C,C,A,A,H,-,A,D,0,,,,,Y,,A,01,0,0,1,0,0,0,0,0,0,"- ","- ",34.257330000000003,-119.11103,VENTURA,UNINCORPORATED,-119.11103559999999,34.257321830000002
90489720,2017,2017-06-28,9770,2017-06-21,1035,014675,,3,1,6,5609,0,1,3,,2,080,"SR-118 W/B (RONALD REAGAN FREEWAY)","ARROYO SIMI OVERHEAD",75.00,W,N,A,-,Y,,,,,,,,,,Y,4,0,1,1,A,-,01,23152,F,N,E,J,A,A,H,-,A,D,0,,,,,Y,,A,01,0,0,1,0,0,0,0,0,0,"- ","- ",34.288550000000001,-118.86478,VENTURA,"SIMI VALLEY",,
90489958,2017,2017-06-28,9765,2017-06-20,1555,018754,,2,2,9,5600,0,3,5,,2,002,"RICE ROAD",SR-150,1000.00,N,N,A,-,N,,,,,,,,,,Y,4,0,1,2,A,-,03,22350,,N,C,C,A,A,H,-,A,D,0,,,,,Y,,A,07,0,0,1,0,0,0,0,0,0,"- ","- ",34.431640000000002,-119.29307,VENTURA,UNINCORPORATED,-119.29293036,34.432186510000001
90514767,2017,2017-08-02,9765,2017-07-22,2125,019057,,6,2,9,5600,0,1,3,,1,012,SR-1,"SAN MIGUELITO RD",200.00,S,N,A,-,Y,,,,,,,,,,Y,3,0,2,2,A,-,21,22106,,N,D,C,A,A,H,-,D,D,0,,,,,Y,,D,22,0,2,0,0,0,0,0,0,0,"- ","- ",34.217770000000002,-119.26455,VENTURA,UNINCORPORATED,-119.36552148,34.317168950000003
9052436,2019,2020-03-03,5609,2019-12-12,0853,452,512,4,5,6,5609,0,0,0,,0,005,"TAPO ST","INDUSTRIAL ST",135.00,N,N,A,-,N,,,,,,,,,,,3,0,1,2,A,-,09,21801,A,N,D,C,A,A,H,-,A,D,0,,,,,Y,,A,01,0,1,0,0,0,0,0,0,0,"- ","- ",34.273269653320312,-118.70912170410156,VENTURA,"SIMI VALLEY",-118.70894622802734,34.273651123046875
90534509,2017,2017-08-28,9765,2017-08-22,0550,013206,,2,3,9,5600,0,3,5,,2,004,"SYCAMORE ROAD","HALL ROAD",3168.00,E,N,A,-,N,,,,,,,,,,Y,4,0,1,1,A,-,08,22107,,N,E,I,A,A,H,-,D,D,0,,,,,Y,,A,01,0,0,1,0,0,0,0,0,0,"- ","- ",34.384329999999999,-118.98423,VENTURA,UNINCORPORATED,-118.98321339,34.385291369999997