CASE_ID,ACCIDENT_YEAR,PROC_DATE,JURIS,COLLISION_DATE,COLLISION_TIME,OFFICER_ID,REPORTING_DISTRICT,DAY_OF_WEEK,CHP_SHIFT,POPULATION,CNTY_CITY_LOC,SPECIAL_COND,BEAT_TYPE,CHP_BEAT_TYPE,CITY_DIVISION_LAPD,CHP_BEAT_CLASS,BEAT_NUMBER,PRIMARY_RD,SECONDARY_RD,DISTANCE,DIRECTION,INTERSECTION,WEATHER_1,WEATHER_2,STATE_HWY_IND,CALTRANS_COUNTY,CALTRANS_DISTRICT,STATE_ROUTE,ROUTE_SUFFIX,POSTMILE_PREFIX,POSTMILE,LOCATION_TYPE,RAMP_INTERSECTION,SIDE_OF_HWY,TOW_AWAY,COLLISION_SEVERITY,NUMBER_KILLED,NUMBER_INJURED,PARTY_COUNT,PRIMARY_COLL_FACTOR,PCF_CODE_OF_VIOL,PCF_VIOL_CATEGORY,PCF_VIOLATION,PCF_VIOL_SUBSECTION,HIT_AND_RUN,TYPE_OF_COLLISION,MVIW,PED_ACTION,ROAD_SURFACE,ROAD_COND_1,ROAD_COND_2,LIGHTING,CONTROL_DEVICE,CHP_ROAD_TYPE,PEDESTRIAN_ACCIDENT,BICYCLE_ACCIDENT,MOTORCYCLE_ACCIDENT,TRUCK_ACCIDENT,NOT_PRIVATE_PROPERTY,ALCOHOL_INVOLVED,STWD_VEHTYPE_AT_FAULT,CHP_VEHTYPE_AT_FAULT,COUNT_SEVERE_INJ,COUNT_VISIBLE_INJ,COUNT_COMPLAINT_PAIN,COUNT_PED_KILLED,COUNT_PED_INJURED,COUNT_BICYCLIST_KILLED,COUNT_BICYCLIST_INJURED,COUNT_MC_KILLED,COUNT_MC_INJURED,PRIMARY_RAMP,SECONDARY_RAMP,LATITUDE,LONGITUDE,COUNTY,CITY,POINT_X,POINT_Y
91020563,2019,2019-06-28,9770,2019-06-19,1145,017409,,3,1,6,5607,0,1,2,,2,072,"US-101 N/B TO WENDY DRIVE","WENDY DRIVE",1400.00,S,N,A,-,Y,,,101,,,,R,,N,Y,2,0,2,2,A,-,08,22107,,N,C,E,A,A,H,-,A,D,0,,,,,Y,,A,08,1,1,0,0,0,0,0,0,0,"- ","- ",34.188079833984375,-118.93483734130859,VENTURA,"THOUSAND OAKS",-118.93483734130859,34.188079833984375
91029193,2019,2019-07-11,9765,2019-07-10,1215,020497,,3,1,9,5600,0,3,5,,2,004,"OLIVE ROAD","FOOTHILL ROAD",1840.00,S,N,A,-,N,,,,,,,,,,Y,4,0,1,1,A,-,08,22107,,N,F,A,A,A,H,-,A,D,0,,,,,Y,,A,07,0,0,1,0,0,0,0,0,0,"- ","- ",34.315868377685547,-119.13748168945312,VENTURA,UNINCORPORATED,-119.13780975341797,34.316268920898438
91039394,2019,2019-07-26,9765,2019-07-19,2358,019277,,5,3,6,5608,0,1,3,,2,030,"US-101 S/B TO SR-126 E/B","EAST MAIN STREET",1056.00,E,N,A,-,Y,,,101,,,,R,,S,Y,3,0,1,1,A,-,01,23152,A,N,E,I,A,A,H,-,C,D,0,,,,,Y,Y,A,01,0,1,0,0,0,0,0,0,0,"- ","- ",34.264549255371094,-119.23919677734375,VENTURA,VENTURA,-119.23919677734375,34.264549255371094
91055678,2019,2019-08-20,9765,2019-08-09,1343,022340,,5,1,6,5604,0,1,2,,2,502,"US-101 N/B","ROSE AVENUE",100.00,S,N,A,-,Y,,,101,,,,,,N,Y,4,0,1,2,A,-,03,22350,,N,C,C,A,A,H,-,A,D,0,,,,,Y,,A,01,0,0,1,0,0,0,0,0,0,"- ","- ",34.225368499755859,-119.15799713134766,VENTURA,OXNARD,-119.15808868408203,34.225017547607422
91056023,2019,2019-08-21,9765,2019-08-10,0244,019057,,6,3,6,5608,0,1,3,,2,011,"SR-33 S/B","STANLEY AVENUE",210.00,S,N,B,-,Y,,,33,,,,,,S,Y,2,0,1,1,A,-,01,23152,A,N,F,A,A,A,H,-,C,D,0,,,,,Y,Y,A,07,1,0,0,0,0,0,0,0,0,"- ","- ",34.300258636474609,-119.30214691162109,VENTURA,VENTURA,-119.30223083496094,34.300304412841797
91061670,2019,2019-08-28,9765,2019-08-17,2109,022318,,6,2,9,5600,0,3,5,,2,004,"TELEGRAPH ROAD","TODD ROAD",249.00,W,N,A,-,N,,,,,,,,,,Y,4,0,1,2,A,-,01,23152,A,N,C,C,A,A,H,-,C,D,0,,,,,Y,Y,A,01,0,0,1,0,0,0,0,0,0,"- ","- ",34.318500518798828,-119.12175750732422,VENTURA,UNINCORPORATED,-119.12148284912109,34.318683624267578
91076691,2019,2019-09-17,9770,2019-09-12,1622,019930,,4,2,9,5600,0,2,4,,1,031,"SANTA ROSA ROAD E/B","APPLEWOOD LANE",50.00,E,N,A,-,N,,,,,,,,,,Y,3,0,1,3,A,-,03,22350,,N,C,C,A,A,H,-,A,D,0,,,,,Y,,A,01,0,1,0,0,0,0,0,0,0,"- ","- ",34.238529205322266,-118.90339660644531,VENTURA,UNINCORPORATED,-118.90415954589844,34.238540649414062
91108936,2019,2019-10-29,9770,2019-10-19,1345,018305,,6,1,6,5607,0,1,2,,2,073,"US-101 S/B (VENTURA FREEWAY)","WENDY DRIVE",1584.00,N,N,A,-,Y,,,101,,,,,,S,Y,3,0,1,2,A,-,03,22350,,N,C,C,A,A,H,-,A,D,0,,,,,Y,,A,01,0,1,0,0,0,0,0,0,0,"- ","- ",34.191871643066406,-118.94406127929688,VENTURA,"THOUSAND OAKS",-118.944091796875,34.191802978515625
91110874,2019,2019-10-31,9765,2019-10-21,1048,016549,,1,1,4,5606,0,1,3,,2,041,"SR-126 W/B (SANTA PAULA FWY)","HALLOCK DRIVE",528.00,W,N,A,-,Y,,,126,,,,,,W,Y,3,0,1,1,A,-,08,22107,,N,E,I,A,A,H,-,A,D,0,,,,,Y,,A,01,0,1,0,0,0,0,0,0,0,"- ","- ",34.358188629150391,-119.04414367675781,VENTURA,"SANTA PAULA",-119.04412078857422,34.358158111572266
91120738,2019,2019-11-14,9765,2019-11-05,1620,021522,,2,2,9,5600,0,1,3,,1,055,"SR-118 (LOS ANGELES AVENUE)","NORTH STREET",0.00,,Y,A,-,Y,,,118,,,,,,,Y,3,0,1,2,A,-,09,21802,A,N,D,C,A,A,H,-,A,D,0,,,,,Y,,A,01,0,1,0,0,0,0,0,0,0,"- ","- ",34.263801574707031,-119.00920104980469,VENTURA,UNINCORPORATED,-119.00920104980469,34.263767242431641
91127646,2019,2019-11-22,9765,2019-11-15,1734,022446,,5,2,6,5608,0,1,2,,2,301,"US-101 S/B","VICTORIA AVENUE",1562.00,N,N,A,-,Y,,,101,,,,,,S,Y,4,0,1,2,A,-,01,23152,A,N,C,C,A,A,H,-,C,D,0,,,Y,,Y,Y,C,02,0,0,1,0,0,0,0,0,1,"- ","- ",34.255001068115234,-119.21552276611328,VENTURA,VENTURA,-119.21552276611328,34.254997253417969
9113718,2020,2020-11-13,5600,2020-05-26,1251,5180,8045,2,5,5,5601,0,0,0,,0,8A01,"VENTURA BL","OVERLAND RD",584.00,,N,A,-,N,,,,,,,,,,Y,4,0,2,2,A,-,09,21801,A,N,D,C,A,A,H,-,A,A,0,,,,,Y,,A,01,0,0,2,0,0,0,0,0,0,"- ","- ",34.216960906982422,-119.07652282714844,VENTURA,CAMARILLO,-119.07656097412109,34.216991424560547
91137648,2019,2019-12-06,9765,2019-11-26,1210,013555,,2,1,6,5604,0,1,2,,2,501,"US-101 S/B","RICE AVENUE",1737.00,N,N,A,-,Y,,,101,,,,,,S,Y,4,0,1,4,A,-,03,22350,,N,C,C,A,A,H,-,A,D,0,,,,,Y,,A,01,0,0,1,0,0,0,0,0,0,"- ","- ",34.223091125488281,-119.14821624755859,VENTURA,OXNARD,-119.14821624755859,34.223106384277344
91141477,2019,2019-12-11,9765,2019-11-30,1744,022340,,6,2,9,5600,0,1,3,,1,055,"SR-118 (LOS ANGELES AVENUE)","ROSE AVENUE",1056.00,W,N,B,C,Y,,,118,,,,,,,Y,4,0,1,3,A,-,03,22350,,N,C,C,A,B,H,-,D,D,0,,,,,Y,,A,01,0,0,1,0,0,0,0,0,0,"- ","- ",34.269840240478516,-119.12937927246094,VENTURA,UNINCORPORATED,-119.12935638427734,34.269874572753906
91151183,2019,2019-12-24,9765,2019-12-11,2015,019057,,3,2,6,5607,0,1,S,,2,073,"US-101 S/B (VENTURA FREEWAY)","BORCHARD RD",375.00,W,N,B,-,Y,,,,,,,,,,Y,3,0,1,2,B,-,22,,,N,A,C,A,A,H,-,D,D,0,,,,,Y,,A,07,0,1,0,0,0,0,0,0,0,"- ","- ",34.183609008789062,-118.92739105224609,VENTURA,"THOUSAND OAKS",,
91156814,2019,2019-12-31,9765,2019-12-22,2143,022446,,7,2,9,5600,0,3,5,,2,005,"VINEYARD AVENUE",SR-118,10.00,N,N,C,-,Y,,,,,,,,,,Y,4,0,1,1,A,-,03,22350,,N,E,I,A,B,H,-,C,A,0,,,,,Y,,A,07,0,0,1,0,0,0,0,0,0,"- ","- ",34.274269104003906,-119.13511657714844,VENTURA,UNINCORPORATED,,
91159150,2019,2020-01-06,9765,2019-12-22,1419,022318,,7,2,6,5608,0,1,3,,2,030,"SR-126 E/B","KIMBALL ROAD",4700.00,E,N,C,-,Y,,,126,,,,,,E,Y,3,0,2,1,A,-,03,22350,,N,E,I,A,B,H,-,A,D,0,,,,,Y,,A,01,0,2,0,0,0,0,0,0,0,"- ","- ",34.278301239013672,-119.17520141601562,VENTURA,VENTURA,-119.17522430419922,34.278343200683594
91161060,2019,2020-01-07,9765,2019-12-26,1835,020001,,4,2,5,5601,0,1,2,,2,504,"US-101 N/B","SPRINGVILLE DRIVE",400.00,S,N,A,-,Y,,,101,,,,,,N,Y,4,0,1,2,A,-,03,22350,,N,C,C,A,A,H,-,C,D,0,,,,,Y,,A,07,0,0,1,0,0,0,0,0,0,"- ","- ",34.220260620117188,-119.08396911621094,VENTURA,CAMARILLO,-119.08396148681641,34.22039794921875
91161925,2020,2020-01-08,9765,2020-01-01,1400,020729,,3,2,6,5608,0,1,2,,1,101,"US-101 S/B","OLIVE STREET",720.00,N,N,A,-,Y,,,101,,,,,,S,N,4,0,1,1,A,-,08,22107,,N,E,I,A,A,H,-,A,D,0,,,,,Y,,D,22,0,0,1,0,0,0,0,0,0,"- ","- ",34.278900146484375,-119.30616760253906,VENTURA,VENTURA,-119.30615234375,34.278968811035156
91173870,2020,2020-01-27,9770,2020-01-15,1840,021082,,3,2,6,5607,0,1,2,,2,074,"US-101 N/B (VENTURA FREEWAY)","HAMPSHIRE ROAD",1584.00,N,N,A,-,Y,,,101,,,,,,N,Y,4,0,1,2,A,-,03,22350,,N,C,C,A,A,H,-,C,D,0,,,,,Y,,A,07,0,0,1,0,0,0,0,0,0,"- ","- ",34.172000885009766,-118.84649658203125,VENTURA,"THOUSAND OAKS",-118.84652709960938,34.171958923339844
91179894,2020,2020-02-07,9770,2020-01-26,1855,021738,,7,2,9,5600,0,1,3,,1,044,"SR-126 W/B (EAST TELEGRAPH ROAD)","FISH HATCHERY ROAD",2112.00,W,N,A,-,Y,,,126,,,,,,W,Y,2,0,1,2,A,-,09,21804,A,N,D,G,A,A,H,-,D,D,0,,Y,,,Y,,L,04,1,0,0,0,0,0,1,0,0,"- ","- ",34.397380828857422,-118.89208221435547,VENTURA,UNINCORPORATED,-118.89205169677734,34.397483825683594
91195024,2020,2020-02-27,9770,2020-02-23,1500,020641,,7,2,9,5600,0,2,4,,2,079,"KANAN ROAD","CHURCHWOOD DRIVE / HAWTHORNE DRIVE",0.00,,Y,A,-,N,,,,,,,,,,Y,4,0,1,2,A,-,08,22107,,N,B,C,A,A,H,-,A,D,0,,,,,Y,,A,07,0,0,1,0,0,0,0,0,0,"- ","- ",34.179351806640625,-118.77549743652344,VENTURA,UNINCORPORATED,-118.775487,34.179268
9122154,2020,2020-08-12,5604,2020-05-25,1241,4795,,1,5,6,5604,0,0,0,,0,011,"N VENTURA RD","VINEYARD AV",0.00,,Y,A,-,N,,,,,,,,,,N,3,0,2,2,A,-,04,21703,,N,D,C,A,A,A,-,A,A,0,,,Y,,Y,,C,03,0,2,0,0,0,0,0,0,2,"- ","- ",34.229358673095703,-119.19444274902344,VENTURA,OXNARD,-119.19457244873047,34.229419708251953
91238364,2020,2020-05-15,9765,2020-03-02,1347,020762,,1,1,9,5600,0,1,3,,1,068,"SR-34 (5TH STREET)","PLEASANT VALLEY ROAD",19.00,S,N,A,-,Y,,,,,,,,,,N,3,0,1,1,A,-,08,22107,,N,F,A,A,A,H,-,A,D,0,,,Y,,Y,,C,02,0,1,0,0,0,0,0,0,1,"- ","- ",34.205341339111328,-119.04091644287109,VENTURA,UNINCORPORATED,,
9124241,2020,2020-09-23,5608,2020-07-03,0016,429,,5,5,6,5608,0,0,0,,0,002,"PIERPONT BL","CORAL ST",0.00,,Y,B,-,N,,,,,,,,,,Y,3,0,1,1,A,-,01,23153,A,N,E,I,A,A,H,-,C,A,0,,,,,Y,Y,A,07,0,1,0,0,0,0,0,0,0,"- ","- ",,,VENTURA,VENTURA,-119.26750946044922,34.254848480224609
91242601,2020,2020-05-26,9770,2020-05-17,1428,021341,,7,2,9,5600,0,1,3,,1,053,"SR-118 E/B (LOS ANGELES AVENUE)","MEJICO CREEK",145.00,W,N,A,-,N,,,118,,,,,,E,Y,2,0,1,1,A,-,08,22107,,N,E,J,A,A,H,-,A,D,0,,,Y,,Y,,C,02,1,0,0,0,0,0,0,0,1,"- ","- ",34.272510528564453,-118.93341064453125,VENTURA,UNINCORPORATED,-118.93341827392578,34.272529602050781
91252138,2020,2020-06-15,9765,2020-06-03,1543,022488,,3,2,9,5600,0,1,3,,1,012,SR-1,"A LEASE CANYON ROAD",1109.00,S,N,A,-,Y,,,1,,,,,,,N,3,0,1,2,A,-,05,21650,,N,A,G,A,A,H,-,A,D,0,,Y,,,Y,,L,04,0,1,0,0,0,0,1,0,0,"- ","- ",34.315811157226562,-119.36376190185547,VENTURA,UNINCORPORATED,-119.36369323730469,34.315895080566406
91262802,2020,2020-07-03,9765,2020-06-26,2305,018884,,5,3,6,5608,0,1,2,,2,301,"US 101 SOUTHBOUND (VENTURA FREEWAY)","SR-126 OVERCROSSING",1056.00,N,N,A,-,Y,,,,,,,,,,Y,4,0,1,1,A,-,01,23152,A,N,E,I,A,A,H,-,C,D,0,,,,,Y,Y,A,01,0,0,1,0,0,0,0,0,0,"- ","- ",34.264530181884766,-119.24182891845703,VENTURA,VENTURA,-119.24311065673828,34.264278411865234
91283025,2020,2020-08-10,9765,2020-08-02,1802,022408,,7,2,6,5608,0,1,2,,1,102,"US-101 S/B",SR-33,633.00,S,N,A,-,Y,,,101,,,,,,S,Y,3,0,1,2,A,-,03,22350,,N,C,C,A,A,H,-,A,D,0,,,,,Y,,A,08,0,1,0,0,0,0,0,0,0,"- ","- ",34.278251647949219,-119.30381011962891,VENTURA,VENTURA,-119.30381774902344,34.278236389160156
91285875,2020,2020-08-13,9770,2020-08-04,1938,019930,,2,2,6,5609,0,1,3,,2,083,"SR-118 E/B (RONALD REAGAN FREEWAY)","ROCKY PEAK ROAD",3000.00,W,N,A,-,Y,,,118,,,,,,E,Y,4,0,1,2,A,-,07,21658,A,N,B,C,A,A,H,-,D,D,0,,,,,Y,,A,01,0,0,1,0,0,0,0,0,0,"- ","- ",34.267410278320312,-118.64408874511719,VENTURA,"SIMI VALLEY",-118.64405059814453,34.267475128173828
91296085,2020,2020-08-31,9770,2020-08-28,1655,017627,,5,2,6,5609,0,1,3,,2,082,"SR-118 W/B (RONALD REAGAN FREEWAY)","CALDWELL AVENUE",528.00,E,N,A,-,Y,,,118,,,,,,W,N,4,0,1,2,A,-,03,22350,,N,C,C,A,A,H,-,A,D,0,,,,,Y,,D,22,0,0,1,0,0,0,0,0,0,"- ","- ",34.282451629638672,-118.77100372314453,VENTURA,"SIMI VALLEY",-118.77100372314453,34.28240966796875
91309523,2020,2020-09-23,9765,2020-09-16,1430,020752,,3,2,9,5600,0,1,S,,2,904,"SR-150 (CASITAS PASS ROAD)","GOBERNADOR CANYON ROAD",1056.00,E,N,A,-,Y,,,150,,,,,,,N,4,0,1,2,A,-,08,22107,,N,B,C,A,A,H,-,A,D,0,,,,,Y,,A,07,0,0,1,0,0,0,0,0,0,"- ","- ",34.395889282226562,-119.45018768310547,VENTURA,UNINCORPORATED,-119.4501953125,34.395854949951172
91322230,2020,2020-10-12,9765,2020-10-03,2123,019277,,6,2,9,5600,0,3,5,,2,002,"E. VILLANOVA RD.",SR-150,70.00,E,N,A,-,N,,,,,,,,,,Y,4,0,1,1,A,-,01,23152,A,N,E,I,A,A,H,-,D,D,0,,,,,Y,Y,A,01,0,0,1,0,0,0,0,0,0,"- ","- ",34.431919097900391,-119.26605987548828,VENTURA,UNINCORPORATED,-119.26592599999999,34.432310000000001
91358196,2020,2020-12-03,9765,2020-11-23,1935,020729,,1,2,9,5600,0,1,3,,2,041,"SR-126 W/B","EDWARDS RANCH ROAD",72.00,W,N,A,-,Y,,,126,,,,,,W,Y,2,0,2,1,A,-,01,23152,A,N,E,I,A,A,H,-,D,D,0,,,,,Y,Y,A,01,2,0,0,0,0,0,0,0,0,"- ","- ",34.305778503417969,-119.12953186035156,VENTURA,UNINCORPORATED,-119.12949371337891,34.305721282958984
91362366,2020,2020-12-09,9765,2020-11-27,1555,020334,,5,2,9,5600,0,3,5,,2,004,"SOUTH MOUNTAIN ROAD","SAN CAYETANO ST.",0.00,,N,A,-,N,,,,,,,,,,Y,4,0,1,1,A,-,08,22107,,N,E,I,A,A,H,-,A,D,0,,,,Y,Y,,G,25,0,0,1,0,0,0,0,0,0,"- ","- ",34.361839294433594,-118.95011901855469,VENTURA,UNINCORPORATED,-118.95075225830078,34.361598968505859
9137747,2020,2020-10-10,5608,2020-08-15,1834,511,VENTU,6,5,6,5608,0,0,0,,0,001,"S VENTURA AV","E SANTA CLARA ST",8.00,N,N,A,-,N,,,,,,,,,,Y,3,0,2,2,A,-,01,23153,A,N,-,C,A,A,H,-,A,A,0,,,,,Y,Y,A,01,0,2,0,0,0,0,0,0,0,"- ","- ",,,VENTURA,VENTURA,-119.30077362060547,34.279541015625
91388467,2021,2021-01-15,9765,2021-01-08,0850,022318,,5,1,6,5608,0,1,2,,2,302,"US-101 N/B (VENTURA FREEWAY)","VICTORIA AVENUE",1056.00,S,N,A,-,Y,,,101,,,,,,N,Y,2,0,1,4,A,-,03,22350,,N,C,C,A,A,H,-,A,D,0,,,,Y,Y,,F,27,1,0,0,0,0,0,0,0,0,"- ","- ",34.250720977783203,-119.2076416015625,VENTURA,VENTURA,-119.20767211914062,34.250648498535156
9138868,2020,2020-10-23,5604,2020-08-05,1614,5351,,3,5,6,5604,0,0,0,,0,042,"E PLEASANT VALLEY RD","TERRACE AV",400.00,E,N,A,-,N,,,,,,,,,,N,4,0,1,2,A,-,05,21650,1,F,D,G,A,A,H,-,A,D,0,,Y,,,Y,,L,04,0,0,1,0,0,0,1,0,0,"- ","- ",34.157928466796875,-119.15944671630859,VENTURA,OXNARD,-119.16417694091797,34.155754089355469
91392511,2021,2021-01-22,9765,2021-01-20,2244,022272,,3,3,9,5600,0,1,3,,1,055,SR-118,"SANTA CLARA AVENUE",0.00,,Y,A,-,Y,,,,,,,,,,Y,3,0,2,1,A,-,01,23152,A,N,E,I,A,A,H,-,C,A,0,,,,,Y,Y,A,01,0,2,0,0,0,0,0,0,0,"- ","- ",34.255191802978516,-119.10804748535156,VENTURA,UNINCORPORATED,-119.10895538330078,34.255897521972656
9142818,2020,2020-10-13,5604,2020-08-10,1542,4950,,1,5,6,5604,0,0,0,,0,023,"E WOOLEY RD","DONLON AV",100.00,E,N,A,-,N,,,,,,,,,,Y,4,0,2,2,A,-,01,23153,A,N,C,C,A,A,H,-,A,A,0,,,,,Y,Y,A,07,0,0,2,0,0,0,0,0,0,"- ","- ",34.190128326416016,-119.17626190185547,VENTURA,OXNARD,-119.17630767822266,34.189998626708984
91437135,2020,2021-03-26,9765,2020-11-14,0001,020873,,6,3,9,5600,0,3,5,,2,005,"SR-232 (VINEYARD AVENUE)",SR-118,5.00,S,N,A,-,Y,,,232,,,,,,,Y,4,0,2,2,A,-,12,21457,A,F,D,C,A,A,G,-,C,A,0,,,,,Y,,A,01,0,0,2,0,0,0,0,0,0,"- ","- ",34.273868560791016,-119.13532257080078,VENTURA,UNINCORPORATED,-119.13538360595703,34.273933410644531
9143781,2020,2020-10-19,5604,2020-08-13,0100,5359,,4,5,6,5604,0,0,0,,0,031,"EAST 5TH ST","ROSE AV",0.00,,Y,A,-,N,,,,,,,,,,Y,4,0,1,2,A,-,12,21453,A,N,D,C,A,A,A,H,C,A,0,,,,,Y,,A,01,0,0,1,0,0,0,0,0,0,"- ","- ",34.197029113769531,-119.15978240966797,VENTURA,OXNARD,-119.15988922119141,34.196998596191406
91447484,2021,2021-04-09,9765,2021-04-01,0650,015117,,4,1,9,5600,0,1,3,,2,060,"641 LAGUNA RD","LAS POSAS RD",1584.00,W,N,A,-,N,,,,,,,,,,Y,4,0,1,1,A,-,03,22350,,N,A,I,A,A,H,-,A,D,0,,,,,Y,,A,01,0,0,1,0,0,0,0,0,0,"- ","- ",34.103549957275391,-119.45555114746094,VENTURA,UNINCORPORATED,-119.07656860351562,34.176059722900391
91499466,2021,2021-06-17,9770,2021-06-09,1725,020641,,3,2,6,5607,0,1,2,,2,074,"US-101 NORTHBOUND TO SR-23 NORTHBOUND","RANCHO ROAD",2112.00,E,N,A,G,Y,,,101,,,,R,,N,Y,3,0,1,3,A,-,03,22350,,N,C,C,A,A,H,-,A,D,0,,,,,Y,,A,01,0,1,0,0,0,0,0,0,0,"- ","- ",34.175010681152344,-118.85102081298828,VENTURA,"THOUSAND OAKS",-118.85102081298828,34.175010681152344
91514710,2021,2021-07-07,9765,2021-06-26,1836,022488,,6,2,9,5600,0,3,5,,2,002,"BURNHAM ROAD","SYCAMORE ROAD",295.00,S,N,A,-,N,,,,,,,,,,Y,3,0,1,2,A,-,08,22107,,N,C,C,A,A,H,-,A,D,0,,,,,Y,,A,07,0,1,0,0,0,0,0,0,0,"- ","- ",34.404861450195312,-119.30889892578125,VENTURA,UNINCORPORATED,-119.30889129638672,34.404949188232422
91536755,2021,2021-08-04,9770,2021-07-23,1415,019955,,5,2,9,5600,0,1,3,,1,057,"SR-23 (GRIMES CANYON ROAD)","BARDSDALE AVENUE",23.00,S,N,A,-,Y,,,23,,,,,,,Y,4,0,1,2,A,-,09,21801,A,N,A,C,A,A,H,-,A,D,0,,,,,Y,,A,01,0,0,1,0,0,0,0,0,0,"- ","- ",34.371421813964844,-118.92012023925781,VENTURA,UNINCORPORATED,-118.92010498046875,34.371406555175781
91554392,2021,2021-08-25,9770,2021-08-14,0215,021306,,6,3,9,5600,0,1,3,,1,046,"SR-126 W/B (EAST TELEGRAPH ROAD)","PENA RANCH ROAD",50.00,E,N,A,-,Y,,,126,,,,,,W,Y,4,0,1,1,A,-,08,22107,,N,E,I,A,A,H,-,D,D,0,,,,,Y,,A,01,0,0,1,0,0,0,0,0,0,"- ","- ",34.405319213867188,-118.70169067382812,VENTURA,UNINCORPORATED,-118.70166778564453,34.405246734619141
91584204,2021,2021-09-30,9765,2021-09-25,0630,016234,,6,1,9,5600,0,3,5,,2,005,"CENTRAL AVE","BEARDSLEY ROAD",250.00,E,N,A,-,N,,,,,,,,,,Y,4,0,1,1,A,-,08,22107,,N,E,I,A,A,H,-,B,D,0,,,,,Y,,A,01,0,0,1,0,0,0,0,0,0,"- ","- ",34.229480743408203,-119.11154937744141,VENTURA,UNINCORPORATED,-119.11160278320312,34.229454040527344
91609171,2021,2021-10-28,9770,2021-10-23,0900,017732,,6,1,6,5609,0,1,3,,2,082,"SR-118 W/B (RONALD REAGAN FREEWAY)","YOSEMITE STREET",30.00,W,N,B,-,Y,,,118,,,,,,W,Y,3,0,2,2,A,-,03,22350,,N,D,C,A,B,B,-,A,D,0,,,,,Y,,A,01,0,1,1,0,0,0,0,0,0,"- ","- ",34.281871795654297,-118.67838287353516,VENTURA,"SIMI VALLEY",-118.67838287353516,34.28173828125
91635914,2021,2021-11-29,9770,2021-11-18,1450,021306,,4,2,6,5609,0,1,3,,2,083,"SR-118 E/B (RONALD REAGAN FREEWAY)","FIRST STREET",2640.00,W,N,A,-,Y,,,118,,,,,,E,N,4,0,1,2,A,-,03,22350,,N,C,C,A,A,H,-,A,D,0,,,,,Y,,A,01,0,0,1,0,0,0,0,0,0,"- ","- ",34.282249450683594,-118.78677368164062,VENTURA,"SIMI VALLEY",-118.78677368164062,34.282211303710938
91651035,2021,2021-12-13,9765,2021-12-05,2337,022296,,7,3,6,5608,0,1,2,,2,103,US-101,"CALIFORNIA STREET",690.00,S,N,A,-,Y,,,101,,,,,,,Y,4,0,1,1,A,-,03,22350,,N,E,I,A,A,H,-,C,D,0,,,,,Y,,A,01,0,0,1,0,0,0,0,0,0,"- ","- ",34.276580810546875,-119.29083251953125,VENTURA,VENTURA,-119.29072570800781,34.276870727539062
91652264,2021,2021-12-14,9765,2021-12-09,2152,020873,,4,2,9,5600,0,1,3,,1,044,SR-150,"JOHNSON ROAD",2112.00,N,N,A,-,Y,,,150,,,,,,,Y,2,0,1,1,A,-,01,23152,A,N,F,A,A,A,H,-,D,D,0,,,,,Y,Y,A,07,1,0,0,0,0,0,0,0,0,"- ","- ",34.428970336914062,-119.11805725097656,VENTURA,UNINCORPORATED,-119.11808776855469,34.42901611328125
91667250,2021,2021-12-31,9765,2021-12-15,1747,022488,,3,2,9,5600,0,3,5,,2,002,"MONTE VIA","VALLEY ROAD",110.00,S,N,A,-,N,,,,,,,,,,Y,3,0,1,1,A,-,01,23152,A,N,E,I,A,A,H,-,C,D,0,,,,,Y,Y,D,22,0,1,0,0,0,0,0,0,0,"- ","- ",34.401840209960938,-119.30532836914062,VENTURA,UNINCORPORATED,-119.30516052246094,34.401924133300781
91671427,2021,2022-01-05,9770,2021-12-27,1525,017662,,1,2,6,5607,0,1,3,,2,077,"SR-23 S/B (MOORPARK FREEWAY)","JANSS ROAD U/C",1056.00,N,N,B,C,Y,,,23,,,,,,S,Y,2,0,1,1,A,-,03,22350,,N,E,8,A,B,D,-,A,D,0,,,,,Y,,A,07,1,0,0,0,0,0,0,0,0,"- ","- ",34.203300476074219,-118.85446166992188,VENTURA,"THOUSAND OAKS",-118.85440826416016,34.203224182128906
91675639,2021,2022-01-11,9765,2021-12-31,1740,019988,,5,2,9,5600,0,1,3,,1,012,"SR-1 (OLD PACIFIC COAST HIGHWAY)",SEACLIFF,5966.00,S,N,A,-,N,,,1,,,,,,,Y,4,0,1,3,A,-,08,22107,,N,B,C,A,A,H,-,C,D,0,,,,,Y,,A,01,0,0,1,0,0,0,0,0,0,"- ","- ",34.331821441650391,-119.40135955810547,VENTURA,UNINCORPORATED,-119.40132904052734,34.331855773925781
91679318,2022,2022-01-17,9765,2022-01-15,2235,022408,,6,3,9,5600,0,1,2,,1,102,"US-101 N/B TO SEACLIFF",SR-1,80.00,W,N,A,-,Y,,,,,,,,,,N,3,0,1,1,A,-,01,23152,A,N,E,I,A,A,H,-,D,D,0,,,,,Y,Y,A,01,0,1,0,0,0,0,0,0,0,"- ","- ",34.345218658447266,-119.41921997070312,VENTURA,UNINCORPORATED,-119.41921997070312,34.345218658447266