CASE_ID,ACCIDENT_YEAR,PROC_DATE,JURIS,COLLISION_DATE,COLLISION_TIME,OFFICER_ID,REPORTING_DISTRICT,DAY_OF_WEEK,CHP_SHIFT,POPULATION,CNTY_CITY_LOC,SPECIAL_COND,BEAT_TYPE,CHP_BEAT_TYPE,CITY_DIVISION_LAPD,CHP_BEAT_CLASS,BEAT_NUMBER,PRIMARY_RD,SECONDARY_RD,DISTANCE,DIRECTION,INTERSECTION,WEATHER_1,WEATHER_2,STATE_HWY_IND,CALTRANS_COUNTY,CALTRANS_DISTRICT,STATE_ROUTE,ROUTE_SUFFIX,POSTMILE_PREFIX,POSTMILE,LOCATION_TYPE,RAMP_INTERSECTION,SIDE_OF_HWY,TOW_AWAY,COLLISION_SEVERITY,NUMBER_KILLED,NUMBER_INJURED,PARTY_COUNT,PRIMARY_COLL_FACTOR,PCF_CODE_OF_VIOL,PCF_VIOL_CATEGORY,PCF_VIOLATION,PCF_VIOL_SUBSECTION,HIT_AND_RUN,TYPE_OF_COLLISION,MVIW,PED_ACTION,ROAD_SURFACE,ROAD_COND_1,ROAD_COND_2,LIGHTING,CONTROL_DEVICE,CHP_ROAD_TYPE,PEDESTRIAN_ACCIDENT,BICYCLE_ACCIDENT,MOTORCYCLE_ACCIDENT,TRUCK_ACCIDENT,NOT_PRIVATE_PROPERTY,ALCOHOL_INVOLVED,STWD_VEHTYPE_AT_FAULT,CHP_VEHTYPE_AT_FAULT,COUNT_SEVERE_INJ,COUNT_VISIBLE_INJ,COUNT_COMPLAINT_PAIN,COUNT_PED_KILLED,COUNT_PED_INJURED,COUNT_BICYCLIST_KILLED,COUNT_BICYCLIST_INJURED,COUNT_MC_KILLED,COUNT_MC_INJURED,PRIMARY_RAMP,SECONDARY_RAMP,LATITUDE,LONGITUDE,COUNTY,CITY,POINT_X,POINT_Y
9895873,2025,2026-01-21,5604,2025-12-19,2112,5764,,5,5,6,5604,0,0,0,,0,012,"E GONZALES RD","N ROSE AV N",0.00,,Y,A,-,N,,,,,,,,,,Y,4,0,1,1,A,-,01,23152,A,N,E,I,A,A,H,-,C,A,0,,,Y,,Y,Y,C,02,0,0,1,0,0,0,0,0,1,"- ","- ",34.218898773193359,-119.15827941894531,VENTURA,OXNARD,-119.15843200683594,34.218990325927734
9895874,2025,2026-01-21,5604,2025-12-19,1715,5747,,5,5,6,5604,0,0,0,,0,011,"DORIS AV","N C ST N",0.00,,Y,A,-,N,,,,,,,,,,N,4,0,1,2,A,-,09,21800,B,N,D,C,A,A,H,-,C,A,0,,,,,Y,,A,01,0,0,1,0,0,0,0,0,0,"- ","- ",34.207920074462891,-119.18097686767578,VENTURA,OXNARD,-119.18097686767578,34.207927703857422
9896948,2025,2026-01-12,5608,2025-11-19,1557,577,,3,5,6,5608,0,0,0,,0,003,"DARLING RD","SATICOY AV",0.00,,Y,A,-,N,,,,,,,,,,N,3,0,1,2,A,-,03,22350,A,N,D,C,A,A,H,-,A,D,0,,,Y,,Y,,A,01,0,1,0,0,0,0,0,0,1,"- ","- ",34.282318115234375,-119.16075897216797,VENTURA,VENTURA,-119.16078948974609,34.282321929931641
9896949,2025,2026-01-08,5608,2025-11-24,"801 ",560,,1,5,6,5608,0,0,0,,0,003,"S WELLS RD","DARLING RD",200.00,S,N,A,-,N,,,,,,,,,,Y,3,0,1,2,A,-,03,22350,,N,C,C,A,A,H,-,A,A,0,,,,,Y,,A,07,0,1,0,0,0,0,0,0,0,"- ","- ",,,VENTURA,VENTURA,-119.15325164794922,34.286170959472656
9900323,2025,2025-12-24,5604,2025-11-30,1154,5859,,7,5,6,5604,0,0,0,,0,022,"N C ST","W DORIS AV",0.00,,Y,A,-,N,,,,,,,,,,N,4,0,2,2,A,-,09,21802,A,N,D,C,A,A,H,-,A,A,0,,,,,Y,,-,,0,0,2,0,0,0,0,0,0,"- ","- ",,,VENTURA,OXNARD,-119.18097686767578,34.207927703857422
9900335,2025,2025-12-24,5604,2025-11-18,1629,5830,,2,5,6,5604,0,0,0,,0,031,"N JUANITA AV","1ST ST",100.00,N,N,A,-,N,,,,,,,,,,N,3,0,1,2,A,-,10,21950,A,N,H,C,E,A,H,-,A,D,0,Y,,,,Y,,N,60,0,1,0,0,1,0,0,0,0,"- ","- ",34.204250335693359,-119.16835784912109,VENTURA,OXNARD,-119.16851043701172,34.203155517578125
9900507,2025,2025-12-26,5604,2025-11-03,1741,5623,,1,5,6,5604,0,0,0,,0,032,"EAST 5TH ST","BUENA VISTA AV",50.00,W,N,A,-,N,,,,,,,,,,N,4,0,4,4,A,-,04,21703,,N,C,C,A,A,H,-,B,D,0,,,,Y,Y,,G,25,0,0,4,0,0,0,0,0,0,"- ","- ",,,VENTURA,OXNARD,-119.16280364990234,34.197048187255859
9901383,2025,2026-01-08,5604,2025-12-01,1812,5812,,1,5,6,5604,0,0,0,,0,024,"W CHANNEL ISLANDS BL","S C ST",0.00,,Y,A,-,N,,,,,,,,,,N,4,0,2,2,A,-,09,21801,A,N,B,C,A,A,H,-,C,A,0,,,,,Y,,D,73,0,0,2,0,0,0,0,0,0,"- ","- ",34.17401123046875,-119.18079376220703,VENTURA,OXNARD,-119.18112945556641,34.173702239990234
9902085,2025,2026-01-12,5608,2025-12-03,1838,565,,3,5,6,5608,0,0,0,,0,004,"VICTORIA AV","RT 101",0.00,,Y,A,-,N,,,,,,,,,,N,4,0,1,2,A,-,12,21453,A,N,D,C,A,A,H,-,C,A,0,,,,,Y,,A,01,0,0,1,0,0,0,0,0,0,"- ",NO,34.252998352050781,-119.21070098876953,VENTURA,VENTURA,,
9906064,2025,2026-01-29,5604,2025-11-10,"655 ",5643,,1,5,6,5604,0,0,0,,0,021,"S HARBOR BL","W WOOLEY RD",20.00,N,N,A,-,N,,,,,,,,,,N,4,0,1,2,A,-,04,21703,,F,C,C,A,A,H,-,A,A,0,,,,,Y,,A,01,0,0,1,0,0,0,0,0,0,"- ","- ",34.19049072265625,-119.23872375488281,VENTURA,OXNARD,-119.23860931396484,34.190559387207031
6291102,2014,2014-08-19,9765,2014-03-28,1124,16436,,5,1,9,5600,0,1,3,,1,023,"RT 150","SISAR RD",714.00,W,N,A,-,Y,VEN,7,150,-,-,25.360,H,-,W,Y,1,1,0,1,A,-,08,22107,,N,E,I,A,A,H,-,A,D,0,,,Y,,Y,,C,02,0,0,0,0,0,0,0,1,0,"- ","- ",34.436630000000001,-119.1399,VENTURA,UNINCORPORATED,-119.13982368000001,34.436640570000002
6291980,2014,2015-02-25,5604,2014-04-18,2312,4591,,5,5,6,5604,0,0,0,,0,012,"VINEYARD AV","ESPLANADE DR",0.00,,Y,A,-,N,,,,,,,,,,Y,1,1,1,2,A,-,12,21453,A,F,D,C,A,A,H,-,C,A,0,,,,,Y,,-,,1,0,0,0,0,0,0,0,0,"- ","- ",,,VENTURA,OXNARD,-119.17466,34.230000009999998
6359674,2014,2014-06-09,5600,2014-01-14,1232,3996,9072,2,5,6,5607,0,0,0,,0,09G,"RANCHO RD","THOUSAND OAKS BL",36.00,S,N,A,-,N,,,,,,,,,,Y,4,0,2,3,C,-,18,,,N,B,C,A,A,H,-,A,A,0,,,,,Y,,-,"- ",0,0,2,0,0,0,0,0,0,"- ","- ",,,VENTURA,"THOUSAND OAKS",-118.85787999999999,34.178530000000002
6365049,2014,2014-05-07,5600,2014-01-09,1455,2833,5126,4,5,4,5690,0,0,0,,0,02A,"KINGSVIEW RD","BROADVIEW DR",50.00,N,N,A,-,N,,,,,,,,,,N,4,0,1,3,B,-,22,,,N,H,E,E,A,H,-,A,D,0,Y,,,,Y,,J,48,0,0,1,0,1,0,0,0,0,"- ","- ",,,VENTURA,MOORPARK,-118.91169729000001,34.266364490000001
6382084,2014,2014-06-18,9765,2014-02-07,0630,016234,,5,1,9,5600,0,2,4,,2,064,"HUENEME RD","NAUMAN RD",1584.00,E,N,A,-,N,,,,,,,,,,Y,4,0,1,2,A,-,09,21802,A,N,D,C,A,A,H,-,B,D,0,,,,,Y,,A,01,0,0,1,0,0,0,0,0,0,"- ","- ",34.147080000000003,-119.11808000000001,VENTURA,UNINCORPORATED,-119.11743142,34.147000769999998
6393622,2014,2014-06-17,5600,2014-02-18,1241,4045,9001,2,5,6,5607,0,0,0,,0,9C01,"LYNN RD","GREENMEADOW AV",0.00,,Y,A,-,N,,,,,,,,,,Y,4,0,2,2,A,-,12,21453,A,N,D,C,A,A,H,-,A,A,0,,,,,Y,,A,07,0,0,2,0,0,0,0,0,0,"- ","- ",,,VENTURA,"THOUSAND OAKS",-118.89440011000001,34.178280020000003
6398083,2014,2014-06-25,5600,2014-02-09,1601,3411,,7,5,5,5601,0,0,0,,0,,"EARL JOSEPH DR","PONDEROSA DR",525.00,N,N,A,-,N,,,,,,,,,,Y,3,0,1,1,A,-,08,22107,,N,E,I,A,A,H,-,A,D,0,,,,,Y,,A,07,0,1,0,0,0,0,0,0,0,"- ","- ",34.225140000000003,-119.07804,VENTURA,CAMARILLO,-119.07809757,34.224958290000004
6407132,2014,2014-07-03,9765,2014-02-11,1445,15696,,2,2,9,5600,0,2,4,,2,037,"HARBOR BL","GONZALES RD",415.00,N,N,A,-,N,,,,,,,,,,Y,4,0,1,2,A,-,03,22350,,N,C,C,A,A,H,-,A,D,0,,,,,Y,,A,01,0,0,1,0,0,0,0,0,0,"- ","- ",34.219250000000002,-119.25421,VENTURA,UNINCORPORATED,-119.25430055,34.219515749999999
6407512,2014,2015-02-03,9765,2014-02-07,0644,014823,,5,1,9,5600,0,3,5,,2,005,"BRADLEY RD","GREENTREE DR",3696.00,N,N,B,-,N,,,,,,,,,,Y,4,0,1,1,A,-,08,22107,,N,E,I,A,B,H,-,A,D,0,,,,,Y,,A,01,0,0,1,0,0,0,0,0,0,"- ","- ",34.29562,-119.00339,VENTURA,UNINCORPORATED,-119.00366438,34.294731480000003
6409051,2014,2014-06-25,5600,2014-03-12,1312,4273,8021,3,5,5,5601,0,0,0,,0,08B,"LAS POSAS RD","LANTANA ST",14.00,E,N,A,-,N,,,,,,,,,,Y,3,0,2,1,A,-,05,21651,A,N,E,I,A,A,H,-,A,D,0,,,,,Y,Y,A,01,0,2,0,0,0,0,0,0,0,"- ","- ",34.232900000000001,-119.05406000000001,VENTURA,CAMARILLO,-119.05415527,34.232959790000002
6413748,2014,2014-06-20,5600,2014-02-21,1611,3364,9092,5,5,6,5607,0,0,0,,0,09G,"MOORPARK RD","JANSS MARKET PL",120.00,S,N,A,-,N,,,,,,,,,,Y,3,0,1,2,A,-,03,22350,,N,C,C,A,A,H,-,A,D,0,,,,,Y,,A,01,0,1,0,0,0,0,0,0,0,"- ","- ",,,VENTURA,"THOUSAND OAKS",-118.87584419,34.182383860000002
6417166,2014,2014-06-24,5609,2014-03-14,1726,389,116,5,5,6,5609,0,0,0,,0,001,"ERRINGER RD","COCHRAN ST",465.00,S,N,A,-,N,,,,,,,,,,Y,4,0,1,3,A,-,03,22350,,N,C,C,A,A,H,-,A,A,0,,,,,Y,,A,01,0,0,1,0,0,0,0,0,0,"- ","- ",,,VENTURA,"SIMI VALLEY",-118.76140838000001,34.277734240000001
6417404,2014,2014-06-24,5608,2014-03-02,1730,441,,7,5,6,5608,0,0,0,,0,004,"BRISTOL RD","HILL RD",0.00,,Y,B,-,N,,,,,,,,,,Y,4,0,1,2,A,-,09,21804,A,N,D,C,A,A,H,-,A,D,0,,,,,Y,,-,,0,0,1,0,0,0,0,0,0,"- ","- ",,,VENTURA,VENTURA,-119.20346007000001,34.253660019999998
6417752,2014,2014-06-24,5600,2014-03-17,1505,3924,5106,1,5,4,5690,0,0,0,,0,02A,"RT 23","HIGH ST",150.00,S,N,A,-,Y,,,,,,,,,,N,4,0,1,2,A,-,03,22350,,N,C,C,A,A,H,-,A,A,0,,,,,Y,,D,22,0,0,1,0,0,0,0,0,0,"- ","- ",,,VENTURA,MOORPARK,,
6420792,2014,2014-06-13,5609,2014-02-15,1835,300,,6,5,6,5609,0,0,0,,0,005,"PRESIDIO DR","LATHROP AV",0.00,,Y,A,-,N,,,,,,,,,,Y,3,0,1,2,A,-,01,23152,A,N,E,E,A,A,H,-,C,D,0,,,,,Y,Y,A,01,0,1,0,0,0,0,0,0,0,"- ","- ",,,VENTURA,"SIMI VALLEY",-118.71381011,34.300380029999999
6426682,2014,2014-06-26,5608,2014-03-04,1340,445,,2,5,6,5608,0,0,0,,0,002,"CALLENS RD","MAIN ST",8.00,S,N,A,-,N,,,,,,,,,,N,4,0,1,2,A,-,10,21950,A,N,G,B,B,A,H,-,A,A,0,Y,,,,Y,,-,,0,0,1,0,1,0,0,0,0,"- ","- ",,,VENTURA,VENTURA,-119.2394858,34.263288580000001
6432184,2014,2014-06-27,5609,2014-03-24,1844,437,,1,5,6,5609,0,0,0,,0,002,"ARCANE ST","WALTHAM RD",0.00,,Y,A,-,N,,,,,,,,,,N,4,0,1,2,A,-,09,21804,A,N,D,C,A,A,H,-,A,D,0,,,,,Y,,A,01,0,0,1,0,0,0,0,0,0,"- ","- ",,,VENTURA,"SIMI VALLEY",-118.77572005,34.260850019999999
6432196,2014,2014-06-27,5609,2014-03-28,1646,444,,5,5,6,5609,0,0,0,,0,006,"YOSEMITE AV","LOS ANGELES AV",14.00,S,N,A,-,N,,,,,,,,,,N,3,0,1,2,A,-,09,21804,A,N,D,G,A,A,H,-,A,A,0,,Y,,,Y,,L,04,0,1,0,0,0,0,1,0,0,"- ","- ",,,VENTURA,"SIMI VALLEY",-118.67839909,34.2717016
6432891,2014,2015-12-28,9770,2014-03-11,0831,15489,,2,1,6,5607,0,1,2,,2,075,"RT 101","CONEJO SCHOOL RD",400.00,N,N,A,-,Y,VEN,7,101,-,-,2.350,H,-,S,Y,4,0,1,2,A,-,03,22350,,N,C,C,A,A,H,-,A,D,1,,,,,Y,,A,01,0,0,1,0,0,0,0,0,0,"- ","- ",34.173900000000003,-118.85014,VENTURA,"THOUSAND OAKS",-118.84775148999999,34.172486650000003
6437093,2014,2015-12-24,9765,2014-02-24,0830,20423,,1,1,6,5608,0,1,2,,2,302,"RT 101","MONTALVO SPUR",4.00,N,N,A,-,Y,VEN,7,101,-,R,24.030,H,-,N,Y,4,0,1,2,A,-,03,22350,,N,C,C,A,A,H,-,A,D,1,,,,,Y,,A,01,0,0,1,0,0,0,0,0,0,"- ","- ",34.250250000000001,-119.20605999999999,VENTURA,VENTURA,-119.20167306,34.24790994
6437228,2014,2014-07-02,5600,2014-03-08,2003,1929,9084,6,5,6,5607,0,0,0,,0,09B,"HILLCREST DR","HOUSTON DR",268.00,E,N,A,-,N,,,,,,,,,,N,3,0,1,2,A,-,11,21954,A,N,G,B,D,A,H,-,C,D,0,Y,,,,Y,Y,N,60,0,1,0,0,1,0,0,0,0,"- ","- ",,,VENTURA,"THOUSAND OAKS",-118.8634898,34.181583680000003
6439706,2014,2014-06-30,5609,2014-03-18,2110,437,418,2,5,6,5609,0,0,0,,0,004,"SEQUOIA AV","COCHRAN ST",0.00,,Y,A,-,N,,,,,,,,,,Y,4,0,1,2,A,-,09,21801,A,N,D,C,A,A,H,-,C,A,0,,,,,Y,,A,01,0,0,1,0,0,0,0,0,0,"- ","- ",,,VENTURA,"SIMI VALLEY",-118.73052010000001,34.279010040000003
6442885,2014,2016-03-22,9765,2014-03-10,0955,016436,,1,1,9,5600,0,1,3,,2,010,"RT 33","CANADA LARGA RD",550.00,N,N,A,-,Y,VEN,7,33,-,R,4.620,H,-,N,Y,4,0,1,2,A,-,08,22107,,N,B,C,A,A,H,-,A,D,1,,,,,Y,,A,01,0,0,1,0,0,0,0,0,0,"- ","- ",34.343719999999998,-119.29298,VENTURA,UNINCORPORATED,-119.29314951000001,34.34356288
6444163,2014,2016-04-20,9765,2014-04-07,1640,016714,,1,2,9,5600,0,1,3,,1,022,"RT 150","RAMELI RANCH RD",2270.00,W,N,A,-,Y,VEN,7,150,-,-,2.670,H,-,E,N,4,0,1,2,A,-,03,22350,,N,C,C,A,A,H,-,A,A,0,,,,,Y,,D,22,0,0,1,0,0,0,0,0,0,"- ","- ",34.387909999999998,-119.41388000000001,VENTURA,UNINCORPORATED,-119.41377101,34.387937309999998
6444183,2014,2016-04-22,9765,2014-04-06,1940,020211,,7,2,9,5600,0,1,3,,1,020,"RT 33","SYCAMORE DR",60.00,N,N,A,-,Y,VEN,7,33,-,-,6.440,H,-,N,N,4,0,1,2,A,-,11,21954,A,N,G,B,D,A,H,-,C,D,0,Y,,,,Y,,N,60,0,0,1,0,1,0,0,0,0,"- ","- ",34.364409999999999,-119.30725,VENTURA,UNINCORPORATED,-119.30749872,34.364024200000003
6444215,2014,2014-07-15,9765,2014-04-06,1305,019988,,7,1,9,5600,0,2,4,,2,064,"LAS POSAS RD","LAGUNA RD",0.00,,Y,A,-,N,,,,,,,,,,Y,3,0,1,2,A,-,09,21802,A,N,D,C,A,A,H,-,A,A,0,,,Y,,Y,,D,22,0,1,0,0,0,0,0,0,1,"- ","- ",34.176000000000002,-119.071,VENTURA,UNINCORPORATED,-119.0713401,34.176020029999997
6447191,2014,2014-07-17,5600,2014-04-08,1847,4590,9090,2,5,6,5607,0,0,0,,0,09G,"THOUSAND OAKS BL","BAKER AV",0.00,,Y,A,-,N,,,,,,,,,,N,4,0,1,2,A,-,08,21460,5,N,H,G,A,A,H,-,A,A,0,,Y,,,Y,,L,04,0,0,1,0,0,0,1,0,0,"- ","- ",,,VENTURA,"THOUSAND OAKS",-118.874,34.179240030000003
6454850,2014,2014-07-23,5608,2014-04-19,1040,437,,6,5,6,5608,0,0,0,,0,001,"NORTH VENTURA AV","KELLOGG ST",0.00,,Y,A,-,N,,,,,,,,,,N,4,0,2,2,A,-,05,21650,1,F,D,G,A,A,H,-,A,D,0,,Y,,,Y,,L,04,0,0,2,0,0,0,2,0,0,"- ","- ",,,VENTURA,VENTURA,-119.29799995,34.290660090000003
6454984,2014,2014-07-09,5609,2014-04-10,1637,388,,4,5,6,5609,0,0,0,,0,001,"LOS ANGELES AV","DONNVILLE AV",191.00,E,N,B,-,N,,,,,,,,,,Y,4,0,1,2,A,-,08,22100,A,N,B,C,A,A,H,-,A,D,0,,,,Y,Y,,G,27,0,0,1,0,0,0,0,0,0,"- ","- ",,,VENTURA,"SIMI VALLEY",-118.76790875,34.271799999999999
6462750,2014,2014-07-22,5608,2014-04-07,1455,441,,1,5,6,5608,0,0,0,,0,004,"VALENTINE RD","RT 101",350.00,W,N,A,-,N,,,,,,,,,,N,4,0,1,2,A,-,08,22107,,N,B,C,A,A,H,-,A,D,0,,,,,Y,,-,,0,0,1,0,0,0,0,0,0,"- ",SO,,,VENTURA,VENTURA,-119.23020959,34.261313170000001
6462761,2014,2014-07-22,5608,2014-04-03,1537,445,,4,5,6,5608,0,0,0,,0,003,"CAROL DR","GALE WY",0.00,,Y,A,-,N,,,,,,,,,,N,3,0,1,2,A,-,17,21461,A,N,D,G,A,A,H,-,A,A,0,,Y,,,Y,,L,04,0,1,0,0,0,0,1,0,0,"- ","- ",,,VENTURA,VENTURA,-119.24603988,34.279070089999998
6462765,2014,2014-07-22,5608,2014-04-02,1030,409,,3,5,6,5608,0,0,0,,0,,"MAIN ST","SEAWARD AV",320.00,W,N,A,-,N,,,,,,,,,,N,4,0,1,2,A,-,03,22350,,F,C,C,A,A,H,-,A,A,0,,,,,Y,,-,99,0,0,1,0,0,0,0,0,0,"- ","- ",,,VENTURA,VENTURA,-119.26620403,34.276912549999999
6472903,2014,2016-04-25,9765,2014-04-20,0645,20417,,7,1,6,5608,0,1,2,,2,302,"RT 101","VICTORIA AV",1056.00,N,N,A,-,Y,VEN,7,101,-,R,24.870,H,-,N,N,4,0,1,2,A,-,08,22107,,N,C,C,A,A,H,-,A,D,1,,,,,Y,,A,01,0,0,1,0,0,0,0,0,0,"- ","- ",34.254530000000003,-119.21397,VENTURA,VENTURA,-119.2140203,34.254450900000002
6476855,2014,2016-04-20,5609,2014-04-25,1715,388,,5,5,6,5609,0,0,0,,0,004,"TAPO CANYON RD","RT 118",76.00,N,N,B,-,Y,VEN,7,118,-,R,27.293,R,4,E,N,4,0,1,4,A,-,03,22350,,N,C,C,A,A,H,-,A,A,0,,,,,Y,,-,,0,0,1,0,0,0,0,0,0,"- ",EF,,,VENTURA,"SIMI VALLEY",-118.7182755,34.281632360000003
6494821,2014,2016-04-18,9770,2014-05-06,1535,12869,,2,2,6,5607,0,1,2,,2,074,"RT 101","WESTLAKE BL",150.00,N,N,A,-,Y,VEN,7,101,-,-,0.730,H,-,N,Y,4,0,1,2,A,-,08,22107,,N,C,C,A,A,D,-,A,D,1,,,,,Y,,D,22,0,0,1,0,0,0,0,0,0,"- ","- ",34.158740000000002,-118.82628,VENTURA,"THOUSAND OAKS",-118.82544557,34.157990079999998
6494845,2014,2016-04-20,9770,2014-05-11,0235,17770,,7,3,9,5600,0,1,3,,1,052,"RT 118","BALCOM CANYON RD",1584.00,E,N,A,-,Y,VEN,7,118,-,-,13.460,H,-,W,Y,3,0,2,1,A,-,01,23152,E,N,F,A,A,A,H,-,C,D,5,,,,,Y,,D,22,0,1,1,0,0,0,0,0,0,"- ","- ",34.269739999999999,-118.95155,VENTURA,UNINCORPORATED,-118.9509858,34.269543769999999
6494853,2014,2016-04-20,9770,2014-05-02,1512,019896,,5,2,6,5609,0,1,3,,2,082,"RT 118","1ST ST",860.00,E,N,A,-,Y,VEN,7,118,-,R,23.980,H,-,W,Y,3,0,1,2,A,-,08,22107,,N,B,C,A,A,H,-,A,D,1,,,,Y,Y,,D,22,0,1,0,0,0,0,0,0,0,"- ","- ",34.282269999999997,-118.77678,VENTURA,"SIMI VALLEY",-118.77611131,34.282420299999998
6495969,2014,2014-08-12,5600,2014-06-06,1325,3147,9002,5,5,6,5607,0,0,0,,0,9A01,"MOORPARK RD","CALLE CONTENTO",1900.00,N,N,A,-,N,,,,,,,,,,Y,4,0,2,2,A,-,05,21460,A,N,A,C,A,A,H,-,A,D,0,,,Y,,Y,,C,02,0,0,2,0,0,0,0,0,1,"- ","- ",,,VENTURA,"THOUSAND OAKS",-118.86029406999999,34.23728655
6497212,2014,2014-07-25,5609,2014-05-18,1819,437,425,7,5,6,5609,0,0,0,,0,004,"ROSALIE ST","TRACY AV",55.00,W,N,A,-,N,,,,,,,,,,N,3,0,1,2,D,-,00,,,N,C,E,A,A,H,-,A,D,0,,Y,,,Y,,-,"- ",0,1,0,0,0,0,1,0,0,"- ","- ",,,VENTURA,"SIMI VALLEY",-118.72568711,34.272449999999999
6499053,2014,2014-07-18,5600,2014-04-23,1132,3147,9046,3,5,6,5607,0,0,0,,0,9A01,"MOORPARK RD","JANSS RD",400.00,S,N,A,-,N,,,,,,,,,,Y,4,0,2,4,A,-,03,22350,,N,C,C,A,A,H,-,A,A,0,,,,,Y,,A,08,0,0,2,0,0,0,0,0,0,"- ","- ",,,VENTURA,"THOUSAND OAKS",-118.86918075,34.198796119999997
6505072,2014,2016-04-19,9770,2014-05-17,1400,18572,,6,2,6,5607,0,1,2,,2,072,"RT 101","LYNN RD",1250.00,S,N,A,-,Y,VEN,7,101,-,-,4.810,H,-,N,Y,3,0,1,2,A,-,03,22350,,N,C,C,A,A,H,-,A,D,1,,,Y,,Y,,C,02,0,1,0,0,0,0,0,0,1,"- ","- ",34.181789999999999,-118.88762,VENTURA,"THOUSAND OAKS",-118.8879515,34.181859580000001
6505381,2014,2014-07-25,9765,2014-05-25,0730,20302,,7,1,9,5600,0,2,4,,2,064,"POTRERO RD","VIA ACOSTA",2112.00,W,N,A,-,N,,,,,,,,,,N,3,0,1,1,A,-,03,22350,,N,H,A,A,A,H,-,A,D,0,,Y,,,Y,,L,04,0,1,0,0,0,0,1,0,0,"- ","- ",34.158700000000003,-118.99545999999999,VENTURA,UNINCORPORATED,-118.99525147999999,34.159097940000002
6506156,2014,2014-08-05,5608,2014-05-17,1321,5200,,6,5,6,5608,0,0,0,,0,002,"SEAWARD AV","PIERPONT LN",0.00,,Y,A,-,N,,,,,,,,,,N,3,0,1,2,A,-,10,21950,A,N,G,B,B,A,H,-,A,B,0,Y,,,,Y,,-,,0,1,0,0,1,0,0,0,0,"- ","- ",,,VENTURA,VENTURA,-119.27206988,34.264210050000003
6508800,2014,2014-07-31,5600,2014-05-15,1800,4537,9072,4,5,6,5607,0,0,0,,0,9G01,"HILLCREST DR","GLENWOOD PL",83.00,W,N,A,-,N,,,,,,,,,,Y,4,0,2,2,A,-,04,21703,,N,C,C,A,A,H,-,A,D,0,,,,,Y,,A,01,0,0,2,0,0,0,0,0,0,"- ","- ",,,VENTURA,"THOUSAND OAKS",-118.84585571,34.181450460000001
6511372,2014,2016-04-22,9765,2014-06-05,1028,014535,,4,1,6,5608,0,1,3,,2,011,"RT 33","W STANLEY AV",528.00,S,N,A,-,Y,VEN,7,33,-,-,1.470,H,-,S,Y,4,0,2,2,A,-,07,21658,A,N,C,C,A,A,H,-,A,D,1,,,,,Y,,D,22,0,0,2,0,0,0,0,0,0,"- ","- ",34.298020000000001,-119.30343999999999,VENTURA,VENTURA,-119.30255935,34.299730660000002
6512628,2014,2014-08-09,9765,2014-06-12,1435,020302,,4,2,5,5601,1,4,S,,2,901,"SANTA ROSA RD","VERDUGO WY",0.00,,Y,A,-,N,,,,,,,,,,Y,4,0,3,2,A,-,12,21453,A,N,B,C,A,A,H,-,A,A,0,,,,,Y,,H,18,0,0,3,0,0,0,0,0,0,"- ","- ",34.216470000000001,-119.00601,VENTURA,CAMARILLO,-119.00627009999999,34.216560100000002
6513225,2014,2016-04-19,9770,2014-06-05,1550,016383,,4,2,6,5607,0,1,2,,2,073,"RT 101","WENDY DR",1584.00,S,N,A,-,Y,VEN,7,101,-,-,7.590,H,-,S,Y,4,0,1,2,A,-,03,22350,,N,C,C,A,A,H,-,A,D,1,,,Y,,Y,,C,02,0,0,1,0,0,0,0,0,1,"- ","- ",34.186140000000002,-118.93078,VENTURA,"THOUSAND OAKS",-118.93480984999999,34.18777832
6513696,2014,2014-08-09,5600,2014-06-12,0225,4615,8045,4,5,5,5601,0,0,0,,0,08A,"VENTURA BL","OVERLAND DR",342.00,E,N,A,-,N,,,,,,,,,,Y,3,0,1,1,A,-,08,22107,,N,E,I,A,A,H,-,C,D,0,,,,,Y,,A,01,0,1,0,0,0,0,0,0,0,"- ","- ",34.216589999999997,-119.07529,VENTURA,CAMARILLO,-119.07545465,34.216822000000001
6515877,2014,2014-08-08,5600,2014-06-02,0905,3292,9088,1,5,6,5607,0,0,0,,0,09G,"THOUSAND OAKS BL","MOORPARK RD",380.00,E,N,A,-,N,,,,,,,,,,Y,4,0,2,2,A,-,09,21801,A,N,H,C,A,A,H,-,A,D,0,,,,,Y,,A,07,0,0,2,0,0,0,0,0,0,"- ","- ",,,VENTURA,"THOUSAND OAKS",-118.87527226,34.179038390000002
6519426,2014,2016-04-20,5609,2014-05-28,2131,388,,3,5,6,5609,0,0,0,,0,004,"SYCAMORE DR","RT 118",27.00,N,N,A,-,Y,VEN,7,118,-,R,25.634,R,4,E,Y,4,0,1,2,A,-,09,21801,A,N,A,C,A,A,H,-,C,A,0,,,,,Y,,-,,0,0,1,0,0,0,0,0,0,"- ",EF,,,VENTURA,"SIMI VALLEY",-118.74719704,34.282142520000001
6519438,2014,2014-07-29,5609,2014-05-22,0324,433,319,4,5,6,5609,0,0,0,,0,003,"THOMPSON LN","ROYAL AV",32.00,N,N,A,-,N,,,,,,,,,,Y,3,0,1,1,A,-,01,23152,A,M,E,I,A,A,H,-,C,A,0,,,,,Y,Y,A,01,0,1,0,0,0,0,0,0,0,"- ","- ",,,VENTURA,"SIMI VALLEY",-118.76688,34.264557799999999
6534735,2014,2014-07-31,9770,2014-05-26,1643,19185,,1,2,9,5600,0,2,4,,2,048,"PIRU CANYON RD","ORCHARD ST",6600.00,E,N,A,-,N,,,,,,,,,,Y,3,0,2,1,A,-,08,22107,,N,E,I,A,A,H,-,A,D,0,,,,,Y,,A,01,0,2,0,0,0,0,0,0,0,"- ","- ",34.424860000000002,-118.77331,VENTURA,UNINCORPORATED,-118.77265803,34.424921650000002
6541082,2014,2014-08-26,5600,2014-07-20,1106,5041,9134,7,5,6,5607,0,0,0,,0,09C,"LYNN RD","CAPITAN ST",0.00,,Y,A,-,N,,,,,,,,,,Y,3,0,1,2,A,-,09,21802,A,N,D,D,A,A,H,-,A,A,0,,,,,Y,,A,01,0,1,0,0,0,0,0,0,0,"- ","- ",,,VENTURA,"THOUSAND OAKS",-118.90073002,34.177250110000003