CASE_ID,ACCIDENT_YEAR,PROC_DATE,JURIS,COLLISION_DATE,COLLISION_TIME,OFFICER_ID,REPORTING_DISTRICT,DAY_OF_WEEK,CHP_SHIFT,POPULATION,CNTY_CITY_LOC,SPECIAL_COND,BEAT_TYPE,CHP_BEAT_TYPE,CITY_DIVISION_LAPD,CHP_BEAT_CLASS,BEAT_NUMBER,PRIMARY_RD,SECONDARY_RD,DISTANCE,DIRECTION,INTERSECTION,WEATHER_1,WEATHER_2,STATE_HWY_IND,CALTRANS_COUNTY,CALTRANS_DISTRICT,STATE_ROUTE,ROUTE_SUFFIX,POSTMILE_PREFIX,POSTMILE,LOCATION_TYPE,RAMP_INTERSECTION,SIDE_OF_HWY,TOW_AWAY,COLLISION_SEVERITY,NUMBER_KILLED,NUMBER_INJURED,PARTY_COUNT,PRIMARY_COLL_FACTOR,PCF_CODE_OF_VIOL,PCF_VIOL_CATEGORY,PCF_VIOLATION,PCF_VIOL_SUBSECTION,HIT_AND_RUN,TYPE_OF_COLLISION,MVIW,PED_ACTION,ROAD_SURFACE,ROAD_COND_1,ROAD_COND_2,LIGHTING,CONTROL_DEVICE,CHP_ROAD_TYPE,PEDESTRIAN_ACCIDENT,BICYCLE_ACCIDENT,MOTORCYCLE_ACCIDENT,TRUCK_ACCIDENT,NOT_PRIVATE_PROPERTY,ALCOHOL_INVOLVED,STWD_VEHTYPE_AT_FAULT,CHP_VEHTYPE_AT_FAULT,COUNT_SEVERE_INJ,COUNT_VISIBLE_INJ,COUNT_COMPLAINT_PAIN,COUNT_PED_KILLED,COUNT_PED_INJURED,COUNT_BICYCLIST_KILLED,COUNT_BICYCLIST_INJURED,COUNT_MC_KILLED,COUNT_MC_INJURED,PRIMARY_RAMP,SECONDARY_RAMP,LATITUDE,LONGITUDE,COUNTY,CITY,POINT_X,POINT_Y
82403625,2024,2024-06-03,5609,2024-05-28,1348,356,,2,5,6,5609,0,0,0,,0,004,"ERRINGER RD","LARCH ST",0.00,,Y,A,-,N,,,,,,,,,,Y,4,0,1,2,A,-,12,21453,A,N,D,C,A,A,H,-,A,A,0,,,,,Y,,A,01,0,0,1,0,0,0,0,0,0,"- ","- ",34.275360107421875,-118.76126098632812,VENTURA,"SIMI VALLEY",-118.76139831542969,34.275394439697266
82403626,2024,2024-06-03,5609,2024-05-28,1636,464,,2,5,6,5609,0,0,0,,0,003,"ERRINGER RD","ELIZONDO ST",0.00,,Y,A,-,N,,,,,,,,,,N,3,0,1,2,A,-,09,21801,A,N,D,C,A,A,H,-,A,D,0,,,Y,,Y,,C,03,0,1,0,0,0,0,0,0,1,"- ","- ",34.265689849853516,-118.7613525390625,VENTURA,"SIMI VALLEY",-118.76140594482422,34.265701293945312
82403630,2024,2024-06-03,5600,2024-05-30,1214,5807,,4,5,6,5607,0,0,0,,0,9B01,"PAIGE LN","COMBES AV",667.00,N,N,A,-,N,,,,,,,,,,Y,3,0,2,4,A,-,00,23153,F,N,D,C,A,A,H,-,A,D,0,,,,,Y,,A,08,0,2,0,0,0,0,0,0,0,"- ","- ",34.18450927734375,-118.86844635009766,VENTURA,"THOUSAND OAKS",-118.86405944824219,34.189464569091797
82408409,2024,2024-06-07,5600,2024-06-01,1546,4973,,6,5,5,5601,0,0,0,,0,8D01,"MISSION OAKS BL","OAK CANYON RD",13.00,W,N,A,-,N,,,,,,,,,,N,3,0,1,2,A,-,09,21802,A,N,D,G,A,A,H,-,A,A,0,,Y,,,Y,,A,07,0,1,0,0,0,0,1,0,0,"- ","- ",34.231781005859375,-119.98938751220703,VENTURA,CAMARILLO,-118.98937225341797,34.231796264648438
82408417,2024,2024-06-13,5600,2024-06-06,1114,5039,,4,5,6,5607,0,0,0,,0,9G01,"HILLCREST DR","WILBUR RD",0.00,,Y,A,-,N,,,,,,,,,,Y,3,0,1,2,A,-,01,23153,A,N,H,C,A,A,H,-,A,A,0,,,Y,,Y,Y,A,01,0,1,0,0,0,0,0,0,1,"- ","- ",34.181209564208984,-118.88182067871094,VENTURA,"THOUSAND OAKS",-118.88188171386719,34.181163787841797
82430606,2024,2024-07-04,5600,2024-06-29,1024,4045,,6,5,6,5607,0,0,0,,0,9C01,"BORCHARD RD","REDFIELD AV",351.00,W,N,A,-,N,,,,,,,,,,Y,3,0,2,2,A,-,09,21804,A,N,D,C,A,A,H,-,A,D,0,,,,,Y,Y,A,01,0,1,1,0,0,0,0,0,0,"- ","- ",34.177318572998047,-118.93515777587891,VENTURA,"THOUSAND OAKS",-118.93217468261719,34.179538726806641
8280415,2016,2017-01-13,5600,2016-12-16,1233,4646,5104,5,5,4,5690,0,0,0,,0,02B,"PRINCETON AV","NOGALES AV",500.00,W,N,A,-,N,,,,,,,,,,N,4,0,1,2,A,-,05,21650,,F,B,C,A,A,H,-,A,D,0,,,Y,,Y,,A,01,0,0,1,0,0,0,0,0,1,"- ","- ",,,VENTURA,MOORPARK,-118.86322582,34.28801687
8281342,2016,2017-01-19,5600,2016-12-31,2006,4745,1005,6,5,2,5603,0,0,0,,0,1B01,"ALISO ST","LION ST",0.00,,Y,C,-,N,,,,,,,,,,N,4,0,1,2,A,-,11,21954,A,N,G,B,D,B,H,-,C,A,0,Y,,,,Y,Y,N,60,0,0,1,0,1,0,0,0,0,"- ","- ",34.449869999999997,-119.24438000000001,VENTURA,OJAI,-119.24431995,34.449830079999998
8284538,2017,2017-01-24,5608,2017-01-13,0854,464,,5,5,6,5608,0,0,0,,0,001,"THOMPSON BL","LAUREL ST",132.00,W,N,A,-,N,,,,,,,,,,Y,3,0,1,2,A,-,01,23153,A,N,C,C,A,A,H,-,A,D,0,,,,,Y,Y,-,,0,1,0,0,0,0,0,0,0,"- ","- ",,,VENTURA,VENTURA,-119.28586848,34.278273079999998
82877993,2024,2024-07-30,5600,2024-07-23,1825,5368,,2,5,6,5607,0,0,0,,0,9C01,"VENTU PARK RD","LYNN RD",10.00,N,N,A,-,N,,,,,,,,,,N,3,0,1,2,A,-,10,21950,A,F,G,B,B,A,H,-,A,A,0,Y,,,Y,Y,Y,F,26,0,1,0,0,1,0,0,0,0,"- ","- ",34.176521301269531,-118.91118621826172,VENTURA,"THOUSAND OAKS",-118.91117858886719,34.176486968994141
8297894,2017,2017-02-15,5600,2017-01-30,1230,4915,9082,1,5,6,5607,0,0,0,,0,09B,"MOORPARK RD","WILBUR RD",325.00,N,N,A,-,N,,,,,,,,,,Y,4,0,1,2,A,-,07,21658,A,N,B,C,A,A,H,-,A,D,0,,,,,Y,,A,01,0,0,1,0,0,0,0,0,0,"- ","- ",,,VENTURA,"THOUSAND OAKS",-118.87484913,34.187467269999999
8301621,2017,2017-02-13,5609,2017-01-26,1002,356,,4,5,6,5609,0,0,0,,0,003,"ROYAL AV","ERRINGER RD",0.00,,Y,A,-,N,,,,,,,,,,Y,4,0,1,2,A,-,09,21801,A,N,D,C,A,A,H,-,A,A,0,,,,,Y,,D,22,0,0,1,0,0,0,0,0,0,"- ","- ",34.263649999999998,-118.76137,VENTURA,"SIMI VALLEY",-118.76138004000001,34.263640109999997
8301787,2017,2017-02-17,5608,2017-01-25,1710,488,VTA,3,5,6,5608,0,0,0,,0,004,"JOHNSON DR","NORTH BANK",2112.00,N,N,A,-,N,,,,,,,,,,Y,4,0,1,2,A,-,09,21801,A,N,D,C,A,A,H,-,A,A,0,,,,,Y,,-,,0,0,1,0,0,0,0,0,0,"- ","- ",,,VENTURA,VENTURA,-119.19707099,34.252322769999999
8302620,2017,2017-03-16,5600,2017-02-01,1400,4915,9174,3,5,6,5607,0,0,0,,0,09D,"TRIUNFO CANYON RD","WESTLAKE BL",325.00,E,N,A,-,N,,,,,,,,,,N,3,0,1,2,A,-,07,21658,A,N,H,G,A,A,H,-,A,D,0,,Y,,,Y,,L,04,0,1,0,0,0,0,1,0,0,"- ","- ",,,VENTURA,"THOUSAND OAKS",-118.83840809,34.148743359999997
8316322,2017,2017-04-05,5608,2017-02-12,1600,422,VENTU,7,5,6,5608,0,0,0,,0,004,"SOUTH VICTORIA AV","TELEPHONE RD",95.00,S,N,A,-,N,,,,,,,,,,Y,3,0,2,2,A,-,03,22350,,N,C,C,A,A,H,-,A,A,0,,,,,Y,,-,,0,1,1,0,0,0,0,0,0,"- ","- ",,,VENTURA,VENTURA,-119.21250483,34.265203309999997
8319841,2017,2017-03-13,5600,2017-02-17,0128,1929,9126,5,5,6,5607,0,0,0,,0,09H,"HILLCREST DR","LAWRENCE DR",630.00,W,N,C,-,N,,,,,,,,,,Y,2,0,1,1,A,-,01,23152,A,N,E,I,A,B,H,-,C,D,0,,,,,Y,Y,A,01,1,0,0,0,0,0,0,0,0,"- ","- ",,,VENTURA,"THOUSAND OAKS",-118.93185837999999,34.18699531
8319869,2017,2017-04-07,5608,2017-02-19,1659,476,VENTU,7,5,6,5608,0,0,0,,0,002,"HARBOR BL","SEAWARD AV",1320.00,E,N,C,-,N,,,,,,,,,,Y,4,0,2,2,A,-,09,21804,A,N,D,C,A,B,H,-,A,A,0,,,,,Y,,-,,0,0,2,0,0,0,0,0,0,"- ","- ",,,VENTURA,VENTURA,-119.26670883,34.262918310000003
8319873,2017,2017-03-13,5608,2017-02-16,1426,461,,4,5,6,5608,0,0,0,,0,003,"KIMBALL RD","THILLE ST",60.00,N,N,A,-,N,,,,,,,,,,Y,4,0,1,2,A,-,03,22350,,N,C,C,A,A,H,-,A,A,0,,,,,Y,,-,,0,0,1,0,0,0,0,0,0,"- ","- ",,,VENTURA,VENTURA,-119.18917381,34.271262270000001
8328973,2017,2017-03-27,5608,2017-03-12,1654,476,,7,5,6,5608,0,0,0,,0,001,"PALM AV","POLI ST",75.00,S,N,A,-,N,,,,,,,,,,Y,2,0,2,2,A,-,01,23153,,N,E,B,-,A,H,-,A,A,0,Y,,,,Y,Y,-,,1,1,0,0,1,0,0,0,0,"- ","- ",,,VENTURA,VENTURA,-119.29619,34.28192413
8332307,2017,2017-03-28,5600,2017-03-04,1144,4960,8127,6,5,5,5601,0,0,0,,0,08C,"TEMPLE AV","HARTNELL ST",222.00,N,N,A,-,N,,,,,,,,,,Y,4,0,1,2,A,-,08,22100,B,N,D,C,A,A,H,-,A,D,0,,,,,Y,,A,07,0,0,1,0,0,0,0,0,0,"- ","- ",34.132669999999997,-119.01492,VENTURA,CAMARILLO,-119.03030932,34.224039169999998
8333464,2017,2017-03-27,5600,2017-03-12,1855,2740,9006,7,5,6,5607,0,0,0,,0,09A,"OLSEN RD","ERBES RD",2112.00,W,N,A,-,N,,,,,,,,,,N,4,0,1,1,C,-,18,,,N,H,A,A,A,H,-,A,D,0,,Y,,,Y,,-,"- ",0,0,1,0,0,0,1,0,0,"- ","- ",,,VENTURA,"THOUSAND OAKS",-118.85444812999999,34.236452300000003
8344514,2017,2017-04-17,5600,2017-03-20,1431,4734,1000,1,5,2,5603,0,0,0,,0,1A01,"NORTH VENTURA AV","EDISON POLE #4157991E",0.00,,N,A,-,N,,,,,,,,,,Y,2,0,1,1,A,-,08,22107,,N,E,I,A,A,H,-,A,D,0,,,,,Y,,A,07,1,0,0,0,0,0,0,0,0,"- ","- ",34.43177,-119.26981000000001,VENTURA,OJAI,,
8345732,2017,2017-04-19,5600,2017-04-06,1100,3147,9048,4,5,6,5607,0,0,0,,0,9B01,"CALLE JAZMIN","CALLE NARDO",89.00,W,N,A,-,N,,,,,,,,,,Y,4,0,1,3,A,-,05,21650,,N,A,E,A,A,H,-,A,D,0,,,,,Y,,A,01,0,0,1,0,0,0,0,0,0,"- ","- ",,,VENTURA,"THOUSAND OAKS",-118.86093391999999,34.2063627
8346798,2017,2017-04-14,5608,2017-03-29,1552,282,,3,5,6,5608,0,0,0,,0,,"KIMBALL RD","BLACKBURN RD",0.00,,Y,A,-,N,,,,,,,,,,Y,3,0,3,2,A,-,12,21453,A,N,D,C,A,A,H,-,A,A,0,,,,,Y,,-,,0,1,2,0,0,0,0,0,0,"- ","- ",,,VENTURA,VENTURA,-119.19132011000001,34.275950010000003
8347561,2017,2017-04-20,5608,2017-04-12,2059,475,,3,5,6,5608,0,0,0,,0,004,"RALSTON ST","SOUTH VICTORIA AV",0.00,,Y,A,-,N,,,,,,,,,,Y,4,0,1,2,A,-,09,21801,A,N,D,C,A,A,H,-,C,A,0,,,,,Y,,-,,0,0,1,0,0,0,0,0,0,"- ","- ",,,VENTURA,VENTURA,-119.21164992,34.261060069999999
8350413,2017,2017-04-24,5609,2017-03-27,1851,388,,1,5,6,5609,0,0,0,,0,001,"COCHRAN ST","CORDERO AV",150.00,W,N,A,-,N,,,,,,,,,,Y,3,0,3,2,A,-,09,21804,A,N,D,C,A,A,H,-,A,D,0,,,,,Y,,A,07,0,2,1,0,0,0,0,0,0,"- ","- ",34.279020000000003,-118.76385000000001,VENTURA,"SIMI VALLEY",-118.76449578,34.279020000000003
8354140,2017,2017-05-03,5600,2017-04-01,1846,4787,5100,6,5,4,5690,0,0,0,,0,02B,"2ND ST","MILLARD ST",285.00,E,N,A,-,N,,,,,,,,,,Y,4,0,1,2,A,-,09,21801,A,N,H,C,A,A,H,-,A,D,0,,,,,Y,,A,01,0,0,1,0,0,0,0,0,0,"- ","- ",,,VENTURA,MOORPARK,-118.87755787,34.282810009999999
8360979,2017,2017-05-12,5600,2017-04-30,1330,4971,8104,7,5,5,5601,0,0,0,,0,8B01,"DAILY DR","CARMEN DR",21.00,E,N,A,-,N,,,,,,,,,,N,3,0,1,2,A,-,03,22350,,N,C,C,A,A,H,-,A,A,0,,,,,Y,,A,01,0,1,0,0,0,0,0,0,0,"- ","- ",34.21931,-119.05056,VENTURA,CAMARILLO,-119.05069065000001,34.219258459999999
8361818,2016,2017-06-02,5600,2016-06-06,1256,3927,,1,5,5,5601,0,0,0,,0,,"RT 34","UPLAND RD",708.00,N,N,A,-,Y,VEN,7,34,-,-,16.000,H,-,W,Y,4,0,1,2,A,-,09,21804,A,N,D,C,A,A,D,-,A,A,0,,,,,Y,,A,01,0,0,1,0,0,0,0,0,0,"- ","- ",34.24436,-119.00903,VENTURA,CAMARILLO,-119.00898096,34.244424260000002
8361995,2017,2018-04-25,5609,2017-04-27,1814,437,,4,5,6,5609,0,0,0,,0,001,"MADERA RD","VIEW LINE DR",239.00,S,N,A,-,Y,VEN,7,118,-,R,23.207,R,4,W,Y,3,0,1,1,A,-,03,22350,,N,E,I,A,A,H,-,A,D,0,,,,,Y,,A,01,0,1,0,0,0,0,0,0,0,"- ","- ",34.285200000000003,-118.79177,VENTURA,"SIMI VALLEY",-118.78946008,34.282948689999998
8362482,2017,2017-05-10,5600,2017-04-02,2210,4572,8300,7,5,5,5601,0,0,0,,0,8A01,"VENTURA BL","CAMARILLO CENTER DR",0.00,,Y,A,-,N,,,,,,,,,,Y,4,0,1,2,A,-,07,21658,A,N,B,C,A,A,H,-,C,D,0,,,,,Y,,A,01,0,0,1,0,0,0,0,0,0,"- ","- ",34.130400000000002,-119.03274,VENTURA,CAMARILLO,-119.05755013,34.217750090000003
8362597,2017,2017-05-17,5608,2017-04-02,2159,395,,7,5,6,5608,0,0,0,,0,004,"JOHNSON DR","SWAN ST",23.00,N,N,A,-,N,,,,,,,,,,Y,4,0,1,1,A,-,01,23152,A,N,A,I,A,A,H,-,D,D,0,,,,,Y,Y,-,,0,0,1,0,0,0,0,0,0,"- ","- ",,,VENTURA,VENTURA,-119.19853642,34.25819542
8364019,2017,2017-05-22,5608,2017-05-03,0959,439,,3,5,6,5608,0,0,0,,0,004,"BRISTOL RD","FAWN PL",48.00,E,N,A,-,N,,,,,,,,,,Y,3,0,1,2,A,-,08,22107,,N,B,E,A,A,H,-,A,D,0,,,,,Y,,-,,0,1,0,0,0,0,0,0,0,"- ","- ",,,VENTURA,VENTURA,-119.19309450999999,34.255996230000001
8365890,2017,2017-05-17,5609,2017-04-22,0959,374,,6,5,6,5609,0,0,0,,0,,"YOSEMITE AV","FEARING ST",159.00,N,N,A,-,N,,,,,,,,,,Y,4,0,1,2,A,-,08,22101,D,N,B,C,A,A,H,-,A,D,0,,,,,Y,,A,01,0,0,1,0,0,0,0,0,0,"- ","- ",34.274500000000003,-118.67843000000001,VENTURA,"SIMI VALLEY",-118.67846186,34.274926209999997
83686289,2024,2024-08-06,5609,2024-07-29,1955,447,,1,5,6,5609,0,0,0,,0,003,"ROYAL AVE","DARRAH AVE",363.00,E,N,A,-,N,,,,,,,,,,Y,3,0,1,1,A,-,03,22350,,N,E,I,A,A,H,-,B,D,0,,,,,Y,,A,01,0,1,0,0,0,0,0,0,0,"- ","- ",34.266830444335938,-118.72427368164062,VENTURA,"SIMI VALLEY",-118.72335815429688,34.267562866210938
8371213,2017,2018-04-24,5600,2017-04-22,1525,2833,9170,6,5,6,5607,0,0,0,,0,09D,"RT 23","RT 101",1320.00,S,N,A,-,Y,VEN,7,23,-,R,3.228,I,5,N,N,4,0,1,2,D,-,00,,,F,B,C,A,A,H,-,A,A,0,,,Y,,Y,,-,"- ",0,0,1,0,0,0,0,0,1,"- ",SF,,,VENTURA,"THOUSAND OAKS",-118.82588855,34.156431759999997
8373410,2017,2017-06-05,5608,2017-05-15,1237,465,,1,5,6,5608,0,0,0,,0,003,"HENDERSON RD","JAZMIN AV",476.00,E,N,A,G,N,,,,,,,,,,N,4,0,1,2,A,-,09,21804,,N,D,D,A,A,H,-,A,D,0,,,,,Y,,-,,0,0,1,0,0,0,0,0,0,"- ","- ",,,VENTURA,VENTURA,-119.16023308,34.286962170000002
8373712,2017,2018-04-16,5609,2017-05-12,2350,437,,5,5,6,5609,0,0,0,,0,004,"SYCAMORE DR","RT 118",0.00,,Y,A,-,Y,VEN,7,118,-,R,25.634,R,4,E,N,4,0,1,2,A,-,12,21453,A,N,D,C,A,A,H,-,C,A,0,,,,,Y,,D,22,0,0,1,0,0,0,0,0,0,"- ",EF,34.281309999999998,-118.74379,VENTURA,"SIMI VALLEY",-118.74719704,34.282142520000001
8374592,2017,2017-06-02,5609,2017-05-13,1747,437,,6,5,6,5609,0,0,0,,0,002,"MADERA RD","COUNTRY CLUB DR WEST",0.00,,Y,A,-,N,,,,,,,,,,Y,4,0,2,2,A,-,09,21801,A,N,D,C,A,A,H,-,A,A,0,,,,,Y,,A,07,0,0,2,0,0,0,0,0,0,"- ","- ",34.251660000000001,-118.8223,VENTURA,"SIMI VALLEY",-118.82229009,34.251670070000003
83768972,2024,2024-08-08,5609,2024-08-02,1814,451,,5,5,6,5609,0,0,0,,0,003,"PATRICIA AVE","HUBBARD ST",351.00,W,N,A,-,N,,,,,,,,,,Y,3,0,1,2,A,-,09,21804,A,N,D,C,A,A,H,-,A,B,0,,,,,Y,,A,01,0,1,0,0,0,0,0,0,0,"- ","- ",,,VENTURA,"SIMI VALLEY",-118.77127838134766,34.270000457763672
8378925,2017,2017-06-23,5608,2017-05-14,1219,446,,7,5,6,5608,0,0,0,,0,002,"EAST THOMPSON BL","CHRISMAN AV",0.00,,Y,A,-,N,,,,,,,,,,Y,3,0,1,2,A,-,09,21801,A,N,D,C,A,A,H,-,A,D,0,,,,,Y,,-,,0,1,0,0,0,0,0,0,0,"- ","- ",,,VENTURA,VENTURA,-119.27859992,34.276000019999998
8380063,2017,2017-06-14,5600,2017-04-29,2123,4550,9114,6,5,6,5607,0,0,0,,0,09C,"BORCHARD RD","WENDY DR",258.00,W,N,A,-,N,,,,,,,,,,Y,2,0,1,2,A,-,01,23152,A,N,B,C,A,A,H,-,D,D,0,,,Y,,Y,Y,C,02,1,0,0,0,0,0,0,0,1,"- ","- ",,,VENTURA,"THOUSAND OAKS",-118.94494893,34.179575239999998
8384943,2017,2017-07-13,5609,2017-06-06,1713,389,,2,5,6,5609,0,0,0,,0,002,"ROYAL AVE","4TH ST",173.00,E,N,A,-,N,,,,,,,,,,Y,3,0,2,2,A,-,03,22350,,N,C,C,A,A,H,-,A,D,0,,,,,Y,,A,01,0,1,1,0,0,0,0,0,0,"- ","- ",34.264339999999997,-118.7824,VENTURA,"SIMI VALLEY",-118.78174851,34.264437569999998
8393081,2017,2017-06-21,5600,2017-06-05,1817,4438,8300,1,5,5,5601,0,0,0,,0,8A1,"VENTURA BL","CAMARILLO CENTER DR",0.00,,Y,A,-,N,,,101,,,,,,,Y,3,0,2,2,A,-,09,21802,A,N,D,D,A,A,H,-,A,A,0,,,,,Y,,A,01,0,1,1,0,0,0,0,0,0,"- ","- ",34.217739999999999,-119.05758,VENTURA,CAMARILLO,-119.05755487,34.218060889999997
8394229,2017,2017-08-04,5605,2017-05-13,1450,155,PATRO,6,5,3,5605,0,0,0,,0,001,"CHANNEL ISLAND BL","WHEELHOUSE AV",253.00,E,N,A,-,N,,,,,,,,,,Y,4,0,1,2,A,-,01,23152,A,N,C,C,A,A,H,-,A,A,0,,,,,Y,Y,A,07,0,0,1,0,0,0,0,0,0,"- ","- ",,,VENTURA,"PORT HUENEME",-119.21188449,34.176007910000003
8400107,2016,2018-05-03,5604,2016-01-06,1302,5242,,3,5,6,5604,0,0,0,,0,032,"ROSE AV","PATTON CT",35.00,N,N,C,-,N,,,,,,,,,,N,4,0,1,2,A,-,03,22350,,N,C,C,A,B,H,-,A,A,0,,,,,Y,,D,22,0,0,1,0,0,0,0,0,0,"- ","- ",,,VENTURA,OXNARD,-119.15995834,34.191716049999997
8401192,2016,2018-04-18,5604,2016-03-11,0600,5468,,5,5,6,5604,0,0,0,,0,012,"LOCKWOOD ST","ROSE AV",0.00,,Y,A,-,N,,,,,,,,,,Y,4,0,1,2,A,-,12,21453,A,N,D,C,A,A,H,-,B,A,0,,,,,Y,,A,07,0,0,1,0,0,0,0,0,0,"- ","- ",34.222119999999997,-119.15824000000001,VENTURA,OXNARD,-119.15829006,34.222110069999999
8401200,2016,2018-04-18,5604,2016-03-13,0850,4750,,7,5,6,5604,0,0,0,,0,021,"PATTERSON RD","DUNKIRK DR",20.00,N,N,A,-,N,,,,,,,,,,Y,4,0,1,2,A,-,03,22350,,N,C,C,A,A,H,-,A,A,0,,,,,Y,,A,01,0,0,1,0,0,0,0,0,0,"- ","- ",34.197539999999996,-119.20793,VENTURA,OXNARD,-119.20789361,34.19631845
8401283,2016,2018-05-02,5604,2016-04-14,1707,4527,,4,5,6,5604,0,0,0,,0,032,"ROSE AV","WESTAR DR",50.00,N,N,A,-,N,,,,,,,,,,N,4,0,1,2,A,-,03,22350,,N,C,C,A,A,H,-,A,D,0,,,,,Y,,D,22,0,0,1,0,0,0,0,0,0,"- ","- ",34.18694,-119.16078,VENTURA,OXNARD,-119.16001,34.186327230000003
8401313,2016,2018-05-24,5604,2016-09-09,2146,5473,,5,5,6,5604,0,0,0,,0,,"OXNARD BL","PLEASANT VALLEY RD",5.00,N,N,A,-,N,,,1,,,,,,,N,4,0,1,2,A,-,03,22350,,N,C,C,A,A,H,-,C,A,0,,,,,Y,,-,,0,0,1,0,0,0,0,0,0,"- ","- ",34.16554,-119.14389,VENTURA,OXNARD,-119.14401121,34.16559213
8401332,2016,2018-05-03,5604,2016-09-14,1850,5273,,3,5,6,5604,0,0,0,,0,011,"GONZALES RD","MERION WY",0.00,,Y,-,-,N,,,,,,,,,,N,4,0,1,2,D,-,00,,,N,B,C,A,-,-,-,-,-,0,,,,,Y,,-,"- ",0,0,1,0,0,0,0,0,0,"- ","- ",34.218539999999997,-119.21409,VENTURA,OXNARD,-119.21417992000001,34.219480050000001
8401339,2016,2018-05-03,5604,2016-09-24,1341,5428,,6,5,6,5604,0,0,0,,0,023,"A ST","3RD ST",0.00,,Y,A,-,N,,,,,,,,,,N,3,0,1,2,A,-,09,21801,A,F,G,G,A,A,H,-,A,A,0,,Y,,,Y,,D,22,0,1,0,0,0,0,1,0,0,"- ","- ",34.200319999999998,-119.17855,VENTURA,OXNARD,-119.17856014,34.200350100000001
8408491,2017,2017-07-31,5600,2017-07-16,1411,2913,9112,7,5,6,5607,0,0,0,,0,09C,"REINO RD","LYNN RD",0.00,,Y,A,-,N,,,,,,,,,,Y,3,0,2,2,A,-,09,21801,A,N,H,C,A,A,H,-,A,A,0,,,,,Y,,A,01,0,2,0,0,0,0,0,0,0,"- ","- ",,,VENTURA,"THOUSAND OAKS",-118.95702002,34.16174006
8409053,2017,2017-07-26,5600,2017-05-23,0644,2203,9116,2,5,6,5607,0,0,0,,0,9C01,"POTRERO RD","WENDY DR",2920.00,E,N,A,-,N,,,,,,,,,,N,2,0,1,2,A,-,06,21750,A,F,B,G,A,A,H,-,A,D,0,,Y,,,Y,,L,04,1,0,0,0,0,0,1,0,0,"- ","- ",,,VENTURA,"THOUSAND OAKS",-118.94090944,34.155533519999999
8410370,2017,2017-07-26,5600,2017-07-08,1013,5007,9072,6,5,6,5607,0,0,0,,0,09G,"THE LAKES DR","THOUSAND OAKS BL",6.00,S,N,A,-,N,,,,,,,,,,N,4,0,1,2,A,-,05,21650,1,N,H,G,A,A,H,-,A,D,0,,Y,,,Y,,L,04,0,0,1,0,0,0,1,0,0,"- ","- ",,,VENTURA,"THOUSAND OAKS",-118.84692192,34.17518681
8411051,2017,2017-07-25,5608,2017-07-08,1334,475,,6,5,6,5608,0,0,0,,0,00Z,"POLI ST","N SANTA ROSA ST",0.00,,Y,A,-,N,,,,,,,,,,Y,4,0,2,2,A,-,01,23152,A,N,A,C,A,A,H,-,A,A,0,,,,,Y,Y,-,,0,0,2,0,0,0,0,0,0,"- ","- ",,,VENTURA,VENTURA,-119.27163999,34.280060020000001
8415809,2016,2018-04-25,5604,2016-05-02,1059,4942,,1,5,6,5604,0,0,0,,0,032,"STATHAM BL","PACIFIC AV",0.00,,Y,A,-,N,,,,,,,,,,Y,3,0,1,2,A,-,09,21801,A,N,B,C,A,-,H,-,A,D,0,,,,,Y,Y,A,01,0,1,0,0,0,0,0,0,0,"- ","- ",,,VENTURA,OXNARD,-119.16431011,34.18066005
8420914,2017,2018-04-24,5600,2017-06-03,0957,4646,5114,6,5,4,5690,0,0,0,,0,02B,"RT 118","RT 23",0.00,,Y,A,-,Y,VEN,7,23,-,R,11.231,R,4,N,Y,3,0,1,1,C,-,18,,,N,H,J,A,D,H,-,A,A,0,,,Y,,Y,,-,"- ",0,1,0,0,0,0,0,0,1,"- ",NF,,,VENTURA,MOORPARK,-118.86121928,34.279407380000002
8421263,2017,2017-08-03,5608,2017-07-21,0907,422,VENTU,5,5,6,5608,0,0,0,,0,002,"THOMPSON BL","SAN CLEMENTE ST",0.00,,Y,A,-,N,,,,,,,,,,Y,4,0,1,2,A,-,09,21802,A,N,D,C,A,A,H,-,A,A,0,,,,,Y,,-,,0,0,1,0,0,0,0,0,0,"- ","- ",34.274149999999999,-119.2692,VENTURA,VENTURA,-119.26915986,34.274130110000002
8422150,2017,2017-08-03,5600,2017-07-05,1318,3147,9028,3,5,6,5607,0,0,0,,0,9B01,"AVENIDA DE LOS ARBOLES","OAK BROOK DR",130.00,E,N,A,-,N,,,,,,,,,,Y,3,0,1,2,A,-,04,21703,,N,C,C,A,A,H,-,A,A,0,,,,,Y,,A,01,0,1,0,0,0,0,0,0,0,"- ","- ",,,VENTURA,"THOUSAND OAKS",-118.84481207,34.211410860000001
8422366,2017,2017-08-14,5600,2017-07-13,1824,5000,5103,4,5,4,5690,0,0,0,,0,2B01,"SPRING RD","CHARLES ST",0.00,,Y,A,-,N,,,,,,,,,,N,4,0,1,2,A,-,12,21453,A,N,D,C,A,A,H,-,A,A,0,,,,,Y,,A,01,0,0,1,0,0,0,0,0,0,"- ","- ",,,VENTURA,MOORPARK,-118.87486001000001,34.28644001
8426774,2017,2017-08-10,5606,2017-04-05,2129,1115,5606,3,5,4,5606,0,0,0,,0,001,"PECK RD","MAIN ST",0.00,,Y,A,-,N,,,,,,,,,,Y,2,0,1,2,A,-,09,21801,A,N,D,C,A,A,H,-,C,A,0,,,Y,,Y,,A,01,1,0,0,0,0,0,0,0,0,"- ","- ",,,VENTURA,"SANTA PAULA",-119.08526003999999,34.340530049999998
8429786,2017,2017-08-24,5600,2017-07-28,1242,4529,9031,5,5,6,5607,0,0,0,,0,09B,"WESTLAKE BL","AVENIDA DE LOS ARBOLES",0.00,,Y,A,-,N,,,,,,,,,,Y,3,0,1,1,A,-,03,22350,,N,E,I,A,A,H,-,A,A,0,,,,,Y,,A,01,0,1,0,0,0,0,0,0,0,"- ","- ",,,VENTURA,"THOUSAND OAKS",-118.82313013,34.214320110000003
8430047,2017,2017-08-18,5608,2017-08-05,0926,401,,6,5,6,5608,0,0,0,,0,004,"JOHNSON DR","RALSTON ST",0.00,,Y,A,-,N,,,,,,,,,,N,4,0,2,2,A,-,"- ",,,N,C,-,A,A,H,-,A,D,0,,,,,Y,,-,,0,0,2,0,0,0,0,0,0,"- ","- ",34.263599999999997,-119.2009,VENTURA,VENTURA,-119.19920002000001,34.261030060000003