CASE_ID,ACCIDENT_YEAR,PROC_DATE,JURIS,COLLISION_DATE,COLLISION_TIME,OFFICER_ID,REPORTING_DISTRICT,DAY_OF_WEEK,CHP_SHIFT,POPULATION,CNTY_CITY_LOC,SPECIAL_COND,BEAT_TYPE,CHP_BEAT_TYPE,CITY_DIVISION_LAPD,CHP_BEAT_CLASS,BEAT_NUMBER,PRIMARY_RD,SECONDARY_RD,DISTANCE,DIRECTION,INTERSECTION,WEATHER_1,WEATHER_2,STATE_HWY_IND,CALTRANS_COUNTY,CALTRANS_DISTRICT,STATE_ROUTE,ROUTE_SUFFIX,POSTMILE_PREFIX,POSTMILE,LOCATION_TYPE,RAMP_INTERSECTION,SIDE_OF_HWY,TOW_AWAY,COLLISION_SEVERITY,NUMBER_KILLED,NUMBER_INJURED,PARTY_COUNT,PRIMARY_COLL_FACTOR,PCF_CODE_OF_VIOL,PCF_VIOL_CATEGORY,PCF_VIOLATION,PCF_VIOL_SUBSECTION,HIT_AND_RUN,TYPE_OF_COLLISION,MVIW,PED_ACTION,ROAD_SURFACE,ROAD_COND_1,ROAD_COND_2,LIGHTING,CONTROL_DEVICE,CHP_ROAD_TYPE,PEDESTRIAN_ACCIDENT,BICYCLE_ACCIDENT,MOTORCYCLE_ACCIDENT,TRUCK_ACCIDENT,NOT_PRIVATE_PROPERTY,ALCOHOL_INVOLVED,STWD_VEHTYPE_AT_FAULT,CHP_VEHTYPE_AT_FAULT,COUNT_SEVERE_INJ,COUNT_VISIBLE_INJ,COUNT_COMPLAINT_PAIN,COUNT_PED_KILLED,COUNT_PED_INJURED,COUNT_BICYCLIST_KILLED,COUNT_BICYCLIST_INJURED,COUNT_MC_KILLED,COUNT_MC_INJURED,PRIMARY_RAMP,SECONDARY_RAMP,LATITUDE,LONGITUDE,COUNTY,CITY,POINT_X,POINT_Y
8430069,2017,2017-08-22,5600,2017-07-27,1200,3852,9156,4,5,6,5607,0,0,0,,0,9G01,"DUESENBERG RD","CLEARWATER ST",0.00,,Y,A,-,N,,,,,,,,,,Y,4,0,2,2,A,-,08,22100,B,N,H,C,A,A,H,-,A,D,0,,,,,Y,,A,01,0,0,2,0,0,0,0,0,0,"- ","- ",,,VENTURA,"THOUSAND OAKS",-118.83249005,34.16882004
8433147,2017,2018-06-11,5600,2017-08-08,1700,2110,9074,2,5,6,5607,0,0,0,,0,09G,"RANCHO RD","RT 101",33.00,S,N,A,-,Y,VEN,7,101,-,-,2.855,R,4,N,Y,4,0,2,3,A,-,03,22350,,N,C,C,A,A,H,-,A,A,0,,,,,Y,,D,22,0,0,2,0,0,0,0,0,0,"- ",NF,,,VENTURA,"THOUSAND OAKS",-118.85536365999999,34.175925679999999
8434659,2017,2017-08-23,5600,2017-08-13,1105,3927,8201,7,5,5,5601,0,0,0,,0,08D,"FLYNN RD","CALLE TESORO",48.00,S,N,A,-,N,,,,,,,,,,Y,3,0,3,2,A,-,01,23153,A,N,C,C,A,A,H,-,A,D,0,,,,,Y,Y,A,07,0,1,2,0,0,0,0,0,0,"- ","- ",34.231349999999999,-119.01478,VENTURA,CAMARILLO,-119.01474567,34.231421769999997
8437340,2017,2017-09-25,5600,2017-09-06,0834,4999,8122,3,5,5,5601,0,0,0,,0,08C,"ARNEILL RD","ROCKLYN ST",0.00,,Y,A,-,N,,,,,,,,,,Y,4,0,1,2,A,-,09,21802,A,N,D,C,A,A,H,-,A,A,0,,,,,Y,,D,22,0,0,1,0,0,0,0,0,0,"- ","- ",34.23227,-119.03906000000001,VENTURA,CAMARILLO,-119.03908007,34.232270040000003
84374348,2024,2024-08-29,5609,2024-08-20,1651,5263,,2,5,6,5609,0,0,0,,0,001,"FIRST ST","AGNEW ST",0.00,,Y,A,-,N,,,,,,,,,,Y,3,0,1,2,A,-,12,21453,A,N,D,C,A,A,H,-,A,A,0,,,,,Y,,-,"- ",0,1,0,0,0,0,0,0,0,"- ","- ",34.276641845703125,-118.77884674072266,VENTURA,"SIMI VALLEY",-118.77896881103516,34.276798248291016
84407016,2024,2024-09-25,5609,2024-09-04,"506 ",505,,3,5,6,5609,0,0,0,,0,004,"COCHRAN ST","JUSTIN AVE",0.00,,Y,A,-,N,,,,,,,,,,Y,4,0,1,2,D,-,00,,,N,D,C,A,A,H,-,C,A,0,,,,Y,Y,,-,"- ",0,0,1,0,0,0,0,0,0,"- ","- ",34.279159545898438,-118.75475311279297,VENTURA,"SIMI VALLEY",-118.7547607421875,34.279010772705078
84410340,2024,2024-09-27,5600,2024-08-27,1716,5660,,2,5,5,5601,0,0,0,,0,8B01,"LAS POSAS RD","TEMPLE AV",0.00,,Y,A,-,N,,,,,,,,,,N,4,0,1,2,A,-,09,21801,A,F,H,C,A,A,H,-,A,A,0,,,,,Y,,-,99,0,0,1,0,0,0,0,0,0,"- ","- ",34.237758636474609,-119.03370666503906,VENTURA,CAMARILLO,-119.03379821777344,34.23785400390625
84423964,2024,2024-10-09,5600,2024-09-30,1030,2913,,1,5,6,5607,0,0,0,,0,9A01,"OLSEN RD","MORNING STAR AV",17.00,E,N,A,-,N,,,,,,,,,,Y,3,0,1,1,A,-,08,22107,,N,E,I,A,A,H,-,A,D,0,,,,,Y,,D,22,0,1,0,0,0,0,0,0,0,"- ","- ",34.224338531494141,-118.88471221923828,VENTURA,"THOUSAND OAKS",-118.88455963134766,34.224227905273438
84432487,2024,2024-10-16,5609,2024-10-12,1812,5120,,6,5,6,5609,0,0,0,,0,002,"MADERA RD","PRESIDENTIAL DR",0.00,,Y,A,-,N,,,,,,,,,,Y,3,0,2,2,A,-,12,21453,A,N,D,C,A,A,H,-,B,A,0,,,,,Y,,-,"- ",0,2,0,0,0,0,0,0,0,"- ","- ",34.253669738769531,-118.81571197509766,VENTURA,"SIMI VALLEY",-118.81575775146484,34.253711700439453
84439674,2024,2024-10-22,5600,2024-10-04,"833 ",5196,,5,5,6,5607,0,0,0,,0,9B01,"ERBES RD","AVENIDA DE LOS ARBOLES",482.00,S,N,B,-,N,,,,,,,,,,N,3,0,1,2,A,-,09,21801,A,N,D,G,A,A,H,-,A,D,0,,Y,,,Y,,A,01,0,1,0,0,0,0,0,0,0,"- ","- ",34.208370208740234,-118.84352111816406,VENTURA,"THOUSAND OAKS",-118.83971405029297,34.210529327392578
84443256,2024,2024-10-24,5609,2024-10-19,"828 ",5004,,6,5,6,5609,0,0,0,,0,006,"LOS ANGELES AVE","STOW ST",0.00,,Y,A,-,N,,,,,,,,,,Y,4,0,1,2,A,-,12,21453,A,N,D,C,A,A,H,-,A,A,0,,,,,Y,,A,01,0,0,1,0,0,0,0,0,0,"- ","- ",34.271778106689453,-118.6827392578125,VENTURA,"SIMI VALLEY",-118.68276214599609,34.271739959716797
84444968,2024,2024-10-25,5600,2024-10-11,1223,5573,,5,5,4,5690,0,0,0,,0,,"MOORPARK AV","LOS ANGELES AV",0.00,,Y,A,-,Y,VEN,,23," ",R,12.901,H,,R,Y,2,0,2,2,A,-,09,21804,A,N,D,C,A,A,H,-,A,D,0,,,,,Y,,A,01,1,0,1,0,0,0,0,0,0,"- ","- ",34.2789306640625,-118.88210296630859,VENTURA,MOORPARK,-118.88211059570312,34.278938293457031
84444971,2024,2024-10-25,5600,2024-10-16,1735,5256,,3,5,5,5601,0,0,0,,0,8B01,"CARMEN DR","EDGEMONT DR",0.00,,Y,B,-,N,,,,,,,,,,Y,4,0,1,2,A,-,09,21802,A,N,D,C,A,A,H,-,A,A,0,,,,,Y,,A,07,0,0,1,0,0,0,0,0,0,"- ","- ",34.230770111083984,-119.05200958251953,VENTURA,CAMARILLO,-119.05205535888672,34.230762481689453
84467201,2024,2024-11-13,5600,2024-11-06,1621,5293,,3,5,5,5601,0,0,0,,0,8C01,"PONDEROSA DR","FULTON ST",171.00,W,N,A,-,N,,,,,,,,,,Y,3,0,1,1,A,-,08,22107,,N,E,I,A,A,H,-,A,D,0,,,,,Y,,A,01,0,1,0,0,0,0,0,0,0,"- ","- ",34.223968505859375,-119.03684997558594,VENTURA,CAMARILLO,-119.03730773925781,34.2237548828125
84474591,2024,2024-11-21,5600,2024-10-08,1442,4965,,2,5,5,5601,0,0,0,,0,8C01,"PONDEROSA DR","SHEPHERD DR",0.00,,Y,A,-,N,,,,,,,,,,N,4,0,1,2,A,-,05,21650,1,N,D,G,A,A,H,-,A,A,0,,Y,,,Y,,M,91,0,0,1,0,0,0,1,0,0,"- ","- ",34.232391357421875,-119.02680969238281,VENTURA,CAMARILLO,-119.02687835693359,34.232498168945312
84474595,2024,2024-11-21,5600,2024-10-30,"820 ",5862,,3,5,5,5601,0,0,0,,0,8B01,"LEWIS RD","CALLE DE PALMA",86.00,S,N,A,-,N,,,,,,,,,,Y,4,0,2,2,A,-,03,22350,,N,C,C,A,A,H,-,A,D,0,,,,,Y,,A,01,0,0,2,0,0,0,0,0,0,"- ","- ",,,VENTURA,CAMARILLO,,
84477866,2024,2024-11-21,5600,2024-10-31,1617,5924,,4,5,6,5607,0,0,0,,0,9C01,"POTRERO RD","REINO RD",0.00,,Y,A,-,N,,,,,,,,,,Y,4,0,3,2,A,-,09,21802,A,N,D,C,A,A,H,-,A,A,0,,,,,Y,,D,22,0,0,3,0,0,0,0,0,0,"- ","- ",34.159141540527344,-118.95741271972656,VENTURA,"THOUSAND OAKS",-118.95749664306641,34.159328460693359
84481324,2024,2024-11-26,5600,2024-11-20,1803,5244,,3,5,6,5607,0,0,0,,0,9A01,"MOORPARK RD","AVENIDA DE LOS ARBOLES",32.00,N,N,A,-,N,,,,,,,,,,N,4,0,2,2,A,-,01,23153,A,N,C,C,A,A,H,-,C,A,0,,,,,Y,Y,A,01,0,0,2,0,0,0,0,0,0,"- ","- ",34.218070983886719,-118.86839294433594,VENTURA,"THOUSAND OAKS",-118.86840057373047,34.218158721923828
84491364,2024,2024-12-04,5600,2024-11-24,1658,5280,,7,5,5,5601,0,0,0,,0,8C01,"LAS POSAS RD","TEMPLE AV",0.00,,Y,A,-,N,,,,,,,,,,N,4,0,1,2,A,-,09,21801,A,N,H,C,A,A,H,-,A,A,0,,,,,Y,,A,07,0,0,1,0,0,0,0,0,0,"- ","- ",34.237758636474609,-119.03370666503906,VENTURA,CAMARILLO,-119.03379821777344,34.23785400390625
84522381,2024,2025-02-14,5609,2024-12-26,1414,5023,,4,5,6,5609,0,0,0,,0,006,"STEARNS ST","118 EB OFF STEARNS RAMP",0.00,,Y,A,-,Y,,,,,,,,,,Y,4,0,2,2,A,-,12,21453,A,N,D,C,A,A,H,-,A,A,0,,,,,Y,,D,22,0,0,2,0,0,0,0,0,0,"- ","- ",34.280609130859375,-118.69130706787109,VENTURA,"SIMI VALLEY",,
84522383,2024,2025-01-01,5609,2024-12-28,1302,5004,,6,5,6,5609,0,0,0,,0,001,"MADERA RD","STRATHEARN PL",0.00,,Y,A,-,N,,,,,,,,,,Y,4,0,1,2,A,-,09,21801,A,N,D,C,A,A,H,-,A,A,0,,,,,Y,,A,01,0,0,1,0,0,0,0,0,0,"- ","- ",34.273899078369141,-118.79615783691406,VENTURA,"SIMI VALLEY",-118.79647827148438,34.274005889892578
84536416,2025,2025-01-14,5600,2025-01-09,1149,5487,,4,5,4,5690,0,0,0,,0,2A01,"LOS ANGELES AV","TIERRA REJADA RD",15.00,E,N,A,-,Y,VEN,,118," "," ",16.463,H,,R,N,4,0,1,2,A,-,03,22350,,N,C,C,A,A,H,-,A,B,0,,,,,Y,,A,01,0,0,1,0,0,0,0,0,0,"- ","- ",34.278900146484375,-118.90088653564453,VENTURA,MOORPARK,-118.90088653564453,34.27886962890625
84537958,2025,2025-01-15,5600,2025-01-08,1910,2962,,3,5,3,5602,0,0,0,,0,,"VENTURA ST","MOUNTAIN VIEW ST",0.00,,Y,A,-,Y,VEN,,126," "," ",21.686,H,,R,Y,4,0,2,2,A,-,09,21800,D,N,D,C,A,A,H,-,E,B,0,,,,,Y,,A,01,0,0,2,0,0,0,0,0,0,"- ","- ",34.397708892822266,-118.90837097167969,VENTURA,FILLMORE,-118.90835571289062,34.397682189941406
84551741,2025,2025-01-28,5600,2025-01-18,"43  ",5251,,6,5,6,5607,0,0,0,,0,9B01,"LANG RANCH PY","OAK VALLEY LN",551.00,W,N,A,-,N,,,,,,,,,,Y,4,0,1,1,A,-,03,22350,,N,F,A,A,A,H,-,C,A,0,,,,,Y,,A,07,0,0,1,0,0,0,0,0,0,"- ","- ",34.213031768798828,-118.81574249267578,VENTURA,"THOUSAND OAKS",-118.81730651855469,34.212139129638672
84555162,2025,2025-01-30,5600,2025-01-10,1531,5976,,5,5,4,5690,0,0,0,,0,2A01,"WESTGATE RD","PEACH HILL RD",52.00,E,N,A,-,N,,,,,,,,,,N,4,0,1,1,A,-,03,22350,,N,E,I,A,A,H,-,A,D,0,,,,,Y,,A,01,0,0,1,0,0,0,0,0,0,"- ","- ",34.270130157470703,-118.87866973876953,VENTURA,MOORPARK,,
84580662,2025,2025-02-17,5609,2025-02-12,1834,5023,,3,5,6,5609,0,0,0,,0,001,"LOS ANGELES AVE","SINALOA RD",0.00,,Y,B,-,N,,,,,,,,,,Y,4,0,2,2,A,-,12,21453,A,N,D,C,A,B,H,-,C,A,0,,,,,Y,,A,01,0,0,2,0,0,0,0,0,0,"- ","- ",34.271560668945312,-118.78743743896484,VENTURA,"SIMI VALLEY",-118.78758239746094,34.271728515625
84584741,2025,2025-02-20,5600,2025-02-08,"950 ",5280,,6,5,5,5601,0,0,0,,0,8D01,"CALLE CANCUN","FLYNN RD",0.00,,Y,A,-,N,,,,,,,,,,N,3,0,1,2,A,-,05,21650,1,N,D,G,A,A,H,-,A,A,0,,Y,,,Y,,L,04,0,1,0,0,0,0,1,0,0,"- ","- ",34.237049102783203,-119.01052856445312,VENTURA,CAMARILLO,-119.01058197021484,34.237117767333984
84595448,2025,2025-03-04,5600,2025-02-09,1211,5713,,7,5,5,5601,0,0,0,,0,8A01,"WOOD RD","VERDULERA ST",49.00,N,N,A,-,N,,,,,,,,,,Y,3,0,1,1,A,-,03,22350,,M,E,I,A,A,H,-,A,A,0,,,,,Y,,A,07,0,1,0,0,0,0,0,0,0,"- ","- ",34.217090606689453,-119.09616088867188,VENTURA,CAMARILLO,-119.09602355957031,34.217014312744141
84596769,2025,2025-03-18,5600,2025-02-28,1530,5781,,5,5,5,5601,0,0,0,,0,8D01,"ADOLFO RD","RANCHO CALLEGUAS",2.00,E,N,A,-,N,,,,,,,,,,N,3,0,1,2,A,-,05,21650,1,N,D,G,A,A,H,-,A,A,0,,Y,,,Y,,M,91,0,1,0,0,0,0,1,0,0,"- ","- ",34.222011566162109,-119.01643371582031,VENTURA,CAMARILLO,-119.01317596435547,34.223987579345703
84598007,2025,2025-03-06,5609,2025-03-04,1544,5023,,2,5,6,5609,0,0,0,,0,003,"LOS ANGELES AVE","DONVILLE AVE",0.00,,Y,A,-,N,,,,,,,,,,N,2,0,1,2,A,-,10,21950,A,N,G,B,B,A,H,-,A,A,0,Y,,,,Y,,D,22,1,0,0,0,1,0,0,0,0,"- ","- ",34.271770477294922,-118.76844787597656,VENTURA,"SIMI VALLEY",-118.76853942871094,34.27166748046875
84600988,2025,2025-03-18,5609,2025-03-07,1617,5023,,5,5,6,5609,0,0,0,,0,003,"PATRICIA AVE","DUNCAN ST",209.00,W,N,B,-,N,,,,,,,,,,Y,3,0,2,2,A,-,09,21801,A,N,H,C,A,A,H,-,A,D,0,,,,,Y,,A,07,0,2,0,0,0,0,0,0,0,"- ","- ",34.27001953125,-118.76679992675781,VENTURA,"SIMI VALLEY",-118.76757049560547,34.270000457763672
84603411,2025,2025-03-18,5600,2025-03-03,"801 ",5328,,1,5,5,5601,0,0,0,,0,8C01,"PLEASANT VALLEY RD","BRIDGEHAMPTON WY",0.00,,Y,A,-,N,,,,,,,,,,Y,3,0,1,3,A,-,12,21453,A,N,H,C,A,A,H,-,A,A,0,,,,,Y,,A,07,0,1,0,0,0,0,0,0,0,"- ","- ",34.205341339111328,-119.01857757568359,VENTURA,CAMARILLO,-119.01851654052734,34.205410003662109
8461380,2017,2017-10-16,5609,2017-09-19,1051,310,407,2,5,6,5609,0,0,0,,0,004,"LEMON DR","ALAMO ST",69.00,S,N,B,-,N,,,,,,,,,,Y,4,0,1,1,A,-,08,22107,,N,E,I,A,A,H,-,A,D,0,,,,,Y,,A,01,0,0,1,0,0,0,0,0,0,"- ","- ",,,VENTURA,"SIMI VALLEY",-118.72651146,34.286251010000001
8462902,2017,2017-10-30,5600,2017-09-30,1225,4896,8120,6,5,5,5601,0,0,0,,0,08B,"TEMPLE AV","LAS POSAS RD",0.00,,Y,A,-,N,,,,,,,,,,Y,3,0,2,2,A,-,12,21453,A,N,D,C,A,A,H,-,A,A,0,,,,,Y,,A,01,0,1,1,0,0,0,0,0,0,"- ","- ",34.237819999999999,-119.03382000000001,VENTURA,CAMARILLO,-119.03380002999999,34.237850049999999
84643901,2025,2025-04-11,5600,2025-03-31,2015,3147,,1,5,6,5607,0,0,0,,0,9H01,"HILLCREST DR","ROLLING MEADOW CT",133.00,W,N,A,-,N,,,,,,,,,,Y,3,0,1,1,A,-,01,23152,F,N,E,I,A,A,H,-,C,D,0,,,,,Y,,A,07,0,1,0,0,0,0,0,0,0,"- ","- ",34.187641143798828,-118.90952301025391,VENTURA,"THOUSAND OAKS",-118.90997314453125,34.187789916992188
8464411,2017,2017-11-01,5600,2017-10-02,1104,23040,,1,5,5,5601,0,0,0,,0,,"CAMARILLO ST","CHANNEL ISLANDS DR",0.00,,Y,A,-,N,,,,,,,,,,Y,2,0,2,4,A,-,03,22350,,N,E,J,A,A,H,-,A,A,0,,,,,Y,,A,07,2,0,0,0,0,0,0,0,0,"- ","- ",,,VENTURA,CAMARILLO,-119.04052002,34.171820089999997
84645585,2025,2025-04-15,5600,2025-04-07,"210 ",5244,,1,5,6,5607,0,0,0,,0,9B01,"HILLCREST DR","HODENCAMP RD",26.00,W,N,A,-,N,,,,,,,,,,Y,3,0,1,2,A,-,01,23152,A,N,C,C,A,A,H,-,C,A,0,,,,,Y,Y,A,01,0,1,0,0,0,0,0,0,0,"- ","- ",34.182579040527344,-118.85746002197266,VENTURA,"THOUSAND OAKS",-118.86848449707031,34.181179046630859
84649256,2025,2025-04-15,5600,2025-04-09,1811,3147,,3,5,6,5607,0,0,0,,0,9G01,"SKYLINE DR","THOUSAND OAKS BL",46.00,S,N,A,-,N,,,,,,,,,,N,4,0,3,2,A,-,08,22100,A,N,B,C,A,A,H,-,A,A,0,,,,,Y,,A,01,0,0,3,0,0,0,0,0,0,"- ","- ",34.170711517333984,-118.83808135986328,VENTURA,"THOUSAND OAKS",-118.83818054199219,34.170623779296875
84657732,2025,2025-04-22,5600,2025-04-17,1401,4878,,4,5,4,5690,0,0,0,,0,2A01,"LOS ANGELES AV","EDENBRIDGE RD",175.00,W,N,B,-,Y,,,,,,,,,,Y,4,0,1,2,A,-,03,22350,,N,C,C,A,A,H,-,A,A,0,,,,,Y,,A,07,0,0,1,0,0,0,0,0,0,"- ","- ",34.275840759277344,-118.87970733642578,VENTURA,MOORPARK,-118.87781524658203,34.278949737548828
84659198,2025,2025-04-23,5609,2025-03-30,"819 ",5120,,7,5,6,5609,0,0,0,,0,,"ROYAL AVE","HAVEN AVE",225.00,W,N,A,-,N,,,,,,,,,,Y,4,0,2,2,A,-,08,22100,B,N,D,C,A,B,H,-,A,D,0,,,,,Y,,A,01,0,0,2,0,0,0,0,0,0,"- ","- ",34.260490417480469,-118.75620269775391,VENTURA,"SIMI VALLEY",-118.75699615478516,34.260860443115234
84686410,2025,2025-05-14,5600,2025-04-22,"815 ",5298,,2,5,3,5602,0,0,0,,0,6B01,"VENTURA STREET (SR 126)","CENTRAL AVENUE",30.00,E,N,A,-,Y,VEN,,126," "," ",21.410,H,,R,N,3,0,1,2,A,-,04,21703,,N,C,D,A,A,H,-,A,A,0,,,,,Y,,A,01,0,1,0,0,0,0,0,0,0,"- ","- ",34.3968505859375,-118.91301727294922,VENTURA,FILLMORE,-118.91300964355469,34.396797180175781
84686437,2025,2025-05-14,5609,2025-05-09,2058,5004,,5,5,6,5609,0,0,0,,0,,"ROYAL AVE","SEQUOIA AVE",0.00,,Y,A,-,N,,,,,,,,,,Y,3,0,2,2,A,-,09,21801,A,N,D,C,A,A,H,-,C,A,0,,,,,Y,,A,07,0,2,0,0,0,0,0,0,0,"- ","- ",34.264579772949219,-118.73059844970703,VENTURA,"SIMI VALLEY",-118.73049163818359,34.264583587646484
84688157,2025,2025-05-15,5600,2025-05-10,"619 ",5640,,6,5,5,5601,0,0,0,,0,8D01,"SANTA ROSA RD","101 FW (N)",47.00,W,N,A,-,N,,,,,,,,,,Y,2,0,1,1,B,-,22,,,N,E,I,A,A,H,-,A,A,0,,,,,Y,Y,A,01,1,0,0,0,0,0,0,0,0,"- ","- ",34.213798522949219,-119.00773620605469,VENTURA,CAMARILLO,,
84689677,2025,2025-05-16,5600,2025-05-11,"103 ",5256,,7,5,5,5601,0,0,0,,0,8C01,"GERMAIN ST","FORAR CI",31.00,E,N,A,-,N,,,,,,,,,,Y,3,0,1,2,A,-,01,23152,B,N,B,E,A,A,H,-,C,D,0,,,,,Y,Y,A,01,0,1,0,0,0,0,0,0,0,"- ","- ",34.232940673828125,-119.02008819580078,VENTURA,CAMARILLO,-119.01686859130859,34.234951019287109
8469505,2016,2018-04-27,5604,2016-01-28,1338,4653,,4,5,6,5604,0,0,0,,0,041,"SAVIERS RD","CHANNEL ISLANDS BL",7.00,S,N,A,-,N,,,,,,,,,,N,4,0,1,2,A,-,04,21703,,N,C,C,A,A,H,-,A,A,0,,,,,Y,,A,01,0,0,1,0,0,0,0,0,0,"- ","- ",,,VENTURA,OXNARD,-119.17766,34.173420790000002
8469509,2016,2018-04-27,5604,2016-01-28,0811,5208,,4,5,6,5604,0,0,0,,0,031,"ENTRADA DR","MARTIN LUTHER KING DR",0.00,,Y,A,-,N,,,,,,,,,,N,3,0,2,3,A,-,10,21950,A,N,G,B,B,B,H,-,A,D,0,Y,,,,Y,,A,01,0,1,1,0,2,0,0,0,0,"- ","- ",,,VENTURA,OXNARD,-119.17529007,34.21540005
84698252,2025,2025-05-23,5600,2025-05-19,"225 ",5016,,1,5,4,5690,0,0,0,,0,2A01,"WALNUT CANYON RD","CASEY RD",550.00,N,N,A,-,N,,,,,,,,,,N,4,0,1,4,A,-,08,22107,,N,C,E,A,A,H,-,C,D,0,,,,,Y,,A,07,0,0,1,0,0,0,0,0,0,"- ","- ",,,VENTURA,MOORPARK,-118.88294219970703,34.289783477783203
8470666,2017,2017-11-27,5608,2017-10-09,2159,497,,1,5,6,5608,0,0,0,,0,004,"TELEPHONE RD","JOHNSON DR",0.00,,Y,A,-,N,,,,,,,,,,N,4,0,1,2,A,-,12,21453,A,N,B,C,A,A,H,-,C,A,0,,,,,Y,,-,,0,0,1,0,0,0,0,0,0,"- ","- ",,,VENTURA,VENTURA,-119.20079010000001,34.267130109999997
84726445,2025,2025-06-16,5600,2025-06-11,1246,5251,,3,5,6,5607,0,0,0,,0,9A01,"MOORPARK RD","CAMINO DOS PALOS",324.00,S,N,A,-,N,,,,,,,,,,N,2,0,1,1,A,-,03,22350,,N,E,J,A,A,H,-,A,A,0,,Y,,,Y,,L,04,1,0,0,0,0,0,1,0,0,"- ","- ",34.219409942626953,-118.87165832519531,VENTURA,"THOUSAND OAKS",-118.86841583251953,34.221691131591797
84738491,2025,2025-06-25,5600,2025-06-12,1230,5007,,4,5,6,5607,0,0,0,,0,9A01,"SUNSET HILLS BL","ERBES RD",0.00,,Y,A,-,N,,,,,,,,,,Y,3,0,2,2,A,-,12,22450,A,N,D,C,A,A,H,-,A,A,0,,,,,Y,,A,01,0,1,1,0,0,0,0,0,0,"- ","- ",34.226089477539062,-118.84279632568359,VENTURA,"THOUSAND OAKS",-118.84285736083984,34.226062774658203
84738492,2025,2025-06-25,5600,2025-06-12,1420,5007,,4,5,6,5607,0,0,0,,0,9C01,"LYNN RD","OFFRAMP NB 101 LYNN",133.00,S,N,A,-,N,,,,,,,,,,Y,4,0,1,3,A,-,03,22350,,N,C,C,A,A,H,-,A,A,0,,,,,Y,,A,01,0,0,1,0,0,0,0,0,0,"- ","- ",34.184070587158203,-118.89157104492188,VENTURA,"THOUSAND OAKS",-118.89221954345703,34.18218994140625
84756104,2025,2025-07-10,5609,2025-07-01,1650,5023,,2,5,6,5609,0,0,0,,0,002,"ETTIN AVE","HARPER ST",24.00,N,N,A,-,N,,,,,,,,,,N,3,0,1,2,A,-,05,21650,,N,D,G,A,A,H,-,A,D,0,,Y,,,Y,,M,91,0,1,0,0,0,0,1,0,0,"- ","- ",34.255050659179688,-118.78098297119141,VENTURA,"SIMI VALLEY",-118.78105926513672,34.255146026611328
84773410,2025,2025-07-23,5600,2025-07-02,1807,4973,,3,5,5,5601,0,0,0,,0,8A01,"LAS POSAS RD","PLEASANT VALLEY RD",585.00,N,N,A,-,N,,,,,,,,,,N,4,0,1,2,A,-,03,22350,,F,C,C,A,A,H,-,A,D,0,,,,,Y,,A,01,0,0,1,0,0,0,0,0,0,"- ","- ",34.205440521240234,-119.03460693359375,VENTURA,CAMARILLO,-119.06974029541016,34.207195281982422
8477574,2017,2017-11-09,5600,2017-10-06,2358,5023,8254,5,5,5,5601,0,0,0,,0,8D01,"PLEASANT VALLEY","RIDGE VIEW ST",0.00,,N,A,-,N,,,,,,,,,,Y,3,0,1,2,A,-,09,21801,A,N,H,C,A,A,H,-,C,A,0,,,,,Y,,A,01,0,1,0,0,0,0,0,0,0,"- ","- ",34.210189999999997,-119.00958,VENTURA,CAMARILLO,-119.00951001999999,34.210200049999997
84783789,2025,2025-08-01,5600,2025-07-08,1506,6005,,2,5,5,5601,0,0,0,,0,8C01,"PONDEROSA DR","ARNEILL RD",56.00,E,N,A,-,N,,,,,,,,,,N,3,0,1,2,A,-,03,22350,,N,C,C,A,A,H,-,A,A,0,,,,,Y,,A,07,0,1,0,0,0,0,0,0,0,"- ","- ",34.223560333251953,-119.03898620605469,VENTURA,CAMARILLO,-119.03885650634766,34.223529815673828
84810010,2025,2025-08-20,5609,2025-08-13,1710,5023,,3,5,6,5609,0,0,0,,0,005,"LOS ANGELES AVE","TAPO ST",31.00,E,N,A,-,N,,,,,,,,,,N,4,0,1,2,A,-,03,22350,,N,C,C,A,A,H,-,A,A,0,,,,,Y,,A,07,0,0,1,0,0,0,0,0,0,"- ","- ",34.271030426025391,-118.70879364013672,VENTURA,"SIMI VALLEY",-118.70884704589844,34.271697998046875
84810042,2025,2025-08-20,5600,2025-07-31,"856 ",5011,,4,5,6,5607,0,0,0,,0,9A01,"OLSEN RD","23 FW (E)",47.00,E,N,A,-,N,,,,,,,,,,N,4,0,1,2,A,-,08,22107,,N,B,C,A,A,H,-,A,D,0,,,,,Y,,A,01,0,0,1,0,0,0,0,0,0,"- ","- ",34.24169921875,-118.839599609375,VENTURA,"THOUSAND OAKS",,
84827647,2025,2025-09-03,5609,2025-08-26,1454,447,,2,5,6,5609,0,0,0,,0,003,"ROYAL AVE","CORTO ST",544.00,E,N,A,-,N,,,,,,,,,,Y,2,0,2,2,A,-,09,21804,A,N,D,C,A,A,H,-,A,D,0,,,Y,,Y,,A,01,1,1,0,0,0,0,0,0,1,"- ","- ",34.262180328369141,-118.73898315429688,VENTURA,"SIMI VALLEY",-118.73748779296875,34.263381958007812