CASE_ID,ACCIDENT_YEAR,PROC_DATE,JURIS,COLLISION_DATE,COLLISION_TIME,OFFICER_ID,REPORTING_DISTRICT,DAY_OF_WEEK,CHP_SHIFT,POPULATION,CNTY_CITY_LOC,SPECIAL_COND,BEAT_TYPE,CHP_BEAT_TYPE,CITY_DIVISION_LAPD,CHP_BEAT_CLASS,BEAT_NUMBER,PRIMARY_RD,SECONDARY_RD,DISTANCE,DIRECTION,INTERSECTION,WEATHER_1,WEATHER_2,STATE_HWY_IND,CALTRANS_COUNTY,CALTRANS_DISTRICT,STATE_ROUTE,ROUTE_SUFFIX,POSTMILE_PREFIX,POSTMILE,LOCATION_TYPE,RAMP_INTERSECTION,SIDE_OF_HWY,TOW_AWAY,COLLISION_SEVERITY,NUMBER_KILLED,NUMBER_INJURED,PARTY_COUNT,PRIMARY_COLL_FACTOR,PCF_CODE_OF_VIOL,PCF_VIOL_CATEGORY,PCF_VIOLATION,PCF_VIOL_SUBSECTION,HIT_AND_RUN,TYPE_OF_COLLISION,MVIW,PED_ACTION,ROAD_SURFACE,ROAD_COND_1,ROAD_COND_2,LIGHTING,CONTROL_DEVICE,CHP_ROAD_TYPE,PEDESTRIAN_ACCIDENT,BICYCLE_ACCIDENT,MOTORCYCLE_ACCIDENT,TRUCK_ACCIDENT,NOT_PRIVATE_PROPERTY,ALCOHOL_INVOLVED,STWD_VEHTYPE_AT_FAULT,CHP_VEHTYPE_AT_FAULT,COUNT_SEVERE_INJ,COUNT_VISIBLE_INJ,COUNT_COMPLAINT_PAIN,COUNT_PED_KILLED,COUNT_PED_INJURED,COUNT_BICYCLIST_KILLED,COUNT_BICYCLIST_INJURED,COUNT_MC_KILLED,COUNT_MC_INJURED,PRIMARY_RAMP,SECONDARY_RAMP,LATITUDE,LONGITUDE,COUNTY,CITY,POINT_X,POINT_Y
84827648,2025,2025-09-03,5609,2025-08-26,1632,5023,,2,5,6,5609,0,0,0,,0,004,"SYCAMORE DR","COCHRAN ST",0.00,,Y,A,-,N,,,,,,,,,,Y,3,0,2,3,A,-,09,21453,C,N,H,C,A,A,H,-,A,A,0,,,,,Y,,A,01,0,2,0,0,0,0,0,0,0,"- ","- ",34.279079437255859,-118.74381256103516,VENTURA,"SIMI VALLEY",-118.74391174316406,34.279003143310547
8483589,2017,2017-11-06,5608,2017-10-24,1134,456,,2,5,6,5608,0,0,0,,0,002,"MAIN ST","LOMA VISTA",0.00,,Y,A,-,N,,,,,,,,,,Y,4,0,1,2,A,-,08,22107,,N,A,C,A,A,H,-,A,A,0,,,,,Y,,-,,0,0,1,0,0,0,0,0,0,"- ","- ",,,VENTURA,VENTURA,-119.26152998000001,34.274780110000002
84841856,2025,2025-09-12,5600,2025-09-02,2017,6001,,2,5,6,5607,0,0,0,,0,9D01,"THOUSAND OAKS BL","MARMON AV",63.00,W,N,A,-,N,,,,,,,,,,Y,3,0,3,3,A,-,03,22350,,N,C,C,A,A,H,-,C,A,0,,,,,Y,,A,01,0,1,2,0,0,0,0,0,0,"- ","- ",34.160720825195312,-118.83316802978516,VENTURA,"THOUSAND OAKS",-118.82918548583984,34.164188385009766
84853253,2025,2025-09-22,5600,2025-09-05,1400,6028,,5,5,3,5602,0,0,0,,0,6B01,"SANTA CLARA ST","ORANGE GROVE AV",20.00,N,N,A,-,N,,,,,,,,,,N,3,0,2,2,A,-,09,21801,A,N,D,C,A,A,H,-,A,D,0,,,,,Y,,A,01,0,2,0,0,0,0,0,0,0,"- ","- ",34.397750854492188,-118.91683959960938,VENTURA,FILLMORE,-118.91678619384766,34.397758483886719
84867433,2025,2025-10-01,5600,2025-09-21,2300,5244,,7,5,6,5607,0,0,0,,0,9D01,"HILLCREST DR","BLACK OAK ST",686.00,E,N,A,-,N,,,,,,,,,,Y,3,0,1,1,A,-,01,23152,G,N,E,I,A,A,H,-,C,D,0,,,,,Y,Y,A,01,0,1,0,0,0,0,0,0,0,"- ","- ",34.172168731689453,-118.82917022705078,VENTURA,"THOUSAND OAKS",-118.82715606689453,34.172977447509766
84878907,2025,2025-10-09,5600,2025-10-06,1833,6095,,1,5,6,5607,0,0,0,,0,9B01,"ERBES RD","SCENICPARK ST",0.00,,Y,A,-,N,,,,,,,,,,Y,3,0,4,2,A,-,09,21801,A,N,D,C,A,A,H,-,B,A,0,,,,,Y,,A,01,0,1,3,0,0,0,0,0,0,"- ","- ",34.204509735107422,-118.84317016601562,VENTURA,"THOUSAND OAKS",-118.83961486816406,34.2078857421875
84885009,2025,2025-10-21,5600,2025-10-01,"831 ",5007,,3,5,6,5607,0,0,0,,0,9D01,"KANAN RD","LINDERO CANYON RD",40.00,W,N,A,-,N,,,,,,,,,,N,4,0,1,2,A,-,03,22350,,F,C,C,A,A,H,-,A,A,0,,,,,Y,,D,22,0,0,1,0,0,0,0,0,0,"- ","- ",34.184959411621094,-118.78591918945312,VENTURA,"THOUSAND OAKS",-118.78610229492188,34.184982299804688
84888618,2025,2025-10-16,5600,2025-10-14,1053,5454,,2,5,6,5607,0,0,0,,0,9B01,"MOORPARK RD","CONEJO V ALLEY PLAZA",150.00,S,N,C,-,N,,,,,,,,,,Y,4,0,1,2,A,-,03,22350,,N,C,C,A,B,H,-,A,A,0,,,,,Y,,A,01,0,0,1,0,0,0,0,0,0,"- ","- ",34.197708129882812,-118.86992645263672,VENTURA,"THOUSAND OAKS",-118.86986541748047,34.197917938232422
84902191,2025,2025-10-27,5600,2025-10-22,"814 ",4869,,3,5,5,5601,0,0,0,,0,8D01,"ADOLFO RD","MISSION OAKS BL",349.00,W,N,A,-,N,,,,,,,,,,N,3,0,1,2,A,-,03,22350,,N,C,C,A,A,H,-,A,D,0,,,,,Y,,E,22,0,1,0,0,0,0,0,0,0,"- ","- ",34.131401062011719,-119.00279998779297,VENTURA,CAMARILLO,-119.00776672363281,34.220737457275391
84914502,2025,2025-11-06,5600,2025-11-01,1410,5924,,6,5,6,5607,0,0,0,,0,9H01,"LYNN RD","CAMINO MANZANAS",170.00,S,N,A,B,N,,,,,,,,,,Y,4,0,2,2,A,-,00,23153,F,N,C,C,A,A,H,-,A,A,0,,,,,Y,,D,22,0,0,2,0,0,0,0,0,0,"- ","- ",34.199291229248047,-118.89021301269531,VENTURA,"THOUSAND OAKS",-118.8902587890625,34.198833465576172
84925331,2025,2025-11-12,5609,2025-10-06,"126 ",5206,,1,5,6,5609,0,0,0,,0,003,"MORLEY ST","EARL AVE",40.00,W,N,A,-,N,,,,,,,,,,Y,3,0,1,2,A,-,01,23152,A,N,B,E,A,A,H,-,C,D,0,,,,,Y,Y,A,01,0,1,0,0,0,0,0,0,0,"- ","- ",34.265769958496094,-118.75331115722656,VENTURA,"SIMI VALLEY",-118.75344848632812,34.265819549560547
84929450,2025,2025-11-14,5600,2025-11-06,1852,5280,,4,5,5,5601,0,0,0,,0,8B01,"DAILY DR","MURRAY AV",0.00,,Y,A,-,N,,,,,,,,,,N,3,0,2,2,A,-,08,22107,,N,D,C,A,A,H,-,C,A,0,,,,,Y,,A,01,0,2,0,0,0,0,0,0,0,"- ","- ",34.217681884765625,-119.04463958740234,VENTURA,CAMARILLO,-119.04467010498047,34.217758178710938
84936785,2025,2025-12-05,5600,2025-11-11,1729,4750,,2,5,5,5601,0,0,0,,0,8C01,"PLEASANT VALLEY RD","BRIDGEHAMPTON WY",0.00,,Y,B,-,N,,,,,,,,,,Y,2,0,1,2,A,-,09,21801,A,N,H,C,A,A,H,-,C,A,0,,,Y,,Y,,A,07,1,0,0,0,0,0,0,0,1,"- ","- ",34.205341339111328,-119.01857757568359,VENTURA,CAMARILLO,-119.01851654052734,34.205410003662109
84946413,2025,2025-11-25,5600,2025-11-20,1533,5601,,4,5,4,5690,0,0,0,,0,2A01,"TIERRA REJADA RD","SUNSET VALLEY RD",0.00,,Y,C,-,N,,,,,,,,,,Y,4,0,2,2,A,-,03,22350,,N,C,C,A,B,H,-,A,A,0,,,,,Y,,A,01,0,0,2,0,0,0,0,0,0,"- ","- ",34.264190673828125,-118.85494995117188,VENTURA,MOORPARK,-118.85514068603516,34.264205932617188
8494767,2017,2017-11-29,5600,2017-10-30,1400,3147,9154,1,5,6,5607,0,0,0,,0,9G01,"THOUSAND OAKS BL","HAMPSHIRE RD",0.00,,Y,B,-,N,,,,,,,,,,Y,3,0,1,2,D,-,00,,,N,H,C,A,A,H,-,A,A,0,,,,,Y,,-,"- ",0,1,0,0,0,0,0,0,0,"- ","- ",,,VENTURA,"THOUSAND OAKS",-118.83614005,34.169240049999999
84963166,2025,2025-12-09,5600,2025-09-17,1731,5505,,3,5,5,5601,0,0,0,,0,8C01,"VENTURA BL","LEWIS RD",40.00,W,N,A,-,N,,,,,,,,,,N,3,0,1,2,A,-,08,22100,B,N,H,A,A,A,H,-,A,A,0,,,Y,,Y,,A,01,0,1,0,0,0,0,0,0,1,"- ","- ",34.21630859375,-119.06968688964844,VENTURA,CAMARILLO,-119.03483581542969,34.216083526611328
84965028,2025,2025-12-10,5600,2025-12-01,"946 ",5454,,1,5,6,5607,0,0,0,,0,9D01,"HAMPSHIRE RD","EVENSTAR AV",0.00,,Y,A,-,N,,,,,,,,,,Y,3,0,1,2,A,-,09,21801,A,N,D,C,A,A,H,-,A,D,0,,,,,Y,,A,01,0,1,0,0,0,0,0,0,0,"- ","- ",34.15399169921875,-118.83114624023438,VENTURA,"THOUSAND OAKS",-118.83123016357422,34.15399169921875
84978642,2025,2025-12-19,5600,2025-12-11,1943,5807,,4,5,6,5607,0,0,0,,0,9C01,"KIMBER DR","WENDY DR",13.00,W,N,A,-,N,,,,,,,,,,Y,3,0,1,2,A,-,05,21650,,N,D,C,A,A,H,-,C,A,0,,,Y,,Y,,C,02,0,1,0,0,0,0,0,0,1,"- ","- ",34.176071166992188,-118.94542694091797,VENTURA,"THOUSAND OAKS",-118.94541168212891,34.176052093505859
84984851,2025,2025-12-24,5600,2025-12-11,1528,5924,,4,5,6,5607,0,0,0,,0,9G01,"THOUSAND OAKS BL","OFFRAMP SB 23 THOUSAND OAKS",0.00,,Y,A,B,Y,,,,,,,,,,Y,4,0,1,2,A,-,12,21453,A,N,D,C,A,A,H,-,A,A,0,,,,,Y,,A,01,0,0,1,0,0,0,0,0,0,"- ","- ",34.180778503417969,-118.85048675537109,VENTURA,"THOUSAND OAKS",-118.87651824951172,34.178932189941406
84984857,2025,2025-12-24,5600,2025-12-13,1718,5677,,6,5,3,5602,0,0,0,,0,6A01,"A ST","1ST ST",286.00,N,N,A,-,N,,,,,,,,,,N,3,0,1,1,A,-,08,22107,,N,E,I,A,A,A,-,D,D,0,,Y,,,Y,,L,04,0,1,0,0,0,0,1,0,0,"- ","- ",34.393390655517578,-118.91699981689453,VENTURA,FILLMORE,-118.91917419433594,34.40264892578125
8498535,2017,2017-12-08,5600,2017-11-03,1531,2877,8220,5,5,5,5601,0,0,0,,0,8D01,"CAMINO RUIZ","VERDUGO WY",919.00,S,N,A,-,N,,,,,,,,,,Y,3,0,2,2,A,-,08,22107,,N,C,E,A,A,H,-,A,D,0,,,,,Y,,A,01,0,1,1,0,0,0,0,0,0,"- ","- ",34.124499999999998,-119.00115,VENTURA,CAMARILLO,-119.0032319,34.212645430000002
8498927,2017,2018-01-23,5600,2017-11-03,1744,4550,9074,5,5,6,5607,0,0,0,,0,09G,"THOUSAND OAKS BL","RANCHO RD",105.00,E,N,A,-,N,,,,,,,,,,Y,4,0,1,2,A,-,09,21804,A,N,D,C,A,A,H,-,B,A,0,,,,,Y,,A,07,0,0,1,0,0,0,0,0,0,"- ","- ",,,VENTURA,"THOUSAND OAKS",-118.85754219,34.17846531
85010472,2025,2026-01-13,5600,2025-12-17,1942,5711,,3,5,5,5601,0,0,0,,0,8B01,"MISSION DR","LAS POSAS RD",642.00,N,N,A,-,N,,,,,,,,,,Y,3,0,1,1,A,-,01,23152,A,N,E,I,A,A,H,-,C,D,0,,,,,Y,Y,A,01,0,1,0,0,0,0,0,0,0,"- ","- ",34.234779357910156,-119.04611968994141,VENTURA,CAMARILLO,-119.04673004150391,34.236572265625
85012582,2025,2026-01-14,5600,2025-12-30,1727,5284,,2,5,3,5602,0,0,0,,0,6B01,"VENTURA ST","CENTRAL AV",0.00,,Y,B,-,Y,VEN,,126," "," ",21.411,H,,L,Y,3,0,3,2,A,-,09,21801,A,N,A,C,A,B,H,-,C,A,0,,,,,Y,,A,01,0,2,1,0,0,0,0,0,0,"- ","- ",34.3968505859375,-118.91301727294922,VENTURA,FILLMORE,-118.91302490234375,34.396888732910156
8502792,2017,2017-12-19,5609,2017-11-28,1650,389,,2,5,6,5609,0,0,0,,0,002,"ROYAL AV","1ST ST",0.00,,Y,A,-,N,,,,,,,,,,Y,4,0,1,2,A,-,09,21801,A,N,D,C,A,A,H,-,C,A,0,,,,,Y,,D,22,0,0,1,0,0,0,0,0,0,"- ","- ",34.264569999999999,-118.77891,VENTURA,"SIMI VALLEY",-118.77902009,34.264450060000001
8503806,2017,2018-06-14,5608,2017-12-16,1356,442,,6,5,6,5608,0,0,0,,0,002,"HARBOR BL","MONMOUTH WY",0.00,,Y,B,-,Y,VEN,7,101,-,-,28.693,R,4,S,Y,4,0,2,2,A,-,09,21801,A,N,A,C,A,A,H,-,A,A,0,,,,,Y,,-,,0,0,2,0,0,0,0,0,0,"- ","- ",,,VENTURA,VENTURA,-119.27168568,34.268022670000001
8505313,2017,2017-12-01,5608,2017-11-20,2302,282,,1,5,6,5608,0,0,0,,0,004,"TELEPHONE RD","SATICOY AV",0.00,,Y,A,-,N,,,,,,,,,,Y,4,0,1,2,A,-,09,21804,A,N,D,C,A,A,H,-,C,-,0,,,,,Y,,-,,0,0,1,0,0,0,0,0,0,"- ","- ",,,VENTURA,VENTURA,-119.15834009,34.27951006
8518310,2017,2018-01-19,5608,2017-12-07,1829,489,,4,5,6,5608,0,0,0,,0,004,"VICTORIA AV","VALENTINE RD",500.00,S,N,A,-,N,,,,,,,,,,Y,3,0,1,3,A,-,03,22350,A,N,C,C,A,A,H,-,C,D,0,,,,,Y,,-,"- ",0,1,0,0,0,0,0,0,0,"- ","- ",34.250300000000003,-119.2124,VENTURA,VENTURA,-119.21236159,34.250255889999998
8521062,2017,2018-01-24,5608,2017-11-29,1639,496,VTA,3,5,6,5608,0,0,0,,0,002,"FOOTHILL RD","ESTRELLA ST",9.00,N,N,A,-,N,,,,,,,,,,Y,4,0,1,2,A,-,08,22107,,N,A,C,A,A,H,-,A,D,0,,,,,Y,,A,01,0,0,1,0,0,0,0,0,0,"- ","- ",,,VENTURA,VENTURA,-119.25578255000001,34.280079550000004
8528199,2017,2018-01-11,5600,2017-12-14,1228,5234,9124,4,5,6,5607,0,0,0,,0,09C,"LYNN RD","LYNNVIEW CT",0.00,,Y,A,-,N,,,,,,,,,,Y,4,0,1,2,A,-,04,21703,,N,C,C,A,A,H,-,A,D,0,,,,,Y,,A,01,0,0,1,0,0,0,0,0,0,"- ","- ",,,VENTURA,"THOUSAND OAKS",-118.93595012,34.169280090000001
8529852,2017,2018-01-16,5608,2017-12-19,1722,493,,2,5,6,5608,0,0,0,,0,004,"TELEPHONE RD","VICTORIA AV",0.00,,Y,A,-,N,,,,,,,,,,N,4,0,1,2,A,-,03,22350,,N,C,C,A,A,H,-,B,A,0,,,,,Y,,A,01,0,0,1,0,0,0,0,0,0,"- ","- ",,,VENTURA,VENTURA,-119.21255992,34.265460109999999
8530449,2017,2018-01-19,5600,2017-12-08,2135,5016,6004,5,5,3,5602,0,0,0,,0,6A01,"RIVER ST","DUNTON ST",179.00,W,N,A,-,N,,,,,,,,,,Y,3,0,1,3,A,-,01,23152,A,M,B,C,A,A,H,-,C,A,0,,,,,Y,Y,A,01,0,1,0,0,0,0,0,0,0,"- ","- ",,,VENTURA,FILLMORE,-118.92073473000001,34.393910589999997
8530457,2017,2018-01-19,5600,2017-12-16,1514,4615,8104,6,5,5,5601,0,0,0,,0,08B,"CARMEN DR","DAILY DR",8.00,N,N,A,-,N,,,,,,,,,,N,2,0,1,2,A,-,05,21650,,N,D,G,A,A,H,-,A,A,0,,Y,,,Y,,L,04,1,0,0,0,0,0,1,0,0,"- ","- ",34.219380000000001,-119.05092999999999,VENTURA,CAMARILLO,-119.05075805,34.219281899999999
8531304,2017,2018-02-21,5609,2017-12-30,0855,374,,6,5,6,5609,0,0,0,,0,,"LOS ANGELES AV","ANGUS AV",128.00,W,N,A,-,N,,,,,,,,,,N,4,0,1,1,C,-,18,,,N,F,-,A,A,H,-,A,D,0,,Y,,,Y,,-,"- ",0,0,1,0,0,0,1,0,0,"- ","- ",34.271839999999997,-118.70249,VENTURA,"SIMI VALLEY",-118.70292282,34.271680000000003
8531346,2016,2018-04-24,5604,2016-10-05,1133,5151,,3,5,6,5604,0,0,0,,0,022,"HILL ST","N ST",25.00,E,N,A,-,N,,,,,,,,,,N,4,0,1,2,A,-,03,22350,,N,C,E,A,A,H,-,A,D,0,,,,,Y,,A,01,0,0,1,0,0,0,0,0,0,"- ","- ",34.186390000000003,-119.19378,VENTURA,OXNARD,-119.19369743999999,34.18637923
8531674,2017,2018-01-22,5608,2017-12-22,0939,4960,,5,5,6,5608,0,0,0,,0,003,"SOLANO ST","IMPERIAL AV",0.00,,Y,A,-,,,,,,,,,,,Y,4,0,1,1,A,-,03,22350,,N,E,I,A,A,H,-,A,D,0,,,,,Y,,-,"- ",0,0,1,0,0,0,0,0,0,"- ","- ",,,VENTURA,VENTURA,-119.18662007,34.282530039999997
8541124,2018,2018-02-02,5608,2018-01-11,1015,403,,4,5,6,5608,0,0,0,,0,002,"SEAWARD AV","ALESSANDRO DR",39.00,S,N,A,-,N,,,,,,,,,,Y,2,0,1,2,A,-,03,22350,,N,C,C,A,A,H,-,A,A,0,,,,,Y,,-,,1,0,0,0,0,0,0,0,0,"- ","- ",,,VENTURA,VENTURA,-119.26831817626953,34.266124725341797
8543181,2018,2018-08-29,5608,2018-01-09,0902,456,,2,5,6,5608,0,0,0,,0,002,"MAIN ST","RT 126",0.00,,Y,C,-,Y,VEN,7,126,-,-,0.000,R,4,E,N,4,0,1,3,A,-,03,22350,,N,-,C,A,B,H,-,A,A,0,,,,,Y,,A,07,0,0,1,0,0,0,0,0,0,"- ","- ",,,VENTURA,VENTURA,-119.23456573486328,34.266220092773438
8543189,2017,2018-07-09,5600,2017-12-28,1154,2941,1006,4,5,2,5603,0,0,0,,0,1B01,"RT 150","FOX ST",50.00,E,N,A,-,Y,VEN,7,150,-,-,17.810,H,-,W,N,4,0,1,3,A,-,03,22350,,N,C,C,A,A,H,-,A,A,0,,,,,Y,,A,01,0,0,1,0,0,0,0,0,0,"- ","- ",,,VENTURA,OJAI,-119.23988522000001,34.448171690000002
8544778,2017,2018-06-26,5600,2017-12-02,1000,4915,9180,6,5,6,5607,0,0,0,,0,09D,"RT 23","TRIUNFO CANYON RD",300.00,E,N,A,-,Y,VEN,7,23,-,R,2.320,H,-,N,N,4,0,1,1,A,-,03,22350,,N,F,A,A,A,B,-,A,D,0,,Y,,,Y,,L,04,0,0,1,0,0,0,1,0,0,"- ","- ",,,VENTURA,"THOUSAND OAKS",-118.83790888999999,34.149672029999998
8545160,2018,2018-02-08,5600,2018-01-17,1611,4615,8135,3,5,5,5601,0,0,0,,0,08C,"LAS POSAS RD","PONDEROSA DR",494.00,E,N,A,-,N,,,,,,,,,,N,3,0,1,2,A,-,05,21650,1,N,D,G,A,A,H,-,A,D,0,,Y,,,Y,,L,04,0,1,0,0,0,0,1,0,0,"- ","- ",34.241039276123047,-119.02071380615234,VENTURA,CAMARILLO,-119.06977081298828,34.223709106445312
8548600,2018,2018-03-05,5608,2018-01-30,0628,476,,2,5,6,5608,0,0,0,,0,003,"WELLS RD","DARLING RD",160.00,S,N,B,-,N,,,,,,,,,,Y,4,0,1,3,A,-,07,21658,A,N,C,C,A,A,H,-,B,A,0,,,,,Y,,-,,0,0,1,0,0,0,0,0,0,"- ","- ",,,VENTURA,VENTURA,-119.15342712402344,34.286212921142578
8554670,2016,2018-04-30,5604,2016-01-07,1250,5208,,4,5,6,5604,0,0,0,,0,041,"SAVIERS RD","BARD RD",80.00,N,N,A,-,N,,,,,,,,,,Y,4,0,5,2,A,-,03,22350,,N,C,C,A,A,H,-,A,D,0,,,,,Y,,A,01,0,0,5,0,0,0,0,0,0,"- ","- ",,,VENTURA,OXNARD,-119.17778,34.161219580000001
8554672,2016,2018-04-30,5604,2016-01-05,1241,5208,,2,5,6,5604,0,0,0,,0,032,"ROSE RD",EMERSON,45.00,N,N,C,-,N,,,,,,,,,,N,3,0,2,2,A,-,03,22350,,N,C,C,A,B,H,-,A,A,0,,,,,Y,,A,01,0,1,1,0,0,0,0,0,0,"- ","- ",,,VENTURA,OXNARD,-119.16004848,34.1826735
8554716,2016,2018-05-04,5604,2016-08-27,0852,5300,,6,5,6,5604,0,0,0,,0,011,"OXNARD BL","ROBERT AV",0.00,,Y,A,-,N,,,1,,,,,,,Y,4,0,1,2,D,-,00,,,N,D,C,A,A,H,-,A,A,0,,,,,Y,,-,"- ",0,0,1,0,0,0,0,0,0,"- ","- ",34.211190000000002,-119.17722000000001,VENTURA,OXNARD,-119.17717437,34.211189470000001
8554728,2016,2018-04-23,5604,2016-02-10,0453,4759,,3,5,6,5604,0,0,0,,0,011,"PATTERSON AV","VINEYARD AV",20.00,S,N,A,-,N,,,,,,,,,,Y,3,0,2,1,A,-,01,23152,A,N,E,I,A,A,H,-,C,D,0,,,,,Y,Y,A,01,0,1,1,0,0,0,0,0,0,"- ","- ",34.226430000000001,-119.21075999999999,VENTURA,OXNARD,-119.21098421000001,34.22623522
8554735,2016,2018-04-23,5604,2016-02-27,2217,4868,,6,5,6,5604,0,0,0,,0,014,"VENTURA RD","TOWN CENTER DR",0.00,,Y,A,-,N,,,,,,,,,,Y,3,0,3,2,A,-,09,21801,A,N,D,C,A,-,H,-,C,A,0,,,,,Y,,A,01,0,2,1,0,0,0,0,0,0,"- ","- ",34.243429999999996,-119.18335,VENTURA,OXNARD,-119.18450011,34.243200029999997
8554779,2016,2018-04-23,5604,2016-02-17,1805,4751,,3,5,6,5604,0,0,0,,0,022,"K ST","5TH ST",0.00,,Y,C,-,N,,,,,,,,,,N,2,0,1,2,A,-,11,21461,5,N,G,B,B,B,H,-,C,A,0,Y,,,,Y,,N,60,1,0,0,0,1,0,0,0,0,"- ","- ",34.197769999999998,-119.19168000000001,VENTURA,OXNARD,-119.19168012,34.197850090000003
8554869,2016,2018-04-25,5604,2016-08-22,1418,4919,,1,5,6,5604,0,0,0,,0,022,"DORIS AV","VENTURA RD",110.00,E,N,A,-,N,,,,,,,,,,Y,4,0,3,2,A,-,09,21804,A,N,D,C,A,A,H,-,A,D,0,,,,,Y,,A,01,0,0,3,0,0,0,0,0,0,"- ","- ",,,VENTURA,OXNARD,-119.19427786,34.208334919999999
8554886,2016,2018-04-24,5604,2016-11-18,1754,5412,,5,5,6,5604,0,0,0,,0,031,"CAMINO DEL SOL AV","GIBRALTAR AV",0.00,,Y,A,-,N,,,,,,,,,,Y,4,0,1,2,A,-,09,21802,A,N,A,C,A,A,-,-,C,D,0,,,,,Y,,A,08,0,0,1,0,0,0,0,0,0,"- ","- ",34.20628,-119.15415,VENTURA,OXNARD,-119.15416014,34.206300079999998
8554918,2016,2018-04-24,5604,2016-11-27,1744,5433,,7,5,6,5604,0,0,0,,0,024,"VENTURA RD","BAY BL",0.00,,Y,A,-,N,,,,,,,,,,Y,4,0,3,2,A,-,09,21801,A,N,D,C,A,A,H,-,C,A,0,,,,,Y,,A,01,0,0,3,0,0,0,0,0,0,"- ","- ",34.178229999999999,-119.19497,VENTURA,OXNARD,-119.1950901,34.178230110000001
8554947,2016,2018-04-23,5604,2016-11-23,1627,4945,,3,5,6,5604,0,0,0,,0,021,"VICTORIA AV","5TH ST",150.00,N,N,A,-,N,,,,,,,,,,Y,4,0,6,3,A,-,01,23152,A,N,C,C,A,A,H,-,A,A,0,,,,,Y,Y,A,01,0,0,6,0,0,0,0,0,0,"- ","- ",34.19764,-119.22116,VENTURA,OXNARD,-119.22126428,34.197991690000002
8555036,2016,2018-04-26,5604,2016-03-23,0748,5322,,3,5,6,5604,0,0,0,,0,021,"HEMLOCK ST","CAPSTAN DR",0.00,,Y,A,-,N,,,,,,,,,,Y,4,0,1,2,A,-,09,21802,A,N,D,C,A,A,H,-,A,A,0,,,,,Y,,A,01,0,0,1,0,0,0,0,0,0,"- ","- ",,,VENTURA,OXNARD,-119.21590993,34.181290060000002
8555047,2016,2018-04-26,5604,2016-03-25,0719,REBOLLAR,,5,5,6,5604,0,0,0,,0,042,"HUENEME RD","ARCTURUS AV",0.00,,Y,A,-,N,,,,,,,,,,Y,4,0,1,2,A,-,03,22350,,N,C,C,A,A,H,-,A,A,0,,,,,Y,,A,01,0,0,1,0,0,0,0,0,0,"- ","- ",,,VENTURA,OXNARD,-119.17226006,34.147460029999998
8555048,2016,2018-04-26,5604,2016-03-16,1807,5471,,3,5,6,5604,0,0,0,,0,041,"CHANNEL ISLANDS BL","CONCORD DR",20.00,E,N,A,-,N,,,,,,,,,,N,4,0,1,2,A,-,09,21801,A,N,C,C,A,A,H,-,A,A,0,,,Y,,Y,,A,01,0,0,1,0,0,0,0,0,1,"- ","- ",34.173360000000002,-119.16493,VENTURA,OXNARD,-119.16486396000001,34.173430000000003
8555103,2016,2018-04-30,5604,2016-04-21,1847,5214,3,4,5,6,5604,0,0,0,,0,001,"OXNARD BL","ORCHARD PL",0.00,,Y,-,-,N,,,1,,,,,,,Y,4,0,1,3,A,-,09,21802,A,N,D,C,A,A,H,-,A,D,0,,,,,Y,,A,07,0,0,1,0,0,0,0,0,0,"- ","- ",34.230600000000003,-119.17878,VENTURA,OXNARD,-119.17878209,34.230599349999999
8557446,2016,2018-05-24,5604,2016-12-02,1656,5208,,5,5,6,5604,0,0,0,,0,012,"GONZALES RD","RICE AV",75.00,E,N,A,-,N,,,,,,,,,,Y,4,0,3,6,-,-,"- ",,,N,B,C,A,A,H,-,C,A,0,,,,,Y,,-,"- ",0,0,3,0,0,0,0,0,0,"- ","- ",,,VENTURA,OXNARD,-119.14191,34.218850000000003
8557464,2016,2018-05-03,5604,2016-09-22,1938,4531,,4,5,6,5604,0,0,0,,0,012,"ROSE AV","LOCKWOOD ST",90.00,S,N,A,-,N,,,,,,,,,,N,4,0,1,2,A,-,03,22350,,F,C,C,A,A,H,-,C,A,0,,,,,Y,,-,99,0,0,1,0,0,0,0,0,0,"- ","- ",34.219239999999999,-119.15777,VENTURA,OXNARD,-119.15834598000001,34.221867400000001
8557470,2016,2018-05-03,5604,2016-12-04,2150,5471,,7,5,6,5604,0,0,0,,0,032,"SAVIERS RD","LAUREL ST",30.00,N,N,A,-,N,,,,,,,,,,Y,4,0,1,3,A,-,03,22350,,F,C,C,A,A,H,-,C,A,0,,,,,Y,,A,01,0,0,1,0,0,0,0,0,0,"- ","- ",34.173879999999997,-119.17659999999999,VENTURA,OXNARD,-119.17759853,34.177432330000002
8557562,2016,2018-04-25,5604,2016-11-15,1713,5486,,2,5,6,5604,0,0,0,,0,022,"VENTURA RD","DORIS AV",0.00,,Y,A,-,N,,,,,,,,,,Y,3,0,3,2,A,-,09,21801,A,N,A,C,A,A,H,-,C,A,0,,,,,Y,,A,01,0,3,0,0,0,0,0,0,0,"- ","- ",,,VENTURA,OXNARD,-119.1946401,34.208360069999998
8557753,2016,2018-05-24,5604,2016-07-31,1510,5181,,7,5,6,5604,0,0,0,,0,022,"ONTARIO ST","WOOLEY RD",5.00,N,N,A,-,N,,,,,,,,,,N,2,0,1,2,A,-,05,21650,1,N,A,G,A,A,H,-,A,A,0,,Y,,,Y,,L,04,1,0,0,0,0,0,1,0,0,"- ","- ",34.19032,-119.19511,VENTURA,OXNARD,-119.19617965,34.190373719999997
8557758,2016,2018-05-04,5604,2016-07-16,1830,5451,,6,5,6,5604,0,0,0,,0,014,"H ST","BLUEBELL ST",2640.00,N,N,A,-,N,,,,,,,,,,Y,4,0,1,2,A,-,03,22350,,N,C,C,A,A,H,-,A,D,0,,,,,Y,,A,01,0,0,1,0,0,0,0,0,0,"- ","- ",34.220979999999997,-119.18622000000001,VENTURA,OXNARD,-119.18618524,34.228785430000002