CASE_ID,ACCIDENT_YEAR,PROC_DATE,JURIS,COLLISION_DATE,COLLISION_TIME,OFFICER_ID,REPORTING_DISTRICT,DAY_OF_WEEK,CHP_SHIFT,POPULATION,CNTY_CITY_LOC,SPECIAL_COND,BEAT_TYPE,CHP_BEAT_TYPE,CITY_DIVISION_LAPD,CHP_BEAT_CLASS,BEAT_NUMBER,PRIMARY_RD,SECONDARY_RD,DISTANCE,DIRECTION,INTERSECTION,WEATHER_1,WEATHER_2,STATE_HWY_IND,CALTRANS_COUNTY,CALTRANS_DISTRICT,STATE_ROUTE,ROUTE_SUFFIX,POSTMILE_PREFIX,POSTMILE,LOCATION_TYPE,RAMP_INTERSECTION,SIDE_OF_HWY,TOW_AWAY,COLLISION_SEVERITY,NUMBER_KILLED,NUMBER_INJURED,PARTY_COUNT,PRIMARY_COLL_FACTOR,PCF_CODE_OF_VIOL,PCF_VIOL_CATEGORY,PCF_VIOLATION,PCF_VIOL_SUBSECTION,HIT_AND_RUN,TYPE_OF_COLLISION,MVIW,PED_ACTION,ROAD_SURFACE,ROAD_COND_1,ROAD_COND_2,LIGHTING,CONTROL_DEVICE,CHP_ROAD_TYPE,PEDESTRIAN_ACCIDENT,BICYCLE_ACCIDENT,MOTORCYCLE_ACCIDENT,TRUCK_ACCIDENT,NOT_PRIVATE_PROPERTY,ALCOHOL_INVOLVED,STWD_VEHTYPE_AT_FAULT,CHP_VEHTYPE_AT_FAULT,COUNT_SEVERE_INJ,COUNT_VISIBLE_INJ,COUNT_COMPLAINT_PAIN,COUNT_PED_KILLED,COUNT_PED_INJURED,COUNT_BICYCLIST_KILLED,COUNT_BICYCLIST_INJURED,COUNT_MC_KILLED,COUNT_MC_INJURED,PRIMARY_RAMP,SECONDARY_RAMP,LATITUDE,LONGITUDE,COUNTY,CITY,POINT_X,POINT_Y
8605049,2018,2018-05-14,5609,2018-03-28,0958,310,406,3,5,6,5609,0,0,0,,0,004,"SYCAMORE DR","ALAMO ST",0.00,,Y,A,-,N,,,,,,,,,,Y,4,0,1,2,A,-,12,21453,A,N,D,C,A,A,H,-,A,A,0,,,,,Y,,A,01,0,0,1,0,0,0,0,0,0,"- ","- ",,,VENTURA,"SIMI VALLEY",-118.74381256103516,34.286331176757812
8606574,2018,2018-05-08,5604,2018-02-24,1653,5181,,6,5,6,5604,0,0,0,,0,042,"LINCOLN CT","WEBSTER DR",50.00,W,N,A,-,N,,,,,,,,,,N,4,0,1,2,A,-,09,21804,A,F,G,B,D,A,H,-,A,D,0,Y,,,,Y,,N,60,0,0,1,0,1,0,0,0,0,"- ","- ",34.157390594482422,-119.15875244140625,VENTURA,OXNARD,-119.15818786621094,34.157997131347656
8609551,2018,2018-04-30,5609,2018-03-01,1504,447,419,4,5,6,5609,0,0,0,,0,004,"COCHRAN ST","TAPO CANYON RD",0.00,,Y,A,-,N,,,,,,,,,,Y,4,0,1,2,A,-,09,21801,A,N,D,C,A,A,H,-,A,A,0,,,,,Y,,-,,0,0,1,0,0,0,0,0,0,"- ","- ",34.278968811035156,-118.71775054931641,VENTURA,"SIMI VALLEY",-118.71787261962891,34.279071807861328
8612564,2018,2018-04-27,5608,2018-04-15,1753,422,VENTU,7,5,6,5608,0,0,0,,0,003,"TELEGRAPH RD","S LINDEN ST",96.00,W,N,A,-,N,,,,,,,,,,Y,2,0,1,3,A,-,08,22107,,N,-,C,A,A,H,-,A,D,0,,,,,Y,,-,,1,0,0,0,0,0,0,0,0,"- ","- ",,,VENTURA,VENTURA,-119.16600799560547,34.292243957519531
8612943,2018,2018-05-10,5604,2018-04-17,0719,4907,,2,5,6,5604,0,0,0,,0,032,"PACIFIC AV","STATHAM BL",0.00,,Y,A,-,N,,,,,,,,,,Y,4,0,1,2,A,-,09,21802,A,N,D,D,A,A,H,-,A,D,0,,,,,Y,,D,22,0,0,1,0,0,0,0,0,0,"- ","- ",34.180648803710938,-119.16429138183594,VENTURA,OXNARD,-119.164306640625,34.180660247802734
8615686,2018,2018-04-25,5604,2018-04-08,2235,5407,,7,5,6,5604,0,0,0,,0,021,"W OCEANAIRE ST","HARBOR BL",0.00,,Y,A,-,N,,,,,,,,,,Y,3,0,3,2,A,-,01,23152,A,N,D,C,A,A,H,-,C,D,0,,,,,Y,Y,A,01,0,1,2,0,0,0,0,0,0,"- ","- ",34.184791564941406,-119.23561859130859,VENTURA,OXNARD,-119.23562622070312,34.184799194335938
8615780,2018,2018-06-20,5604,2018-02-02,2210,5435,,5,5,6,5604,0,0,0,,0,014,"VINEYARD AV","COLLINS ST",0.00,,Y,A,-,N,,,,,,,,,,Y,3,0,2,2,A,-,09,21802,A,F,D,C,A,A,H,-,D,A,0,,,,,Y,,A,01,0,2,0,0,0,0,0,0,0,"- ","- ",34.238658905029297,-119.16889953613281,VENTURA,OXNARD,-119.16812133789062,34.238739013671875
8616835,2018,2018-08-17,5600,2018-04-18,1632,5388,9178,3,5,6,5607,0,0,0,,0,09D,"RT 23","DEVONSHIRE AV",0.00,,Y,A,-,Y,VEN,7,23,-,R,1.631,I,5,N,Y,4,0,2,2,A,-,09,21802,A,N,D,D,A,A,H,-,A,D,0,,,,,Y,,-,"- ",0,0,2,0,0,0,0,0,0,"- ","- ",,,VENTURA,"THOUSAND OAKS",-118.84778594970703,34.144008636474609
8616843,2018,2018-08-21,5600,2018-04-21,1132,5388,9150,6,5,6,5607,0,0,0,,0,09G,"HAMPSHIRE RD","RT 101",0.00,,Y,A,-,Y,VEN,7,101,-,-,1.532,R,4,N,Y,4,0,2,2,A,-,09,21453,C,N,H,C,A,A,H,-,A,A,0,,,,,Y,,A,07,0,0,2,0,0,0,0,0,0,"- ",NF,,,VENTURA,"THOUSAND OAKS",-118.83642578125,34.165279388427734
8616977,2018,2018-05-17,5604,2018-04-20,1757,5434,,5,5,6,5604,0,0,0,,0,011,"VICTORIA AV","GONZALES RD",60.00,N,N,A,-,N,,,,,,,,,,Y,4,0,1,2,A,-,03,22350,,N,C,C,A,A,H,-,A,D,0,,,,,Y,,A,01,0,0,1,0,0,0,0,0,0,"- ","- ",34.219440460205078,-119.22113800048828,VENTURA,OXNARD,-119.22128295898438,34.219615936279297
8616985,2018,2018-05-17,5604,2018-04-23,0743,5065,,1,5,6,5604,0,0,0,,0,031,"ROSE AV","CESAR CHAVEZ AV",100.00,N,N,B,-,N,,,,,,,,,,Y,4,0,1,2,A,-,01,23152,A,N,A,C,A,-,H,-,A,A,0,,,,,Y,,A,07,0,0,1,0,0,0,0,0,0,"- ","- ",34.213138580322266,-119.15959167480469,VENTURA,OXNARD,-119.15962982177734,34.213417053222656
8625552,2018,2018-05-31,5604,2018-05-07,1726,5412,,1,5,6,5604,0,0,0,,0,031,"ROSE AV","LA PUERTA AV",0.00,,Y,A,-,N,,,,,,,,,,Y,4,0,1,2,A,-,08,22107,,F,B,C,A,A,H,-,A,D,0,,,,,Y,,-,,0,0,1,0,0,0,0,0,0,"- ","- ",34.199420928955078,-119.15975189208984,VENTURA,OXNARD,-119.15969848632812,34.199428558349609
8625584,2018,2018-05-31,5604,2018-05-21,1249,5474,,1,5,6,5604,0,0,0,,0,041,"SAVIERS RD","CHANNEL ISLANDS BL",500.00,S,N,A,-,N,,,,,,,,,,Y,4,0,1,2,A,-,09,21801,A,N,D,C,A,A,H,-,A,D,0,,,,,Y,,A,01,0,0,1,0,0,0,0,0,0,"- ","- ",34.171470642089844,-119.17707824707031,VENTURA,OXNARD,-119.17766571044922,34.172069549560547
8629654,2018,2018-07-27,5604,2018-05-04,1823,5412,,5,5,6,5604,0,0,0,,0,032,"OXNARD BL","STATHAM BL",10.00,S,N,A,-,N,,,1,,,,,,,N,4,0,2,2,A,-,03,22350,,N,C,C,A,A,H,-,A,A,0,,,,,Y,,A,07,0,0,2,0,0,0,0,0,0,"- ","- ",34.17987060546875,-119.16574096679688,VENTURA,OXNARD,-119.16552734375,34.180110931396484
8634832,2018,2018-06-20,5604,2018-05-20,1011,5504,,7,5,6,5604,0,0,0,,0,023,"A ST","5TH ST",0.00,,Y,A,-,N,,,,,,,,,,N,3,0,2,2,A,-,12,21453,A,N,D,C,A,A,H,-,A,A,0,,,,,Y,,D,22,0,1,1,0,0,0,0,0,0,"- ","- ",34.197681427001953,-119.17858123779297,VENTURA,OXNARD,-119.17861175537109,34.197700500488281
8638352,2018,2018-06-19,5600,2018-05-18,2047,5065,8124,5,5,5,5601,0,0,0,,0,08C,"ARNEILL RD","PONDEROSA DR",0.00,,Y,A,-,N,,,,,,,,,,Y,4,0,1,2,A,-,01,23153,A,N,H,C,A,A,H,-,C,A,0,,,,,Y,Y,A,01,0,0,1,0,0,0,0,0,0,"- ","- ",34.223609924316406,-119.03903198242188,VENTURA,CAMARILLO,-119.03903961181641,34.223628997802734
8639381,2018,2018-08-20,5600,2018-04-18,0653,2979,5100,3,5,4,5690,0,0,0,,0,02B,"RT 118","SPRING RD",0.00,,Y,A,-,Y,VEN,7,23,-,T,12.259,I,5,S,Y,3,0,2,2,A,-,12,21453,A,N,D,C,A,A,H,-,A,A,0,,,,,Y,,A,01,0,1,1,0,0,0,0,0,0,"- ","- ",,,VENTURA,MOORPARK,-118.87472534179688,34.278858184814453
8642982,2018,2018-07-06,5609,2018-06-13,1544,476,,3,5,6,5609,0,0,0,,0,002,"ROYAL AV","4TH ST",133.00,E,N,A,-,N,,,,,,,,,,Y,4,0,1,3,A,-,03,22350,,N,C,C,A,A,H,-,A,A,0,,,,,Y,,A,07,0,0,1,0,0,0,0,0,0,"- ","- ",34.264339447021484,-118.78240203857422,VENTURA,"SIMI VALLEY",-118.78188323974609,34.264438629150391
8645794,2018,2018-07-10,5600,2018-06-18,1630,4045,9040,1,5,6,5607,0,0,0,,0,9B01,"AVENIDA DE LOS ARBOLES","PARKVIEW DR",425.00,W,N,A,-,N,,,,,,,,,,N,3,0,1,2,A,-,07,21658,A,N,H,G,A,A,H,-,A,D,0,,Y,,,Y,,L,04,0,1,0,0,0,0,1,0,0,"- ","- ",,,VENTURA,"THOUSAND OAKS",-118.83716583251953,34.21185302734375
8648545,2018,2020-05-22,5609,2018-12-18,1357,310,123,2,5,6,5609,0,0,0,,0,001,"LOS ANGELES AV","SOCRATES AV",0.00,,Y,A,-,N,,,,,,,,,,Y,1,1,2,4,A,-,09,21801,A,N,D,C,F,A,H,-,A,A,0,Y,,,,Y,,A,01,0,1,1,1,0,0,0,0,0,"- ","- ",34.271770477294922,-118.79106903076172,VENTURA,"SIMI VALLEY",-118.79096221923828,34.271728515625
8651152,2018,2018-09-12,5609,2018-08-17,0712,452,,5,5,6,5609,0,0,0,,0,,"LOS ANGELES AV","SINALOA RD",30.00,W,N,A,-,N,,,,,,,,,,N,4,0,1,2,A,-,03,22350,,N,C,C,A,A,H,-,A,A,0,,,,,Y,,I,12,0,0,1,0,0,0,0,0,0,"- ","- ",34.271648406982422,-118.78759765625,VENTURA,"SIMI VALLEY",-118.78768157958984,34.271728515625
8652198,2018,2018-08-29,5608,2018-06-19,1355,353,,2,5,6,5608,0,0,0,,0,003,"S WELLS RD","BLACKBURN RD",0.00,,Y,A,-,N,,,,,,,,,,Y,4,0,1,2,A,-,09,21801,A,N,D,C,A,A,H,-,A,A,0,,,,,Y,,D,22,0,0,1,0,0,0,0,0,0,"- ","- ",,,VENTURA,VENTURA,-119.15823364257812,34.291450500488281
8653867,2018,2018-07-24,5605,2018-06-18,0747,126,PATRO,1,5,3,5605,0,0,0,,0,003,"PARKING LOT E","SOUTH SURFSIDE DR",0.00,,-,A,-,N,,,,,,,,,,N,4,0,3,1,B,-,22,,,N,A,I,A,A,H,-,A,D,0,,,,,Y,,A,01,0,0,3,0,0,0,0,0,0,"- ","- ",,,VENTURA,"PORT HUENEME",,
8658770,2018,2018-07-11,5604,2018-05-28,1240,5065,,1,5,6,5604,0,0,0,,0,041,"SAVIERS RD","CHANNEL ISLANDS BL",0.00,,Y,B,-,N,,,,,,,,,,N,4,0,1,2,A,-,04,21703,,F,C,C,A,A,H,-,A,A,0,,,,,Y,,-,,0,0,1,0,0,0,0,0,0,"- ","- ",34.17340087890625,-119.17755126953125,VENTURA,OXNARD,-119.17765808105469,34.173439025878906
8658807,2018,2018-07-11,5609,2018-05-11,0901,383,,5,5,6,5609,0,0,0,,0,,"FITZGERALD RD","SYCAMORE DR",21.00,E,N,A,-,N,,,,,,,,,,N,4,0,1,2,A,-,09,21804,A,N,D,G,A,A,H,-,A,A,0,,Y,,,Y,,L,04,0,0,1,0,0,0,1,0,0,"- ","- ",34.25714111328125,-118.74765014648438,VENTURA,"SIMI VALLEY",-118.74752807617188,34.257228851318359
8661034,2018,2018-08-09,5604,2018-06-10,1909,5533,,7,5,6,5604,0,0,0,,0,041,"YUCCA ST","SAMUEL AV",30.00,E,N,A,-,N,,,,,,,,,,N,3,0,1,2,A,-,05,21650,,N,A,G,A,A,H,-,A,D,0,,Y,,,Y,Y,L,04,0,1,0,0,0,0,1,0,0,"- ","- ",34.165931701660156,-119.17671203613281,VENTURA,OXNARD,-119.17662811279297,34.165939331054688
8663451,2018,2018-07-25,5600,2018-06-30,1215,5022,9100,6,5,6,5607,0,0,0,,0,09B,"PENNSFIELD PL","WILBUR RD",210.00,S,N,A,-,N,,,,,,,,,,N,4,0,1,2,A,-,09,21804,A,N,D,C,A,A,H,-,A,D,0,,,,,Y,,A,07,0,0,1,0,0,0,0,0,0,"- ","- ",,,VENTURA,"THOUSAND OAKS",-118.87413787841797,34.185890197753906
8669898,2018,2018-08-27,5608,2018-07-18,0129,438,,3,5,6,5608,0,0,0,,0,001,"POLI ST","CRIMEA ST",35.00,E,N,A,-,N,,,,,,,,,,Y,2,0,2,2,A,-,08,22107,,N,C,E,A,A,H,-,C,D,0,,,,,Y,Y,A,01,1,1,0,0,0,0,0,0,0,"- ","- ",,,VENTURA,VENTURA,-119.28081512451172,34.281997680664062
8670321,2018,2018-08-29,5600,2018-07-24,0835,4617,9300,2,5,6,5607,0,0,0,,0,09C,"RANCHO DOS VIENTOS","VIA CAPOTE",0.00,,Y,A,-,N,,,,,,,,,,N,3,0,1,2,A,-,09,21804,A,N,H,G,A,A,E,H,A,D,0,,Y,,,Y,,A,01,0,1,0,0,0,0,1,0,0,"- ","- ",,,VENTURA,"THOUSAND OAKS",-118.98990631103516,34.168128967285156
8671037,2018,2018-10-03,5604,2018-07-24,0549,5472,,2,5,6,5604,0,0,0,,0,031,"N DEL NORTE BL","STURGIS RD",0.00,,Y,A,-,N,,,,,,,,,,Y,4,0,2,2,A,-,12,21453,A,N,D,D,A,A,H,-,A,A,0,,,,Y,Y,,A,01,0,0,2,0,0,0,0,0,0,"- ","- ",34.201839447021484,-119.12731170654297,VENTURA,OXNARD,-119.12744140625,34.201839447021484
8674376,2018,2018-08-30,5600,2018-07-22,1345,5064,6018,7,5,3,5602,0,0,0,,0,6B01,"RT 126","ORANGE GROVE AV",26.00,E,N,A,-,Y,VEN,7,126,-,-,21.220,H,-,W,Y,2,0,1,3,A,-,03,22350,,N,C,C,A,A,H,-,A,A,0,,,,,Y,,A,01,1,0,0,0,0,0,0,0,0,"- ","- ",,,VENTURA,FILLMORE,-118.91640472412109,34.39642333984375
8676836,2018,2019-01-16,5600,2018-08-02,0901,5081,6014,4,5,3,5602,0,0,0,,0,06B,"RT 126","RT 23",25.00,W,N,A,-,Y,VEN,7,126,-,-,21.130,H,-,E,N,4,0,2,2,A,-,03,22350,,N,C,C,A,A,H,-,A,A,0,,,,,Y,,-,,0,0,2,0,0,0,0,0,0,"- ","- ",,,VENTURA,FILLMORE,-118.91786956787109,34.396125793457031
8677523,2018,2018-08-21,5604,2018-06-15,0551,5561,,5,5,6,5604,0,0,0,,0,032,"JONES WY","ROSE AV",0.00,,Y,A,-,N,,,,,,,,,,Y,4,0,1,2,A,-,09,21801,A,N,D,C,A,A,H,-,A,D,0,,,,,Y,,A,01,0,0,1,0,0,0,0,0,0,"- ","- ",34.177631378173828,-119.15982818603516,VENTURA,OXNARD,-119.15994262695312,34.177650451660156
8677581,2018,2018-10-03,5604,2018-07-20,2223,5496,,5,5,6,5604,0,0,0,,0,011,"VENTURA RD","GONZALES RD",50.00,N,N,A,-,N,,,,,,,,,,Y,3,0,1,2,A,-,11,21954,A,N,G,B,D,A,H,-,C,D,0,Y,,,,Y,,N,60,0,1,0,0,1,0,0,0,0,"- ","- ",34.221000671386719,-119.19452667236328,VENTURA,OXNARD,-119.19464111328125,34.219486236572266
8678063,2018,2018-10-05,5609,2018-07-31,1102,310,301,2,5,6,5609,0,0,0,,0,003,"LOS ANGELES AV","SYCAMORE DR",894.00,E,N,A,-,N,,,,,,,,,,Y,3,0,2,2,A,-,09,21804,A,N,D,C,A,A,H,-,A,D,0,,,,,Y,,A,01,0,1,1,0,0,0,0,0,0,"- ","- ",,,VENTURA,"SIMI VALLEY",-118.74082946777344,34.271694183349609
8679915,2018,2018-10-03,5609,2018-07-12,2304,437,,4,5,6,5609,0,0,0,,0,004,"GOODARD AV","CELIA CT",52.00,N,N,A,-,N,,,,,,,,,,Y,4,0,2,1,A,-,08,22107,,N,E,I,A,A,H,-,C,D,0,,,,,Y,,A,01,0,0,2,0,0,0,0,0,0,"- ","- ",34.275890350341797,-118.71839141845703,VENTURA,"SIMI VALLEY",-118.7183837890625,34.276103973388672
8684067,2018,2018-09-05,5608,2018-08-19,0645,491,,7,5,6,5608,0,0,0,,0,001,"CHESTNUT ST","MAIN ST",0.00,,Y,A,-,N,,,,,,,,,,Y,4,0,1,2,A,-,12,21453,A,N,D,C,A,A,H,-,A,A,0,,,,,Y,,-,,0,0,1,0,0,0,0,0,0,"- ","- ",,,VENTURA,VENTURA,-119.29154968261719,34.280830383300781
8691787,2018,2018-09-20,5605,2018-08-21,0743,194,PATRO,2,5,3,5605,0,0,0,,0,CITY,"VENTURA RD","SUNKIST ST",54.00,N,N,A,-,N,,,,,,,,,,N,4,0,1,2,A,-,08,22107,,N,-,C,A,A,H,-,A,-,0,,,,,Y,,A,01,0,0,1,0,0,0,0,0,0,"- ","- ",,,VENTURA,"PORT HUENEME",-119.19500732421875,34.1685791015625
8696030,2018,2019-01-08,5600,2018-08-13,0104,5133,9180,1,5,6,5607,0,0,0,,0,09D,"RT 23","POTRERO RD",2250.00,S,N,A,-,Y,VEN,7,23,-,-,1.060,H,-,S,Y,4,0,1,1,A,-,01,23152,A,N,E,I,A,A,H,-,D,D,0,,,,,Y,Y,A,07,0,0,1,0,0,0,0,0,0,"- ","- ",,,VENTURA,"THOUSAND OAKS",-118.84996032714844,34.139499664306641
8699065,2018,2018-12-31,5604,2018-09-05,2022,5532,,3,5,6,5604,0,0,0,,0,012,"N ROSE AV","RT 101",0.00,,Y,A,-,Y,VEN,7,101,-,-,21.185,R,4,S,Y,4,0,1,2,A,-,09,21800,A,N,B,D,A,A,H,-,C,A,0,,,Y,,Y,,C,02,0,0,1,0,0,0,0,0,1,"- ",SF,34.222118377685547,-119.15824127197266,VENTURA,OXNARD,-119.16145324707031,34.225757598876953
8701696,2018,2018-09-24,5608,2018-09-10,1648,440,5608,1,5,6,5608,0,0,0,,0,004,"TELEPHONE RD","KIMBALL RD",0.00,,Y,A,-,N,,,,,,,,,,N,4,0,2,3,A,-,03,22350,,N,C,C,A,A,D,-,A,A,0,,,,,Y,,-,,0,0,2,0,0,0,0,0,0,"- ","- ",34.268730163574219,-119.18894195556641,VENTURA,VENTURA,-119.18865966796875,34.268871307373047
8705128,2018,2018-10-09,5600,2018-09-13,1120,1936,9166,4,5,6,5607,0,0,0,,0,09D,"THOUSAND OAKS BL","WESTLAKE BL",0.00,,Y,A,-,N,,,,,,,,,,Y,3,0,1,2,A,-,21,22106,,N,C,C,A,A,H,-,A,A,0,,,,,Y,,A,01,0,1,0,0,0,0,0,0,0,"- ","- ",,,VENTURA,"THOUSAND OAKS",-118.82292175292969,34.160919189453125
8705502,2018,2018-10-09,5604,2018-09-11,1620,5365,,2,5,6,5604,0,0,0,,0,031,"DEL NORTE AV","CAMINO DEL SOL",0.00,,Y,A,-,N,,,,,,,,,,Y,3,0,2,2,A,-,09,21801,B,N,D,C,A,A,H,-,A,A,0,,,,,Y,,A,01,0,2,0,0,0,0,0,0,0,"- ","- ",34.20513916015625,-119.12712097167969,VENTURA,OXNARD,-119.12724304199219,34.205211639404297
8705510,2018,2018-10-25,5604,2018-09-14,1057,5531,,5,5,6,5604,0,0,0,,0,021,"LEEWARD WY","VICTORIA AV",0.00,,Y,A,-,N,,,,,,,,,,Y,4,0,2,2,A,-,12,21453,A,N,D,C,A,A,H,-,A,A,0,,,,,Y,,A,01,0,0,2,0,0,0,0,0,0,"- ","- ",34.185508728027344,-119.22129058837891,VENTURA,OXNARD,-119.22138977050781,34.185520172119141
8705572,2018,2018-11-13,5608,2018-09-20,0851,439,,4,5,6,5608,0,0,0,,0,002,"SAN JON RD","HARBOR BL",200.00,N,N,A,-,N,,,,,,,,,,N,3,0,1,2,A,-,08,22107,,N,C,E,A,A,H,-,A,D,0,,Y,,,Y,,L,04,0,1,0,0,0,0,1,0,0,"- ","- ",,,VENTURA,VENTURA,-119.28453063964844,34.273471832275391
8716433,2018,2018-10-23,5608,2018-10-04,2141,417,,4,5,6,5608,0,0,0,,0,004,"VICTORIA AV","MOON DR",0.00,,Y,B,-,N,,,,,,,,,,Y,4,0,1,2,A,-,12,21453,A,N,D,C,A,A,D,-,C,A,0,,,,,Y,,-,,0,0,1,0,0,0,0,0,0,"- ","- ",,,VENTURA,VENTURA,-119.21051025390625,34.255790710449219
8716453,2018,2018-10-23,5608,2018-10-02,1157,499,,2,5,6,5608,0,0,0,,0,001,"MAIN ST","CHESTNUT ST",0.00,,Y,A,-,N,,,,,,,,,,N,3,0,1,2,A,-,08,22107,,N,D,G,A,A,H,-,A,A,0,,Y,,,Y,,-,,0,1,0,0,0,0,1,0,0,"- ","- ",34.280899047851562,-119.29129791259766,VENTURA,VENTURA,-119.29154968261719,34.280830383300781
8718075,2018,2018-10-17,5604,2018-09-18,0846,5208,,2,5,6,5604,0,0,0,,0,014,"VINEYARD AV","E ESPLANADE DR E",0.00,,Y,A,-,N,,,,,,,,,,Y,4,0,1,2,A,-,03,22350,,N,C,C,A,A,H,-,A,A,0,,,,,Y,,A,07,0,0,1,0,0,0,0,0,0,"- ","- ",,,VENTURA,OXNARD,-119.17465972900391,34.229999542236328
8718100,2018,2018-10-17,5608,2018-10-01,0815,494,,1,5,6,5608,0,0,0,,0,001,"SOUTH LAUREL ST","SANTA CLARA ST",10.00,N,N,A,-,N,,,,,,,,,,N,3,0,1,2,A,-,10,21950,A,F,G,B,B,A,H,-,A,D,0,Y,,,,Y,,-,,0,1,0,0,1,0,0,0,0,"- ","- ",,,VENTURA,VENTURA,-119.28547668457031,34.279586791992188
8718139,2018,2018-10-17,5604,2018-08-30,2500,5530,,4,5,6,5604,0,0,0,,0,021,"VICTORIA AV","ALEE LN",0.00,,Y,A,-,N,,,,,,,,,,Y,4,0,1,2,A,-,08,22107,,N,B,C,A,A,H,-,A,D,0,,,,,Y,,A,01,0,0,1,0,0,0,0,0,0,"- ","- ",34.187408447265625,-119.22126770019531,VENTURA,OXNARD,-119.22138214111328,34.187431335449219
8719279,2018,2018-10-22,5604,2018-07-17,1722,5243,,2,5,6,5604,0,0,0,,0,041,"BRYCE CANYON AV","D ST",0.00,,Y,A,-,N,,,,,,,,,,Y,3,0,1,2,A,-,09,21801,A,N,A,C,A,A,H,-,A,B,0,,,,,Y,Y,A,01,0,1,0,0,0,0,0,0,0,"- ","- ",,,VENTURA,OXNARD,-119.18221282958984,34.1697998046875
8720063,2018,2018-10-25,5600,2018-09-29,1521,5359,9144,6,5,6,5607,0,0,0,,0,9D01,"UPPER RANCH RD","VALLEY SPRING DR",124.00,N,N,A,-,N,,,,,,,,,,N,3,0,1,2,A,-,03,22350,,N,C,E,A,A,H,-,A,D,0,,,Y,,Y,,C,02,0,1,0,0,0,0,0,0,1,"- ","- ",,,VENTURA,"THOUSAND OAKS",-118.81737518310547,34.191322326660156
8720727,2018,2018-11-13,5600,2018-10-15,2052,2740,9020,1,5,6,5607,0,0,0,,0,09A,"AVENIDA DE LOS ARBOLES","ARCTURUS ST",0.00,,Y,A,-,N,,,,,,,,,,Y,2,0,4,2,A,-,01,23152,A,F,H,C,A,A,H,-,C,D,0,,,,,Y,Y,A,01,1,3,0,0,0,0,0,0,0,"- ","- ",,,VENTURA,"THOUSAND OAKS",-118.87004089355469,34.217750549316406
8721539,2018,2018-10-18,5609,2018-09-30,1650,389,,7,5,6,5609,0,0,0,,0,003,"ERRINGER RD","PATRICIA AV",0.00,,Y,A,-,N,,,,,,,,,,Y,2,0,2,2,A,-,12,21453,A,N,D,C,A,A,H,-,A,A,0,,,,,Y,,A,08,1,0,1,0,0,0,0,0,0,"- ","- ",34.269981384277344,-118.76130676269531,VENTURA,"SIMI VALLEY",-118.76139831542969,34.270000457763672
8731004,2018,2018-11-02,5600,2018-10-08,1450,4901,6004,1,5,3,5602,0,0,0,,0,6A01,"RIVER ST","B ST",183.00,E,N,A,-,N,,,,,,,,,,Y,4,0,1,2,C,-,18,,,N,B,E,A,A,H,-,A,D,0,,,,,Y,,-,"- ",0,0,1,0,0,0,0,0,0,"- ","- ",,,VENTURA,FILLMORE,-118.92153167724609,34.393806457519531
8731154,2018,2018-11-09,5600,2018-10-08,1059,5466,8020,1,5,5,5601,0,0,0,,0,08A,"PONDEROSA DR","ROSEWOOD AV",0.00,,Y,A,-,N,,,,,,,,,,Y,4,0,1,2,A,-,09,21802,A,M,D,C,A,A,H,-,A,A,0,,,,,Y,,D,22,0,0,1,0,0,0,0,0,0,"- ","- ",34.223518371582031,-119.06159973144531,VENTURA,CAMARILLO,-119.06149291992188,34.223598480224609
8734059,2018,2018-11-13,5604,2018-10-24,1258,5322,,3,5,6,5604,0,0,0,,0,021,"VICTORIA AV","KETCH AV",0.00,,Y,A,-,N,,,,,,,,,,Y,3,0,3,2,D,-,00,,,N,D,C,A,A,H,-,A,A,0,,,,,Y,,-,"- ",0,1,2,0,0,0,0,0,0,"- ","- ",,,VENTURA,OXNARD,-119.22126007080078,34.183971405029297
8735325,2018,2018-11-14,5604,2018-10-17,1840,5359,,3,5,6,5604,0,0,0,,0,012,"MONO ST","EMERALD ST",0.00,,Y,A,-,N,,,,,,,,,,N,3,0,1,2,A,-,12,22450,A,N,D,G,A,A,H,-,C,A,0,,Y,,,Y,,L,04,0,1,0,0,0,0,1,0,0,"- ","- ",34.222629547119141,-119.16448974609375,VENTURA,OXNARD,-119.16451263427734,34.222648620605469
8735418,2018,2018-11-15,5604,2018-09-28,1235,5208,,5,5,6,5604,0,0,0,,0,031,"ROSE AV","CAMINO DEL SOL",0.00,,Y,A,-,N,,,,,,,,,,Y,3,0,1,2,A,-,09,21801,A,N,A,C,A,A,H,-,A,A,0,,,,,Y,,A,01,0,1,0,0,0,0,0,0,0,"- ","- ",,,VENTURA,OXNARD,-119.15969085693359,34.206348419189453
8737284,2018,2018-11-19,5600,2018-10-31,1301,3147,9050,3,5,6,5607,0,0,0,,0,9B01,"JANSS RD","MONTGOMERY RD",0.00,,Y,A,-,N,,,,,,,,,,Y,3,0,2,2,A,-,09,21801,A,N,H,C,A,A,H,-,A,A,0,,,,,Y,,A,01,0,1,1,0,0,0,0,0,0,"- ","- ",,,VENTURA,"THOUSAND OAKS",-118.86402893066406,34.199440002441406
8741740,2018,2018-12-04,5605,2018-10-16,1634,129,PATRO,2,5,3,5605,0,0,0,,0,GRID3,"CHANNEL ISLANDS BL","LIDO BL",0.00,,Y,A,-,N,,,,,,,,,,Y,3,0,2,2,A,-,03,22350,,N,C,C,A,A,H,-,A,A,0,,,,,Y,,A,01,0,1,1,0,0,0,0,0,0,"- ","- ",,,VENTURA,"PORT HUENEME",-119.20236968994141,34.175941467285156
8747804,2018,2018-12-13,5600,2018-10-28,1054,5070,9116,7,5,6,5607,0,0,0,,0,09C,"REINO RD","PASEO DE LEON",47.00,N,N,A,-,N,,,,,,,,,,Y,3,0,2,2,A,-,08,22100,A,N,D,C,A,A,H,-,A,D,0,,,,,Y,,D,22,0,1,1,0,0,0,0,0,0,"- ","- ",,,VENTURA,"THOUSAND OAKS",-118.95651245117188,34.163875579833984