CASE_ID,ACCIDENT_YEAR,PROC_DATE,JURIS,COLLISION_DATE,COLLISION_TIME,OFFICER_ID,REPORTING_DISTRICT,DAY_OF_WEEK,CHP_SHIFT,POPULATION,CNTY_CITY_LOC,SPECIAL_COND,BEAT_TYPE,CHP_BEAT_TYPE,CITY_DIVISION_LAPD,CHP_BEAT_CLASS,BEAT_NUMBER,PRIMARY_RD,SECONDARY_RD,DISTANCE,DIRECTION,INTERSECTION,WEATHER_1,WEATHER_2,STATE_HWY_IND,CALTRANS_COUNTY,CALTRANS_DISTRICT,STATE_ROUTE,ROUTE_SUFFIX,POSTMILE_PREFIX,POSTMILE,LOCATION_TYPE,RAMP_INTERSECTION,SIDE_OF_HWY,TOW_AWAY,COLLISION_SEVERITY,NUMBER_KILLED,NUMBER_INJURED,PARTY_COUNT,PRIMARY_COLL_FACTOR,PCF_CODE_OF_VIOL,PCF_VIOL_CATEGORY,PCF_VIOLATION,PCF_VIOL_SUBSECTION,HIT_AND_RUN,TYPE_OF_COLLISION,MVIW,PED_ACTION,ROAD_SURFACE,ROAD_COND_1,ROAD_COND_2,LIGHTING,CONTROL_DEVICE,CHP_ROAD_TYPE,PEDESTRIAN_ACCIDENT,BICYCLE_ACCIDENT,MOTORCYCLE_ACCIDENT,TRUCK_ACCIDENT,NOT_PRIVATE_PROPERTY,ALCOHOL_INVOLVED,STWD_VEHTYPE_AT_FAULT,CHP_VEHTYPE_AT_FAULT,COUNT_SEVERE_INJ,COUNT_VISIBLE_INJ,COUNT_COMPLAINT_PAIN,COUNT_PED_KILLED,COUNT_PED_INJURED,COUNT_BICYCLIST_KILLED,COUNT_BICYCLIST_INJURED,COUNT_MC_KILLED,COUNT_MC_INJURED,PRIMARY_RAMP,SECONDARY_RAMP,LATITUDE,LONGITUDE,COUNTY,CITY,POINT_X,POINT_Y
90627190,2017,2017-12-27,9770,2017-12-19,1740,021738,,2,2,6,5607,0,1,2,,2,073,"US-101 S/B (VENTURA FREEWAY)","WENDY DRIVE",3.00,S,N,A,-,Y,,,101,,,,,,S,Y,4,0,1,3,A,-,03,22350,,N,C,C,A,B,H,-,C,D,0,,,,,Y,,A,01,0,0,1,0,0,0,0,0,0,"- ","- ",34.18974,-118.93953999999999,VENTURA,"THOUSAND OAKS",-118.93952512,34.189775300000001
90627627,2017,2017-12-27,9765,2017-12-19,1940,020540,,2,2,9,5600,0,1,3,,1,055,SR-118,"SANTA CLARA",123.00,E,N,A,-,Y,,,118,,,,,,,Y,4,0,1,1,A,-,03,22350,,N,E,I,A,A,H,-,E,A,0,,,,,Y,,A,01,0,0,1,0,0,0,0,0,0,"- ","- ",34.255780000000001,-119.10884,VENTURA,UNINCORPORATED,-119.10899085,34.255928410000003
90630676,2017,2018-01-02,9770,2017-12-20,0852,020169,,3,1,6,5607,0,1,2,,2,075,"US-101 S/B (VENTURA FREEWAY)","HAMPSHIRE ROAD",180.00,N,N,A,-,Y,,,101,,,,,,S,Y,4,0,1,3,A,-,03,22350,,N,C,C,A,A,H,-,A,D,0,,,,,Y,,A,01,0,0,1,0,0,0,0,0,0,"- ","- ",34.163879999999999,-118.83471,VENTURA,"THOUSAND OAKS",-118.83472109,34.163863470000003
90631369,2017,2018-01-02,9770,2017-12-26,1345,020238,,2,1,6,5607,0,1,2,,2,073,"US-101 S/B (VENTURA FREEWAY)","WENDY DRIVE",2640.00,N,N,A,-,Y,,,101,,,,,,S,N,4,0,1,2,A,-,03,22350,,N,C,C,A,A,H,-,A,D,0,,,,,Y,,D,22,0,0,1,0,0,0,0,0,0,"- ","- ",34.192259999999997,-118.94504000000001,VENTURA,"THOUSAND OAKS",-118.9450466,34.19224569
90633561,2017,2018-01-05,9765,2017-12-23,1803,017395,,6,2,6,5604,0,1,2,,2,501,"US-101 S/B","DEL NORTE BLVD.",1056.00,S,N,A,-,Y,,,101,,,,,,S,Y,3,0,1,3,A,-,08,22107,,N,B,C,A,A,H,-,D,D,0,,,Y,,Y,,A,01,0,1,0,0,0,0,0,0,1,"- ","- ",34.221960000000003,-119.12094999999999,VENTURA,OXNARD,-119.12095026,34.221936309999997
90634749,2017,2018-01-08,9765,2017-12-29,1145,019057,,5,1,9,5600,0,1,3,,1,020,SR-33,"PORTAL STREET",528.00,S,N,A,-,Y,,,33,,,,,,,N,4,0,1,2,A,-,03,22350,,N,C,C,A,A,H,-,A,D,0,,,,,Y,,D,22,0,0,1,0,0,0,0,0,0,"- ","- ",34.390239999999999,-119.30165,VENTURA,UNINCORPORATED,-119.30164014,34.390239649999998
90637630,2017,2018-01-10,9765,2017-12-28,1700,019827,,4,2,9,5600,0,1,3,,1,062,SR-1,"YERBA BUENA ROAD",76.00,S,N,A,-,Y,,,1,,,,,,,N,3,0,3,2,A,-,03,22350,,N,C,C,A,A,H,-,D,D,0,,,,,Y,,A,01,0,1,2,0,0,0,0,0,0,"- ","- ",34.052790000000002,-118.96192000000001,VENTURA,UNINCORPORATED,-118.96192812,34.052767109999998
90639790,2018,2018-01-15,9765,2018-01-06,1234,018019,,6,1,5,5601,0,1,2,,2,503,"US-101 S/B (VENTURA FREEWAY)","LAS POSAS ROAD",405.00,S,N,B,-,Y,,,101,,,,,,S,Y,4,0,3,2,A,-,08,22107,,N,D,C,A,A,H,-,A,D,0,,,,,Y,,D,22,0,0,3,0,0,0,0,0,0,"- ","- ",34.218849182128906,-119.06815338134766,VENTURA,CAMARILLO,-119.06814575195312,34.218883514404297
9064583,2020,2020-03-20,5600,2020-03-02,2029,44965,,1,5,5,5601,0,0,0,,0,08B,"CARMEN DR","PASEO CAMARILLO",0.00,,Y,A,-,N,,,,,,,,,,Y,3,0,1,2,A,-,09,21801,A,N,H,C,A,A,H,-,C,A,0,,,,,Y,,A,01,0,1,0,0,0,0,0,0,0,"- ","- ",34.221031188964844,-119.05079650878906,VENTURA,CAMARILLO,-119.05069732666016,34.22100830078125
9064592,2020,2020-03-20,5600,2020-03-09,0725,4615,8077,1,5,5,5601,0,0,0,,0,08A,"PONDEROSA DR","CAMINO TIERRA SANTA",0.00,,Y,B,-,N,,,,,,,,,,Y,4,0,2,2,A,-,09,21802,A,N,D,C,A,A,H,-,A,A,0,,,,,Y,,D,22,0,0,2,0,0,0,0,0,0,"- ","- ",34.223499298095703,-119.08148956298828,VENTURA,CAMARILLO,-119.08145904541016,34.223491668701172
90646605,2018,2018-01-24,9765,2018-01-24,0710,013206,,3,1,9,5600,0,1,3,,2,041,"SR-126 W/B","TODD LANE",300.00,W,N,A,-,Y,,,126,,,,,,W,Y,4,0,1,2,A,-,03,22350,,N,C,C,A,A,H,-,A,D,0,,,,,Y,,A,07,0,0,1,0,0,0,0,0,0,"- ","- ",34.333221435546875,-119.08798217773438,VENTURA,UNINCORPORATED,-119.08800506591797,34.333251953125
90650298,2018,2018-01-29,9765,2018-01-27,0655,018019,,6,1,4,5606,0,1,3,,2,040,"SR-126 E/B (SANTA PAULA FREEWAY)","PECK ROAD",208.00,W,N,A,-,Y,,,126,,,,,,E,Y,4,0,1,1,A,-,08,22107,,N,E,I,A,A,H,-,A,D,0,,,,,Y,,A,01,0,0,1,0,0,0,0,0,0,"- ","- ",34.336921691894531,-119.08319854736328,VENTURA,"SANTA PAULA",-119.08316802978516,34.336868286132812
90653397,2018,2018-02-01,9770,2018-01-27,1810,019276,,6,2,6,5609,0,1,3,,2,081,"SR-118 E/B (RONALD REAGAN FREEWAY)","LANDFILL ACCESS ROAD",700.00,E,N,A,-,Y,,,118,,,,,,E,Y,3,0,1,1,A,-,08,22107,,N,E,I,A,A,H,-,D,D,0,,,,,Y,,A,07,0,1,0,0,0,0,0,0,0,"- ","- ",34.286090850830078,-118.7977294921875,VENTURA,"SIMI VALLEY",-118.79768371582031,34.286182403564453
90661822,2018,2018-02-15,9770,2018-02-04,1459,019819,,7,2,9,5600,0,1,2,,2,070,"US-101 N/B (VENTURA FREEWAY)","CONEJO INSPECTION FACILITY",2640.00,N,N,A,-,Y,,,101,,,,,,N,Y,3,0,1,2,A,-,07,21658,A,F,E,I,A,A,H,-,A,D,0,,,,,Y,,-,99,0,1,0,0,0,0,0,0,0,"- ","- ",34.200309753417969,-118.96234893798828,VENTURA,UNINCORPORATED,-118.96234893798828,34.200305938720703
90664645,2017,2018-02-20,9765,2017-12-23,0850,018019,,6,1,9,5600,0,1,3,,1,042,SR-126,"HALL ROAD",9.00,W,N,A,-,Y,,,126,,,,,,,Y,1,1,0,2,A,-,08,22107,,N,H,C,A,A,H,-,A,D,0,,,,Y,Y,,G,27,0,0,0,0,0,0,0,0,0,"- ","- ",34.378689999999999,-118.99005,VENTURA,UNINCORPORATED,-118.99004189,34.378653499999999
90673003,2018,2018-03-01,9765,2018-02-20,1845,020423,,2,2,9,5600,0,3,5,,2,005,"ROSE AVENUE","WALNUT AVENUE",0.00,,Y,A,-,N,,,,,,,,,,Y,4,0,1,2,A,-,12,21453,A,N,D,C,A,A,H,-,C,A,0,,,,,Y,,A,01,0,0,1,0,0,0,0,0,0,"- ","- ",34.233318328857422,-119.11550903320312,VENTURA,UNINCORPORATED,-119.15522003173828,34.233379364013672
90675725,2018,2018-03-06,9765,2018-02-22,1155,015117,,4,1,9,5600,0,1,3,,1,068,"SR-34 (E. 5TH STREET)","LAS POSAS ROAD",3168.00,E,N,A,-,Y,,,,,,,,,,Y,3,0,1,2,A,-,08,22107,,N,E,I,A,A,H,-,A,D,0,,,,Y,Y,,A,07,0,1,0,0,0,0,0,0,0,"- ","- ",34.196571350097656,-119.10447692871094,VENTURA,UNINCORPORATED,,
9067631,2020,2020-05-19,5604,2020-02-27,2030,5160,,4,5,6,5604,0,0,0,,0,014,"N OXNARD BL","ESPLANADE DR",200.00,N,N,A,-,N,,,,,,,,,,N,4,0,1,2,A,-,08,22107,,N,B,C,A,A,H,-,C,A,0,,,,,Y,,A,01,0,0,1,0,0,0,0,0,0,"- ","- ",34.235748291015625,-119.18018341064453,VENTURA,OXNARD,-119.180522,34.236251000000003
9067643,2020,2020-06-22,5604,2020-03-05,1833,5446,,4,5,6,5604,0,0,0,,0,031,"N ROSE AV","TIESA LN",30.00,S,N,A,-,N,,,,,,,,,,Y,4,0,1,3,A,-,03,22350,,N,C,C,A,A,H,-,C,A,0,,,,,Y,,A,01,0,0,1,0,0,0,0,0,0,"- ","- ",34.215679168701172,-119.15878295898438,VENTURA,OXNARD,-119.15892791748047,34.215621948242188
9067659,2020,2020-10-13,5604,2020-02-08,0501,5473,,6,5,6,5604,0,0,0,,0,031,"RT 34","RICE AV",0.00,,Y,A,-,Y,VEN,7,34,-,-,6.270,I,5,W,Y,4,0,2,2,A,-,12,21453,A,N,D,C,A,A,H,-,C,A,0,,,,,Y,,A,01,0,0,2,0,0,0,0,0,0,"- ","- ",34.196868896484375,-119.14228057861328,VENTURA,OXNARD,-119.14230346679688,34.196834564208984
90681246,2018,2018-03-13,9770,2018-03-03,0200,020238,,6,3,4,5690,0,1,3,,2,080,"SR-118 W/B (RONALD REAGAN FREEWAY)","PRINCETON AVENUE",325.00,E,N,B,C,Y,,,118,,,,,,W,Y,3,0,1,1,A,-,03,22350,,N,E,I,A,B,H,-,D,D,0,,,,,Y,,A,07,0,1,0,0,0,0,0,0,0,"- ","- ",34.292938232421875,-118.85700988769531,VENTURA,MOORPARK,-118.85700988769531,34.292953491210938
90682399,2018,2018-03-15,9765,2018-03-01,0710,014823,,4,1,9,5600,0,3,5,,2,006,"HUNEME ROAD","ARNOLD ROAD",1310.00,W,N,A,-,N,,,,,,,,,,Y,4,0,1,5,C,-,18,,,N,B,C,A,A,H,-,A,D,0,,,,Y,Y,,-,"- ",0,0,1,0,0,0,0,0,0,"- ","- ",34.147361755371094,-119.1578369140625,VENTURA,UNINCORPORATED,-119.15772247314453,34.147308349609375
90682684,2018,2018-03-15,9765,2018-03-12,0747,020497,,1,1,9,5600,0,1,3,,1,020,SR-33,"RANCH ROAD",300.00,N,N,B,-,Y,,,33,,,,,,,Y,4,0,1,2,A,-,09,21804,A,N,D,C,A,A,H,-,A,D,0,,,,,Y,,A,08,0,0,1,0,0,0,0,0,0,"- ","- ",34.367481231689453,-119.30641937255859,VENTURA,UNINCORPORATED,-119.30648803710938,34.367473602294922
90688528,2018,2018-03-23,9765,2018-03-22,0743,014535,,4,1,6,5608,0,1,2,,2,302,"US-101 N/B","LEMON O/H",780.00,S,N,B,C,Y,,,101,,,,,,N,Y,3,0,3,1,A,-,03,22350,,N,E,I,A,B,H,-,A,D,0,,,,,Y,,A,01,0,2,1,0,0,0,0,0,0,"- ","- ",34.261299133300781,-119.24822235107422,VENTURA,VENTURA,-119.24814605712891,34.261211395263672
90691320,2018,2018-03-28,9765,2018-03-09,1508,016592,,5,2,6,5604,1,4,S,,2,901,"WOOLEY ROAD","C STREET",0.00,,Y,A,-,N,,,,,,,,,,N,4,0,1,1,C,-,18,,,N,H,A,A,A,H,-,A,A,0,,,,,Y,,-,"- ",0,0,1,0,0,0,0,0,0,"- ","- ",34.190158843994141,-119.18115997314453,VENTURA,OXNARD,-119.18119049072266,34.190151214599609
90696647,2018,2018-04-02,9765,2018-03-21,1102,016198,,3,1,9,5600,0,1,2,,1,101,"US-101 S/B","MUSSEL SHOALS",1000.00,S,N,B,C,Y,,,101,,,,,,S,Y,4,0,1,2,A,-,03,22350,,N,E,I,A,B,H,-,A,D,0,,,,Y,Y,,D,22,0,0,1,0,0,0,0,0,0,"- ","- ",34.355949401855469,-119.43428802490234,VENTURA,UNINCORPORATED,-119.43428802490234,34.355937957763672
90700752,2018,2018-04-09,9770,2018-04-02,1520,020238,,1,2,4,5690,0,1,3,,2,081,"SR-118 E/B (RONALD REAGAN FREEWAY)","COLLINS DRIVE",1500.00,W,N,A,-,Y,,,118,,,,,,E,Y,3,0,2,5,A,-,03,22350,,N,C,C,A,A,H,-,A,D,0,,,,Y,Y,,F,26,0,2,0,0,0,0,0,0,0,"- ","- ",34.293018341064453,-118.84931945800781,VENTURA,MOORPARK,-118.84931945800781,34.293025970458984
90716550,2018,2018-04-30,9765,2018-04-19,1525,019057,,4,2,9,5600,0,3,5,,2,006,"HUENEME ROAD","RICE AVENUE",250.00,W,N,A,-,N,,,,,,,,,,Y,2,0,1,1,A,-,03,22350,,N,F,A,A,A,H,-,A,A,0,,,,Y,Y,,G,25,1,0,0,0,0,0,0,0,0,"- ","- ",34.147769927978516,-119.13710784912109,VENTURA,UNINCORPORATED,-119.1378173828125,34.147167205810547
90726175,2018,2018-05-14,9770,2018-05-08,0900,017732,,2,1,9,5600,0,1,3,,1,046,"SR-126 W/B (EAST TELEGRAPH ROAD)","MAIN STREET",0.00,,Y,A,-,Y,,,,,,,,,,Y,4,0,1,2,A,-,12,21453,A,N,D,C,A,A,H,-,A,A,0,,,,,Y,,A,01,0,0,1,0,0,0,0,0,0,"- ","- ",34.405208587646484,-118.79647827148438,VENTURA,UNINCORPORATED,-119.24349212646484,34.264369964599609
90728152,2018,2018-05-17,9765,2018-05-10,2130,020912,,4,2,9,5600,0,1,3,,1,021,SR-33,"NORTH MATILIJA ROAD",13200.00,N,N,A,-,Y,,,33,,,,,,,Y,3,0,1,1,A,-,01,23152,A,N,F,A,A,A,H,-,D,D,0,,,,,Y,Y,D,22,0,1,0,0,0,0,0,0,0,"- ","- ",34.50531005859375,-119.27881622314453,VENTURA,UNINCORPORATED,-119.27880096435547,34.505393981933594
90732879,2018,2018-05-24,9765,2018-05-18,1804,017395,,5,2,9,5600,0,3,5,,2,005,"CENTRAL AVENUE","BEARDSLEY ROAD",0.00,,Y,A,-,N,,,,,,,,,,Y,3,0,5,2,A,-,12,21453,A,N,D,C,A,A,H,-,A,A,0,,,,,Y,,A,01,0,4,1,0,0,0,0,0,0,"- ","- ",34.22991943359375,-119.11225891113281,VENTURA,UNINCORPORATED,-119.11224365234375,34.229888916015625
90738520,2018,2018-05-31,9770,2018-05-23,1705,020238,,3,2,9,5600,0,1,3,,1,057,"SR-23 (GRIMES CANYON ROAD)","SHEKELL ROAD",6600.00,N,N,A,-,Y,,,23,,,,,,,Y,4,0,2,2,A,-,08,22107,,N,A,C,A,A,H,-,A,D,0,,,,,Y,,A,01,0,0,2,0,0,0,0,0,0,"- ","- ",34.344741821289062,-118.90679168701172,VENTURA,UNINCORPORATED,-118.90677642822266,34.3447265625
90740352,2018,2018-06-04,9765,2018-05-27,0046,018305,,7,3,6,5608,0,1,3,,2,011,"SR-33 S/B FROM STANLEY AVENUE","STANLEY AVENUE",25.00,S,N,B,-,Y,,,33,,,,R,,S,Y,2,0,1,2,A,-,01,23152,A,N,D,C,A,A,H,-,C,A,0,,,,Y,Y,Y,A,07,1,0,0,0,0,0,0,0,0,"- ","- ",34.300861358642578,-119.30178833007812,VENTURA,VENTURA,-119.30178833007812,34.300861358642578
90750635,2018,2018-06-19,9770,2018-06-07,0100,014454,,4,3,9,5600,0,3,5,,2,005,"LA CUMBRE ROAD","PALOMINO DRIVE",528.00,E,N,B,-,N,,,,,,,,,,Y,4,0,2,1,A,-,01,23152,A,N,F,A,A,A,H,-,D,A,0,,,,,Y,Y,A,01,0,0,2,0,0,0,0,0,0,"- ","- ",34.270488739013672,-118.98213195800781,VENTURA,UNINCORPORATED,-118.98188781738281,34.270084381103516
90757576,2018,2018-06-28,9765,2018-06-21,1320,016712,,4,1,9,5600,0,3,5,,2,006,"ETTING ROAD","NAUMAN ROAD",1056.00,S,N,A,-,N,,,,,,,,,,Y,4,0,1,2,A,-,09,21804,A,N,D,C,A,A,H,-,A,D,0,,,,,Y,,D,22,0,0,1,0,0,0,0,0,0,"- ","- ",34.161609649658203,-119.11383056640625,VENTURA,UNINCORPORATED,-119.12252807617188,34.161628723144531
90776610,2018,2018-07-25,9770,2018-07-21,0555,016383,,6,3,6,5607,0,1,2,,2,072,"US-101 N/B (VENTURA FREEWAY)","LYNN ROAD",1584.00,N,N,A,-,Y,,,101,,,,,,N,Y,3,0,1,2,A,-,07,21658,A,N,B,C,A,A,H,-,A,D,0,,,,,Y,,A,07,0,1,0,0,0,0,0,0,0,"- ","- ",34.18463134765625,-118.89479827880859,VENTURA,"THOUSAND OAKS",-118.89479064941406,34.184677124023438
90778631,2018,2018-07-27,9770,2018-07-19,0003,021306,,4,3,6,5609,0,1,3,,2,082,"SR-118 W/B (RONALD REAGAN FREEWAY)","COCHRAN STREET",150.00,W,N,A,-,Y,,,118,,,,,,W,N,3,0,2,1,A,-,01,23152,F,N,E,I,A,A,H,-,D,D,0,,,,,Y,,A,01,0,1,1,0,0,0,0,0,0,"- ","- ",34.281398773193359,-118.67205047607422,VENTURA,"SIMI VALLEY",-118.67206573486328,34.281345367431641
9078025,2020,2021-08-02,5600,2020-01-27,1418,4633,5600,1,5,4,5690,0,0,0,,0,02B,"RT 118","RT 23",71.00,W,N,A,-,Y,VEN,7,118,-,-,17.480,H,-,E,Y,4,0,1,3,A,-,03,22350,,N,C,C,A,A,H,-,A,A,0,,,,,Y,,A,07,0,0,1,0,0,0,0,0,0,"- ","- ",,,VENTURA,MOORPARK,-118.88239288330078,34.278873443603516
90786084,2018,2018-08-07,9765,2018-08-05,1615,018583,,7,2,6,5608,0,1,3,,1,031,"SR-126 W/B TO VICTORIA AVENUE OFF RAMP","VICTORIA AVENUE",178.00,W,N,A,-,Y,,,126,,,,R,,W,Y,4,0,1,1,A,-,08,22107,,N,E,I,A,A,H,-,A,D,0,,,,,Y,,A,01,0,0,1,0,0,0,0,0,0,"- ","- ",34.271629333496094,-119.2144775390625,VENTURA,VENTURA,-119.2144775390625,34.271629333496094
90792320,2018,2018-08-16,9770,2018-08-07,0852,021553,,2,1,6,5607,0,1,3,,2,077,"SR-23 S/B (MOORPARK FREEWAY)","AVENIDA DE LOS ARBOLES",2112.00,N,N,A,-,Y,,,23,,,,,,S,Y,3,0,2,3,A,-,03,22350,,N,C,C,A,A,H,-,A,D,0,,,,,Y,,A,01,0,1,1,0,0,0,0,0,0,"- ","- ",34.21759033203125,-118.84980010986328,VENTURA,"THOUSAND OAKS",-118.84987640380859,34.217582702636719
9079302,2020,2020-06-09,5604,2020-02-22,2113,5529,,6,5,6,5604,0,0,0,,0,041,"SAVIERS RD","BRYCE CANYON ST",0.00,,Y,B,-,N,,,,,,,,,,Y,3,0,2,2,A,-,01,23152,A,N,D,D,A,B,H,-,C,A,0,,,,,Y,Y,A,08,0,1,1,0,0,0,0,0,0,"- ","- ",34.169750213623047,-119.17758178710938,VENTURA,OXNARD,-119.17768859863281,34.169780731201172
9079427,2020,2020-06-26,5604,2020-02-20,1929,5474,,4,5,6,5604,0,0,0,,0,042,"S OXNARD BL","E PLEASANT VALLEY RD",0.00,,Y,A,-,N,,,,,,,,,,Y,4,0,3,3,A,-,12,21453,A,N,D,C,A,A,H,-,C,A,0,,,,,Y,,A,01,0,0,3,0,0,0,0,0,0,"- ","- ",34.165439605712891,-119.14412689208984,VENTURA,OXNARD,-119.14391326904297,34.165561676025391
90799346,2018,2018-08-27,9765,2018-08-16,2020,021682,,4,2,9,5600,0,1,3,,1,022,SR-150,"RICE ROAD",0.00,,Y,A,-,Y,,,150,,,,,,,N,4,0,1,1,A,-,14,21201,D,N,F,G,A,A,H,-,C,D,0,,Y,,,Y,,L,04,0,0,1,0,0,0,1,0,0,"- ","- ",34.429519653320312,-119.29331207275391,VENTURA,UNINCORPORATED,-119.29330444335938,34.429500579833984
90809247,2018,2018-09-10,9765,2018-09-04,2200,018305,,2,3,9,5600,0,1,3,,1,020,SR-150,"VILLANOVA ROAD",1056.00,W,N,B,-,Y,,,150,,,,,,,N,4,0,1,2,A,-,03,22350,,F,C,C,A,A,H,-,D,D,0,,,,,Y,,A,01,0,0,1,0,0,0,0,0,0,"- ","- ",34.431850433349609,-119.27031707763672,VENTURA,UNINCORPORATED,-119.27031707763672,34.431842803955078
90816341,2018,2018-09-19,9765,2018-09-15,1550,019988,,6,2,9,5600,0,1,3,,2,041,SR-126,"TIMBER CANYON ROAD",2000.00,W,N,A,-,Y,,,126,,,,,,,Y,4,0,1,1,A,-,08,22107,,N,E,I,A,A,H,-,A,D,0,,,,,Y,,A,01,0,0,1,0,0,0,0,0,0,"- ","- ",34.373920440673828,-119.0125732421875,VENTURA,UNINCORPORATED,-119.01252746582031,34.37371826171875
90830574,2018,2018-10-08,9765,2018-07-08,2044,020691,,7,2,9,5600,0,1,3,,1,062,"SR-1  (PACIFIC COAST HIGHWAY)","TONGA STREET",225.00,N,N,A,-,Y,,,1,,,,,,,Y,1,1,0,2,A,-,11,21954,A,N,G,B,D,A,H,-,B,D,0,Y,,,,Y,,N,60,0,0,0,1,0,0,0,0,0,"- ","- ",34.051399230957031,-118.95796966552734,VENTURA,UNINCORPORATED,-118.95798492431641,34.051364898681641
90833628,2018,2018-10-11,9770,2018-10-02,2235,020832,,2,3,6,5607,0,1,2,,2,075,"US-101 S/B (VENTURA FREEWAY)","CONEJO SCHOOL ROAD",65.00,N,N,B,-,Y,,,101,,,,,,S,Y,4,0,1,1,A,-,08,22107,,N,E,I,A,A,H,-,D,D,0,,,,,Y,Y,A,01,0,0,1,0,0,0,0,0,0,"- ","- ",34.171920776367188,-118.84710693359375,VENTURA,"THOUSAND OAKS",-118.8470458984375,34.172019958496094
90851353,2018,2018-11-02,9765,2018-10-26,1730,020708,,5,2,9,5600,0,3,5,,2,004,"CUMMINGS ROAD","SANTA PAULA STREET",0.00,,Y,A,-,N,,,,,,,,,,N,4,0,1,2,A,-,09,21802,A,N,D,C,A,A,H,-,A,A,0,,,,,Y,,D,22,0,0,1,0,0,0,0,0,0,"- ","- ",34.329578399658203,-119.11776733398438,VENTURA,UNINCORPORATED,-119.11775207519531,34.329570770263672
90858509,2018,2018-11-13,9765,2018-11-06,0800,015658,,2,1,9,5600,0,3,5,,2,002,"CREEK ROAD","KIOWA COURT",1848.00,N,N,A,-,N,,,,,,,,,,Y,3,0,1,1,A,-,08,22107,,N,F,A,A,A,H,-,A,D,0,,,,,Y,,A,07,0,1,0,0,0,0,0,0,0,"- ","- ",34.417301177978516,-119.27092742919922,VENTURA,UNINCORPORATED,-119.27096557617188,34.417209625244141
90882720,2018,2018-12-13,9765,2018-12-10,1725,016420,,1,2,9,5600,0,3,5,,2,002,"BURNHAM RD.","SR-150 (BALDWIN RD)",260.00,S,N,A,-,N,,,,,,,,,,N,4,0,1,2,A,-,03,22350,,N,C,C,A,A,H,-,D,D,0,,,,,Y,,A,01,0,0,1,0,0,0,0,0,0,"- ","- ",34.423969268798828,-119.30497741699219,VENTURA,UNINCORPORATED,-119.30494689941406,34.423938751220703
90883226,2018,2018-12-14,9770,2018-12-11,1455,018885,,2,2,6,5607,0,1,2,,2,074,"US-101 N/B (VENTURA FREEWAY)","MOORPARK ROAD",1056.00,S,N,A,-,Y,,,101,,,,,,N,Y,4,0,1,2,A,-,03,22350,,N,C,C,A,A,H,-,A,D,0,,,,,Y,,A,01,0,0,1,0,0,0,0,0,0,"- ","- ",34.1773681640625,-118.874267578125,VENTURA,"THOUSAND OAKS",-118.87427520751953,34.177276611328125
90896281,2018,2019-01-02,9770,2018-12-24,1412,016561,,1,2,6,5607,0,1,2,,2,073,"US-101 S/B (VENTURA FREEWAY)","LYNN ROAD",600.00,N,N,A,-,Y,,,101,,,,,,S,Y,3,0,2,2,C,-,18,,,N,E,I,A,A,H,-,A,D,0,,,,,Y,,-,"- ",0,1,1,0,0,0,0,0,0,"- ","- ",34.184028625488281,-118.89341735839844,VENTURA,"THOUSAND OAKS",-118.89337921142578,34.18414306640625
9090315,2020,2020-06-29,5604,2020-03-20,1520,4734,,5,5,6,5604,0,0,0,,0,014,"W VINEYARD AV","N VENTURA RD",0.00,,Y,B,-,N,,,,,,,,,,N,4,0,1,1,A,-,21,22106,,N,F,A,A,A,H,-,A,A,0,,,Y,,Y,,C,02,0,0,1,0,0,0,0,0,1,"- ","- ",34.229328155517578,-119.19171905517578,VENTURA,OXNARD,-119.19457244873047,34.229419708251953
90908488,2019,2019-01-22,9765,2019-01-16,0730,014823,,3,1,9,5600,0,3,5,,2,005,"CENTRAL AVE.","STRICKLAND AVE.",528.00,E,N,B,-,N,,,,,,,,,,Y,4,0,2,2,A,-,03,22350,,N,C,C,A,A,H,-,A,D,0,,,,,Y,,A,07,0,0,2,0,0,0,0,0,0,"- ","- ",34.254539489746094,-119.14813232421875,VENTURA,UNINCORPORATED,-119.14834594726562,34.254657745361328
90913318,2019,2019-01-28,9770,2019-01-20,0338,021909,,7,3,6,5607,0,1,2,,2,070,"US-101 N/B (VENTURA FREEWAY)","CAMARILLO SPRINGS ROAD",5280.00,S,N,A,-,Y,,,101,,,,,,N,Y,4,0,1,1,A,-,08,22107,,N,E,I,A,A,H,-,D,D,0,,,,,Y,,A,01,0,0,1,0,0,0,0,0,0,"- ","- ",34.200981140136719,-118.96476745605469,VENTURA,"THOUSAND OAKS",-118.96479034423828,34.200897216796875
90913766,2019,2019-01-28,9765,2019-01-20,2059,020691,,7,2,9,5600,0,1,3,,1,012,SR-1,"EMMA WOOD ACCESS ROAD",350.00,N,N,B,-,Y,,,1,,,,,,,Y,4,0,2,2,A,-,08,22107,,N,C,C,A,A,H,-,D,D,0,,,,,Y,,A,01,0,0,2,0,0,0,0,0,0,"- ","- ",34.296268463134766,-119.34169006347656,VENTURA,UNINCORPORATED,-119.34170532226562,34.296260833740234