CASE_ID,ACCIDENT_YEAR,PROC_DATE,JURIS,COLLISION_DATE,COLLISION_TIME,OFFICER_ID,REPORTING_DISTRICT,DAY_OF_WEEK,CHP_SHIFT,POPULATION,CNTY_CITY_LOC,SPECIAL_COND,BEAT_TYPE,CHP_BEAT_TYPE,CITY_DIVISION_LAPD,CHP_BEAT_CLASS,BEAT_NUMBER,PRIMARY_RD,SECONDARY_RD,DISTANCE,DIRECTION,INTERSECTION,WEATHER_1,WEATHER_2,STATE_HWY_IND,CALTRANS_COUNTY,CALTRANS_DISTRICT,STATE_ROUTE,ROUTE_SUFFIX,POSTMILE_PREFIX,POSTMILE,LOCATION_TYPE,RAMP_INTERSECTION,SIDE_OF_HWY,TOW_AWAY,COLLISION_SEVERITY,NUMBER_KILLED,NUMBER_INJURED,PARTY_COUNT,PRIMARY_COLL_FACTOR,PCF_CODE_OF_VIOL,PCF_VIOL_CATEGORY,PCF_VIOLATION,PCF_VIOL_SUBSECTION,HIT_AND_RUN,TYPE_OF_COLLISION,MVIW,PED_ACTION,ROAD_SURFACE,ROAD_COND_1,ROAD_COND_2,LIGHTING,CONTROL_DEVICE,CHP_ROAD_TYPE,PEDESTRIAN_ACCIDENT,BICYCLE_ACCIDENT,MOTORCYCLE_ACCIDENT,TRUCK_ACCIDENT,NOT_PRIVATE_PROPERTY,ALCOHOL_INVOLVED,STWD_VEHTYPE_AT_FAULT,CHP_VEHTYPE_AT_FAULT,COUNT_SEVERE_INJ,COUNT_VISIBLE_INJ,COUNT_COMPLAINT_PAIN,COUNT_PED_KILLED,COUNT_PED_INJURED,COUNT_BICYCLIST_KILLED,COUNT_BICYCLIST_INJURED,COUNT_MC_KILLED,COUNT_MC_INJURED,PRIMARY_RAMP,SECONDARY_RAMP,LATITUDE,LONGITUDE,COUNTY,CITY,POINT_X,POINT_Y
90928940,2019,2019-02-19,9765,2019-02-11,0620,015117,,1,1,9,5600,0,1,3,,2,060,"PLEASANT VALLEY ROAD","DODGE ROAD",2112.00,E,N,A,-,N,,,,,,,,,,N,4,0,1,2,A,-,03,22350,,M,C,C,A,A,H,-,B,D,0,,,,,Y,,A,01,0,0,1,0,0,0,0,0,0,"- ","- ",34.174888610839844,-119.12492370605469,VENTURA,UNINCORPORATED,-119.13030242919922,34.172161102294922
90931342,2019,2019-02-21,9765,2019-02-19,0825,016549,,2,1,6,5604,0,1,2,,2,302,"US-101 N/B (VENTURA FWY)","OXNARD BLVD.",1584.00,N,N,A,-,Y,,,101,,,,,,N,Y,4,0,1,2,A,-,07,21658,A,N,B,C,A,A,H,-,A,A,0,,,,,Y,,A,07,0,0,1,0,0,0,0,0,0,"- ","- ",34.241928100585938,-119.18743896484375,VENTURA,OXNARD,-119.18747711181641,34.241828918457031
9093256,2020,2020-09-24,5604,2020-03-11,1451,5317,,3,5,6,5604,0,0,0,,0,012,"N ROSE AV","CAMINO DE LA LUNA",350.00,S,N,B,-,N,,,,,,,,,,Y,4,0,1,2,A,-,08,22107,,N,C,C,A,A,H,-,A,D,0,,,,,Y,,A,01,0,0,1,0,0,0,0,0,0,"- ","- ",34.206329345703125,-119.15966796875,VENTURA,OXNARD,-119.15973663330078,34.209049224853516
9093296,2020,2020-10-28,5604,2020-05-12,0430,4950,,2,5,6,5604,0,0,0,,0,032,"E ELM ST","MONTROSE ST",100.00,E,N,B,-,N,,,,,,,,,,Y,3,0,1,3,A,-,08,22107,,M,B,E,A,A,H,-,C,D,0,,,,,Y,,A,01,0,1,0,0,0,0,0,0,0,"- ","- ",34.173599243164062,-119.16896820068359,VENTURA,OXNARD,-119.17417144775391,34.182758331298828
90939839,2019,2019-03-05,9765,2019-02-25,0650,016234,,1,1,9,5600,0,3,5,,2,005,"SANTA CLARA AVENUE","CENTRAL AVENUE",5.00,S,N,A,-,N,,,,,,,,,,Y,4,0,1,2,A,-,08,22107,,N,D,C,A,A,H,-,A,D,0,,,,Y,Y,,A,01,0,0,1,0,0,0,0,0,0,"- ","- ",34.239040374755859,-119.12523651123047,VENTURA,UNINCORPORATED,-119.12574005126953,34.239139556884766
90939890,2019,2019-03-05,9765,2019-02-25,0725,015117,,1,1,9,5600,0,1,2,,2,501,"US-101 S/B (VENTURA FREEWAY)","RICE AVENUE",528.00,N,N,A,-,Y,,,,,,,,,,N,4,0,1,3,A,-,07,21658,A,N,C,C,A,A,H,-,A,D,0,,,,,Y,,A,01,0,0,1,0,0,0,0,0,0,"- ","- ",34.222919464111328,-119.14806365966797,VENTURA,UNINCORPORATED,,
90944764,2019,2019-03-12,9765,2019-03-06,0432,019721,,3,3,9,5600,0,1,2,,1,102,"US-101 N/B","PADRE JUAN CANYON ROAD",264.00,S,N,C,-,Y,,,101,,,,,,N,Y,3,0,1,2,A,-,03,22350,,N,B,E,A,D,F,G,D,D,0,,,,,Y,,A,01,0,1,0,0,0,0,0,0,0,"- ","- ",34.322219848632812,-119.37391662597656,VENTURA,UNINCORPORATED,-119.3739013671875,34.322303771972656
90949067,2019,2019-03-19,9770,2019-03-12,1715,019930,,2,2,6,5607,0,1,2,,2,073,"US-101 S/B (VENTURA FREEWAY)","LYNN ROAD",50.00,N,N,A,-,Y,,,101,,,,,,S,Y,4,0,1,2,A,-,03,22350,,N,C,C,A,A,H,-,A,D,0,,,,,Y,,D,22,0,0,1,0,0,0,0,0,0,"- ","- ",34.183448791503906,-118.89151763916016,VENTURA,"THOUSAND OAKS",-118.89154052734375,34.183406829833984
90949814,2019,2019-03-20,9765,2019-03-14,0805,015117,,4,1,9,5600,0,1,2,,2,501,"US-101 S/B (VENTURA FREEWAY)","RICE AVENUE",1056.00,N,N,A,-,Y,,,,,,,,,,N,4,0,2,2,A,-,03,22350,,N,C,C,A,A,H,-,A,D,0,,,,,Y,,A,01,0,0,2,0,0,0,0,0,0,"- ","- ",34.222450256347656,-119.19222259521484,VENTURA,UNINCORPORATED,,
90951755,2019,2019-03-22,9765,2019-03-14,1645,014736,,4,2,6,5608,0,1,2,,2,301,"US-101 S/B (VENTURA FREEWAY)","MONTALVO OVERHEAD",500.00,S,N,A,-,Y,,,101,,,,,,S,N,3,0,1,2,D,-,00,,,N,B,C,A,A,H,-,A,D,0,,,Y,,Y,,-,"- ",0,1,0,0,0,0,0,0,1,"- ","- ",34.249660491943359,-119.20597839355469,VENTURA,VENTURA,-119.20598602294922,34.249641418457031
90958832,2019,2019-04-02,9770,2019-03-23,2318,020917,,6,3,9,5600,0,1,3,,1,043,"SR-126 E/B (EAST TELEGRAPH ROAD)","HOWE ROAD",500.00,W,N,A,-,Y,,,126,,,,,,E,Y,4,0,2,1,C,-,18,,,N,E,H,A,A,H,-,D,D,0,,,,,Y,,-,"- ",0,0,2,0,0,0,0,0,0,"- ","- ",34.400920867919922,-118.80674743652344,VENTURA,UNINCORPORATED,-118.80674743652344,34.400901794433594
90965766,2019,2019-04-11,9765,2019-04-03,1720,017395,,3,2,9,5600,0,3,5,,2,006,"LAS POSAS ROAD","PLEASANT VALLEY ROAD",0.00,,Y,A,-,N,,,,,,,,,,Y,2,0,1,2,A,-,09,21801,A,N,D,C,A,A,H,-,A,A,0,,,Y,,Y,,A,07,1,0,0,0,0,0,0,0,1,"- ","- ",34.205600738525391,-119.06979370117188,VENTURA,UNINCORPORATED,-119.06967926025391,34.205589294433594
90967754,2019,2019-04-15,9765,2019-04-12,1630,017395,,5,2,9,5600,0,1,3,,1,068,SR-34,"PLEASANT VALLEY ROAD",426.00,W,N,A,-,Y,,,34,,,,,,,N,4,0,1,2,A,-,03,22350,,N,C,C,A,A,H,-,A,D,0,,,,,Y,,A,07,0,0,1,0,0,0,0,0,0,"- ","- ",34.204090118408203,-119.04158782958984,VENTURA,UNINCORPORATED,-119.04157257080078,34.204082489013672
90969028,2019,2019-04-17,9765,2019-04-08,1845,020708,,1,2,9,5600,0,1,3,,1,021,SR-33,"ROSE VALLEY ROAD",22176.00,S,N,A,-,Y,,,33,,,,,,,Y,3,0,1,1,A,-,08,22107,,N,E,I,A,A,H,-,A,D,0,,,,,Y,,D,22,0,1,0,0,0,0,0,0,0,"- ","- ",34.518539428710938,-119.28022766113281,VENTURA,UNINCORPORATED,-119.28022766113281,34.518520355224609
90972860,2019,2019-04-23,9765,2019-04-11,1358,016592,,4,1,5,5601,0,1,2,,2,502,"US-101 N/B","SPRINGVILLE DRIVE",1719.00,S,N,A,-,Y,,,101,,,,,,N,Y,3,0,2,3,A,-,03,22350,,N,C,C,A,A,H,-,A,D,0,,,,,Y,,A,01,0,1,1,0,0,0,0,0,0,"- ","- ",34.220851898193359,-119.09147644042969,VENTURA,CAMARILLO,-119.09146881103516,34.220973968505859
9097563,2020,2020-11-05,5608,2020-05-14,2212,515,,4,5,6,5608,0,0,0,,0,004,"VICTORIA AV","MOON DR",0.00,,Y,A,-,N,,,,,,,,,,Y,4,0,1,2,A,-,12,21453,A,N,D,C,A,A,H,-,C,A,0,,,,,Y,,A,01,0,0,1,0,0,0,0,0,0,"- ","- ",,,VENTURA,VENTURA,-119.21051025390625,34.255790710449219
9097564,2020,2020-11-05,5608,2020-05-13,1701,440,,3,5,6,5608,0,0,0,,0,004,"VALENTINE RD","KNOLL DR",0.00,,Y,A,-,N,,,,,,,,,,N,3,0,1,2,A,-,05,21650,,N,A,G,A,A,H,-,A,D,0,,Y,,,Y,,L,04,0,1,0,0,0,0,1,0,0,"- ","- ",,,VENTURA,VENTURA,-119.21968078613281,34.256790161132812
90984129,2019,2019-05-08,9770,2019-05-01,1655,020169,,3,2,6,5607,0,1,3,,2,077,"SR-23 S/B (MOORPARK FREEWAY)","AVENIDA DE LAS FLORES",750.00,S,N,A,-,Y,,,23,,,,,,S,Y,2,0,2,1,A,-,07,21658,A,N,F,A,A,A,H,-,A,D,0,,,,,Y,,A,07,2,0,0,0,0,0,0,0,0,"- ","- ",34.203880310058594,-118.85336303710938,VENTURA,"THOUSAND OAKS",-118.85338592529297,34.20391845703125
9098886,2020,2020-09-30,5600,2020-02-28,1520,4844,5146,5,5,4,5690,0,0,0,,0,02A,"SPRING RD","RT 23",22.00,N,N,A,-,Y,VEN,7,23,-,-,14.610,H,-,S,Y,3,0,1,2,A,-,08,22100,5,N,H,C,A,A,H,-,A,A,0,,,,,Y,,J,48,0,1,0,0,0,0,0,0,0,"- ","- ",,,VENTURA,MOORPARK,-118.87790679931641,34.301548004150391
90990151,2019,2019-05-16,9765,2019-05-10,1615,022272,,5,2,9,5600,0,3,5,,2,005,"CENTRAL AVENUE","ROSE AVENUE",2640.00,S,N,B,-,N,,,,,,,,,,Y,4,0,3,3,A,-,03,22350,,N,C,C,A,A,H,-,A,D,0,,,,,Y,,D,22,0,0,3,0,0,0,0,0,0,"- ","- ",34.245510101318359,-119.13495635986328,VENTURA,UNINCORPORATED,-119.13594818115234,34.246162414550781
91008677,2019,2019-06-12,9765,2019-06-08,1148,013206,,6,1,9,5600,0,1,3,,1,062,SR-1,"YERBA BUENA ROAD",0.00,,Y,B,-,Y,,,1,,,,,,,Y,3,0,1,2,A,-,09,21801,A,N,D,C,A,A,H,-,A,D,0,,,Y,,Y,,A,07,0,1,0,0,0,0,0,0,1,"- ","- ",34.0531005859375,-118.96309661865234,VENTURA,UNINCORPORATED,-118.96311187744141,34.053066253662109
91014013,2019,2019-06-20,9765,2019-06-13,1921,020187,,4,2,9,5600,0,1,2,,2,502,"US-101 N/B","CENTRAL AVENUE",3.00,S,N,A,-,Y,,,101,,,,,,N,N,4,0,1,2,A,-,03,22350,,N,C,C,A,A,H,-,B,D,0,,,,,Y,,A,01,0,0,1,0,0,0,0,0,0,"- ","- ",34.222389221191406,-119.10201263427734,VENTURA,UNINCORPORATED,-119.10205078125,34.221874237060547
91015618,2019,2019-06-24,9770,2019-06-14,1500,021909,,5,2,4,5690,0,1,3,,2,080,"SR-118 W/B (RONALD REAGAN FREEWAY)","PRINCETON AVENUE",1000.00,W,N,A,-,Y,,,118,,,,,,W,Y,3,0,1,1,A,-,08,22107,,N,E,I,A,A,H,-,A,D,0,,,,,Y,,A,01,0,1,0,0,0,0,0,0,0,"- ","- ",34.292430877685547,-118.86110687255859,VENTURA,MOORPARK,-118.86106872558594,34.292312622070312
91020849,2019,2019-06-28,9765,2019-06-09,2003,016592,,7,2,9,5600,0,1,3,,1,062,SR-1,"DEER CREEK ROAD",1972.00,S,N,A,-,Y,,,1,,,,,,,Y,2,0,1,1,A,-,01,23152,G,N,E,I,A,A,H,-,B,D,0,,,,,Y,Y,A,01,1,0,0,0,0,0,0,0,0,"- ","- ",34.061279296875,-118.97908782958984,VENTURA,UNINCORPORATED,-118.97907257080078,34.061187744140625
91021596,2019,2019-07-01,9765,2019-06-21,1650,016592,,5,2,6,5608,0,1,3,,2,030,"SR-126 E/B","HILL STREET",10.00,W,N,B,-,Y,,,126,,,,,,E,N,3,0,1,2,A,-,11,21954,A,N,G,B,D,A,H,-,A,D,0,Y,,,,Y,,N,60,0,1,0,0,1,0,0,0,0,"- ","- ",34.272750854492188,-119.20716857910156,VENTURA,VENTURA,-119.20709991455078,34.272270202636719
91040721,2019,2019-07-29,9770,2019-07-21,0225,018885,,7,3,9,5600,0,3,5,,2,007,"CAMINO DOS RIOS","CALLE YUCCA",350.00,W,N,B,-,N,,,,,,,,,,Y,3,0,1,1,A,-,08,22107,,M,E,I,A,A,H,-,D,D,0,,,,,Y,,A,01,0,1,0,0,0,0,0,0,0,"- ","- ",34.193748474121094,-118.89743804931641,VENTURA,UNINCORPORATED,-118.89750671386719,34.193717956542969
91044302,2019,2019-08-02,9765,2019-07-26,1030,022345,,5,1,6,5608,0,1,3,,2,030,"SR-126 E/B","SATICOY AVENUE",2640.00,W,N,A,-,Y,,,126,,,,,,E,Y,3,0,1,2,A,-,07,21658,A,N,C,C,A,A,H,-,A,D,0,,,,Y,Y,,D,22,0,1,0,0,0,0,0,0,0,"- ","- ",34.282791137695312,-119.16764068603516,VENTURA,VENTURA,-119.16766357421875,34.282829284667969
91046280,2019,2019-08-06,9765,2019-07-27,0025,021682,,6,3,9,5600,0,1,3,,1,055,SR-118,"AGGEN ROAD",2000.00,E,N,A,-,Y,,,118,,,,,,,Y,3,0,1,1,A,-,08,22107,,M,E,I,A,A,H,-,C,D,0,,,,,Y,,A,07,0,1,0,0,0,0,0,0,0,"- ","- ",34.263690948486328,-119.02787780761719,VENTURA,UNINCORPORATED,-119.02787780761719,34.263744354248047
9104670,2020,2020-11-30,5608,2020-05-30,2129,507,VTA,6,5,6,5608,0,0,0,,0,003,"WELLS RD","RT 126",20.00,N,N,A,-,Y,VEN,7,126,-,-,4.894,R,4,E,Y,2,0,1,2,A,-,03,22350,,N,C,C,A,A,H,-,D,A,0,,,,,Y,Y,A,01,1,0,0,0,0,0,0,0,0,"- ",WF,,,VENTURA,VENTURA,-119.15831756591797,34.288387298583984
9105301,2020,2020-08-27,5600,2020-06-05,0843,2110,9016,5,5,6,5607,0,0,0,,0,9A01,"AVENIDA DE LOS ARBOLES","ODEBOLT DR",0.00,,Y,B,-,N,,,,,,,,,,Y,3,0,1,2,A,-,09,21802,A,N,D,C,A,A,H,-,A,A,0,,,,,Y,,A,01,0,1,0,0,0,0,0,0,0,"- ","- ",34.217838287353516,-118.87970733642578,VENTURA,"THOUSAND OAKS",-118.87979125976562,34.217861175537109
9105303,2020,2020-08-27,5600,2020-06-04,1326,4617,9024,4,5,6,5607,0,0,0,,0,9B01,"AVENIDA DE LOS ARBOLES","KENSINGTON AV",30.00,W,N,A,-,N,,,,,,,,,,Y,3,0,2,2,A,-,04,21703,,N,C,C,A,A,H,-,A,A,0,,,,,Y,,A,08,0,2,0,0,0,0,0,0,0,"- ","- ",34.212238311767578,-118.83168029785156,VENTURA,"THOUSAND OAKS",-118.83163452148438,34.212383270263672
91058190,2019,2019-08-23,9770,2019-08-21,0710,017409,,3,1,6,5607,0,1,3,,2,077,"SR-23 S/B FROM JANSS RD E/B","JANSS ROAD",634.00,S,N,A,-,Y,,,23,,,,R,,S,N,4,0,2,2,A,-,03,22350,,N,C,C,A,A,H,-,A,A,0,,,,,Y,,D,22,0,0,2,0,0,0,0,0,0,"- ","- ",34.198219299316406,-118.85661315917969,VENTURA,"THOUSAND OAKS",-118.85661315917969,34.198219299316406
91059146,2019,2019-08-26,9770,2019-08-17,1737,020832,,6,2,6,5607,0,1,2,,2,073,"US-101 S/B (VENTURA FREEWAY)","WENDY DRIVE",1478.00,S,N,A,-,Y,,,101,,,,,,S,Y,2,0,3,2,A,-,03,22350,,N,C,C,A,A,H,-,A,D,0,,,,,Y,,A,01,1,0,2,0,0,0,0,0,0,"- ","- ",34.187831878662109,-118.93482971191406,VENTURA,"THOUSAND OAKS",-118.93484497070312,34.187793731689453
91061512,2019,2019-10-17,9770,2019-08-21,1015,017435,,3,1,4,5690,0,1,3,,2,085,"SR-23 S/B (MOORPARK FREEWAY)","LOS ANGELES AVENUE",100.00,S,N,A,-,Y,,,23,,,,,,S,N,4,0,1,2,D,-,00,,,N,B,C,A,A,H,-,A,D,0,,,,Y,Y,,-,"- ",0,0,1,0,0,0,0,0,0,"- ","- ",34.281158447265625,-118.86284637451172,VENTURA,MOORPARK,-118.86288452148438,34.281143188476562
9106426,2020,2020-08-18,5608,2020-06-04,2226,454,VENTU,4,5,6,5608,0,0,0,,0,003,"TELEGRAPH RD","BROOKSHIRE AV",36.00,E,N,A,-,N,,,,,,,,,,Y,3,0,1,1,A,-,01,23152,A,N,-,I,A,A,H,-,C,D,0,,,,,Y,Y,A,01,0,1,0,0,0,0,0,0,0,"- ","- ",,,VENTURA,VENTURA,-119.21183013916016,34.278408050537109
9106455,2020,2020-10-29,5608,2020-05-29,1228,477,,5,5,6,5608,0,0,0,,0,002,"EAST THOMPSON BL","E MAIN ST",0.00,,Y,B,-,N,,,,,,,,,,N,4,0,1,1,A,-,21,22106,,N,F,A,A,A,H,-,A,A,0,,,Y,,Y,,C,03,0,0,1,0,0,0,0,0,1,"- ","- ",,,VENTURA,VENTURA,-119.25711059570312,34.271781921386719
91070378,2019,2019-09-09,9765,2019-08-29,0400,019884,,4,3,9,5600,0,1,3,,1,062,SR-1,"US NAVY RIFLE RANGE",1825.00,N,N,A,-,Y,,,1,,,,,,,Y,3,0,1,1,A,-,01,23152,A,F,E,I,A,A,H,-,D,D,0,,,,,Y,Y,A,01,0,1,0,0,0,0,0,0,0,"- ","- ",34.095100402832031,-119.07093811035156,VENTURA,UNINCORPORATED,-119.07095336914062,34.095050811767578
91072290,2019,2019-09-11,9765,2019-09-01,0130,021682,,7,3,6,5608,0,1,3,,2,040,"E/B SR-126 FROM SR-118 (WELLS ROAD)","SR-118 (WELLS ROAD)",890.00,E,N,A,-,Y,,,126,,,,R,,,Y,3,0,1,1,A,-,01,23152,A,N,E,I,A,A,D,-,C,D,0,,,,,Y,Y,A,01,0,1,0,0,0,0,0,0,0,"- ","- ",34.291030883789062,-119.15360260009766,VENTURA,VENTURA,-119.15360260009766,34.291030883789062
91073174,2019,2019-09-12,9770,2019-09-05,1040,017435,,4,1,6,5609,0,1,3,,2,083,"SR-118 E/B (RONALD REAGAN FREEWAY)","KUEHNER DRIVE",70.00,E,N,A,-,Y,,,118,,,,,,E,Y,2,0,1,2,A,-,07,21658,A,N,B,C,A,A,H,-,A,D,0,,,Y,,Y,,A,01,1,0,0,0,0,0,0,0,1,"- ","- ",34.278938293457031,-118.66210174560547,VENTURA,"SIMI VALLEY",-118.662109375,34.278907775878906
91085701,2019,2019-09-27,9765,2019-09-21,1250,020497,,6,1,6,5608,0,1,2,,1,104,"US-101 N/B","VENTURA RIVER U/C",550.00,N,N,A,-,Y,,,101,,,,,,N,Y,3,0,1,2,A,-,03,22350,,N,C,C,A,A,H,-,A,D,0,,,,,Y,,A,01,0,1,0,0,0,0,0,0,0,"- ","- ",34.280258178710938,-119.31006622314453,VENTURA,VENTURA,-119.31003570556641,34.280376434326172
9108615,2020,2020-08-06,5604,2020-04-17,1721,5490,,5,5,6,5604,0,0,0,,0,041,"SAVIERS RD","YUCCA ST",400.00,N,N,A,-,N,,,,,,,,,,N,3,0,3,4,A,-,03,22350,,N,C,C,A,A,H,-,A,D,0,,,,,Y,,A,01,0,1,2,0,0,0,0,0,0,"- ","- ",,,VENTURA,OXNARD,-119.17771148681641,34.167037963867188
9108917,2020,2020-06-26,5604,2020-03-30,1235,5586,,1,5,6,5604,0,0,0,,0,024,"SAVIERS RD","ELM ST",0.00,,Y,A,-,N,,,,,,,,,,Y,4,0,2,2,A,-,12,21453,A,F,D,C,A,A,H,-,A,A,0,,,,,Y,,A,01,0,0,2,0,0,0,0,0,0,"- ","- ",34.182758331298828,-119.17746734619141,VENTURA,OXNARD,-119.17755126953125,34.18280029296875
9109928,2020,2020-08-21,5608,2020-06-14,0722,508,,7,5,6,5608,0,0,0,,0,002,"POLI ST","VIRGINIA DR",0.00,,Y,A,-,N,,,,,,,,,,Y,3,0,1,3,A,-,08,22107,,N,C,E,A,A,H,-,A,D,0,,,,,Y,,A,01,0,1,0,0,0,0,0,0,0,"- ","- ",,,VENTURA,VENTURA,-119.26038360595703,34.279190063476562
91102440,2019,2019-10-22,9770,2019-10-13,1845,020832,,7,2,6,5607,0,1,2,,2,073,"US-101 S/B (VENTURA FREEWAY)","LYNN ROAD",1531.00,N,N,A,-,Y,,,101,,,,,,S,Y,4,0,1,2,A,-,07,21658,A,F,B,C,A,A,H,-,D,D,0,,,Y,,Y,,-,99,0,0,1,0,0,0,0,0,1,"- ","- ",34.184608459472656,-118.89659881591797,VENTURA,"THOUSAND OAKS",-118.89659881591797,34.184623718261719
91104227,2019,2019-10-23,9765,2019-10-13,0450,019884,,7,3,9,5600,0,1,2,,1,102,"US-101 N/B","SANTA BARBARA AVE",3696.00,N,N,A,-,Y,,,101,,,,,,N,Y,3,0,1,1,A,-,03,22350,,N,E,I,A,A,H,-,D,D,0,,,,,Y,,A,07,0,1,0,0,0,0,0,0,0,"- ","- ",34.370498657226562,-119.45490264892578,VENTURA,UNINCORPORATED,-119.45497894287109,34.370414733886719
91110073,2019,2019-10-30,9765,2019-10-28,0635,013555,,1,1,9,5600,0,1,3,,1,055,"SR-118 (LOS ANGELES AVENUE)","CLUBHOUSE DRIVE",1147.00,W,N,A,G,Y,,,118,,,,,,,Y,4,0,1,2,A,-,08,22107,,N,B,C,A,A,H,-,D,D,0,,,,,Y,,A,07,0,0,1,0,0,0,0,0,0,"- ","- ",34.261768341064453,-119.11746978759766,VENTURA,UNINCORPORATED,-119.11748504638672,34.261745452880859
91112358,2019,2019-11-04,9770,2019-10-28,1542,021341,,1,2,6,5609,0,1,3,,2,082,"SR-118 W/B (RONALD REAGAN FREEWAY)","SEQUOIA AVENUE",845.00,E,N,A,-,Y,,,118,,,,,,W,Y,4,0,1,1,A,-,08,22107,,N,E,I,A,A,H,-,A,D,0,,,,,Y,,A,01,0,0,1,0,0,0,0,0,0,"- ","- ",34.282241821289062,-118.72789764404297,VENTURA,"SIMI VALLEY",-118.72789764404297,34.282428741455078
91115737,2019,2019-11-07,9765,2019-10-04,2240,019884,,5,3,9,5600,0,1,3,,1,062,"SR-1 N/B","YERBA BUENA ROAD",2030.00,N,N,A,-,Y,,,1,,,,,,N,Y,3,0,3,1,A,-,01,23152,A,N,E,J,A,A,H,-,D,D,0,,,,,Y,Y,A,01,0,2,1,0,0,0,0,0,0,"- ","- ",34.056259155273438,-118.96823120117188,VENTURA,UNINCORPORATED,-118.96823883056641,34.056228637695312
91116605,2019,2019-11-08,9770,2019-10-27,2057,021341,,7,2,6,5609,0,1,3,,2,081,"SR-118 E/B (RONALD REAGAN FREEWAY)","KUEHNER DRIVE",1584.00,E,N,B,-,Y,,,118,,,,,,E,Y,4,0,2,2,A,-,08,22107,,F,C,C,A,A,H,-,C,D,0,,,,,Y,,A,07,0,0,2,0,0,0,0,0,0,"- ","- ",34.27593994140625,-118.65788269042969,VENTURA,"SIMI VALLEY",-118.65780639648438,34.275985717773438
91136208,2019,2019-12-04,9765,2019-11-23,0348,022446,,6,3,6,5608,0,1,2,,1,104,"US-101 N/B","GARDEN STREET",278.00,S,N,A,-,Y,,,101,,,,,,N,Y,2,0,2,3,A,-,01,23152,A,N,B,C,A,A,H,-,C,D,0,,,,Y,Y,Y,A,01,1,1,0,0,0,0,0,0,0,"- ","- ",34.277881622314453,-119.30172729492188,VENTURA,VENTURA,-119.30174255371094,34.277839660644531
91136219,2019,2019-12-04,9765,2019-11-24,1530,022340,,7,2,6,5608,0,1,3,,2,030,"SR-126 E/B TO SR-118","SR-118 O/C",380.00,W,N,B,-,Y,,,126,,,,R,,E,Y,3,0,1,1,A,-,08,22107,,N,E,I,A,A,H,-,A,D,0,,,,,Y,,A,01,0,1,0,0,0,0,0,0,0,"- ","- ",34.288700103759766,-119.15730285644531,VENTURA,VENTURA,-119.15730285644531,34.288700103759766
91138209,2019,2019-12-10,9770,2019-11-28,1231,016198,,4,1,6,5607,0,1,2,,2,073,"US-101 S/B (VENTURA FREEWAY)","VENTU PARK ROAD",10.00,S,N,B,-,Y,,,101,,,,,,S,N,4,0,3,2,A,-,03,22350,,N,C,C,A,B,H,-,A,D,0,,,,,Y,,A,01,0,0,3,0,0,0,0,0,0,"- ","- ",34.184310913085938,-118.91104125976562,VENTURA,"THOUSAND OAKS",-118.91104125976562,34.184284210205078
91144551,2019,2019-12-16,9765,2019-12-04,0910,016549,,3,1,9,5600,0,1,3,,1,055,"SR-118 (LOS ANGELES AVE)",SR-34,1056.00,W,N,B,-,Y,,,118,,,,,,,Y,3,0,6,3,A,-,03,22350,,N,C,C,A,B,H,-,A,A,0,,,,Y,Y,,A,07,0,4,2,0,0,0,0,0,0,"- ","- ",34.263721466064453,-118.99919891357422,VENTURA,UNINCORPORATED,-118.99919891357422,34.263767242431641
91144599,2019,2019-12-16,9765,2019-12-04,0750,013555,,3,1,9,5600,0,1,3,,1,062,"SR-1 (PACIFIC COAST HIGHWAY)","SYCAMORE CANYON ROAD",3696.00,N,N,C,-,Y,,,1,,,,,,,Y,4,0,1,1,A,-,08,22107,,N,E,I,A,B,H,-,A,D,0,,,,,Y,,A,01,0,0,1,0,0,0,0,0,0,"- ","- ",34.075878143310547,-119.02284240722656,VENTURA,UNINCORPORATED,-119.02280426025391,34.075931549072266
91149180,2019,2019-12-20,9765,2019-12-13,0017,020850,,5,3,6,5608,0,1,2,,1,104,"US-101 N/B","VISTA DEL MAR DRIVE",528.00,S,N,A,-,Y,,,101,,,,,,N,Y,3,0,1,1,A,-,01,23152,A,N,E,I,A,A,H,-,C,D,0,,,,,Y,Y,D,22,0,1,0,0,0,0,0,0,0,"- ","- ",34.272239685058594,-119.28159332275391,VENTURA,VENTURA,-119.28159332275391,34.272228240966797
91159003,2019,2020-01-03,9765,2019-12-13,0456,020497,,5,3,6,5604,0,1,2,,2,501,"US-101 S/B (VENTURA FREEWAY)","VINEYARD AVE",1276.00,S,N,A,-,Y,,,101,,,,,,S,Y,3,0,3,2,A,-,01,23152,A,N,C,C,A,A,H,-,C,D,0,,,,,Y,Y,A,01,0,2,1,0,0,0,0,0,0,"- ","- ",34.229660034179688,-119.1715087890625,VENTURA,OXNARD,-119.17153930664062,34.229629516601562