CASE_ID,ACCIDENT_YEAR,PROC_DATE,JURIS,COLLISION_DATE,COLLISION_TIME,OFFICER_ID,REPORTING_DISTRICT,DAY_OF_WEEK,CHP_SHIFT,POPULATION,CNTY_CITY_LOC,SPECIAL_COND,BEAT_TYPE,CHP_BEAT_TYPE,CITY_DIVISION_LAPD,CHP_BEAT_CLASS,BEAT_NUMBER,PRIMARY_RD,SECONDARY_RD,DISTANCE,DIRECTION,INTERSECTION,WEATHER_1,WEATHER_2,STATE_HWY_IND,CALTRANS_COUNTY,CALTRANS_DISTRICT,STATE_ROUTE,ROUTE_SUFFIX,POSTMILE_PREFIX,POSTMILE,LOCATION_TYPE,RAMP_INTERSECTION,SIDE_OF_HWY,TOW_AWAY,COLLISION_SEVERITY,NUMBER_KILLED,NUMBER_INJURED,PARTY_COUNT,PRIMARY_COLL_FACTOR,PCF_CODE_OF_VIOL,PCF_VIOL_CATEGORY,PCF_VIOLATION,PCF_VIOL_SUBSECTION,HIT_AND_RUN,TYPE_OF_COLLISION,MVIW,PED_ACTION,ROAD_SURFACE,ROAD_COND_1,ROAD_COND_2,LIGHTING,CONTROL_DEVICE,CHP_ROAD_TYPE,PEDESTRIAN_ACCIDENT,BICYCLE_ACCIDENT,MOTORCYCLE_ACCIDENT,TRUCK_ACCIDENT,NOT_PRIVATE_PROPERTY,ALCOHOL_INVOLVED,STWD_VEHTYPE_AT_FAULT,CHP_VEHTYPE_AT_FAULT,COUNT_SEVERE_INJ,COUNT_VISIBLE_INJ,COUNT_COMPLAINT_PAIN,COUNT_PED_KILLED,COUNT_PED_INJURED,COUNT_BICYCLIST_KILLED,COUNT_BICYCLIST_INJURED,COUNT_MC_KILLED,COUNT_MC_INJURED,PRIMARY_RAMP,SECONDARY_RAMP,LATITUDE,LONGITUDE,COUNTY,CITY,POINT_X,POINT_Y
9253932,2020,2021-04-26,5604,2020-12-17,1211,5514,,4,5,6,5604,0,0,0,,0,014,"N C ST","GONZALES RD",100.00,N,N,A,-,N,,,,,,,,,,N,4,0,1,2,D,-,00,,,N,G,B,F,A,H,-,A,D,0,Y,,,,Y,,-,"- ",0,0,1,0,1,0,0,0,0,"- ","- ",34.220668792724609,-119.18128967285156,VENTURA,OXNARD,-119.18083953857422,34.219463348388672
9254015,2021,2021-05-11,5608,2021-04-01,2046,503,,4,5,6,5608,0,0,0,,0,004,"SOUTH VICTORIA AV","RT 101",26.00,N,N,A,-,Y,VEN,7,101,-,R,24.797,R,4,N,Y,4,0,1,2,A,-,12,21453,A,N,D,C,A,A,H,-,C,B,0,,,,,Y,,-,,0,0,1,0,0,0,0,0,0,"- ",NO,,,VENTURA,VENTURA,-119.21292877197266,34.253868103027344
9256654,2021,2021-06-07,5604,2021-04-28,0911,5172,,3,5,6,5604,0,0,0,,0,023,"E 7TH ST","META ST",0.00,,Y,A,-,N,,,,,,,,,,Y,4,0,3,2,A,-,09,21802,A,N,D,C,A,A,H,-,A,B,0,,,,,Y,,A,01,0,0,3,0,0,0,0,0,0,"- ","- ",34.195011138916016,-119.17597198486328,VENTURA,OXNARD,-119.17597961425781,34.195030212402344
92571912,2024,2024-07-23,9765,2024-07-13,1749,023498,,6,2,9,5600,0,1,3,,1,020,"SR-33 S/B","WOODLAND AVE",200.00,N,N,A,-,Y,VEN,,33," "," ",10.706,H,,L,Y,3,0,1,2,A,-,03,22350,,N,C,C,A,A,H,-,A,D,0,,,,,Y,,D,22,0,1,0,0,0,0,0,0,0,"- ","- ",34.4228515625,-119.28975677490234,VENTURA,UNINCORPORATED,-119.28971099853516,34.422832489013672
9259254,2021,2021-05-18,5608,2021-05-07,0621,519,,5,5,6,5608,0,0,0,,0,004,"EASTMAN AV","MCGRATH ST",308.00,S,N,A,-,N,,,,,,,,,,Y,4,0,1,3,A,-,08,22107,A,N,C,E,A,A,H,-,A,A,0,,,,,Y,,A,01,0,0,1,0,0,0,0,0,0,"- ","- ",,,VENTURA,VENTURA,-119.22997283935547,34.253684997558594
9261783,2021,2021-05-04,5604,2021-03-15,0640,5540,,1,5,6,5604,0,0,0,,0,012,"N DEL NORTE BL","RT 101",1000.00,S,N,C,-,N,,,,,,,,,,Y,4,0,1,2,A,-,00,21461,,N,A,C,A,B,D,-,B,D,0,,,,,Y,,A,01,0,0,1,0,0,0,0,0,0,"- ","- ",34.20513916015625,-119.12712097167969,VENTURA,OXNARD,,
9261974,2021,2021-05-07,5604,2021-04-15,1700,5532,,4,5,6,5604,0,0,0,,0,031,"CORDOVA ST","SANTA LUCIA AV",200.00,N,N,A,-,N,,,,,,,,,,N,4,0,1,2,A,-,09,21804,A,F,D,G,A,A,H,-,A,A,0,,Y,,,Y,,B,01,0,0,1,0,0,0,1,0,0,"- ","- ",34.216350555419922,-119.15558624267578,VENTURA,OXNARD,-119.15727233886719,34.202579498291016
9261999,2021,2021-05-06,5604,2021-03-27,1044,5252,,6,5,6,5604,0,0,0,,0,024,"S C ST","WOLFF ST",20.00,S,N,A,-,N,,,,,,,,,,Y,4,0,2,2,A,-,05,21650,,N,B,C,A,A,H,-,A,D,0,,,,,Y,,A,01,0,0,2,0,0,0,0,0,0,"- ","- ",34.188301086425781,-119.18121337890625,VENTURA,OXNARD,-119.18122100830078,34.188266754150391
9265334,2020,2021-05-25,5605,2020-07-04,2135,218,PATRO,6,5,3,5605,0,0,0,,0,002,"NORTH VENTURA RD","EAST PLEASANT VALLEY RD",0.00,,Y,A,-,N,,,,,,,,,,Y,3,0,1,2,A,-,12,21453,A,F,D,C,A,A,H,-,C,B,0,,,,,Y,,A,01,0,1,0,0,0,0,0,0,0,"- ","- ",,,VENTURA,"PORT HUENEME",-119.19532775878906,34.154819488525391
9265337,2020,2021-05-25,5605,2020-07-24,1559,218,PATRO,5,5,3,5605,0,0,0,,0,003,"NORTH VENTURA RD","EAST SCOTT ST",0.00,,Y,A,-,N,,,,,,,,,,Y,4,0,1,2,A,-,09,21804,A,N,D,C,A,A,H,-,A,A,0,,,,,Y,,A,01,0,0,1,0,0,0,0,0,0,"- ","- ",,,VENTURA,"PORT HUENEME",-119.19557952880859,34.149070739746094
9265355,2020,2021-05-25,5605,2020-10-12,0720,147,,1,5,3,5605,0,0,0,,0,,"PORT HUENEME RD","MORANDA PKWY",0.00,,Y,A,-,N,,,,,,,,,,N,3,0,2,2,A,-,09,21802,A,N,D,C,A,A,H,-,A,A,0,,,,,Y,,A,01,0,2,0,0,0,0,0,0,0,"- ","- ",34.143661499023438,-119.19738006591797,VENTURA,"PORT HUENEME",-119.19232940673828,34.147701263427734
9267623,2021,2021-06-08,5605,2021-02-07,1340,220,PATRO,7,5,3,5605,0,0,0,,0,002,"CHANNEL ISLANDS BL","PATTERSON RD",272.00,E,N,A,-,N,,,,,,,,,,,4,0,2,2,A,-,03,22350,,N,C,C,A,A,H,-,A,D,0,,,,,Y,,A,01,0,0,2,0,0,0,0,0,0,"- ","- ",34.176109313964844,-119.20835113525391,VENTURA,"PORT HUENEME",-119.20751953125,34.17572021484375
9270829,2020,2021-06-02,5605,2020-01-10,1213,158,PATRO,5,5,3,5605,0,0,0,,0,001,"CHANNEL ISLANDS BL","WHEELHOUSE AV",50.00,W,N,A,C,N,,,,,,,,,,Y,4,0,3,3,A,-,04,21703,,N,C,C,A,A,H,-,A,A,0,,,,,Y,,A,01,0,0,3,0,0,0,0,0,0,"- ","- ",34.176189422607422,-119.21266937255859,VENTURA,"PORT HUENEME",-119.21288299560547,34.176013946533203
9274237,2021,2021-06-28,5604,2021-05-30,1835,5417,,7,5,6,5604,0,0,0,,0,024,"SAVIERS RD","COACH C LN",400.00,S,N,A,-,N,,,,,,,,,,Y,3,0,1,2,A,-,08,22107,,N,D,C,A,B,H,-,A,A,0,,,,,Y,,A,01,0,1,0,0,0,0,0,0,0,"- ","- ",34.177330017089844,-119.17752075195312,VENTURA,OXNARD,-119.17748260498047,34.176246643066406
9278067,2021,2021-07-12,5600,2021-05-20,1051,5481,9090,4,5,6,5607,0,0,0,,0,9Q01,"MOORPARK RD","THOUSAND OAKS BL",40.00,N,N,A,-,N,,,,,,,,,,N,4,0,1,2,A,-,08,22107,,N,B,C,A,A,H,-,A,A,0,,,,,Y,,A,01,0,0,1,0,0,0,0,0,0,"- ","- ",,,VENTURA,"THOUSAND OAKS",-118.87650299072266,34.179039001464844
9279395,2021,2021-06-11,5608,2021-05-23,1357,520,,7,5,6,5608,0,0,0,,0,004,"SOUTH VICTORIA AV","OLIVAS PARK DR",1056.00,N,N,A,-,N,,,,,,,,,,Y,3,0,4,4,A,-,03,22350,,N,C,C,A,A,H,-,A,D,0,,,,,Y,,A,01,0,1,3,0,0,0,0,0,0,"- ","- ",,,VENTURA,VENTURA,-119.21387481689453,34.246856689453125
9279492,2021,2021-06-14,5605,2021-01-14,1615,228,PATRO,4,5,3,5605,0,0,0,,0,003,"VENTURA RD","PLEASANT VALLEY RD",0.00,,Y,A,-,N,,,,,,,,,,,4,0,1,2,A,-,10,21950,A,N,-,B,B,A,H,-,A,A,0,Y,,,,Y,,A,01,0,0,1,0,1,0,0,0,0,"- ","- ",34.154861450195312,-119.19522857666016,VENTURA,"PORT HUENEME",-119.19532775878906,34.154819488525391
9285939,2021,2021-08-13,5604,2021-07-03,1600,5018,,6,5,6,5604,0,0,0,,0,012,"VINEYARD AV","SAINT MARYS DR",0.00,,Y,A,-,N,,,,,,,,,,N,4,0,1,2,A,-,09,21802,A,N,D,C,A,A,H,-,A,D,0,,,Y,,Y,,A,01,0,0,1,0,0,0,0,0,1,"- ","- ",34.226509094238281,-119.17735290527344,VENTURA,OXNARD,-119.17654418945312,34.227565765380859
92877616,2024,2024-07-29,9770,2024-07-24,1438,019849,,3,2,9,5600,0,1,3,,1,044,"SR-126 W/B (EAST TELEGRAPH ROAD)","HOPPER CANYON ROAD",1420.00,E,N,A,-,Y,VEN,,126," ",R,26.432,H,,L,Y,4,0,1,2,A,-,03,22350,,N,C,C,A,A,H,-,A,D,0,,,,Y,Y,,D,22,0,0,1,0,0,0,0,0,0,"- ","- ",34.400909423828125,-118.82750701904297,VENTURA,UNINCORPORATED,-118.8275146484375,34.400859832763672
9289385,2021,2021-07-20,5608,2021-06-22,1652,440,,2,5,6,5608,0,0,0,,0,004,"TELEPHONE RD","SOUTH VICTORIA AV",0.00,,Y,A,-,N,,,,,,,,,,N,3,0,1,2,A,-,10,21950,A,N,D,B,B,A,H,-,A,A,0,Y,,,,Y,,-,,0,1,0,0,1,0,0,0,0,"- ","- ",,,VENTURA,VENTURA,-119.21256256103516,34.265457153320312
9293191,2021,2021-08-30,5608,2021-07-10,2000,505,,6,5,6,5608,0,0,0,,0,004,"JOHNSON DR","RT 101",0.00,,Y,A,-,Y,VEN,7,101,-,R,23.712,R,4,N,N,3,0,1,2,A,-,03,22350,,N,C,C,A,A,H,-,B,D,0,,,,,Y,,A,01,0,1,0,0,0,0,0,0,0,"- ",NO,,,VENTURA,VENTURA,-119.1968994140625,34.245471954345703
9299398,2021,2021-08-31,5604,2021-07-18,2258,5563,,7,5,6,5604,0,0,0,,0,011,"DORIS AV","N PATTERSON RD",0.00,,Y,A,-,N,,,,,,,,,,N,4,0,1,2,A,-,01,23152,A,N,C,C,A,A,H,-,C,D,0,,,,,Y,Y,A,01,0,0,1,0,0,0,0,0,0,"- ","- ",34.208328247070312,-119.19467163085938,VENTURA,OXNARD,-119.20786285400391,34.208450317382812
9299404,2021,2021-09-01,5604,2021-07-14,1100,5623,,3,5,6,5604,0,0,0,,0,024,"SAVIERS RD","E LAUREL ST E",0.00,,Y,A,-,N,,,,,,,,,,Y,4,0,2,2,A,-,09,21801,A,N,D,C,A,A,H,-,A,A,0,,,,,Y,,A,01,0,0,2,0,0,0,0,0,0,"- ","- ",,,VENTURA,OXNARD,-119.177490234375,34.177345275878906
9303990,2021,2021-09-16,5604,2021-07-24,2300,5450,,6,5,6,5604,0,0,0,,0,042,"S ROSE AV","E PLEASANT VALLEY RD",0.00,,Y,A,-,N,,,,,,,,,,Y,4,0,1,2,A,-,12,21453,A,M,-,C,A,A,H,-,C,A,0,,,,,Y,,A,01,0,0,1,0,0,0,0,0,0,"- ","- ",34.157928466796875,-119.15944671630859,VENTURA,OXNARD,-119.15953063964844,34.157852172851562
93097506,2024,2024-08-01,9765,2024-07-22,1150,023703,,1,1,9,5600,0,3,5,,2,006,"HUENEME ROAD","EDISON DRIVE",1267.00,E,N,A,-,N,,,,,,,,,,N,4,0,2,2,A,-,08,22107,,N,D,C,A,A,H,-,A,D,0,,,,,Y,,A,01,0,0,2,0,0,0,0,0,0,"- ","- ",34.147289276123047,-119.16248321533203,VENTURA,UNINCORPORATED,-119.16246032714844,34.147335052490234
9313615,2021,2021-10-06,5604,2021-06-01,2050,4795,,2,5,6,5604,0,0,0,,0,012,"WANKEL WY","GRAVES AV",0.00,,Y,A,-,N,,,,,,,,,,N,4,0,2,2,D,-,00,,,N,D,C,A,A,H,-,C,A,0,,,,,Y,Y,-,"- ",0,0,2,0,0,0,0,0,0,"- ","- ",34.216800689697266,-119.14643859863281,VENTURA,OXNARD,-119.14641571044922,34.216812133789062
9316053,2021,2021-09-23,5608,2021-08-17,1754,459,5608,2,5,6,5608,0,0,0,,0,002,"E MAIN ST","CENTRAL AV",0.00,,Y,A,-,N,,,,,,,,,,N,4,0,1,2,A,-,05,21650,,F,D,G,A,A,H,-,A,A,0,,Y,,,Y,,L,04,0,0,1,0,0,0,1,0,0,"- ","- ",,,VENTURA,VENTURA,-119.25595855712891,34.271026611328125
9318717,2021,2021-09-29,5608,2021-08-25,0725,529,,3,5,6,5608,0,0,0,,0,001,"E SANTA CLARA ST","PALM ST",28.00,E,N,A,-,N,,,,,,,,,,N,3,0,1,2,A,-,09,21801,,N,A,G,A,A,H,-,A,A,0,,Y,,,Y,,A,01,0,1,0,0,0,0,1,0,0,"- ","- ",,,VENTURA,VENTURA,-119.29609680175781,34.279529571533203
9322121,2021,2021-10-09,5604,2021-08-28,1327,5641,,6,5,6,5604,0,0,0,,0,031,"N ROSE AV","CAMINO DEL SOL",30.00,S,N,A,-,N,,,,,,,,,,N,4,0,1,2,A,-,21,22106,,N,G,B,F,A,H,-,A,D,0,Y,,,,Y,,A,07,0,0,1,0,1,0,0,0,0,"- ","- ",34.206119537353516,-119.15923309326172,VENTURA,OXNARD,-119.15966796875,34.206268310546875
9322980,2021,2021-09-16,5600,2021-08-31,1853,3147,9176,2,5,6,5607,0,0,0,,0,9D01,"AGOURA RD","CANTERFORD CIR",0.00,,Y,A,-,N,,,,,,,,,,Y,4,0,2,2,A,-,01,23152,A,N,H,C,A,A,H,-,A,D,0,,,,,Y,Y,D,22,0,0,2,0,0,0,0,0,0,"- ","- ",34.154518127441406,-118.82723999023438,VENTURA,"THOUSAND OAKS",-118.82710266113281,34.151210784912109
9323901,2021,2021-09-15,5608,2021-08-27,2219,429,,5,5,6,5608,0,0,0,,0,001,"SOUTH FIGUEROA ST","THOMPSON BL",170.00,S,N,B,-,N,,,,,,,,,,Y,4,0,1,1,C,-,18,,,N,H,A,A,A,B,D,C,D,0,,,Y,,Y,,-,"- ",0,0,1,0,0,0,0,0,1,"- ","- ",,,VENTURA,VENTURA,-119.2977294921875,34.277793884277344
9336840,2021,2021-09-24,5604,2021-08-24,2041,5508,,2,5,6,5604,0,0,0,,0,024,"C ST","WOLFF ST",5.00,S,N,A,-,N,,,,,,,,,,N,4,0,1,2,A,-,03,22350,,F,B,G,A,A,H,-,C,D,0,,Y,,,Y,,A,07,0,0,1,0,0,0,1,0,0,"- ","- ",34.188301086425781,-119.18121337890625,VENTURA,OXNARD,-119.18122100830078,34.188304901123047
9353588,2021,2021-11-08,5604,2021-09-15,1953,5435,,3,5,6,5604,0,0,0,,0,022,"W 2ND ST","S F ST 5",0.00,,Y,A,-,N,,,,,,,,,,N,4,0,1,2,A,-,09,21802,A,N,D,C,A,A,H,-,C,A,0,,,,,Y,,A,01,0,0,1,0,0,0,0,0,0,"- ","- ",34.201690673828125,-119.18528747558594,VENTURA,OXNARD,-119.18510437011719,34.201690673828125
9353590,2021,2021-11-09,5604,2021-09-15,1437,5637,,3,5,6,5604,0,0,0,,0,014,"W VINEYARD AV","KENTIA ST",0.00,,Y,A,-,N,,,,,,,,,,Y,4,0,4,2,A,-,09,21801,A,N,D,C,A,A,H,-,A,D,0,,,,,Y,,A,07,0,0,4,0,0,0,0,0,0,"- ","- ",,,VENTURA,OXNARD,-119.18930816650391,34.229259490966797
9353599,2021,2021-12-03,5604,2021-09-25,0202,5405,,6,5,6,5604,0,0,0,,0,041,"SAVIERS RD","BARD RD",50.00,S,N,A,-,N,,,,,,,,,,Y,4,0,1,2,B,-,22,,,N,C,C,A,A,H,-,C,D,0,,,,,Y,,A,01,0,0,1,0,0,0,0,0,0,"- ","- ",34.1656494140625,-119.17707061767578,VENTURA,OXNARD,-119.17778015136719,34.160861968994141
9354223,2021,2021-12-15,5604,2021-10-02,0610,5530,,6,5,6,5604,0,0,0,,0,024,"W HEMLOCK ST","ALTURAS ST",30.00,E,N,A,-,N,,,,,,,,,,Y,4,0,1,3,A,-,08,22107,,N,D,C,A,A,H,-,A,D,0,,,,,Y,,A,01,0,0,1,0,0,0,0,0,0,"- ","- ",34.181179046630859,-119.2020263671875,VENTURA,OXNARD,-119.20194244384766,34.181179046630859
9354354,2021,2021-12-13,5608,2021-10-20,0724,406,,3,5,6,5608,0,0,0,,0,004,"VICTORIA AV","GAVIOTA LN",330.00,N,N,A,-,N,,,,,,,,,,N,4,0,1,2,A,-,03,22350,,N,C,C,A,A,H,-,A,A,0,,,,,Y,,A,01,0,0,1,0,0,0,0,0,0,"- ","- ",,,VENTURA,VENTURA,-119.21222686767578,34.263774871826172
9354355,2021,2021-12-13,5608,2021-10-22,0755,517,,5,5,6,5608,0,0,0,,0,001,"E SANTA CLARA ST","S ANN ST",25.00,S,N,A,-,N,,,,,,,,,,Y,3,0,3,4,A,-,09,21804,A,N,D,D,A,A,H,-,A,A,0,,,,,Y,,A,01,0,3,0,0,0,0,0,0,0,"- ","- ",,,VENTURA,VENTURA,-119.28395843505859,34.279560089111328
9359088,2021,2021-12-14,5604,2021-10-06,1858,5378,,3,5,6,5604,0,0,0,,0,024,"S C ST","W ELM ST W",0.00,,Y,A,-,N,,,,,,,,,,Y,4,0,1,3,A,-,12,22450,A,F,D,C,A,A,H,-,B,D,0,,,,,Y,,A,01,0,0,1,0,0,0,0,0,0,"- ","- ",34.183601379394531,-119.18125152587891,VENTURA,OXNARD,-119.18128204345703,34.183620452880859
9359092,2021,2021-12-14,5604,2021-10-10,1730,5569,,7,5,6,5604,0,0,0,,0,023,"W 3RD ST","S A ST S",0.00,,Y,A,-,N,,,,,,,,,,Y,3,0,1,2,A,-,12,21453,A,N,D,C,A,A,H,-,A,A,0,,,,,Y,,A,07,0,1,0,0,0,0,0,0,0,"- ","- ",34.200321197509766,-119.17855072021484,VENTURA,OXNARD,-119.17855834960938,34.200351715087891
9362729,2021,2021-11-30,5604,2021-04-17,2118,5502,,6,5,6,5604,0,0,0,,0,032,"OLDS RD","CHANNEL ISLANDS BL",100.00,S,N,A,-,N,,,,,,,,,,N,4,0,1,2,A,-,10,21950,A,F,G,B,C,A,H,-,D,D,0,Y,,,,Y,,A,01,0,0,1,0,1,0,0,0,0,"- ","- ",34.172748565673828,-119.15119171142578,VENTURA,OXNARD,-119.15120697021484,34.1729736328125
9368620,2021,2021-12-07,5604,2021-10-11,0401,5572,,1,5,6,5604,0,0,0,,0,012,"N ROSE AV","CESAR CHAVEZ DR",0.00,,Y,A,-,N,,,,,,,,,,N,4,0,1,2,A,-,10,21950,A,N,G,B,B,A,H,-,C,A,0,Y,,,,Y,,A,01,0,0,1,0,1,0,0,0,0,"- ","- ",34.213138580322266,-119.15959167480469,VENTURA,OXNARD,-119.15969848632812,34.213150024414062
9368624,2021,2021-12-20,5604,2021-10-27,2327,5378,,3,5,6,5604,0,0,0,,0,024,"S VENTURA RD","HILL ST",20.00,N,N,A,-,N,,,,,,,,,,Y,4,0,1,2,A,-,03,22350,,N,D,E,A,A,H,-,C,A,0,,,,,Y,,A,01,0,0,1,0,0,0,0,0,0,"- ","- ",34.1864013671875,-119.19523620605469,VENTURA,OXNARD,-119.19568634033203,34.186454772949219
93764277,2024,2024-08-14,9770,2024-08-04,1725,023391,,7,2,6,5607,0,1,2,,2,074,"US-101 N/B (VENTURA FREEWAY)","RANCHO ROAD",450.00,S,N,A,-,Y,VEN,,101," "," ",2.941,H,,R,N,4,0,1,2,A,-,03,22350,,N,C,C,A,A,H,-,A,D,0,,,,,Y,,A,01,0,0,1,0,0,0,0,0,0,"- ","- ",34.176078796386719,-118.85677337646484,VENTURA,"THOUSAND OAKS",-118.85677337646484,34.176010131835938
93767413,2024,2024-08-06,9765,2024-07-27,1520,022318,,6,2,9,5600,0,3,5,,2,004,"BARDSDALE AVENUE","OWENS STREET",0.00,,Y,A,-,N,,,,,,,,,,Y,4,0,2,2,A,-,09,21801,A,N,D,C,A,A,H,-,A,D,0,,,,,Y,,A,07,0,0,2,0,0,0,0,0,0,"- ","- ",34.371578216552734,-118.93110656738281,VENTURA,UNINCORPORATED,-118.93104553222656,34.371547698974609
93769431,2024,2024-08-08,9765,2024-07-31,1902,022472,,3,2,9,5600,0,3,5,,2,002,"FERNANDO DR","S. PADRE JUAN AVE",0.00,,Y,A,-,N,,,,,,,,,,Y,3,0,3,2,A,-,01,23152,A,N,D,C,A,A,H,-,B,A,0,,,,,Y,Y,A,01,0,1,2,0,0,0,0,0,0,"- ","- ",34.450759887695312,-119.27754211425781,VENTURA,UNINCORPORATED,-119.27753448486328,34.450748443603516
9383192,2021,2022-01-03,5604,2021-11-19,1033,5242,,5,5,6,5604,0,0,0,,0,014,"VINEYARD AV","H ST",0.00,,Y,A,-,N,,,,,,,,,,Y,4,0,2,2,A,-,09,21801,B,N,D,C,A,A,H,-,A,A,0,,,,,Y,,A,07,0,0,2,0,0,0,0,0,0,"- ","- ",,,VENTURA,OXNARD,-119.18618011474609,34.229251861572266
9390097,2021,2022-01-21,5608,2021-12-22,1821,506,,3,5,6,5608,0,0,0,,0,001,"CHESTNUT ST","E SANTA CLARA ST",0.00,,Y,C,-,N,,,,,,,,,,Y,4,0,2,2,A,-,12,21453,A,N,D,C,A,B,H,-,C,A,0,,,,,Y,,A,01,0,0,2,0,0,0,0,0,0,"- ","- ",,,VENTURA,VENTURA,-119.29154968261719,34.279541015625
9390923,2021,2022-02-18,5604,2021-12-16,2043,5643,,4,5,6,5604,0,0,0,,0,031,"N HARRISON AV","COOPER RD",0.00,,Y,B,C,N,,,,,,,,,,Y,4,0,1,3,A,-,12,22450,A,F,A,C,A,B,H,-,C,A,0,,,,,Y,,A,01,0,0,1,0,0,0,0,0,0,"- ","- ",34.204181671142578,-119.17601013183594,VENTURA,OXNARD,-119.17630767822266,34.204563140869141
9390927,2021,2022-01-24,5604,2021-12-14,0659,5512,,2,5,6,5604,0,0,0,,0,031,"E 3RD ST","S JUANITA AV",0.00,,Y,C,-,N,,,,,,,,,,Y,3,0,4,3,A,-,09,21801,A,F,A,C,A,B,H,-,A,D,0,,,,,Y,,A,01,0,1,3,0,0,0,0,0,0,"- ","- ",34.200508117675781,-119.16851806640625,VENTURA,OXNARD,-119.16853332519531,34.200531005859375
94019036,2024,2024-08-09,9765,2024-08-04,1520,021999,,7,2,6,5608,0,1,2,,2,302,"US-101 N/B (VENTURA FREEWAY)","VISTA DEL MAR",1690.00,S,N,A,-,Y,VEN,,101," "," ",29.181,H,,R,N,4,0,1,3,A,-,03,22350,,M,C,C,A,A,D,-,A,D,0,,,,,Y,,-,99,0,0,1,0,0,0,0,0,0,"- ","- ",34.272071838378906,-119.27800750732422,VENTURA,VENTURA,-119.27800750732422,34.272060394287109
9402090,2022,2022-02-25,5605,2022-01-23,1357,234,PATRO,7,5,3,5605,0,0,0,,0,001,"CHANNEL ISLAND BL","BOLKER DR",0.00,,Y,A,-,N,,,,,,,,,,Y,4,0,3,2,A,-,09,21802,A,N,D,C,A,A,H,-,A,D,0,,,,,Y,,A,01,0,0,3,0,0,0,0,0,0,"- ","- ",34.175811767578125,-119.20623016357422,VENTURA,"PORT HUENEME",-119.20624542236328,34.175968170166016
9404120,2022,2022-02-08,5604,2022-01-09,1223,5306,,7,5,6,5604,0,0,0,,0,031,"ROSE AV","SAN GROGONIO AV",0.00,,Y,A,-,N,,,,,,,,,,N,4,0,2,2,A,-,04,21703,,N,C,C,A,A,H,-,A,B,0,,,,,Y,,A,01,0,0,2,0,0,0,0,0,0,"- ","- ",34.204830169677734,-119.15969085693359,VENTURA,OXNARD,-119.15978240966797,34.204841613769531
9404315,2022,2022-02-14,5604,2022-01-12,1227,5637,,3,5,6,5604,0,0,0,,0,021,"PILOT WY","OARFISH CT",20.00,N,N,A,-,N,,,,,,,,,,N,4,0,1,2,A,-,04,21703,,N,C,E,A,A,H,-,A,D,0,,,,,Y,,A,01,0,0,1,0,0,0,0,0,0,"- ","- ",,,VENTURA,OXNARD,-119.21462249755859,34.193675994873047
9413056,2021,2022-03-04,5604,2021-11-10,0148,5642,,3,5,6,5604,0,0,0,,0,014,"HOLLY AV","VENTURA RD",60.00,E,N,A,-,N,,,,,,,,,,Y,3,0,1,1,A,-,01,23152,A,N,B,I,A,A,H,-,C,A,0,,,,,Y,Y,A,01,0,1,0,0,0,0,0,0,0,"- ","- ",34.226840972900391,-119.19422149658203,VENTURA,OXNARD,-119.19441223144531,34.226676940917969
9413347,2022,2022-04-06,5604,2022-02-07,2040,5018,,1,5,6,5604,0,0,0,,0,022,"S OXNARD BL","W WOODLEY RD",0.00,,Y,A,-,N,,,,,,,,,,Y,3,0,1,1,A,-,01,23152,A,N,E,I,A,A,H,-,C,A,0,,,,,Y,Y,A,01,0,1,0,0,0,0,0,0,0,"- ","- ",34.189781188964844,-119.17662048339844,VENTURA,OXNARD,-119.17754364013672,34.1900634765625
9413353,2022,2022-03-10,5604,2022-02-06,1507,5583,,7,5,6,5604,0,0,0,,0,041,"GARY DR","ROSE AV",0.00,,Y,A,-,N,,,,,,,,,,N,4,0,1,2,A,-,05,21650,1,N,B,G,A,A,H,-,A,A,0,,Y,,,Y,,L,04,0,0,1,0,0,0,1,0,0,"- ","- ",34.167919158935547,-119.15956115722656,VENTURA,OXNARD,-119.15963745117188,34.16796875
9423544,2022,2022-03-29,5608,2022-02-25,0954,445,,5,5,6,5608,0,0,0,,0,002,"SEAWARD AV","THOMPSON BL",15.00,N,N,A,-,N,,,,,,,,,,N,4,0,1,2,A,-,03,22350,A,F,C,C,A,A,H,-,A,A,0,,,,,Y,Y,-,,0,0,1,0,0,0,0,0,0,"- ","- ",,,VENTURA,VENTURA,-119.26636505126953,34.273616790771484
9430198,2022,2022-04-08,5604,2022-03-13,2352,5534,,7,5,6,5604,0,0,0,,0,021,"SOUTH VICTORIA AV","CURLEW WY",200.00,N,N,A,-,N,,,,,,,,,,Y,3,0,1,1,A,-,01,23152,A,N,A,I,A,A,H,-,C,D,0,,,,,Y,Y,A,01,0,1,0,0,0,0,0,0,0,"- ","- ",34.170719146728516,-119.22154235839844,VENTURA,OXNARD,-119.22161865234375,34.171279907226562
9432320,2021,2022-06-22,5604,2021-06-01,2319,5403,,2,5,6,5604,0,0,0,,0,023,"OXNARD BL","COOPER RD",15.00,N,N,A,-,N,,,1,,,,,,,Y,4,0,3,2,A,-,00,2800,2,N,D,C,A,A,H,-,C,A,0,,,,,Y,,A,01,0,0,3,0,0,0,0,0,0,"- ","- ",34.198970794677734,-119.17735290527344,VENTURA,OXNARD,-119.17732238769531,34.198970794677734
9433297,2022,2022-09-27,5608,2022-08-28,1202,499,32,7,5,6,5608,0,0,0,,0,001,"RAMONA ST","OLIVE ST",32.00,W,N,A,-,N,,,,,,,,,,N,4,0,1,2,A,-,21,22106,,N,H,C,A,A,H,-,A,D,0,,,,,Y,,J,48,0,0,1,0,0,0,0,0,0,"- ","- ",,,VENTURA,VENTURA,-119.30149078369141,34.290328979492188