CASE_ID,ACCIDENT_YEAR,PROC_DATE,JURIS,COLLISION_DATE,COLLISION_TIME,OFFICER_ID,REPORTING_DISTRICT,DAY_OF_WEEK,CHP_SHIFT,POPULATION,CNTY_CITY_LOC,SPECIAL_COND,BEAT_TYPE,CHP_BEAT_TYPE,CITY_DIVISION_LAPD,CHP_BEAT_CLASS,BEAT_NUMBER,PRIMARY_RD,SECONDARY_RD,DISTANCE,DIRECTION,INTERSECTION,WEATHER_1,WEATHER_2,STATE_HWY_IND,CALTRANS_COUNTY,CALTRANS_DISTRICT,STATE_ROUTE,ROUTE_SUFFIX,POSTMILE_PREFIX,POSTMILE,LOCATION_TYPE,RAMP_INTERSECTION,SIDE_OF_HWY,TOW_AWAY,COLLISION_SEVERITY,NUMBER_KILLED,NUMBER_INJURED,PARTY_COUNT,PRIMARY_COLL_FACTOR,PCF_CODE_OF_VIOL,PCF_VIOL_CATEGORY,PCF_VIOLATION,PCF_VIOL_SUBSECTION,HIT_AND_RUN,TYPE_OF_COLLISION,MVIW,PED_ACTION,ROAD_SURFACE,ROAD_COND_1,ROAD_COND_2,LIGHTING,CONTROL_DEVICE,CHP_ROAD_TYPE,PEDESTRIAN_ACCIDENT,BICYCLE_ACCIDENT,MOTORCYCLE_ACCIDENT,TRUCK_ACCIDENT,NOT_PRIVATE_PROPERTY,ALCOHOL_INVOLVED,STWD_VEHTYPE_AT_FAULT,CHP_VEHTYPE_AT_FAULT,COUNT_SEVERE_INJ,COUNT_VISIBLE_INJ,COUNT_COMPLAINT_PAIN,COUNT_PED_KILLED,COUNT_PED_INJURED,COUNT_BICYCLIST_KILLED,COUNT_BICYCLIST_INJURED,COUNT_MC_KILLED,COUNT_MC_INJURED,PRIMARY_RAMP,SECONDARY_RAMP,LATITUDE,LONGITUDE,COUNTY,CITY,POINT_X,POINT_Y
9436361,2022,2022-05-11,5604,2022-04-22,0643,5172,,5,5,6,5604,0,0,0,,0,014,"N OXNARD BL","RT 101",0.00,,Y,A,-,N,,,,,,,,,,Y,4,0,2,2,D,-,00,,,N,D,C,A,B,H,-,A,A,0,,,,,Y,,-,"- ",0,0,2,0,0,0,0,0,0,"- ","- ",34.239528656005859,-119.18110656738281,VENTURA,OXNARD,,
9436373,2022,2022-05-10,5604,2022-04-10,2113,5655,,7,5,6,5604,0,0,0,,0,014,"N OXNARD BL","VINEYARD AV",1000.00,N,N,A,-,N,,,,,,,,,,Y,2,0,2,2,A,-,03,22350,1,N,E,I,A,A,H,-,D,D,0,,,,Y,Y,Y,F,26,1,0,1,0,0,0,0,0,0,"- ","- ",34.229629516601562,-119.17742156982422,VENTURA,OXNARD,-119.17833709716797,34.229175567626953
9436712,2022,2022-05-06,5604,2022-04-08,1913,5532,,5,5,6,5604,0,0,0,,0,023,"S OXNARD BL","WOOLEY RD",30.00,N,N,A,-,N,,,,,,,,,,N,4,0,1,2,A,-,04,21703,,N,C,C,A,A,H,-,A,A,0,,,,,Y,,A,01,0,0,1,0,0,0,0,0,0,"- ","- ",34.190811157226562,-119.17769622802734,VENTURA,OXNARD,-119.17753601074219,34.190143585205078
94369624,2024,2024-08-26,9765,2024-08-19,1919,021485,,1,2,6,5608,0,1,3,,2,030,"SR-126 E/B FROM VICTORIA AVENUE","VICTORIA AVENUE",75.00,E,N,A,-,Y,,,,,,,,,,N,3,0,1,1,A,-,03,22350,,N,F,I,A,A,H,-,A,D,0,,,Y,,Y,,C,02,0,1,0,0,0,0,0,0,1,"- ","- ",34.270919799804688,-119.21317291259766,VENTURA,VENTURA,-119.21276092529297,34.271419525146484
94369674,2024,2024-08-26,9765,2024-08-19,"930 ",017253,,1,1,9,5600,0,1,2,,1,101,"US-101 S/B (VENTURA FREEWAY)","PADRE JUAN CYN RD",1095.00,N,N,A,-,Y,VEN,,101," ",R,36.976,H,,L,Y,2,0,3,1,A,-,08,22107,,N,F,A,A,A,H,-,A,D,0,,,,,Y,,D,22,1,2,0,0,0,0,0,0,0,"- ","- ",34.322700500488281,-119.39177703857422,VENTURA,UNINCORPORATED,-119.39163208007812,34.322834014892578
94371119,2024,2024-08-27,9770,2024-08-12,1904,023853,,1,2,6,5607,0,1,2,,2,072,"US-101 N/B (VENTURA FREEWAY)","VENTU PARK ROAD",2640.00,S,N,A,-,Y,VEN,,101," "," ",5.675,H,,R,N,4,0,1,2,A,-,01,23152,A,N,C,C,A,A,H,-,A,D,0,,,,,Y,Y,A,07,0,0,1,0,0,0,0,0,0,"- ","- ",34.184471130371094,-118.90225982666016,VENTURA,"THOUSAND OAKS",-118.90225982666016,34.184513092041016
9438032,2022,2022-05-18,5608,2022-04-30,2244,453,,6,5,6,5608,0,0,0,,0,001,"THOMPSON BL","CALIFORNIA ST",0.00,,Y,A,-,N,,,,,,,,,,Y,4,0,1,2,A,-,12,21453,A,F,D,C,A,A,H,-,C,A,0,,,,,Y,,-,,0,0,1,0,0,0,0,0,0,"- ","- ",,,VENTURA,VENTURA,-119.29306030273438,34.278247833251953
94390594,2024,2024-09-11,9765,2024-08-31,2500,019884,,6,4,9,5600,0,1,3,,1,042,"SR-126 (E TELEGRAPH ROAD)","TIMBER CANYON ROAD",1478.00,W,N,A,-,Y,VEN,,126," ",R,15.165,H,,R,Y,3,0,1,1,A,-,08,22107,,M,E,9,A,A,H,-,D,D,0,,,,,Y,,D,22,0,1,0,0,0,0,0,0,0,"- ","- ",34.373458862304688,-119.01274108886719,VENTURA,UNINCORPORATED,-119.01277923583984,34.373569488525391
94398823,2024,2024-09-18,9770,2024-09-09,1800,023853,,1,2,9,5600,0,2,4,,1,056,"GRIMES CANYON ROAD","WINCHESTER DRIVE",50.00,N,N,A,-,N,,,,,,,,,,N,4,0,1,1,A,-,08,22107,,N,E,I,A,A,H,-,A,D,0,,,,,Y,,D,22,0,0,1,0,0,0,0,0,0,"- ","- ",34.293251037597656,-118.92375946044922,VENTURA,UNINCORPORATED,-118.92336273193359,34.293544769287109
9440146,2022,2022-04-26,5604,2022-03-27,1441,5585,,7,5,6,5604,0,0,0,,0,022,"S OXNARD BL","2ND ST",0.00,,Y,A,-,N,,,,,,,,,,Y,4,0,1,2,A,-,09,21801,A,N,D,C,A,A,H,-,A,A,0,,,,,Y,,A,01,0,0,1,0,0,0,0,0,0,"- ","- ",34.201808929443359,-119.17754364013672,VENTURA,OXNARD,-119.17741394042969,34.201618194580078
9440151,2022,2022-04-27,5604,2022-03-23,1701,5390,,3,5,6,5604,0,0,0,,0,014,"W GONZALES RD","OXNARD BL",305.00,W,N,A,-,N,,,,,,,,,,N,3,0,1,2,A,-,05,21650,1,N,D,G,A,A,H,-,A,A,0,,Y,,,Y,,L,04,0,1,0,0,0,0,1,0,0,"- ","- ",34.220199584960938,-119.17978668212891,VENTURA,OXNARD,-119.17826080322266,34.219062805175781
9440152,2022,2022-04-27,5604,2022-03-22,1632,5650,,2,5,6,5604,0,0,0,,0,041,"SAVIERS RD","THOMAS AV",60.00,N,N,A,-,N,,,,,,,,,,N,4,0,1,2,A,-,07,21658,A,N,B,C,A,A,A,H,A,D,0,,,,,Y,,A,01,0,0,1,0,0,0,0,0,0,"- ","- ",34.170478820800781,-119.17758178710938,VENTURA,OXNARD,-119.17754364013672,34.169933319091797
94407447,2024,2024-09-25,9765,2024-09-17,1340,022318,,2,1,9,5600,0,3,5,,2,004,"BARDSDALE AVENUE","SANTA PAULA STREET",15.00,N,N,A,-,N,,,,,,,,,,Y,4,0,2,2,A,-,08,22107,,N,A,C,A,A,H,-,A,A,0,,,,Y,Y,,D,22,0,0,2,0,0,0,0,0,0,"- ","- ",34.371589660644531,-118.93759155273438,VENTURA,UNINCORPORATED,-118.93760681152344,34.371578216552734
94408968,2024,2024-09-26,9765,2024-09-10,1550,023498,,2,2,9,5600,0,1,3,,1,020,"SR-33 N/B","KUNKLE ST",25.00,N,N,A,-,Y,VEN,,33," "," ",8.619,H,,R,Y,3,0,1,4,A,-,03,22350,,N,C,C,A,A,H,-,A,A,0,,,,,Y,,A,07,0,1,0,0,0,0,0,0,0,"- ","- ",34.394481658935547,-119.30043029785156,VENTURA,UNINCORPORATED,-119.30043792724609,34.394481658935547
94414873,2024,2024-10-01,9770,2024-09-25,"340 ",022443,,3,3,5,5601,0,1,2,,2,070,"US-101 N/B (VENTURA FREEWAY)","CAMARILLO SPRINGS ROAD",2059.00,S,N,E,-,Y,VEN,,101," "," ",10.363,H,,R,Y,3,0,1,1,A,-,01,23152,A,N,E,I,A,B,H,-,C,D,0,,,,,Y,Y,A,01,0,1,0,0,0,0,0,0,0,"- ","- ",34.201759338378906,-118.97828674316406,VENTURA,CAMARILLO,-118.97824859619141,34.201820373535156
9441754,2022,2022-05-13,5604,2022-04-15,1204,5413,,5,5,6,5604,0,0,0,,0,041,"CLOYNE ST","E CHANNEL ISLANDS BL",200.00,S,N,A,-,N,,,,,,,,,,N,4,0,1,2,A,-,21,22106,,N,C,C,A,A,H,-,A,D,0,,,,,Y,,M,96,0,0,1,0,0,0,0,0,0,"- ","- ",34.171470642089844,-119.17237091064453,VENTURA,OXNARD,-119.17266845703125,34.1728515625
94426130,2024,2024-10-10,9765,2024-10-03,2225,019034,,4,3,9,5600,0,1,3,,1,022,SR-150,"LAGUNA RIDGE FIRE ROAD",1711.00,W,N,A,-,N,,,,,,,,,,Y,3,0,1,1,A,-,08,22107,,N,E,I,A,A,H,-,D,D,0,,,,,Y,,A,01,0,1,0,0,0,0,0,0,0,"- ","- ",34.393871307373047,-119.35368347167969,VENTURA,UNINCORPORATED,-119.36058807373047,34.400787353515625
9443361,2022,2022-05-03,5608,2022-04-17,1146,543,,7,5,6,5608,0,0,0,,0,003,"VICTORIA AV","WOODLAND ST",0.00,,Y,A,-,N,,,,,,,,,,N,4,0,1,2,A,-,12,21453,A,N,-,C,A,A,H,-,A,A,0,,,,,Y,,A,01,0,0,1,0,0,0,0,0,0,"- ","- ",,,VENTURA,VENTURA,-119.21461486816406,34.27557373046875
94435220,2024,2024-10-17,9765,2024-10-10,1730,021015,,4,2,9,5600,0,3,5,,2,006,"E. PLEASANT VALLEY ROAD","EUBANKS STREET",430.00,E,N,A,-,N,,,,,,,,,,N,4,0,1,2,A,-,03,22350,,N,C,C,A,A,H,-,A,D,0,,,,,Y,,D,22,0,0,1,0,0,0,0,0,0,"- ","- ",34.205669403076172,-119.07984161376953,VENTURA,UNINCORPORATED,-119.07994842529297,34.205654144287109
9443993,2022,2022-05-16,5604,2022-03-17,1200,5378,,4,5,6,5604,0,0,0,,0,022,"W 5TH AV","HOBSON WY",500.00,W,N,A,-,N,,,,,,,,,,N,4,0,1,3,A,-,08,22107,,N,G,E,-,A,H,-,A,D,0,Y,,,,Y,,A,01,0,0,1,0,1,0,0,0,0,"- ","- ",34.197059631347656,-119.18669128417969,VENTURA,OXNARD,-119.18955230712891,34.197700500488281
9444107,2022,2022-05-19,5604,2022-04-17,1550,5454,,7,5,6,5604,0,0,0,,0,022,"VENTURA RD","TEAL CLUB RD",35.00,N,N,A,-,N,,,,,,,,,,,3,0,2,2,A,-,01,23152,A,N,C,C,A,A,H,-,A,A,0,,,,,Y,Y,D,22,0,1,1,0,0,0,0,0,0,"- ","- ",34.202880859375,-119.19474029541016,VENTURA,OXNARD,-119.19470977783203,34.202888488769531
94445168,2024,2024-10-25,9770,2024-10-07,1524,020169,,1,2,9,5600,0,3,5,,2,005,"HITCH BOULEVARD","CITRUS DRIVE",679.00,N,N,A,-,N,,,,,,,,,,Y,2,0,1,2,A,-,03,22350,,N,D,C,A,A,H,-,A,A,0,,,Y,,Y,,C,02,1,0,0,0,0,0,0,0,1,"- ","- ",34.265720367431641,-118.91535186767578,VENTURA,UNINCORPORATED,-118.91537475585938,34.267471313476562
9444544,2022,2022-06-29,5608,2022-05-11,0742,442,,3,5,6,5608,0,0,0,,0,00J,"POLI ST","FIR ST",0.00,,Y,A,-,N,,,,,,,,,,Y,4,0,1,4,A,-,09,21801,A,N,D,C,A,A,H,-,A,A,0,,,,,Y,,A,07,0,0,1,0,0,0,0,0,0,"- ","- ",,,VENTURA,VENTURA,-119.29004669189453,34.282142639160156
94447058,2024,2024-10-28,9765,2024-10-20,"800 ",017253,,7,1,9,5600,0,1,2,,1,104,"US-101 S/B","PADRE JUAN CANYON ROAD",150.00,S,N,A,-,Y,VEN,,101," ",R,36.749,H,,R,Y,3,0,1,1,C,-,18,,,N,E,H,A,A,H,-,A,D,0,,,,,Y,,-,"- ",0,1,0,0,0,0,0,0,0,"- ","- ",34.321540832519531,-119.38813018798828,VENTURA,UNINCORPORATED,-119.38812255859375,34.321559906005859
9447379,2022,2022-06-13,5604,2022-04-15,1703,5586,,5,5,6,5604,0,0,0,,0,023,"E 4TH ST","SOUTH OXNARD BL",100.00,E,N,A,-,N,,,,,,,,,,N,4,0,1,2,A,-,03,22350,,F,C,C,A,A,H,-,A,D,0,,,,Y,Y,,A,07,0,0,1,0,0,0,0,0,0,"- ","- ",34.19921875,-119.17626953125,VENTURA,OXNARD,-119.177001953125,34.198993682861328
9447439,2022,2022-10-24,5604,2022-05-09,0805,5659,,1,5,6,5604,0,0,0,,0,014,"RIVERPARK BL","TOWN CENTER DR",0.00,,Y,A,-,N,,,,,,,,,,Y,4,0,3,2,A,-,09,21801,A,N,D,C,A,A,H,-,A,A,0,,,,,Y,,E,22,0,0,3,0,0,0,0,0,0,"- ","- ",34.238048553466797,-119.17548370361328,VENTURA,OXNARD,-119.175537109375,34.238059997558594
94481725,2024,2024-11-25,9770,2024-11-19,1950,022755,,2,2,6,5607,0,1,2,,2,073,"US-101 S/B (VENTURA FREEWAY)","WENDY DRIVE",3960.00,N,N,A,-,Y,VEN,,101," "," ",8.460,H,,L,N,4,0,1,2,A,-,03,22350,,N,C,C,A,A,H,-,D,D,0,,,,,Y,,A,07,0,0,1,0,0,0,0,0,0,"- ","- ",34.193790435791016,-118.94812774658203,VENTURA,"THOUSAND OAKS",-118.94813537597656,34.193782806396484
94490978,2024,2024-12-03,9765,2024-11-22,1549,023498,,5,2,9,5600,0,3,5,,2,002,"LOMITA AVE","EL ROBLAR DR",80.00,S,N,A,-,N,,,,,,,,,,Y,3,0,1,3,A,-,08,22107,,N,C,C,A,A,H,-,A,D,0,,,,,Y,,D,22,0,1,0,0,0,0,0,0,0,"- ","- ",34.448211669921875,-119.27639007568359,VENTURA,UNINCORPORATED,-119.27631378173828,34.448490142822266
9449216,2022,2022-06-17,5608,2022-05-25,1008,507,,3,5,6,5608,0,0,0,,0,001,"THOMPSON BL","KALORAMA ST",0.00,,Y,A,-,N,,,,,,,,,,N,3,0,1,2,A,-,08,22107,,N,D,G,A,A,H,-,A,A,0,,Y,,,Y,,D,23,0,1,0,0,0,0,1,0,0,"- ","- ",,,VENTURA,VENTURA,-119.2869873046875,34.278282165527344
94493173,2024,2024-12-05,9765,2024-12-02,1225,022318,,1,1,9,5600,0,1,3,,2,060,"SR-1 (PACIFIC COAST HIGHWAY)","SYCAMORE CANYON ROAD",2700.00,S,N,A,-,Y,VEN,,1," "," ",3.870,H,,R,N,2,0,1,2,A,-,08,22107,,N,C,G,A,A,H,-,A,D,0,,Y,,,Y,,A,08,1,0,0,0,0,0,1,0,0,"- ","- ",34.066299438476562,-119.00582885742188,VENTURA,UNINCORPORATED,-119.00582885742188,34.066211700439453
94500283,2024,2024-12-13,9765,2024-12-06,2058,023908,,5,2,9,5600,0,3,5,,2,006,"LAGUNA ROAD","LAS POSAS ROAD",2165.00,E,N,A,-,N,,,,,,,,,,N,3,0,3,2,A,-,05,21460,,N,A,C,A,A,H,-,D,A,0,,,,,Y,,A,01,0,1,2,0,0,0,0,0,0,"- ","- ",34.175918579101562,-119.06398010253906,VENTURA,UNINCORPORATED,-119.06419372558594,34.175941467285156
94518006,2024,2024-12-27,9765,2024-12-19,1415,021015,,4,2,9,5600,0,3,5,,2,004,"GRAND AVENUE","CLIFF AVENUE",0.00,,Y,A,-,N,,,,,,,,,,Y,4,0,1,2,A,-,09,21802,A,N,D,C,A,A,H,-,A,A,0,,,,,Y,,A,01,0,0,1,0,0,0,0,0,0,"- ","- ",34.418331146240234,-118.93277740478516,VENTURA,UNINCORPORATED,-118.93270874023438,34.418357849121094
94519716,2024,2024-12-30,9765,2024-12-20,1714,023911,,5,2,9,5600,0,1,3,,1,062,"SR-1 (PACIFIC COAST HIGHWAY)","CARYL DRIVE",8976.00,S,N,A,-,Y,VEN,,1," "," ",7.972,H,,R,Y,4,0,1,2,A,-,09,21804,A,N,C,C,A,A,H,-,B,D,0,,,,,Y,,A,01,0,0,1,0,0,0,0,0,0,"- ","- ",34.091510772705078,-119.06596374511719,VENTURA,UNINCORPORATED,-119.06594085693359,34.091522216796875
94535306,2025,2025-01-13,9765,2025-01-04,1700,022296,,6,2,6,5604,0,1,S,,2,841,"US-101 S/B (VENTURA FREEWAY)","ROSE AVE",898.00,S,N,A,-,Y,VEN,,101," "," ",20.841,H,,L,Y,4,0,2,2,A,-,03,22350,,N,C,C,A,A,H,-,B,D,0,,,,,Y,,A,01,0,0,2,0,0,0,0,0,0,"- ","- ",34.224250793457031,-119.15567016601562,VENTURA,OXNARD,-119.15567779541016,34.224239349365234
94544752,2025,2025-01-21,9765,2025-01-12,1730,021485,,7,2,6,5608,0,1,3,,1,031,"SR-126 W/B TO EAST MAIN STREET","E. MAIN STREET",75.00,E,N,A,-,Y,,,,,,,,,,N,4,0,5,2,A,-,01,23152,A,F,C,C,A,A,H,-,C,D,0,,,,,Y,Y,A,01,0,0,5,0,0,0,0,0,0,"- ","- ",34.264850616455078,-119.24418640136719,VENTURA,VENTURA,-119.24350738525391,34.264308929443359
9454836,2022,2022-06-28,5604,2022-05-20,1723,5135,,5,5,6,5604,0,0,0,,0,014,"VINEYARD AV","ESPLANADE DR",100.00,N,N,A,-,N,,,,,,,,,,N,4,0,1,2,A,-,03,22350,,F,C,C,A,A,H,-,A,A,0,,,,,Y,,A,01,0,0,1,0,0,0,0,0,0,"- ","- ",34.230850219726562,-119.17474365234375,VENTURA,OXNARD,-119.17447662353516,34.230228424072266
9454847,2022,2022-06-28,5608,2022-06-15,1530,493,,3,5,6,5608,0,0,0,,0,004,"MAIN ST","TELEPHONE RD",0.00,,Y,A,-,N,,,,,,,,,,N,4,0,1,2,A,-,03,22350,,N,C,C,A,A,H,-,A,A,0,,,,,Y,,A,01,0,0,1,0,0,0,0,0,0,"- ","- ",,,VENTURA,VENTURA,-119.23184967041016,34.261920928955078
9454854,2022,2022-06-28,5604,2022-06-06,1604,5454,,1,5,6,5604,0,0,0,,0,011,"W GONZALES RD","C ST",15.00,W,N,A,-,N,,,,,,,,,,N,3,0,2,3,A,-,03,22350,,F,C,C,A,A,H,-,A,A,0,,,,,Y,,A,01,0,1,1,0,0,0,0,0,0,"- ","- ",34.219089508056641,-119.18083953857422,VENTURA,OXNARD,-119.18089294433594,34.219089508056641
9454869,2022,2022-06-29,5604,2022-06-16,2339,5532,,4,5,6,5604,0,0,0,,0,032,"SAN MARINO ST","E LAUREL ST E",0.00,,Y,A,-,N,,,,,,,,,,N,4,0,2,2,A,-,12,22450,A,N,D,C,A,A,H,-,C,A,0,,,,,Y,,A,01,0,0,2,0,0,0,0,0,0,"- ","- ",34.177299499511719,-119.17629241943359,VENTURA,OXNARD,-119.17630004882812,34.177330017089844
94554832,2025,2025-01-29,9765,2025-01-23,"845 ",015830,,4,1,9,5600,0,3,5,,2,003,"HARBOR BLVD","GONZALES RD",677.00,S,N,A,-,N,,,,,,,,,,Y,4,0,1,2,A,-,03,22350,,N,C,C,A,A,H,-,A,D,0,,,,,Y,,A,01,0,0,1,0,0,0,0,0,0,"- ","- ",34.216758728027344,-119.25274658203125,VENTURA,UNINCORPORATED,-119.25281524658203,34.216785430908203
94555588,2025,2025-03-20,9770,2025-01-17,1815,021911,,5,2,9,5600,0,3,5,,2,008,"TAPO CANYON ROAD","BENNETT ROAD",400.00,N,N,A,-,Y,,,,,,,,,,Y,4,0,1,1,A,-,08,22107,,N,E,8,A,A,H,-,D,D,0,,,,,Y,,A,01,0,0,1,0,0,0,0,0,0,"- ","- ",34.316970825195312,-118.71626281738281,VENTURA,UNINCORPORATED,-118.71635437011719,34.316959381103516
94564839,2025,2025-02-04,9770,2025-01-26,1620,020721,,7,2,6,5609,0,1,3,,2,082,"SR-118 W/B (RONALD REAGAN FREEWAY)","SEQUOIA AVENUE",1056.00,E,N,B,C,Y,VEN,,118," ",R,26.834,H,,L,N,4,0,1,1,A,-,03,22350,,N,E,I,A,B,H,-,A,D,0,,,,,Y,,A,01,0,0,1,0,0,0,0,0,0,"- ","- ",34.282379150390625,-118.72622680664062,VENTURA,"SIMI VALLEY",-118.72622680664062,34.282428741455078
94565103,2025,2025-02-04,9765,2025-01-29,1623,023911,,3,2,9,5600,0,3,5,,2,006,"LAS POSAS ROAD",SR-1,2640.00,E,N,A,-,N,,,,,,,,,,Y,3,0,1,2,A,-,09,21801,A,N,D,2,A,A,H,-,A,A,0,,,,,Y,,A,01,0,1,0,0,0,0,0,0,0,"- ","- ",34.122821807861328,-119.08145904541016,VENTURA,UNINCORPORATED,-119.08363342285156,34.116241455078125
9457809,2022,2022-06-15,5604,2022-05-20,1600,5649,,5,5,6,5604,0,0,0,,0,021,"SOUTH VICTORIA AV","5TH ST",1000.00,N,N,A,-,N,,,,,,,,,,Y,4,0,2,3,A,-,03,22350,,N,C,C,A,A,H,-,A,A,0,,,,,Y,,A,01,0,0,2,0,0,0,0,0,0,"- ","- ",34.198928833007812,-119.22059631347656,VENTURA,OXNARD,-119.22117614746094,34.200321197509766
9457814,2022,2022-06-14,5604,2022-05-14,0748,5512,,6,5,6,5604,0,0,0,,0,024,"W WOOLEY RD","S PATTERSON RD",0.00,,Y,A,-,N,,,,,,,,,,N,4,0,1,2,A,-,09,21801,A,N,G,G,A,-,H,-,A,A,0,,Y,,,Y,,A,01,0,0,1,0,0,0,1,0,0,"- ","- ",34.190288543701172,-119.2080078125,VENTURA,OXNARD,-119.20809936523438,34.19036865234375
94580086,2025,2025-02-14,9770,2025-02-13,1945,023813,,4,2,4,5690,0,2,4,,1,030,"SANTA ROSA ROAD","ROSE LANE",140.00,W,N,B,C,N,,,,,,,,,,Y,4,0,1,2,A,-,09,21801,A,N,D,C,A,B,H,-,D,D,0,,,,,Y,,A,07,0,0,1,0,0,0,0,0,0,"- ","- ",34.237800598144531,-118.91114044189453,VENTURA,MOORPARK,-118.91103363037109,34.237773895263672
9458266,2022,2022-06-15,5604,2022-05-11,1010,4868,,3,5,6,5604,0,0,0,,0,014,"W ESPLANADE DR","SPUR DR",40.00,E,N,A,-,N,,,,,,,,,,N,4,0,1,2,A,-,08,22107,,N,D,C,A,A,H,-,A,D,0,,,,,Y,,A,01,0,0,1,0,0,0,0,0,0,"- ","- ",34.234020233154297,-119.17867279052734,VENTURA,OXNARD,,
94587857,2025,2025-02-24,9765,2025-01-28,"255 ",023703,,2,3,5,5601,0,1,2,,2,502,"US-101 N/B (VENTURA FREEWAY)","CENTRAL AVENUE",1323.00,N,N,B,-,Y,VEN,,101," "," ",17.961,H,,R,N,2,0,2,1,A,-,01,23152,A,N,E,I,A,A,H,-,D,D,0,,,,,Y,Y,-,"- ",1,1,0,0,0,0,0,0,0,"- ","- ",34.221958160400391,-119.10642242431641,VENTURA,CAMARILLO,-119.10642242431641,34.222091674804688
94589764,2025,2025-02-25,9765,2025-02-20,1235,020983,,4,1,9,5600,0,1,3,,1,020,"SR-33 (N VENTURA AVE)","RANCH ROAD",300.00,N,N,A,-,N,,,,,,,,,,N,3,0,1,2,A,-,09,21804,A,F,E,I,A,A,H,-,A,D,0,,,Y,,Y,,-,99,0,1,0,0,0,0,0,0,1,"- ","- ",34.369400024414062,-119.30670928955078,VENTURA,UNINCORPORATED,-119.3065185546875,34.367465972900391
94589827,2025,2025-02-26,9770,2025-02-21,1540,021738,,5,2,4,5690,0,1,3,,2,081,"SR-118 E/B (RONALD REAGAN FREEWAY)","LOS ALAMOS CANYON ROAD",1584.00,W,N,A,-,Y,VEN,,118," ",R,21.526,H,,R,Y,4,0,1,2,A,-,03,22350,,N,C,C,A,A,H,-,A,D,0,,,,,Y,,D,22,0,0,1,0,0,0,0,0,0,"- ","- ",34.291160583496094,-118.81639099121094,VENTURA,MOORPARK,-118.81639099121094,34.291141510009766
94592790,2025,2025-02-28,9765,2025-02-21,1625,024278,,5,2,9,5600,0,3,5,,2,006,"POTRERO RD","CAMARILLO ROAD",1056.00,W,N,A,-,N,,,,,,,,,,Y,3,0,3,1,A,-,08,22107,,N,F,I,A,A,H,-,A,A,0,,,,,Y,,A,07,0,3,0,0,0,0,0,0,0,"- ","- ",34.160099029541016,-119.05339813232422,VENTURA,UNINCORPORATED,-118.9705810546875,34.204601287841797
9460260,2022,2022-06-28,5604,2022-05-14,1534,5502,,6,5,6,5604,0,0,0,,0,042,"S C ST","VAN NESS AV",0.00,,Y,A,-,N,,,,,,,,,,Y,3,0,4,2,A,-,09,21802,A,F,B,C,A,A,H,-,A,D,0,,,,,Y,,A,07,0,2,2,0,0,0,0,0,0,"- ","- ",34.157138824462891,-119.18057250976562,VENTURA,OXNARD,-119.18058013916016,34.157150268554688
94608739,2025,2025-05-13,9765,2025-03-06,1910,024090,,4,2,9,5600,0,1,3,,1,020,"N. VENTURA AVE.","HIGHLAND DRIVE",150.00,S,N,A,-,Y,VEN,,33," "," ",10.477,H,,R,N,4,0,3,3,A,-,03,22350,,N,C,C,A,A,H,-,C,D,0,,,,,Y,,-,"- ",0,0,3,0,0,0,0,0,0,"- ","- ",34.41986083984375,-119.29203033447266,VENTURA,UNINCORPORATED,-119.29202270507812,34.419853210449219
94612078,2025,2025-03-20,9770,2025-03-18,"840 ",017662,,2,1,9,5600,0,1,3,,1,054,"SR-34 (SOMIS ROAD)","NORTH STREET",175.00,S,N,A,-,Y,VEN,,34," "," ",17.250,H,,R,N,4,0,1,2,A,-,03,22350,,N,C,C,A,A,H,-,A,D,0,,,,,Y,,A,08,0,0,1,0,0,0,0,0,0,"- ","- ",34.257900238037109,-118.99578094482422,VENTURA,UNINCORPORATED,-118.99583435058594,34.257911682128906
94624809,2025,2025-03-24,9765,2025-01-24,1645,022318,,5,2,9,5600,0,1,3,,2,040,"SR-126 E/B (SANTA PAULA FREEWAY)","PECK RD",3854.00,W,N,A,-,Y,VEN,,126," ",R,9.677,H,,R,Y,2,0,1,2,A,-,08,22107,,N,B,C,A,A,H,-,A,D,0,,,,,Y,,A,07,1,0,0,0,0,0,0,0,0,"- ","- ",34.329929351806641,-119.09123992919922,VENTURA,UNINCORPORATED,-119.09123229980469,34.329921722412109
94636257,2025,2025-04-03,9765,2025-03-18,"720 ",015117,,2,1,6,5604,1,4,S,,2,901,"PLEASANT VALLEY RD","LONGFELLOW WAY",0.00,,Y,A,-,N,,,,,,,,,,N,4,0,1,2,A,-,21,22106,,N,C,C,A,A,H,-,A,D,0,,,,,Y,,H,13,0,0,1,0,0,0,0,0,0,"- ","- ",34.154548645019531,-119.16777801513672,VENTURA,OXNARD,-119.16780853271484,34.154613494873047