CASE_ID,ACCIDENT_YEAR,PROC_DATE,JURIS,COLLISION_DATE,COLLISION_TIME,OFFICER_ID,REPORTING_DISTRICT,DAY_OF_WEEK,CHP_SHIFT,POPULATION,CNTY_CITY_LOC,SPECIAL_COND,BEAT_TYPE,CHP_BEAT_TYPE,CITY_DIVISION_LAPD,CHP_BEAT_CLASS,BEAT_NUMBER,PRIMARY_RD,SECONDARY_RD,DISTANCE,DIRECTION,INTERSECTION,WEATHER_1,WEATHER_2,STATE_HWY_IND,CALTRANS_COUNTY,CALTRANS_DISTRICT,STATE_ROUTE,ROUTE_SUFFIX,POSTMILE_PREFIX,POSTMILE,LOCATION_TYPE,RAMP_INTERSECTION,SIDE_OF_HWY,TOW_AWAY,COLLISION_SEVERITY,NUMBER_KILLED,NUMBER_INJURED,PARTY_COUNT,PRIMARY_COLL_FACTOR,PCF_CODE_OF_VIOL,PCF_VIOL_CATEGORY,PCF_VIOLATION,PCF_VIOL_SUBSECTION,HIT_AND_RUN,TYPE_OF_COLLISION,MVIW,PED_ACTION,ROAD_SURFACE,ROAD_COND_1,ROAD_COND_2,LIGHTING,CONTROL_DEVICE,CHP_ROAD_TYPE,PEDESTRIAN_ACCIDENT,BICYCLE_ACCIDENT,MOTORCYCLE_ACCIDENT,TRUCK_ACCIDENT,NOT_PRIVATE_PROPERTY,ALCOHOL_INVOLVED,STWD_VEHTYPE_AT_FAULT,CHP_VEHTYPE_AT_FAULT,COUNT_SEVERE_INJ,COUNT_VISIBLE_INJ,COUNT_COMPLAINT_PAIN,COUNT_PED_KILLED,COUNT_PED_INJURED,COUNT_BICYCLIST_KILLED,COUNT_BICYCLIST_INJURED,COUNT_MC_KILLED,COUNT_MC_INJURED,PRIMARY_RAMP,SECONDARY_RAMP,LATITUDE,LONGITUDE,COUNTY,CITY,POINT_X,POINT_Y
9508454,2022,2022-11-01,5604,2022-07-30,1411,5614,,6,5,6,5604,0,0,0,,0,014,"VINEYARD AV","LOBELIA DR",100.00,E,N,A,-,N,,,,,,,,,,N,4,0,1,3,A,-,04,21703,,N,C,C,A,A,H,-,A,D,0,,,,,Y,,A,07,0,0,1,0,0,0,0,0,0,"- ","- ",34.229328155517578,-119.19171905517578,VENTURA,OXNARD,-119.19140625,34.229274749755859
9508674,2022,2022-11-08,5604,2022-07-31,2044,5216,,7,5,6,5604,0,0,0,,0,021,"WEST 5TH ST","MANDALAY BEACH RD",0.00,,Y,A,-,N,,,,,,,,,,Y,3,0,1,1,A,-,01,23153,A,F,E,I,A,A,H,-,C,A,0,,,,,Y,Y,D,83,0,1,0,0,0,0,0,0,0,"- ","- ",34.197830200195312,-119.24781036376953,VENTURA,OXNARD,-119.24774932861328,34.197811126708984
9508707,2022,2022-10-31,5604,2022-08-08,1140,5172,,1,5,6,5604,0,0,0,,0,032,"STATHAM BL","CHANNEL ISLANDS BL",0.00,,Y,A,-,N,,,,,,,,,,Y,4,0,5,2,A,-,09,21801,A,N,D,C,A,A,H,-,A,A,0,,,,,Y,,A,01,0,0,5,0,0,0,0,0,0,"- ","- ",34.173370361328125,-119.16562652587891,VENTURA,OXNARD,-119.1656494140625,34.173324584960938
9510731,2022,2023-01-27,5608,2022-12-05,1637,527,,1,5,6,5608,0,0,0,,0,002,"MAIN ST","TELEPHONE RD",15.00,W,N,A,-,N,,,,,,,,,,N,3,0,1,2,A,-,17,21461,A,N,A,G,A,A,H,-,B,A,0,,Y,Y,,Y,,L,04,0,1,0,0,0,0,1,0,0,"- ","- ",34.154258728027344,-119.1356201171875,VENTURA,VENTURA,-119.23188018798828,34.261955261230469
9513938,2022,2022-11-07,5608,2022-10-19,1613,409,,3,5,6,5608,0,0,0,,0,002,"HARBOR BL","SEAWARD AV",660.00,S,N,A,-,N,,,,,,,,,,N,3,0,1,2,A,-,06,21760,B,F,B,G,A,A,H,-,A,A,0,,Y,,,Y,,-,,0,1,0,0,0,0,1,0,0,"- ","- ",,,VENTURA,VENTURA,-119.26866149902344,34.26373291015625
9513939,2022,2022-11-07,5608,2022-10-20,0809,496,,4,5,6,5608,0,0,0,,0,003,"FOOTHILL RD","WALNUT DR",56.00,E,N,A,-,N,,,,,,,,,,Y,3,0,3,2,A,-,03,22350,,N,C,C,A,A,H,-,A,D,0,,,,,Y,,A,08,0,2,1,0,0,0,0,0,0,"- ","- ",,,VENTURA,VENTURA,-119.23104858398438,34.283370971679688
9516373,2022,2022-12-16,5604,2022-11-17,1619,5472,,4,5,6,5604,0,0,0,,0,012,"GONZALES RD","WILLIAMS DR",0.00,,Y,A,-,N,,,,,,,,,,Y,4,0,2,2,A,-,09,21801,A,N,B,C,A,A,H,-,A,A,0,,,,,Y,,A,01,0,0,2,0,0,0,0,0,0,"- ","- ",34.218368530273438,-119.15254211425781,VENTURA,OXNARD,-119.15392303466797,34.218936920166016
9519267,2023,2023-02-07,5604,2023-01-06,1136,5623,,5,5,6,5604,0,0,0,,0,024,"C ST","JUNIPER ST",0.00,,Y,A,-,N,,,,,,,,,,Y,4,0,1,2,A,-,09,21802,A,N,D,C,A,A,H,-,A,A,0,,,,,Y,,A,01,0,0,1,0,0,0,0,0,0,"- ","- ",,,VENTURA,OXNARD,-119.18129730224609,34.179561614990234
9521486,2022,2022-11-28,5604,2022-08-05,0732,5675,,5,5,6,5604,0,0,0,,0,014,"N VENTURA RD","FUCHSIA ST",100.00,N,N,A,-,N,,,,,,,,,,Y,3,0,1,3,A,-,08,22107,,F,B,C,A,A,H,-,A,A,0,,,,,Y,,D,22,0,1,0,0,0,0,0,0,0,"- ","- ",34.225151062011719,-119.19484710693359,VENTURA,OXNARD,-119.19460296630859,34.224803924560547
9521937,2022,2022-11-16,5604,2022-09-20,2244,4919,,2,5,6,5604,0,0,0,,0,041,"BARD RD","SAVIERS RD",0.00,,Y,A,-,N,,,,,,,,,,Y,4,0,5,2,A,-,01,23152,A,N,D,C,A,A,H,-,C,A,0,,,,,Y,,A,01,0,0,5,0,0,0,0,0,0,"- ","- ",,,VENTURA,OXNARD,-119.17778015136719,34.161003112792969
9522115,2022,2022-11-16,5604,2022-09-02,1956,5502,,5,5,6,5604,0,0,0,,0,042,"CLARA ST","DUNBAR DR",5.00,S,N,A,-,N,,,,,,,,,,N,3,0,1,2,A,-,11,21954,A,N,G,B,D,A,H,-,D,A,0,Y,,,,Y,,A,01,0,1,0,0,1,0,0,0,0,"- ","- ",34.151039123535156,-119.17549896240234,VENTURA,OXNARD,-119.17560577392578,34.151069641113281
9526350,2023,2023-02-24,5608,2023-01-28,1157,546,,6,5,6,5608,0,0,0,,0,004,"TELEPHONE RD","LARK AV",62.00,E,N,A,-,N,,,,,,,,,,N,3,0,1,2,A,-,08,22107,,N,E,J,F,A,C,-,A,D,0,Y,,,,Y,,-,,0,1,0,0,1,0,0,0,0,"- ","- ",,,VENTURA,VENTURA,-119.20968627929688,34.265830993652344
9528463,2022,2022-11-16,5608,2022-10-21,1715,505,,5,5,6,5608,0,0,0,,0,002,"THOMPSON BL","SAN CLEMENTE ST",10.00,S,N,A,-,N,,,,,,,,,,N,3,0,1,2,A,-,09,21802,A,N,D,C,A,A,H,-,A,D,0,,,Y,,Y,,A,01,0,1,0,0,0,0,0,0,1,"- ","- ",,,VENTURA,VENTURA,-119.26912689208984,34.274124145507812
9529287,2022,2022-11-17,5604,2022-07-06,1817,5534,,3,5,6,5604,0,0,0,,0,031,"E 1ST ST","CAMPTON ST",0.00,,Y,A,-,N,,,,,,,,,,Y,4,0,2,2,A,-,09,21802,A,N,D,C,A,A,A,H,A,D,0,,,,,Y,,A,01,0,0,2,0,0,0,0,0,0,"- ","- ",34.202640533447266,-119.16439819335938,VENTURA,OXNARD,-119.16442108154297,34.202663421630859
9529290,2022,2022-11-17,5604,2022-07-12,0825,5472,,2,5,6,5604,0,0,0,,0,041,"E BARD RD","S ROSE AV S",0.00,,Y,B,-,N,,,,,,,,,,Y,3,0,1,2,A,-,09,21801,A,N,D,C,A,A,H,-,A,A,0,,,,,Y,,A,01,0,1,0,0,0,0,0,0,0,"- ","- ",34.162220001220703,-119.15943145751953,VENTURA,OXNARD,-119.15950012207031,34.162227630615234
9529294,2022,2022-11-17,5604,2022-07-10,1646,5532,,7,5,6,5604,0,0,0,,0,042,"PLEASANT VALLEY RD","S J ST S",0.00,,Y,A,-,N,,,,,,,,,,N,3,0,1,2,A,-,12,21453,A,F,H,G,A,A,H,-,A,A,0,,Y,,,Y,,-,99,0,1,0,0,0,0,1,0,0,"- ","- ",34.154758453369141,-119.18611145019531,VENTURA,OXNARD,-119.18584442138672,34.15478515625
9531531,2022,2022-11-22,5604,2022-07-30,0200,5377,,6,5,6,5604,0,0,0,,0,012,"N RICE AV","E GONZALES RD",10.00,S,N,A,-,N,,,,,,,,,,N,4,0,1,2,A,-,03,22350,I,N,C,C,A,A,H,-,C,A,0,,,,,Y,,A,07,0,0,1,0,0,0,0,0,0,"- ","- ",34.218761444091797,-119.14201354980469,VENTURA,OXNARD,-119.14211273193359,34.218704223632812
9543066,2022,2023-02-02,5608,2022-12-20,1525,498,,2,5,6,5608,0,0,0,,0,,"TELEGRAPH RD","WELLS RD",6.00,W,N,A,-,N,,,,,,,,,,N,2,0,1,2,A,-,12,21453,A,N,H,G,A,A,H,-,A,-,0,,Y,,,Y,,L,04,1,0,0,0,0,0,1,0,0,"- ","- ",,,VENTURA,VENTURA,-119.16132354736328,34.295001983642578
9545203,2023,2023-03-07,5604,2023-01-19,1845,5065,,4,5,6,5604,0,0,0,,0,012,"VINEYARD AV","ESPANADE DR",200.00,S,N,A,-,N,,,,,,,,,,Y,3,0,1,2,A,-,07,21658,A,N,D,C,A,A,H,-,C,D,0,,,,Y,Y,,A,01,0,1,0,0,0,0,0,0,0,"- ","- ",34.227500915527344,-119.17646789550781,VENTURA,OXNARD,-119.17509460449219,34.229606628417969
9548694,2022,2023-02-28,5604,2022-12-30,2124,5678,,5,5,6,5604,0,0,0,,0,014,"SYCAMORE ST","COLONIA AV",0.00,,Y,C,-,N,,,,,,,,,,Y,4,0,5,2,A,-,09,21802,A,N,D,C,A,B,H,-,D,D,0,,,,,Y,Y,A,01,0,0,5,0,0,0,0,0,0,"- ","- ",34.236381530761719,-119.17169952392578,VENTURA,OXNARD,-119.17169952392578,34.236415863037109
9562232,2023,2023-04-24,5608,2023-03-21,2052,440,,2,5,6,5608,0,0,0,,0,004,"VALENTINE RD","SOUTH VICTORIA AV",0.00,W,N,C,-,N,,,,,,,,,,Y,4,0,1,1,A,-,03,22350,A,N,E,I,A,B,H,-,C,D,0,,,,,Y,,A,07,0,0,1,0,0,0,0,0,0,"- ","- ",34.251899719238281,-119.21272277832031,VENTURA,VENTURA,-119.21178436279297,34.251541137695312
9571775,2023,2023-05-01,5604,2023-03-29,"545 ",5685,3,3,5,6,5604,0,0,0,,0,031,"1ST ST","JUANITA AV",0.00,,Y,B,C,N,,,,,,,,,,Y,4,0,3,2,A,-,09,21802,A,N,D,C,A,B,H,-,C,A,0,,,,,Y,,A,08,0,0,3,0,0,0,0,0,0,"- ","- ",,,VENTURA,OXNARD,-119.16851043701172,34.202880859375
9574485,2023,2023-04-26,5604,2023-02-15,"853 ",5071,,3,5,6,5604,0,0,0,,0,014,"FOREST PARK BL","RIVERPARK BL",0.00,,Y,A,-,N,,,,,,,,,,Y,3,0,3,2,A,-,12,21453,A,N,D,C,A,A,H,-,A,A,0,,,,,Y,,-,"- ",0,2,1,0,0,0,0,0,0,"- ","- ",34.242111206054688,-119.17209625244141,VENTURA,OXNARD,-119.17214965820312,34.242038726806641
9574487,2023,2023-04-21,5604,2023-02-14,1012,5623,,2,5,6,5604,0,0,0,,0,041,"W BARD RD","S J ST",0.00,,Y,A,-,N,,,,,,,,,,Y,4,0,1,2,A,-,09,21802,A,N,D,C,A,A,H,-,A,A,0,,,,,Y,,A,07,0,0,1,0,0,0,0,0,0,"- ","- ",,,VENTURA,OXNARD,-119.18579864501953,34.161083221435547
9577267,2023,2023-05-19,5608,2023-04-30,1141,546,,7,5,6,5608,0,0,0,,0,004,"SOUTH VICTORIA AV","VALENTINE RD",837.00,S,N,B,-,N,,,,,,,,,,Y,3,0,1,3,A,-,03,22350,A,N,C,C,A,A,H,-,A,D,0,,,,,Y,,A,01,0,1,0,0,0,0,0,0,0,"- ","- ",,,VENTURA,VENTURA,-119.21273803710938,34.249385833740234
9579189,2023,2023-05-25,5604,2023-05-02,1513,5669,,2,5,6,5604,0,0,0,,0,042,"PLEASANT VALLEY RD","PERKINS RD",140.00,W,N,A,-,N,,,,,,,,,,Y,3,0,1,3,A,-,01,23152,F,N,F,E,A,A,H,-,A,A,0,,,,,Y,,A,01,0,1,0,0,0,0,0,0,0,"- ","- ",34.154739379882812,-119.18382263183594,VENTURA,OXNARD,-119.18431854248047,34.154747009277344
9579194,2023,2023-05-25,5604,2023-05-02,"819 ",4868,,2,5,6,5604,0,0,0,,0,011,"DORIS AV","VICTORIA AV",0.00,,Y,A,-,N,,,,,,,,,,N,4,0,1,2,A,-,04,21703,,N,C,C,A,A,H,-,A,A,0,,,,,Y,,A,07,0,0,1,0,0,0,0,0,0,"- ","- ",34.208518981933594,-119.22087097167969,VENTURA,OXNARD,-119.22100067138672,34.208515167236328
9579212,2023,2023-05-31,5604,2023-04-24,1530,5216,,1,5,6,5604,0,0,0,,0,014,"LANTANA ST","AZALEA ST",100.00,S,N,B,-,N,,,,,,,,,,N,4,0,1,2,A,-,05,21650,,N,D,G,A,A,H,-,A,A,0,,Y,,,Y,,L,04,0,0,1,0,0,0,1,0,0,"- ","- ",34.220878601074219,-119.19023132324219,VENTURA,OXNARD,-119.19023895263672,34.220615386962891
9579422,2023,2023-06-08,5608,2023-05-01,1617,514,,1,5,6,5608,0,0,0,,0,003,"TELEPHONE RD",JOHNSON,10.00,E,N,A,-,N,,,,,,,,,,Y,4,0,1,2,A,-,03,22350,,N,C,C,A,A,H,-,A,A,0,,,,Y,Y,,A,01,0,0,1,0,0,0,0,0,0,"- ","- ",,,VENTURA,VENTURA,-119.20075988769531,34.267135620117188
9581814,2023,2023-05-16,5604,2023-02-05,"445 ",5677,,7,5,6,5604,0,0,0,,0,011,"N OXNARD BL","GLENWOOD DR",528.00,N,N,C,-,N,,,,,,,,,,Y,2,0,1,2,A,-,03,22350,,N,G,B,D,B,H,-,C,D,0,Y,,,,Y,Y,A,01,1,0,0,0,1,0,0,0,0,"- ","- ",34.214321136474609,-119.17720031738281,VENTURA,OXNARD,-119.17740631103516,34.215785980224609
9588328,2023,2023-06-27,5608,2023-06-04,1545,397,VENTU,7,5,6,5608,0,0,0,,0,001,"MCFARLANE DR","NORTH VENTURA AV",154.00,E,N,A,-,N,,,,,,,,,,N,3,0,1,2,A,-,09,21804,A,N,D,C,A,A,H,-,A,D,0,,,Y,,Y,,D,22,0,1,0,0,0,0,0,0,1,"- ","- ",,,VENTURA,VENTURA,-119.29556274414062,34.2969970703125
9591341,2023,2023-08-10,5608,2023-07-01,1049,539,,6,5,6,5608,0,0,0,,0,002,"THOMPSON BL","CORONADO ST",0.00,,Y,B,-,N,,,,,,,,,,N,4,0,2,2,A,-,00,21605,1,N,D,G,A,A,H,-,A,D,0,,Y,,,Y,,L,04,0,0,2,0,0,0,1,0,0,"- ","- ",,,VENTURA,VENTURA,-119.26808929443359,34.273918151855469
9592255,2023,2023-06-26,5604,2023-05-22,2245,5649,,1,5,6,5604,0,0,0,,0,012,"GONZALES RD","LOMBARD ST",300.00,W,N,A,-,N,,,,,,,,,,Y,4,0,2,1,A,-,03,22350,,N,E,I,A,A,H,-,C,D,0,,,,,Y,,A,01,0,0,2,0,0,0,0,0,0,"- ","- ",34.218818664550781,-119.14920043945312,VENTURA,OXNARD,-119.15028381347656,34.218769073486328
9597046,2023,2023-08-04,5605,2023-07-15,2148,239,PATRO,6,5,3,5605,0,0,0,,0,002,"PEARSON RD","5TH ST",255.00,E,N,A,-,N,,,,,,,,,,Y,3,0,1,3,A,-,01,23152,A,N,B,E,A,A,H,-,C,D,0,,,,,Y,Y,A,01,0,1,0,0,0,0,0,0,0,"- ","- ",34.165370941162109,-119.19391632080078,VENTURA,"PORT HUENEME",-119.19316101074219,34.165660858154297
9597867,2023,2023-08-08,5604,2023-06-26,1720,5615,,1,5,6,5604,0,0,0,,0,023,"E 4TH ST","META ST",20.00,E,N,A,-,N,,,,,,,,,,N,4,0,1,2,A,-,03,22350,,F,C,C,A,A,H,-,A,A,0,,,,,Y,,A,01,0,0,1,0,0,0,0,0,0,"- ","- ",,,VENTURA,OXNARD,-119.17604064941406,34.198890686035156
9601167,2023,2023-08-16,5604,2023-07-13,1010,5723,,4,5,6,5604,0,0,0,,0,031,"RICE AV","SAN GORGONIO AV",0.00,,Y,A,-,N,,,,,,,,,,N,4,0,1,3,A,-,12,21453,A,N,C,C,A,A,D,-,A,A,0,,,,,Y,,A,01,0,0,1,0,0,0,0,0,0,"- ","- ",,,VENTURA,OXNARD,,
9603420,2023,2023-08-14,5608,2023-07-21,2202,513,VENTU,5,5,6,5608,0,0,0,,0,001,"SIMPSON ST","VENTURA AV",800.00,W,N,A,-,N,,,,,,,,,,N,3,0,1,2,A,-,08,22107,,N,G,B,E,A,H,-,C,D,0,Y,,,,Y,,A,01,0,1,0,0,1,0,0,0,0,"- ","- ",,,VENTURA,VENTURA,-119.30121612548828,34.2890625
9605378,2023,2023-08-03,5604,2023-07-23,1440,5306,,7,5,6,5604,0,0,0,,0,042,"PLEASANT VALLEY RD","C ST",0.00,,Y,A,-,N,,,,,,,,,,Y,4,0,1,2,A,-,08,22107,,N,D,C,A,A,A,H,A,A,0,,,,,Y,,A,01,0,0,1,0,0,0,0,0,0,"- ","- ",34.154720306396484,-119.18058776855469,VENTURA,OXNARD,-119.18060302734375,34.154720306396484
9605437,2023,2023-08-04,5604,2023-07-13,2016,5688,,4,5,6,5604,0,0,0,,0,022,"S J ST","W WOOLEY RD",0.00,,Y,A,-,N,,,,,,,,,,Y,4,0,1,2,D,-,00,,,N,D,C,A,A,H,-,B,D,0,,,,,Y,,-,"- ",0,0,1,0,0,0,0,0,0,"- ","- ",34.190231323242188,-119.18950653076172,VENTURA,OXNARD,-119.18952178955078,34.190036773681641
9616699,2023,2023-10-10,5608,2023-08-30,1633,409,,3,5,6,5608,0,0,0,,0,003,"TELEGRAPH RD","CROCKER AV",150.00,W,N,A,-,N,,,,,,,,,,N,3,0,1,2,A,-,09,21804,,N,D,G,A,A,H,-,A,A,0,,Y,,,Y,,A,07,0,1,0,0,0,0,1,0,0,"- ","- ",,,VENTURA,VENTURA,-119.19095611572266,34.281520843505859
9616817,2023,2023-10-13,5604,2023-09-02,1350,5642,,6,5,6,5604,0,0,0,,0,014,"N OXNARD BL","W VINEYARD AV W",0.00,,Y,A,-,N,,,,,,,,,,,3,0,1,2,A,-,10,21950,A,N,G,B,A,-,H,-,A,A,0,,Y,,,Y,,A,01,0,1,0,0,0,0,1,0,0,"- ","- ",34.226749420166016,-119.17800903320312,VENTURA,OXNARD,-119.17755126953125,34.226512908935547
9618571,2023,2024-01-25,5604,2023-11-02,1832,5135,,4,5,6,5604,0,0,0,,0,014,"N OXNARD BLVD","CITRUS GROVE LN",500.00,N,N,A,-,N,,,,,,,,,,N,4,0,2,2,A,-,03,22350,,N,C,C,A,A,H,-,C,A,0,,,,,Y,,A,01,0,0,2,0,0,0,0,0,0,"- ","- ",34.221141815185547,-119.17755889892578,VENTURA,OXNARD,-119.17734527587891,34.222438812255859
9618580,2023,2024-01-24,5604,2023-11-01,1621,5392,,3,5,6,5604,0,0,0,,0,041,"S A STREET","BRYCE CANYON AV",0.00,,Y,A,-,N,,,,,,,,,,N,4,0,1,2,A,-,10,21950,A,N,G,-,B,A,H,-,A,A,0,Y,,,,Y,,A,01,0,0,1,0,1,0,0,0,0,"- ","- ",34.169761657714844,-119.17932891845703,VENTURA,OXNARD,-119.17935180664062,34.169788360595703
9618647,2023,2023-12-05,5604,2023-10-27,1536,5535,,5,5,6,5604,0,0,0,,0,022,"S VENTURA RD","WOOLEY RD",150.00,N,N,A,-,N,,,,,,,,,,Y,4,0,2,2,A,-,09,21804,A,N,D,C,A,A,H,-,A,D,0,,,,,Y,,A,01,0,0,2,0,0,0,0,0,0,"- ","- ",34.190319061279297,-119.19510650634766,VENTURA,OXNARD,-119.19510650634766,34.190711975097656
9619910,2023,2023-12-26,5606,2023-07-09,"906 ",1129,5606,7,5,4,5606,0,0,0,,0,002,"MAIN ST","OLIVE ST",8.00,S,N,B,-,N,,,,,,,,,,N,4,0,1,2,A,-,10,21950,A,N,G,B,C,A,H,-,A,D,0,Y,,,,Y,,A,01,0,0,1,0,1,0,0,0,0,"- ","- ",,,VENTURA,"SANTA PAULA",-119.07066345214844,34.350593566894531
9620799,2023,2023-10-23,5605,2023-09-22,1735,100,PATRO,5,5,3,5605,0,0,0,,0,003,"CLARA ST","2ND ST",98.00,E,N,-,-,N,,,,,,,,,,N,3,0,1,2,A,-,03,22350,,N,H,A,A,A,H,-,A,D,0,,,Y,,Y,,C,02,0,1,0,0,0,0,0,0,1,"- ","- ",34.151348114013672,-119.19863128662109,VENTURA,"PORT HUENEME",-119.19817352294922,34.151588439941406
9623819,2023,2023-11-28,5608,2023-10-06,2215,359,,5,5,6,5608,0,0,0,,0,003,"WELLS RD","CITRUS DR",0.00,,Y,A,-,N,,,,,,,,,,Y,3,0,4,2,A,-,09,21801,A,N,A,C,A,A,H,-,C,A,0,,,,,Y,,A,01,0,4,0,0,0,0,0,0,0,"- ","- ",,,VENTURA,VENTURA,-119.15824127197266,34.291439056396484
9626483,2023,2023-11-01,5604,2023-09-25,1542,5403,,1,5,6,5604,0,0,0,,0,042,"ARCTURUS AV","HUENEME RD",600.00,S,N,A,-,N,,,,,,,,,,Y,4,0,1,2,A,-,03,22350,,N,F,E,A,A,H,-,A,A,0,,,,,Y,,A,01,0,0,1,0,0,0,0,0,0,"- ","- ",34.143928527832031,-119.1722412109375,VENTURA,OXNARD,-119.17227935791016,34.145702362060547
9626526,2023,2023-10-25,5604,2023-09-21,1336,5465,,4,5,6,5604,0,0,0,,0,022,"S A ST","WEST 5TH ST",0.00,,Y,A,-,N,,,,,,,,,,,4,0,1,2,A,-,12,21453,A,N,D,C,A,A,H,-,A,A,0,,,,,Y,,D,22,0,0,1,0,0,0,0,0,0,"- ","- ",,,VENTURA,OXNARD,-119.17861175537109,34.197696685791016
9626542,2023,2023-10-26,5604,2023-09-16,2143,5615,,6,5,6,5604,0,0,0,,0,022,"BEVERLY DR","N L ST N",0.00,,Y,A,-,N,,,,,,,,,,Y,3,0,1,2,A,-,09,21801,B,N,D,C,A,A,H,-,A,D,0,,,,,Y,,A,01,0,1,0,0,0,0,0,0,0,"- ","- ",,,VENTURA,OXNARD,-119.19222259521484,34.205921173095703
9626748,2023,2023-10-27,5604,2023-09-27,1030,5354,,3,5,6,5604,0,0,0,,0,042,"E PLEASANT VALLEY RD","BRADFIELD PL",157.00,E,N,A,-,N,,,,,,,,,,Y,3,0,2,3,A,-,07,21658,A,N,B,C,A,A,H,-,A,D,0,,,,,Y,,A,01,0,1,1,0,0,0,0,0,0,"- ","- ",34.154460906982422,-119.17423248291016,VENTURA,OXNARD,-119.17506408691406,34.154720306396484
9626756,2023,2023-10-26,5604,2023-09-14,"721 ",5701,,4,5,6,5604,0,0,0,,0,041,"LA CANADA AV","FOURNIER ST",0.00,,Y,A,-,N,,,,,,,,,,N,4,0,1,2,A,-,12,22450,A,N,G,G,A,A,H,-,A,A,0,,Y,,,Y,,L,04,0,0,1,0,0,0,1,0,0,"- ","- ",34.167728424072266,-119.17024230957031,VENTURA,OXNARD,-119.17024993896484,34.167762756347656
9627102,2023,2023-10-23,5604,2023-09-11,"925 ",5354,,1,5,6,5604,0,0,0,,0,021,"SOUTH VICTORIA AV","W HEMLOCK ST W",0.00,,Y,A,-,N,,,,,,,,,,N,4,0,1,2,A,-,04,21703,,N,C,C,A,A,H,-,A,D,0,,,,Y,Y,,G,25,0,0,1,0,0,0,0,0,0,"- ","- ",,,VENTURA,OXNARD,-119.22168731689453,34.181316375732422
9627285,2023,2023-10-23,5604,2023-09-12,1709,5641,,2,5,6,5604,0,0,0,,0,022,"WEST 5TH ST","S PATTERSON RD",500.00,E,N,A,-,N,,,,,,,,,,Y,4,0,2,2,A,-,08,22107,,N,D,C,A,A,H,-,A,D,0,,,,,Y,,A,07,0,0,2,0,0,0,0,0,0,"- ","- ",34.198589324951172,-119.20645141601562,VENTURA,OXNARD,-119.20635223388672,34.197418212890625
9630402,2023,2023-12-05,5604,2023-10-03,1646,5403,,2,5,6,5604,0,0,0,,0,021,"W CHANNEL ISLANDS BL","PENINSULA RD",105.00,W,N,A,-,N,,,,,,,,,,N,4,0,3,3,A,-,03,22350,,N,C,C,A,A,H,-,A,A,0,,,,,Y,,A,01,0,0,3,0,0,0,0,0,0,"- ","- ",34.176029205322266,-119.22525787353516,VENTURA,OXNARD,-119.22559356689453,34.175708770751953
9635959,2023,2024-03-07,5608,2023-12-11,1830,537,,1,5,6,5608,0,0,0,,0,004,"VALENTINE RD","RT 101",52.00,W,N,A,-,Y,VEN,7,101,-,R,24.794,R,4,S,N,4,0,1,2,A,-,03,22350,,F,-,-,A,A,H,-,C,A,0,,,,,Y,Y,A,07,0,0,1,0,0,0,0,0,0,"- ",SF,,,VENTURA,VENTURA,-119.21302032470703,34.253646850585938
9640016,2023,2025-06-27,5608,2023-10-15,1950,501,VENTU,7,5,6,5608,0,0,0,,0,004,"VENTURA BL","INEZ ST",2.00,E,N,A,-,N,,,,,,,,,,Y,1,1,0,1,A,-,01,23152,A,N,E,I,A,A,H,-,C,D,0,,,,,Y,Y,A,01,0,0,0,0,0,0,0,0,0,"- ","- ",,,VENTURA,VENTURA,-119.20634460449219,34.250396728515625
9642999,2023,2023-12-07,5604,2023-10-26,1403,5610,,4,5,6,5604,0,0,0,,0,023,"N A ST","W 3RD ST",15.00,S,N,A,-,N,,,,,,,,,,N,3,0,1,2,A,-,21,22106,,N,D,C,A,A,H,-,A,D,0,,,,Y,Y,,F,26,0,1,0,0,0,0,0,0,0,"- ","- ",34.200321197509766,-119.17855072021484,VENTURA,OXNARD,-119.17855834960938,34.200309753417969
9643698,2023,2024-01-18,5604,2023-11-12,1321,5648,,7,5,6,5604,0,0,0,,0,032,"E WOOLEY RD","RICHMOND AV",0.00,,Y,A,-,N,,,,,,,,,,N,3,0,1,2,A,-,17,21208,,N,B,G,A,A,H,-,A,A,0,,Y,,,Y,,D,22,0,1,0,0,0,0,1,0,0,"- ","- ",34.18994140625,-119.16842651367188,VENTURA,OXNARD,-119.16850280761719,34.189937591552734
9643699,2023,2024-01-08,5604,2023-11-10,2247,5641,,5,5,6,5604,0,0,0,,0,012,"W GONZALES RD","ROSE AV",650.00,W,N,A,-,N,,,,,,,,,,Y,4,0,1,2,A,-,09,21804,B,N,B,C,A,A,H,-,C,A,0,,,,,Y,,A,01,0,0,1,0,0,0,0,0,0,"- ","- ",34.220088958740234,-119.16139221191406,VENTURA,OXNARD,-119.16057586669922,34.219009399414062
9650756,2022,2024-01-03,5606,2022-11-19,1825,1156,5606,6,5,4,5606,0,0,0,,0,002,"VENTURA E","8TH S ST",21.00,S,N,A,-,N,,,,,,,,,,Y,3,0,1,2,A,-,09,21804,A,N,D,C,A,A,H,-,C,D,0,,,,,Y,,A,01,0,1,0,0,0,0,0,0,0,"- ","- ",,,VENTURA,"SANTA PAULA",-119.06341552734375,34.350948333740234
9653825,2023,2024-02-29,5604,2023-12-02,1000,5649,,6,5,6,5604,0,0,0,,0,014,"VINEYARD AV","RT 101",10.00,E,N,A,-,N,,,,,,,,,,Y,4,0,1,2,A,-,03,22350,,N,C,C,A,A,H,-,A,A,0,,,,,Y,,A,01,0,0,1,0,0,0,0,0,0,"- ","- ",,,VENTURA,OXNARD,,