CASE_ID,ACCIDENT_YEAR,PROC_DATE,JURIS,COLLISION_DATE,COLLISION_TIME,OFFICER_ID,REPORTING_DISTRICT,DAY_OF_WEEK,CHP_SHIFT,POPULATION,CNTY_CITY_LOC,SPECIAL_COND,BEAT_TYPE,CHP_BEAT_TYPE,CITY_DIVISION_LAPD,CHP_BEAT_CLASS,BEAT_NUMBER,PRIMARY_RD,SECONDARY_RD,DISTANCE,DIRECTION,INTERSECTION,WEATHER_1,WEATHER_2,STATE_HWY_IND,CALTRANS_COUNTY,CALTRANS_DISTRICT,STATE_ROUTE,ROUTE_SUFFIX,POSTMILE_PREFIX,POSTMILE,LOCATION_TYPE,RAMP_INTERSECTION,SIDE_OF_HWY,TOW_AWAY,COLLISION_SEVERITY,NUMBER_KILLED,NUMBER_INJURED,PARTY_COUNT,PRIMARY_COLL_FACTOR,PCF_CODE_OF_VIOL,PCF_VIOL_CATEGORY,PCF_VIOLATION,PCF_VIOL_SUBSECTION,HIT_AND_RUN,TYPE_OF_COLLISION,MVIW,PED_ACTION,ROAD_SURFACE,ROAD_COND_1,ROAD_COND_2,LIGHTING,CONTROL_DEVICE,CHP_ROAD_TYPE,PEDESTRIAN_ACCIDENT,BICYCLE_ACCIDENT,MOTORCYCLE_ACCIDENT,TRUCK_ACCIDENT,NOT_PRIVATE_PROPERTY,ALCOHOL_INVOLVED,STWD_VEHTYPE_AT_FAULT,CHP_VEHTYPE_AT_FAULT,COUNT_SEVERE_INJ,COUNT_VISIBLE_INJ,COUNT_COMPLAINT_PAIN,COUNT_PED_KILLED,COUNT_PED_INJURED,COUNT_BICYCLIST_KILLED,COUNT_BICYCLIST_INJURED,COUNT_MC_KILLED,COUNT_MC_INJURED,PRIMARY_RAMP,SECONDARY_RAMP,LATITUDE,LONGITUDE,COUNTY,CITY,POINT_X,POINT_Y
9653933,2023,2024-01-05,5604,2023-10-23,1753,5458,,1,5,6,5604,0,0,0,,0,022,"WEST 5TH ST","S E ST",0.00,,Y,A,-,N,,,,,,,,,,Y,4,0,2,2,A,-,09,21802,A,N,E,C,A,A,H,-,A,A,0,,,,,Y,,A,01,0,0,2,0,0,0,0,0,0,"- ","- ",,,VENTURA,OXNARD,-119.18362426757812,34.197723388671875
9655824,2023,2024-02-03,5608,2023-12-29,1627,472,,5,5,6,5608,0,0,0,,0,001,"NORTH VENTURA AV","HARRISON AV",0.00,,-,B,-,N,,,,,,,,,,N,3,0,1,2,A,-,03,22350,,F,C,C,A,A,H,-,A,D,0,,Y,,,Y,,L,04,0,1,0,0,0,0,1,0,0,"- ","- ",34.286270141601562,-119.29936218261719,VENTURA,VENTURA,-119.29937744140625,34.286167144775391
9656348,2023,2024-02-29,5604,2023-12-07,1520,4850,,4,5,6,5604,0,0,0,,0,031,"RICE AV","STURGIS RD",25.00,S,N,A,-,N,,,,,,,,,,Y,4,0,1,2,A,-,01,23153,A,N,A,C,A,A,D,-,A,A,0,,,,,Y,Y,A,01,0,0,1,0,0,0,0,0,0,"- ","- ",34.201930999755859,-119.14221954345703,VENTURA,OXNARD,-119.142333984375,34.201881408691406
9657346,2023,2024-07-03,5604,2023-12-15,1757,5135,,5,5,6,5604,0,0,0,,0,014,"H ST","ASTER ST",0.00,,Y,A,-,N,,,,,,,,,,Y,4,0,1,2,A,-,09,21801,A,F,D,C,A,A,H,-,C,A,0,,,,,Y,,A,01,0,0,1,0,0,0,0,0,0,"- ","- ",34.220310211181641,-119.18630218505859,VENTURA,OXNARD,-119.18628692626953,34.220287322998047
9657617,2024,2024-03-30,5604,2024-01-06,1425,5530,,6,5,6,5604,0,0,0,,0,024,"S C ST","COACH C LN",0.00,,Y,A,-,N,,,,,,,,,,N,4,0,2,2,A,-,03,22350,,N,C,C,A,A,H,-,A,D,0,,,,,Y,,A,01,0,0,2,0,0,0,0,0,0,"- ","- ",34.177391052246094,-119.18132019042969,VENTURA,OXNARD,,
9668811,2024,2024-04-08,5604,2024-02-12,1615,4947,,1,5,6,5604,0,0,0,,0,022,"HOBSON WY","W 5TH ST W",0.00,,Y,A,-,N,,,,,,,,,,N,4,0,1,2,A,-,10,21950,A,N,G,B,B,A,H,-,A,A,0,Y,,,,Y,,A,01,0,0,1,0,1,0,0,0,0,"- ","- ",34.197738647460938,-119.18789672851562,VENTURA,OXNARD,-119.18791961669922,34.197750091552734
9668822,2024,2024-04-08,5604,2024-02-26,1343,5623,,1,5,6,5604,0,0,0,,0,014,"N VENTURA RD","STONE CREEK DR",573.00,N,N,B,-,N,,,,,,,,,,Y,4,0,2,2,A,-,08,22107,,N,D,C,A,B,H,-,A,D,0,,,,,Y,,A,01,0,0,2,0,0,0,0,0,0,"- ","- ",,,VENTURA,OXNARD,-119.19451904296875,34.233932495117188
9672963,2024,2024-04-16,5608,2024-02-10,1730,506,,6,5,6,5608,0,0,0,,0,001,"E SHOSHONE ST","SHAWNEE LN",50.00,W,N,A,-,N,,,,,,,,,,N,3,0,1,2,A,-,03,22350,A,N,B,G,A,A,H,-,A,A,0,,Y,,,Y,,L,04,0,1,0,0,0,0,1,0,0,"- ","- ",,,VENTURA,VENTURA,-119.29041290283203,34.303062438964844
9674648,2024,2024-04-09,5605,2024-02-02,1617,147,PATRO,5,5,3,5605,0,0,0,,0,001,"CHANNEL ISLANDS BL","PATTERSON RD",0.00,,Y,A,-,N,,,,,,,,,,Y,3,0,1,3,D,-,00,,,N,D,C,A,A,H,-,A,A,0,,,,,Y,,-,"- ",0,1,0,0,0,0,0,0,0,"- ","- ",34.175849914550781,-119.20835876464844,VENTURA,"PORT HUENEME",-119.20841979980469,34.175727844238281
9681253,2024,2024-04-03,5608,2024-02-17,2112,452,,6,5,6,5608,0,0,0,,0,002,"ARCADE DR","THOMPSON BL",18.00,S,N,C,-,N,,,,,,,,,,N,4,0,1,2,A,-,05,21650,,N,D,G,A,B,H,-,C,D,0,,Y,,,Y,Y,L,04,0,0,1,0,0,0,1,0,0,"- ","- ",,,VENTURA,VENTURA,-119.26517486572266,34.273303985595703
9683493,2024,2024-07-09,5604,2024-03-13,1051,5697,,3,5,6,5604,0,0,0,,0,032,"E CHANNEL ISLANDS BL","ROSE AV",0.00,,Y,A,-,N,,,,,,,,,,N,4,0,1,2,A,-,12,22450,A,N,D,C,A,A,H,-,A,A,0,,,,,Y,,A,01,0,0,1,0,0,0,0,0,0,"- ","- ",,,VENTURA,OXNARD,-119.16017150878906,34.1732177734375
9684286,2024,2024-06-19,5608,2024-04-03,1823,446,,3,5,6,5608,0,0,0,,0,003,"TELEGRAPH RD","BRENT ST",93.00,E,N,A,-,N,,,,,,,,,,Y,4,0,1,2,A,-,08,22107,,N,B,B,A,A,H,-,A,D,0,,,,,Y,,A,01,0,0,1,0,0,0,0,0,0,"- ","- ",,,VENTURA,VENTURA,-119.25637054443359,34.271881103515625
9685065,2024,2024-06-24,5608,2024-04-10,1637,409,P620,3,5,6,5608,0,0,0,,0,002,"MAIN ST","DONLON ST",238.00,E,N,A,-,N,,,,,,,,,,Y,3,0,2,4,A,-,00,23153,F,N,B,C,A,A,H,-,A,A,0,,,,,Y,,A,01,0,2,0,0,0,0,0,0,0,"- ","- ",,,VENTURA,VENTURA,-119.23468780517578,34.262584686279297
9686380,2024,2024-07-23,5604,2024-05-12,2133,5696,,7,5,6,5604,0,0,0,,0,011,"N OXNARD BL","GONZALES RD",150.00,S,N,A,-,N,,,,,,,,,,Y,4,0,1,2,A,-,01,23153,A,N,B,C,A,A,A,H,C,D,0,,,,,Y,Y,A,01,0,0,1,0,0,0,0,0,0,"- ","- ",34.217529296875,-119.17784881591797,VENTURA,OXNARD,-119.17726135253906,34.218578338623047
9686634,2024,2024-08-02,5608,2024-06-04,1254,506,,2,5,6,5608,0,0,0,,0,001,"NORTH VENTURA AV","PARK ROW AV",20.00,S,N,B,-,N,,,,,,,,,,N,4,0,1,3,A,-,03,22350,,N,C,C,A,A,H,-,A,A,0,,,,,Y,,A,01,0,0,1,0,0,0,0,0,0,"- ","- ",,,VENTURA,VENTURA,-119.29986572265625,34.284538269042969
9686639,2024,2024-08-13,5608,2024-06-07,1442,545,,5,5,6,5608,0,0,0,,0,001,"E SANTA CLARA ST","S KALORAMA ST",0.00,,Y,A,-,N,,,,,,,,,,N,4,0,1,2,A,-,09,21802,A,N,D,C,A,A,H,-,A,A,0,,,,,Y,,A,01,0,0,1,0,0,0,0,0,0,"- ","- ",,,VENTURA,VENTURA,-119.28700256347656,34.279560089111328
9686640,2024,2024-08-02,5608,2024-06-07,1527,530,,5,5,6,5608,0,0,0,,0,002,"PREBLE AV","VALMORE AV",325.00,E,N,B,-,N,,,,,,,,,,Y,4,0,1,4,A,-,08,22107,,N,B,C,A,A,H,-,A,D,0,,,,,Y,,A,01,0,0,1,0,0,0,0,0,0,"- ","- ",34.266361236572266,-119.25296020507812,VENTURA,VENTURA,-119.25308227539062,34.266395568847656
9689786,2024,2024-09-25,5608,2024-03-18,1444,563,,1,5,6,5608,0,0,0,,0,003,"TELEGRAPH RD","N HARDING AV",0.00,,Y,B,-,N,,,,,,,,,,Y,2,0,2,2,A,-,08,22107,,N,D,C,A,A,H,-,A,D,0,,,,,Y,,A,01,1,1,0,0,0,0,0,0,0,"- ","- ",34.280689239501953,-119.19615936279297,VENTURA,VENTURA,-119.19615173339844,34.280677795410156
9691490,2024,2024-05-09,5604,2024-03-14,1628,5354,,4,5,6,5604,0,0,0,,0,011,"N C ST","GONZALES RD",250.00,N,N,A,-,N,,,,,,,,,,N,4,0,1,2,A,-,09,21804,A,N,D,C,A,A,H,-,A,A,0,,,,,Y,,A,01,0,0,1,0,0,0,0,0,0,"- ","- ",,,VENTURA,OXNARD,-119.18083190917969,34.219776153564453
9706980,2024,2024-07-25,5604,2024-05-24,1824,5728,,5,5,6,5604,0,0,0,,0,022,"2ND ST","VENTURA RD",0.00,,Y,A,-,N,,,,,,,,,,Y,4,0,1,2,A,-,09,21801,A,N,D,C,A,A,H,-,A,A,0,,,,,Y,,A,01,0,0,1,0,0,0,0,0,0,"- ","- ",34.202880859375,-119.19474029541016,VENTURA,OXNARD,-119.19470977783203,34.202888488769531
9707092,2024,2024-09-27,5604,2024-04-07,1641,5608,,7,5,6,5604,0,0,0,,0,021,"OCEAN DR","HARBOUR BL",50.00,S,N,A,-,N,,,,,,,,,,N,4,0,1,2,C,-,18,,,N,D,D,A,A,H,-,A,D,0,,,,,Y,,-,"- ",0,0,1,0,0,0,0,0,0,"- ","- ",34.159000396728516,-119.22499847412109,VENTURA,OXNARD,-119.22514343261719,34.159477233886719
9707349,2024,2024-07-25,5608,2024-05-15,"927 ",536,,3,5,6,5608,0,0,0,,0,002,"E MAIN ST","LIVE OAK DR",0.00,,Y,B,-,N,,,,,,,,,,N,3,0,1,2,A,-,03,22350,,N,B,E,A,A,H,-,A,D,0,,Y,,,Y,Y,L,04,0,1,0,0,0,0,1,0,0,"- ","- ",34.279140472412109,-119.27490997314453,VENTURA,VENTURA,-119.27480316162109,34.2791748046875
9709215,2024,2024-08-21,5608,2024-07-02,1041,565,,2,5,6,5608,0,0,0,,0,003,"PEACH AV","BEACHNUT AV",0.00,,Y,A,-,N,,,,,,,,,,N,4,0,1,2,A,-,12,22450,A,N,D,C,A,A,H,-,A,A,0,,,,,Y,,A,01,0,0,1,0,0,0,0,0,0,"- ","- ",34.293998718261719,-119.15200042724609,VENTURA,VENTURA,-119.15275573730469,34.294338226318359
9713006,2024,2024-08-14,5608,2024-06-15,1750,446,,6,5,6,5608,0,0,0,,0,003,"KIMBALL RD","RT 126",278.00,S,N,A,-,N,,,,,,,,,,Y,3,0,1,1,A,-,13,22515,A,N,A,I,A,A,H,-,A,D,0,,,,,Y,,A,01,0,1,0,0,0,0,0,0,0,"- ","- ",,,VENTURA,VENTURA,-119.19054412841797,34.274059295654297
9714070,2024,2024-08-06,5605,2024-06-09,1709,231,PATRO,7,5,3,5605,0,0,0,,0,001,"CHANNEL ISLAND BL","WHEELHOUSE AV",430.00,E,N,A,-,N,,,,,,,,,,N,4,0,1,2,A,-,03,22350,,N,C,C,A,A,H,-,A,D,0,,,,,Y,,A,01,0,0,1,0,0,0,0,0,0,"- ","- ",34.175918579101562,-119.21266937255859,VENTURA,"PORT HUENEME",-119.2113037109375,34.175758361816406
9716509,2024,2024-07-31,5604,2024-06-12,"644 ",5730,,3,5,6,5604,0,0,0,,0,041,"ROSE AV","OXNARD BL",0.00,,Y,A,-,N,,,,,,,,,,N,3,0,1,2,A,-,10,21950,A,N,H,G,A,A,H,-,A,A,0,,Y,,,Y,,A,01,0,1,0,0,0,0,1,0,0,"- ","- ",34.174999237060547,-119.15989685058594,VENTURA,OXNARD,-119.16005706787109,34.175331115722656
9717793,2024,2024-08-26,5604,2024-07-02,1819,5367,,2,5,6,5604,0,0,0,,0,041,"ROSE AVE","CHANNEL ISLAND BL",100.00,S,N,A,-,N,,,,,,,,,,Y,3,0,2,2,A,-,04,21703,,N,C,C,A,A,H,-,A,A,0,,,,,Y,,D,22,0,1,1,0,0,0,0,0,0,"- ","- ",34.172359466552734,-119.15963745117188,VENTURA,OXNARD,-119.16017150878906,34.172946929931641
9717853,2024,2024-09-30,5604,2024-07-27,2245,5714,,6,5,6,5604,0,0,0,,0,031,"N ROSE AV","E GONZALES RD E",0.00,,Y,A,-,N,,,,,,,,,,Y,4,0,4,2,A,-,12,21453,A,N,D,C,A,A,H,-,C,A,0,,,,,Y,,A,01,0,0,4,0,0,0,0,0,0,"- ","- ",34.218898773193359,-119.15827941894531,VENTURA,OXNARD,-119.15843200683594,34.218990325927734
9724478,2024,2024-08-15,5604,2024-06-20,1354,5766,,4,5,6,5604,0,0,0,,0,023,"WEST 5TH ST","C ST",0.00,,Y,A,-,N,,,,,,,,,,Y,3,0,3,3,A,-,03,22350,,N,C,C,A,A,H,-,A,D,0,,,,,Y,,A,08,0,3,0,0,0,0,0,0,0,"- ","- ",34.197521209716797,-119.18109893798828,VENTURA,OXNARD,-119.18110656738281,34.197517395019531
9726086,2024,2024-08-29,5604,2024-07-08,1831,5567,,1,5,6,5604,0,0,0,,0,031,"ROSE AV","SANTA LUCIA AV",5.00,S,N,A,-,N,,,,,,,,,,N,4,0,1,2,A,-,03,22350,,N,C,C,A,A,H,-,A,A,0,,,,,Y,,A,07,0,0,1,0,0,0,0,0,0,"- ","- ",34.202030181884766,-119.15972137451172,VENTURA,OXNARD,-119.15982818603516,34.202014923095703
9727935,2024,2024-08-29,5608,2024-08-10,2316,530,,6,5,6,5608,0,0,0,,0,004,"WALKER ST","MOON DR",0.00,,Y,A,-,N,,,,,,,,,,Y,3,0,2,2,A,-,12,22450,A,N,D,C,A,A,H,-,C,D,0,,,,,Y,,A,01,0,2,0,0,0,0,0,0,0,"- ","- ",34.25421142578125,-119.21253967285156,VENTURA,VENTURA,-119.21239471435547,34.254215240478516
9733498,2024,2024-09-19,5608,2024-09-07,1650,458,,6,5,6,5608,0,0,0,,0,002,"OLIVAS PARK DR","OLIVAS ADOBE",0.00,,-,A,-,N,,,,,,,,,,Y,4,0,1,2,A,-,01,23153,A,N,C,C,A,A,H,-,A,D,0,,,,,Y,Y,A,01,0,0,1,0,0,0,0,0,0,"- ","- ",34.24420166015625,-119.24053955078125,VENTURA,VENTURA,,
9734237,2024,2024-10-16,5605,2024-09-01,1738,228,PATRO,7,5,3,5605,0,0,0,,0,002,"CHANNEL ISLAND BL","WHEELHOUSE AV",0.00,,Y,A,-,N,,,,,,,,,,Y,3,0,4,3,A,-,12,21453,A,N,D,C,A,A,H,-,A,A,0,,,,,Y,,A,01,0,1,3,0,0,0,0,0,0,"- ","- ",34.175918579101562,-119.21266937255859,VENTURA,"PORT HUENEME",-119.21272277832031,34.175773620605469
9734480,2024,2024-09-25,5605,2024-08-24,1038,243,PATRO,6,5,3,5605,0,0,0,,0,002,"CHANNEL ISLAND BL","PATTERSON RD",74.00,E,N,A,-,N,,,,,,,,,,N,4,0,1,3,A,-,03,22350,,N,C,C,A,A,H,-,A,A,0,,,,,Y,,A,01,0,0,1,0,0,0,0,0,0,"- ","- ",34.175849914550781,-119.20835876464844,VENTURA,"PORT HUENEME",-119.20817565917969,34.175727844238281
9738826,2024,2024-10-23,5604,2024-09-07,2216,5615,,6,5,6,5604,0,0,0,,0,023,"C ST","FOURTH ST W",0.00,,Y,A,-,N,,,,,,,,,,Y,3,0,5,2,A,-,12,21453,A,N,D,C,A,A,H,-,C,A,0,,,,,Y,,J,48,0,1,4,0,0,0,0,0,0,"- ","- ",,,VENTURA,OXNARD,-119.18109893798828,34.199008941650391
9740324,2024,2024-10-11,5608,2024-09-27,1847,446,,5,5,6,5608,0,0,0,,0,003,"CROCKER AV","TELEGRAPH RD",115.00,S,N,A,-,N,,,,,,,,,,N,4,0,1,2,D,-,00,,,N,H,G,A,A,H,-,C,D,0,,Y,,,Y,,-,"- ",0,0,1,0,0,0,1,0,0,"- ","- ",,,VENTURA,VENTURA,-119.19041442871094,34.281276702880859
9744061,2024,2024-10-17,5608,2024-10-09,1716,440,5608,3,5,6,5608,0,0,0,,0,004,"S JOHNSON DR","CAPRI AV",0.00,,Y,A,-,N,,,,,,,,,,Y,2,0,2,2,A,-,09,21804,A,N,D,C,A,A,H,-,A,D,0,,,,,Y,,A,01,1,1,0,0,0,0,0,0,0,"- ","- ",,,VENTURA,VENTURA,-119.19638061523438,34.249473571777344
9744321,2024,2024-10-18,5604,2024-08-02,1514,5367,,5,5,6,5604,0,0,0,,0,041,"S ROSE AVE","BARD RD",0.00,,Y,A,-,N,,,,,,,,,,Y,3,0,4,3,A,-,03,22350,,N,C,C,A,A,A,H,A,A,0,,,,,Y,,A,01,0,2,2,0,0,0,0,0,0,"- ","- ",34.162220001220703,-119.15943145751953,VENTURA,OXNARD,-119.15950012207031,34.162227630615234
9744449,2024,2024-10-21,5604,2024-06-26,"109 ",4942,,3,5,6,5604,0,0,0,,0,031,"CAMINO DEL SOL","S ROSE AVE S",0.00,,Y,A,-,N,,,,,,,,,,Y,4,0,2,2,A,-,05,21651,C,F,A,C,A,A,D,-,C,A,0,,,,,Y,Y,A,01,0,0,2,0,0,0,0,0,0,"- ","- ",,,VENTURA,OXNARD,-119.15969085693359,34.206352233886719
9744629,2024,2024-10-18,5604,2024-08-22,1905,5532,,4,5,6,5604,0,0,0,,0,012,"E GONZALES DR","OUTLET CENTER DR",150.00,E,N,A,-,N,,,,,,,,,,Y,2,0,1,2,A,-,09,21804,A,N,C,G,A,A,H,-,A,A,0,,Y,,,Y,,L,04,1,0,0,0,0,0,1,0,0,"- ","- ",34.218818664550781,-119.1492919921875,VENTURA,OXNARD,-119.14879608154297,34.218914031982422
9744656,2024,2024-10-18,5604,2024-08-30,2014,5673,,5,5,6,5604,0,0,0,,0,014,"N OXNARD BL","ORCHARD PL",50.00,S,N,A,-,N,,,,,,,,,,Y,4,0,3,3,A,-,03,22350,,N,C,C,A,A,H,-,C,D,0,,,,,Y,,A,01,0,0,3,0,0,0,0,0,0,"- ","- ",34.226509094238281,-119.17733001708984,VENTURA,OXNARD,-119.17873382568359,34.230506896972656
9744743,2024,2024-10-21,5604,2024-09-25,1002,5773,,3,5,6,5604,0,0,0,,0,011,"W GONZALES ST","N PATTERSON RD",100.00,W,N,B,-,N,,,,,,,,,,N,4,0,1,2,A,-,04,21703,,N,C,C,A,A,H,-,A,A,0,,,,,Y,,D,22,0,0,1,0,0,0,0,0,0,"- ","- ",,,VENTURA,OXNARD,-119.20748901367188,34.219451904296875
9744748,2024,2024-11-15,5604,2024-09-07,"633 ",5678,,6,5,6,5604,0,0,0,,0,031,"DEL NORTE BL","STURGIS RD",0.00,,Y,A,-,N,,,,,,,,,,Y,3,0,2,3,A,-,12,21453,A,N,D,C,A,A,H,-,A,A,0,,,,Y,Y,,A,01,0,1,1,0,0,0,0,0,0,"- ","- ",34.201839447021484,-119.12731170654297,VENTURA,OXNARD,-119.12744140625,34.201835632324219
9744750,2024,2024-10-21,5604,2024-09-06,"809 ",5474,,5,5,6,5604,0,0,0,,0,012,"N ROSE AV","AUTO CENTER DR",820.00,S,N,A,-,N,,,,,,,,,,N,3,0,1,2,A,-,08,22107,,N,B,G,A,A,H,-,A,D,0,,Y,,,Y,,D,22,0,1,0,0,0,0,1,0,0,"- ","- ",34.225051879882812,-119.15875244140625,VENTURA,OXNARD,-119.15869140625,34.225910186767578
9745821,2024,2024-11-13,5604,2024-09-30,1329,5802,,1,5,6,5604,0,0,0,,0,012,"E VINEYARD AV","ESPLANADE DR",0.00,,Y,A,-,N,,,,,,,,,,Y,4,0,1,2,A,-,12,21453,A,N,D,C,A,A,H,-,A,A,0,,,,Y,Y,,G,25,0,0,1,0,0,0,0,0,0,"- ","- ",,,VENTURA,OXNARD,-119.17465972900391,34.229995727539062
9746143,2024,2024-10-29,5604,2024-09-24,1457,5773,,2,5,6,5604,0,0,0,,0,014,"E VINEYARD AV","ESPLANADE DR",375.00,N,N,A,-,N,,,,,,,,,,N,4,0,1,2,A,-,00,21703,A,N,C,C,A,A,H,-,A,A,0,,,,,Y,,A,01,0,0,1,0,0,0,0,0,0,"- ","- ",34.231739044189453,-119.17330169677734,VENTURA,OXNARD,-119.17398071289062,34.230861663818359
9749697,2024,2024-10-30,5605,2024-09-28,"936 ",236,PATRO,6,5,3,5605,0,0,0,,0,001,"MARINA VILLAGE ST","ANCHOR AV",120.00,W,N,A,-,,,,,,,,,,,,2,0,1,2,A,-,09,21804,A,N,D,C,A,A,H,-,A,D,0,,,Y,,Y,,C,02,1,0,0,0,0,0,0,0,1,"- ","- ",34.179428100585938,-119.22010803222656,VENTURA,"PORT HUENEME",-119.22049713134766,34.179409027099609
9751686,2024,2024-11-07,5604,2024-09-26,1520,5785,,4,5,6,5604,0,0,0,,0,011,"N C ST","DEODAR AV",100.00,E,N,A,-,N,,,,,,,,,,N,4,0,1,2,A,-,04,21703,,N,C,C,A,A,H,-,A,D,0,,,,,Y,,A,07,0,0,1,0,0,0,0,0,0,"- ","- ",,,VENTURA,OXNARD,-119.18099212646484,34.207000732421875
9751751,2024,2024-11-08,5604,2024-10-05,1909,5670,,6,5,6,5604,0,0,0,,0,024,"E CHANNEL ISLANDS BL","S N ST S",0.00,,Y,E,-,N,,,,,,,,,,N,4,0,1,2,A,-,08,22107,,N,D,C,A,A,H,-,C,D,0,,,,,Y,,A,01,0,0,1,0,0,0,0,0,0,"- ","- ",34.175678253173828,-119.19499206542969,VENTURA,OXNARD,-119.19362640380859,34.175662994384766
9752164,2024,2024-11-14,5608,2024-11-01,"943 ",523,,5,5,6,5608,0,0,0,,0,004,"JOHNSON DR","NORTH BANK DR",500.00,S,N,A,-,N,,,,,,,,,,N,3,0,1,2,A,-,05,21650,,N,A,G,A,A,H,-,A,A,0,,Y,,,Y,,L,04,0,1,0,0,0,0,1,0,0,"- ","- ",34.244968414306641,-119.19280242919922,VENTURA,VENTURA,-119.193603515625,34.24609375
9754712,2024,2024-12-19,5604,2024-10-24,2121,5459,,4,5,6,5604,0,0,0,,0,014,"N OXNARD BL","RT 101",0.00,,N,E,-,Y,VEN,7,1,-,-,21.074,I,5,S,Y,4,0,2,2,A,-,12,21453,A,N,D,C,A,A,D,-,C,A,0,,,,,Y,,-,"- ",0,0,2,0,0,0,0,0,0,"- ","- ",34.239898681640625,-119.18105316162109,VENTURA,OXNARD,-119.18108367919922,34.239822387695312
9757358,2024,2024-12-12,5604,2024-10-31,1536,5777,,4,5,6,5604,0,0,0,,0,031,"N RICE AV","STURGIS RD",10.00,S,N,A,-,N,,,,,,,,,,N,2,0,1,1,-,-,"- ",,,N,E,I,A,A,H,-,A,A,0,,,,,Y,,-,"- ",1,0,0,0,0,0,0,0,0,"- ","- ",34.201930999755859,-119.14221954345703,VENTURA,OXNARD,-119.14232635498047,34.201950073242188
9760335,2024,2024-12-06,5604,2024-11-01,"626 ",4950,,5,5,6,5604,0,0,0,,0,012,"N ROSE AV","GONZALES RD",60.00,N,N,A,-,N,,,,,,,,,,Y,4,0,2,2,A,-,03,22350,,N,C,C,A,A,H,-,B,A,0,,,,,Y,,A,01,0,0,2,0,0,0,0,0,0,"- ","- ",34.218898773193359,-119.15827941894531,VENTURA,OXNARD,-119.15842437744141,34.219154357910156
9761276,2024,2024-12-23,5604,2024-11-26,1317,5817,,2,5,6,5604,0,0,0,,0,041,"ROSE AV","GARY DR",200.00,N,N,C,-,N,,,,,,,,,,Y,3,0,1,1,A,-,08,22107,,N,F,I,A,B,H,-,A,D,0,,,,,Y,,A,01,0,1,0,0,0,0,0,0,0,"- ","- ",34.168998718261719,-119.15899658203125,VENTURA,OXNARD,-119.15985107421875,34.168491363525391
9763424,2024,2025-01-21,5604,2024-12-24,1840,4919,,2,5,6,5604,0,0,0,,0,032,"SAVIERS RD","LAUREL ST",0.00,,Y,A,-,N,,,,,,,,,,Y,4,0,3,3,A,-,08,22107,,N,D,C,A,A,H,-,C,A,0,,,,,Y,,A,01,0,0,3,0,0,0,0,0,0,"- ","- ",,,VENTURA,OXNARD,-119.17759704589844,34.177345275878906
9763427,2024,2025-01-21,5604,2024-12-22,1700,5787,,7,5,6,5604,0,0,0,,0,031,"OXNARD BL","COOPER RD",15.00,S,N,A,-,N,,,,,,,,,,N,4,0,1,2,A,-,21,22106,,F,C,C,A,A,H,-,A,A,0,,,,,Y,,A,01,0,0,1,0,0,0,0,0,0,"- ","- ",34.204360961914062,-119.17672729492188,VENTURA,OXNARD,-119.17739105224609,34.204517364501953
9763526,2024,2025-01-21,5604,2024-12-06,1159,5799,,5,5,6,5604,0,0,0,,0,012,"PASEO MERCADO","AUTO CENTER DR",300.00,S,N,A,-,N,,,,,,,,,,N,4,0,2,2,A,-,08,22107,,N,A,C,A,A,H,-,A,D,0,,,,,Y,,D,22,0,0,2,0,0,0,0,0,0,"- ","- ",34.224491119384766,-119.45001220703125,VENTURA,OXNARD,-119.14936065673828,34.225925445556641
9765145,2025,2025-02-18,5604,2025-01-01,1412,5609,,3,5,6,5604,0,0,0,,0,032,"E WOOLEY RD","COMMERCIAL AV",0.00,,Y,A,-,N,,,,,,,,,,Y,2,0,6,3,A,-,01,23152,F,N,D,C,A,A,A,-,A,A,0,,,,,Y,,D,22,1,2,3,0,0,0,0,0,0,"- ","- ",34.189960479736328,-119.17105865478516,VENTURA,OXNARD,-119.17108154296875,34.189975738525391
9765227,2024,2025-02-12,5605,2024-12-21,"858 ",247,PATRO,6,5,3,5605,0,0,0,,0,001,"CHANNEL ISLANDS BL","PATTERSON RD N",130.00,W,N,A,-,N,,,,,,,,,,Y,3,0,1,3,A,-,06,21750,,N,B,C,A,A,H,-,A,D,0,,,Y,,Y,,C,02,0,1,0,0,0,0,0,0,1,"- ","- ",34.176109313964844,-119.20835113525391,VENTURA,"PORT HUENEME",-119.20884704589844,34.175731658935547
9765340,2025,2025-02-12,5604,2025-01-10,"753 ",5670,4,5,5,6,5604,0,0,0,,0,042,"W PLEASANT VALLEY RD","PERKINS RD",300.00,E,N,A,-,N,,,,,,,,,,N,4,0,2,4,A,-,03,22350,,N,C,C,A,A,H,-,A,D,0,,,,,Y,,A,01,0,0,2,0,0,0,0,0,0,"- ","- ",34.155509948730469,-119.18276977539062,VENTURA,OXNARD,-119.18286895751953,34.154731750488281
9765694,2025,2025-03-06,5608,2025-02-04,1102,570,,2,5,6,5608,0,0,0,,0,002,"SANJON RD","HARBOR BL",180.00,N,N,A,-,N,,,,,,,,,,N,3,0,1,2,A,-,17,22517,,N,H,G,A,A,H,-,A,D,0,,Y,,,Y,,A,01,0,1,0,0,0,0,1,0,0,"- ","- ",,,VENTURA,VENTURA,-119.28447723388672,34.273517608642578