CASE_ID,ACCIDENT_YEAR,PROC_DATE,JURIS,COLLISION_DATE,COLLISION_TIME,OFFICER_ID,REPORTING_DISTRICT,DAY_OF_WEEK,CHP_SHIFT,POPULATION,CNTY_CITY_LOC,SPECIAL_COND,BEAT_TYPE,CHP_BEAT_TYPE,CITY_DIVISION_LAPD,CHP_BEAT_CLASS,BEAT_NUMBER,PRIMARY_RD,SECONDARY_RD,DISTANCE,DIRECTION,INTERSECTION,WEATHER_1,WEATHER_2,STATE_HWY_IND,CALTRANS_COUNTY,CALTRANS_DISTRICT,STATE_ROUTE,ROUTE_SUFFIX,POSTMILE_PREFIX,POSTMILE,LOCATION_TYPE,RAMP_INTERSECTION,SIDE_OF_HWY,TOW_AWAY,COLLISION_SEVERITY,NUMBER_KILLED,NUMBER_INJURED,PARTY_COUNT,PRIMARY_COLL_FACTOR,PCF_CODE_OF_VIOL,PCF_VIOL_CATEGORY,PCF_VIOLATION,PCF_VIOL_SUBSECTION,HIT_AND_RUN,TYPE_OF_COLLISION,MVIW,PED_ACTION,ROAD_SURFACE,ROAD_COND_1,ROAD_COND_2,LIGHTING,CONTROL_DEVICE,CHP_ROAD_TYPE,PEDESTRIAN_ACCIDENT,BICYCLE_ACCIDENT,MOTORCYCLE_ACCIDENT,TRUCK_ACCIDENT,NOT_PRIVATE_PROPERTY,ALCOHOL_INVOLVED,STWD_VEHTYPE_AT_FAULT,CHP_VEHTYPE_AT_FAULT,COUNT_SEVERE_INJ,COUNT_VISIBLE_INJ,COUNT_COMPLAINT_PAIN,COUNT_PED_KILLED,COUNT_PED_INJURED,COUNT_BICYCLIST_KILLED,COUNT_BICYCLIST_INJURED,COUNT_MC_KILLED,COUNT_MC_INJURED,PRIMARY_RAMP,SECONDARY_RAMP,LATITUDE,LONGITUDE,COUNTY,CITY,POINT_X,POINT_Y
8600122,2017,2018-04-20,5604,2017-12-12,1920,5412,,2,5,6,5604,0,0,0,,0,014,"VENTURA RD","GONZALES RD",0.00,,Y,A,-,N,,,,,,,,,,N,4,0,1,2,A,-,10,21950,A,N,C,G,A,A,H,-,C,A,0,,Y,,,Y,,A,01,0,0,1,0,0,0,1,0,0,"- ","- ",34.219270000000002,-119.19455000000001,VENTURA,OXNARD,-119.19464013,34.219350079999998
8600132,2017,2018-06-01,5604,2017-12-12,2238,4610,,2,5,6,5604,0,0,0,,0,011,"N VENTURA RD","IVYWOOD DR",25.00,N,N,F,-,N,,,,,,,,,,N,4,0,1,2,D,-,00,,,N,C,C,A,-,G,-,-,A,0,,,,,Y,,-,"- ",0,0,1,0,0,0,0,0,0,"- ","- ",34.216050000000003,-119.19459000000001,VENTURA,OXNARD,-119.19472,34.216118620000003
8600139,2017,2018-04-20,5604,2017-12-11,1000,5428,,1,5,6,5604,0,0,0,,0,042,"SAVIERS RD","DOLLIE ST",30.00,N,N,A,-,N,,,,,,,,,,Y,4,0,1,2,A,-,03,22350,,N,C,C,A,A,H,-,A,D,0,,,,,Y,,A,01,0,0,1,0,0,0,0,0,0,"- ","- ",34.157339999999998,-119.17771999999999,VENTURA,OXNARD,-119.17781734,34.157432309999997
8600152,2017,2018-05-02,5604,2017-12-30,1320,5431,,6,5,6,5604,0,0,0,,0,031,"ROSE AV","CAMINO DEL SOL",5.00,N,N,A,-,N,,,,,,,,,,Y,4,0,2,3,A,-,03,22350,,N,C,C,A,A,H,-,A,A,0,,,,,Y,,A,01,0,0,2,0,0,0,0,0,0,"- ","- ",34.20261,-119.15971,VENTURA,OXNARD,-119.15969067,34.206363709999998
8600186,2017,2018-04-23,5604,2017-02-23,1116,5405,,4,5,6,5604,0,0,0,,0,031,"RICE AV","CAMINO DEL SOL",0.00,,Y,A,-,N,,,,,,,,,,Y,4,0,1,3,A,-,09,21800,D,N,D,C,A,A,H,-,A,B,0,,,,,Y,,A,01,0,0,1,0,0,0,0,0,0,"- ","- ",,,VENTURA,OXNARD,-119.14227009,34.206159999999997
8600188,2017,2018-04-23,5604,2017-02-18,1649,5415,,6,5,6,5604,0,0,0,,0,014,"VENTURA RD","HOLLY AV",0.00,,Y,A,-,N,,,,,,,,,,Y,4,0,1,2,A,-,09,21801,A,F,D,C,A,A,H,-,A,A,0,,,,,Y,,A,01,0,0,1,0,0,0,0,0,0,"- ","- ",34.226619999999997,-119.19447,VENTURA,OXNARD,-119.19461009,34.226640019999998
8600194,2017,2018-04-27,5604,2017-02-23,0749,5485,,4,5,6,5604,0,0,0,,0,031,"MORADO PL","GALENA PL",150.00,E,N,A,-,N,,,,,,,,,,Y,4,0,2,2,A,-,08,22107,,N,B,C,A,A,H,-,A,D,0,,,,,Y,,A,01,0,0,2,0,0,0,0,0,0,"- ","- ",34.21199,-119.17095999999999,VENTURA,OXNARD,-119.17106456,34.211783130000001
8600338,2017,2018-04-26,5604,2017-11-03,2500,5435,,5,5,6,5604,0,0,0,,0,041,"CHANNEL ISLANDS BL","SAMUEL AV",0.00,,Y,A,-,N,,,,,,,,,,N,3,0,1,2,A,-,12,22450,A,N,G,B,B,A,H,-,A,A,0,Y,,,,Y,,A,01,0,1,0,0,1,0,0,0,0,"- ","- ",34.174250000000001,-119.18303,VENTURA,OXNARD,-119.17664001,34.173420020000002
8600339,2017,2018-04-25,5604,2017-11-09,1439,5510,,4,5,6,5604,0,0,0,,0,041,"J ST","BARD RD",0.00,,Y,A,-,N,,,,,,,,,,N,3,0,1,2,A,-,05,21650,1,N,D,G,A,A,H,-,A,A,0,,Y,,,Y,,L,04,0,1,0,0,0,0,1,0,0,"- ","- ",,,VENTURA,OXNARD,-119.18603002,34.161080040000002
8600346,2017,2018-05-01,5604,2017-11-16,1500,5208,,4,5,6,5604,0,0,0,,0,032,"CHANNEL ISLANDS BL","ROSE AV",0.00,,Y,A,-,N,,,,,,,,,,N,3,0,1,2,A,-,11,21954,A,N,H,C,A,A,H,-,A,D,0,,Y,,,Y,,L,04,0,1,0,0,0,0,1,0,0,"- ","- ",,,VENTURA,OXNARD,-119.16017008999999,34.173370009999999
8600353,2017,2018-05-01,5604,2017-11-18,1945,5401,,6,5,6,5604,0,0,0,,0,012,"GONZALES RD","SONATA DR",30.00,W,N,A,-,N,,,,,,,,,,Y,4,0,2,2,A,-,01,23153,A,F,D,C,A,A,H,-,C,D,0,,,,,Y,Y,A,07,0,0,2,0,0,0,0,0,0,"- ","- ",34.220080000000003,-119.1613,VENTURA,OXNARD,-119.16220912,34.219009999999997
8600390,2017,2018-04-30,5604,2017-12-24,1608,5473,,7,5,6,5604,0,0,0,,0,042,"OLDS RD","WALDEN ST",100.00,S,N,A,-,N,,,,,,,,,,N,4,0,1,2,A,-,08,22107,,N,D,C,A,A,H,-,A,D,0,,,,,Y,,A,01,0,0,1,0,0,0,0,0,0,"- ","- ",34.15672,-119.14910999999999,VENTURA,OXNARD,-119.14887096,34.157545540000001
8600402,2017,2018-05-02,5604,2017-10-01,2011,5496,,7,5,6,5604,0,0,0,,0,022,"5TH ST","H ST",0.00,,Y,A,-,N,,,,,,,,,,N,4,0,1,2,A,-,10,21950,A,N,G,B,B,A,H,-,C,A,0,Y,,,,Y,,-,,0,0,1,0,1,0,0,0,0,"- ","- ",34.197740000000003,-119.1879,VENTURA,OXNARD,-119.18792003999999,34.1977501
8600405,2017,2018-05-02,5604,2017-10-03,1215,4692,,2,5,6,5604,0,0,0,,0,012,"BALBOA ST","VENTURA BL",0.00,,Y,A,-,N,,,,,,,,,,Y,4,0,1,2,A,-,09,21801,A,N,D,C,A,A,H,-,A,A,0,,,,,Y,,A,01,0,0,1,0,0,0,0,0,0,"- ","- ",34.228149999999999,-119.1682,VENTURA,OXNARD,-119.16828006999999,34.22817002
8600422,2017,2018-04-30,5604,2017-10-10,1900,5468,,2,5,6,5604,0,0,0,,0,021,"HEMLOCK ST","VICTORIA AV",0.00,,Y,A,-,N,,,,,,,,,,N,4,0,1,2,A,-,05,21650,1,N,D,G,A,A,H,-,B,A,0,,Y,,,Y,,L,04,0,0,1,0,0,0,1,0,0,"- ","- ",34.216349999999998,-119.1559,VENTURA,OXNARD,-119.22168990999999,34.18132009
8600460,2017,2018-05-02,5604,2017-10-06,1430,5431,,5,5,6,5604,0,0,0,,0,014,"GONZALES RD","C ST",5.00,W,N,A,-,N,,,,,,,,,,Y,4,0,1,2,A,-,03,22350,,N,C,C,A,A,H,-,A,A,0,,,,,Y,,A,07,0,0,1,0,0,0,0,0,0,"- ","- ",34.219090000000001,-119.18084,VENTURA,OXNARD,-119.18085652000001,34.219190089999998
8600490,2017,2018-05-02,5604,2017-09-23,1220,5431,,6,5,6,5604,0,0,0,,0,014,"VINEYARD AV","FOREST PARK BL",0.00,,Y,A,-,N,,,,,,,,,,Y,4,0,4,2,A,-,12,21453,A,N,D,C,A,A,H,-,A,A,0,,,,,Y,,A,08,0,0,4,0,0,0,0,0,0,"- ","- ",34.240169999999999,-119.16701,VENTURA,OXNARD,-119.1670101,34.240220039999997
8600507,2017,2018-05-07,5604,2017-09-29,1059,5135,,5,5,6,5604,0,0,0,,0,021,"GREENCASTLE WY","HEMLOCK ST",150.00,S,N,A,-,N,,,,,,,,,,N,4,0,1,2,B,-,22,,,F,G,B,F,A,H,-,A,D,0,Y,,,,Y,,A,01,0,0,1,0,1,0,0,0,0,"- ","- ",34.180430000000001,-119.2268,VENTURA,OXNARD,-119.22746039,34.180997580000003
8600511,2017,2018-05-01,5604,2017-09-01,0833,5208,,5,5,6,5604,0,0,0,,0,041,"CHANNEL ISLANDS BL","GISLER AV",50.00,W,N,A,-,N,,,,,,,,,,Y,4,0,2,3,A,-,03,22350,,N,C,C,A,A,H,-,A,A,0,,,,,Y,,A,01,0,0,2,0,0,0,0,0,0,"- ","- ",,,VENTURA,OXNARD,-119.17283510999999,34.173400000000001
8600514,2017,2018-05-01,5604,2017-09-28,1616,4945,,4,5,6,5604,0,0,0,,0,042,"BARD RD","SAN JUAN AV",0.00,,Y,A,-,N,,,,,,,,,,N,4,0,2,2,A,-,03,22350,,N,C,C,A,A,H,-,A,A,0,,,,,Y,,A,01,0,0,2,0,0,0,0,0,0,"- ","- ",34.161960000000001,-119.17001999999999,VENTURA,OXNARD,-119.17005002000001,34.162010109999997
8600522,2017,2018-05-02,5604,2017-09-14,0232,4721,,4,5,6,5604,0,0,0,,0,021,"VICTORIA AV","VIA PACIFICA WALK",35.00,N,N,A,-,N,,,,,,,,,,Y,2,0,1,1,A,-,01,23152,A,N,F,I,A,A,H,-,C,A,0,,,,,Y,Y,A,01,1,0,0,0,0,0,0,0,0,"- ","- ",34.190359999999998,-119.22123999999999,VENTURA,OXNARD,-119.2212,34.189096069999998
8600531,2017,2018-05-01,5604,2017-09-08,0116,5413,,5,5,6,5604,0,0,0,,0,011,"C ST","ROBERT AV",0.00,,Y,A,-,N,,,,,,,,,,N,4,0,1,2,A,-,12,22450,A,F,D,C,A,A,H,-,C,A,0,,,,,Y,,-,,0,0,1,0,0,0,0,0,0,"- ","- ",34.210709999999999,-119.18095,VENTURA,OXNARD,-119.18095013,34.210710050000003
8600533,2017,2018-05-02,5604,2017-09-12,1940,5417,,2,5,6,5604,0,0,0,,0,022,"VENTURA RD","WOOLEY RD",0.00,,Y,A,-,N,,,,,,,,,,N,4,0,2,2,A,-,03,22350,,F,C,C,A,A,H,-,B,A,0,,,,,Y,,A,01,0,0,2,0,0,0,0,0,0,"- ","- ",34.17568,-119.19499,VENTURA,OXNARD,-119.19512013000001,34.190300069999999
8600539,2017,2018-05-01,5604,2017-09-08,0849,5490,,5,5,6,5604,0,0,0,,0,023,"7TH ST","OXNARD BL",0.00,,Y,A,-,N,,,,,,,,,,N,4,0,2,2,A,-,12,21453,A,N,D,C,A,A,H,-,A,A,0,,,,,Y,,A,01,0,0,2,0,0,0,0,0,0,"- ","- ",,,VENTURA,OXNARD,-119.17748001,34.195040110000001
8600552,2017,2018-05-01,5604,2017-08-15,0649,5396,,2,5,6,5604,0,0,0,,0,012,"ROSE AV","CESAR CHAVEZ AV",50.00,S,N,A,-,N,,,,,,,,,,Y,4,0,1,2,A,-,03,22350,,N,C,C,A,A,H,-,A,A,0,,,,,Y,,A,01,0,0,1,0,0,0,0,0,0,"- ","- ",34.213140000000003,-119.15958999999999,VENTURA,OXNARD,-119.1597,34.213012769999999
8600562,2017,2018-04-24,5604,2017-05-27,2252,5496,,6,5,6,5604,0,0,0,,0,011,"GONZALES RD","H ST",200.00,W,N,A,-,N,,,,,,,,,,Y,3,0,2,1,A,-,07,21658,A,N,E,I,A,A,H,-,C,A,0,,,,,Y,,A,01,0,1,1,0,0,0,0,0,0,"- ","- ",34.21913,-119.18631000000001,VENTURA,OXNARD,-119.18697079,34.219214530000002
8600575,2017,2018-04-24,5604,2017-05-08,1745,5359,,1,5,6,5604,0,0,0,,0,032,"CHANNEL ISLANDS BL","ROSE AV",200.00,E,N,A,-,N,,,,,,,,,,Y,4,0,1,1,A,-,08,22107,,N,A,I,A,A,H,-,A,D,0,,,,,Y,,A,01,0,0,1,0,0,0,0,0,0,"- ","- ",34.173209999999997,-119.15903,VENTURA,OXNARD,-119.15950963,34.173367980000002
8600604,2017,2018-05-31,5604,2017-08-21,1447,5502,,1,5,6,5604,0,0,0,,0,031,"C ST","8TH ST",60.00,S,N,A,-,N,,,,,,,,,,N,4,0,1,2,A,-,03,22350,,N,C,C,A,A,H,-,A,A,0,,,,,Y,,A,01,0,0,1,0,0,0,0,0,0,"- ","- ",34.192439999999998,-119.81811999999999,VENTURA,OXNARD,-119.1811438,34.193595350000002
8600607,2017,2018-04-30,5604,2017-07-31,1059,4442,,1,5,6,5604,0,0,0,,0,021,"SOUTH VICTORIA AV","ALEE LN",0.00,,Y,B,-,N,,,,,,,,,,Y,4,0,1,2,A,-,08,22107,,N,B,C,A,A,H,-,A,A,0,,,,,Y,,A,01,0,0,1,0,0,0,0,0,0,"- ","- ",34.18741,-119.2212,VENTURA,OXNARD,-119.22137993,34.1874301
8600611,2017,2018-04-30,5604,2017-07-29,1222,5458,,6,5,6,5604,0,0,0,,0,011,"WEST RODERICK AV","NORTH C ST",0.00,,Y,A,-,N,,,,,,,,,,Y,4,0,1,2,A,-,09,21801,A,N,D,C,A,A,H,-,A,A,0,,,,,Y,,A,01,0,0,1,0,0,0,0,0,0,"- ","- ",34.209769999999999,-119.18096,VENTURA,OXNARD,-119.18096001000001,34.20979011
8600613,2017,2018-04-30,5604,2017-08-27,1700,5471,,7,5,6,5604,0,0,0,,0,041,"C ST","GLACIER AV",0.00,,Y,A,-,N,,,,,,,,,,N,4,0,1,2,A,-,08,22107,,N,B,G,A,A,H,-,A,D,0,,Y,,,Y,,L,04,0,0,1,0,0,0,1,0,0,"- ","- ",34.165950000000002,-119.18120999999999,VENTURA,OXNARD,-119.18120003999999,34.165230020000003
8600614,2017,2018-04-30,5604,2017-07-25,1707,5214,,2,5,6,5604,0,0,0,,0,022,"HOBSON WY","5TH ST",0.00,,Y,A,-,N,,,,,,,,,,Y,4,0,2,2,A,-,08,22107,,N,A,D,A,A,H,-,A,A,0,,,,,Y,,A,01,0,0,2,0,0,0,0,0,0,"- ","- ",34.197740000000003,-119.1879,VENTURA,OXNARD,-119.18792003999999,34.1977501
8600640,2017,2018-06-13,5604,2017-07-20,2101,5407,,4,5,6,5604,0,0,0,,0,042,"SAVIERS RD","PLEASANT VALLEY RD",500.00,N,N,A,-,N,,,,,,,,,,Y,4,0,1,3,A,-,03,22350,,F,C,C,A,A,H,-,C,D,0,,,,,Y,,A,01,0,0,1,0,0,0,0,0,0,"- ","- ",34.154710000000001,-119.17775,VENTURA,OXNARD,-119.17782966999999,34.156102220000001
8600682,2017,2018-06-26,5604,2017-07-04,1350,5502,,2,5,6,5604,0,0,0,,0,031,"RT 34","DEL NORTH BL",10.00,W,N,A,-,Y,VEN,7,34,-,-,7.170,H,-,E,Y,3,0,1,2,A,-,03,22350,,N,C,C,A,A,H,-,A,A,0,,,,,Y,,A,01,0,1,0,0,0,0,0,0,0,"- ","- ",34.196779999999997,-119.12737,VENTURA,OXNARD,-119.12755966,34.196787180000001
8600685,2017,2018-04-24,5604,2017-07-01,1741,5135,,6,5,6,5604,0,0,0,,0,021,"PATTERSON RD","HEMLOCK AV",0.00,,Y,A,-,N,,,,,,,,,,Y,3,0,4,2,A,-,09,21801,A,N,D,C,A,A,H,-,A,A,0,,,,,Y,,A,01,0,3,1,0,0,0,0,0,0,"- ","- ",34.181229999999999,-119.20832,VENTURA,OXNARD,-119.20838003999999,34.181240000000003
8600690,2017,2018-04-23,5604,2017-07-06,1455,5211,,4,5,6,5604,0,0,0,,0,031,"RICE AV","STURGIS RD",40.00,S,N,A,-,N,,,,,,,,,,N,3,0,1,3,A,-,07,21658,A,F,B,C,A,A,H,-,A,A,0,,,Y,,Y,,-,,0,1,0,0,0,0,0,0,1,"- ","- ",34.201929999999997,-119.14221999999999,VENTURA,OXNARD,-119.14233196000001,34.201840230000002
8600692,2017,2018-04-23,5604,2017-07-12,1428,4514,,3,5,6,5604,0,0,0,,0,041,"A ST","BRYCE CANYON AV",0.00,,Y,A,-,N,,,,,,,,,,N,4,0,2,2,A,-,09,21802,A,N,D,C,A,A,H,-,A,A,0,,,,,Y,,A,01,0,0,2,0,0,0,0,0,0,"- ","- ",34.169759999999997,-119.17932999999999,VENTURA,OXNARD,-119.17935007,34.1697901
8600708,2017,2018-05-02,5604,2017-08-03,0936,5519,,4,5,6,5604,0,0,0,,0,031,"S ROSE AV","SANTA LUCIA AV",40.00,S,N,A,-,N,,,,,,,,,,Y,4,0,1,2,A,-,08,22107,,N,C,C,A,A,H,-,A,A,0,,,,,Y,,A,07,0,0,1,0,0,0,0,0,0,"- ","- ",,,VENTURA,OXNARD,-119.15983812,34.20192042
8600761,2017,2018-05-02,5604,2017-02-02,1430,5297,,4,5,6,5604,0,0,0,,0,011,"BROOKWOOD LN","ARDMORE LN",80.00,W,N,A,-,N,,,,,,,,,,N,4,0,1,2,A,-,11,21954,A,F,G,B,E,A,H,-,A,D,0,Y,,,,Y,,N,60,0,0,1,0,1,0,0,0,0,"- ","- ",34.220649999999999,-119.21019,VENTURA,OXNARD,-119.21031431,34.220912939999998
8600766,2017,2018-06-14,5604,2017-02-05,1113,5396,,7,5,6,5604,0,0,0,,0,014,"RT 101","RT 232",0.00,,Y,A,-,Y,VEN,7,101,-,-,22.179,R,4,N,Y,4,0,1,2,A,-,12,21453,A,N,D,C,A,A,H,-,A,A,0,,,,,Y,,A,01,0,0,1,0,0,0,0,0,0,NF,"- ",34.231740000000002,-119.1733,VENTURA,OXNARD,-119.17485967,34.234170630000001
8600774,2017,2018-05-02,5604,2017-03-01,0820,5160,,3,5,6,5604,0,0,0,,0,024,"J ST","CEDAR ST",200.00,S,N,A,-,N,,,,,,,,,,N,3,0,1,2,A,-,11,21954,A,N,G,B,D,A,H,-,A,A,0,Y,,,,Y,,N,60,0,1,0,0,1,0,0,0,0,"- ","- ",34.183700000000002,-119.19047,VENTURA,OXNARD,-119.18921784,34.18421799
8600795,2017,2018-04-25,5604,2017-07-27,0549,4907,,4,5,6,5604,0,0,0,,0,041,"CHANNEL ISLANDS BL","LASSEN ST",0.00,,Y,A,-,N,,,,,,,,,,Y,4,0,2,3,A,-,09,21802,A,N,D,C,A,A,H,-,B,D,0,,,,,Y,,A,08,0,0,2,0,0,0,0,0,0,"- ","- ",34.17557,-119.19038999999999,VENTURA,OXNARD,-119.19038001,34.175600009999997
8600807,2017,2018-04-24,5604,2017-11-23,0410,5504,,4,5,6,5604,0,0,0,,0,022,"OXNARD BL","COOPER RD",200.00,N,N,A,-,N,,,1,,,,,,,Y,3,0,2,2,A,-,01,23152,A,N,C,C,A,A,H,-,C,A,0,,,,,Y,Y,A,01,0,1,1,0,0,0,0,0,0,"- ","- ",34.204560000000001,-119.17729,VENTURA,OXNARD,-119.17726033,34.204559699999997
8600814,2017,2018-04-24,5604,2017-12-03,1349,5252,,7,5,6,5604,0,0,0,,0,031,"S ROSE AV","3RD ST",30.00,S,N,A,-,N,,,,,,,,,,N,4,0,3,3,B,-,22,,,N,C,C,A,A,H,-,A,A,0,,,,,Y,,-,,0,0,3,0,0,0,0,0,0,"- ","- ",34.20044,-119.15974,VENTURA,OXNARD,-119.15985422,34.200367739999997
8600835,2017,2018-04-24,5604,2017-12-09,1354,5396,,6,5,6,5604,0,0,0,,0,031,"DEL NORTE BL","STURGIS RD",0.00,,Y,A,-,N,,,,,,,,,,Y,4,0,1,3,A,-,12,21453,A,N,D,C,A,A,H,-,A,A,0,,,,,Y,,A,08,0,0,1,0,0,0,0,0,0,"- ","- ",34.201839999999997,-119.12730999999999,VENTURA,OXNARD,-119.12744001,34.201840109999999
8600966,2017,2018-04-24,5604,2017-10-31,1435,5176,,2,5,6,5604,0,0,0,,0,014,GONZALEZ,"LANTANA ST",0.00,,Y,A,-,N,,,,,,,,,,,4,0,1,2,A,-,03,22350,,N,C,C,A,A,H,-,A,A,0,,,,,Y,,D,72,0,0,1,0,0,0,0,0,0,"- ","- ",34.219169999999998,-119.19025000000001,VENTURA,OXNARD,-119.19025009000001,34.219240030000002
8600980,2017,2018-04-20,5604,2017-11-08,0602,4692,,3,5,6,5604,0,0,0,,0,012,"RICE AV","CAMINO DEL SOL",15.00,N,N,A,-,N,,,,,,,,,,Y,4,0,1,2,A,-,04,21703,,N,C,C,A,A,H,-,B,A,0,,,,Y,Y,,F,26,0,0,1,0,0,0,0,0,0,"- ","- ",34.206150000000001,-119.1421,VENTURA,OXNARD,-119.14226956,34.20620117
8600986,2017,2018-04-25,5604,2017-06-27,0530,5390,,2,5,6,5604,0,0,0,,0,014,"MARIPOSA ST","CAMELLIA ST",12.00,N,N,A,-,N,,,,,,,,,,Y,3,0,1,3,A,-,03,22350,,N,B,E,A,A,H,-,B,D,0,,,,,Y,,A,01,0,1,0,0,0,0,0,0,0,"- ","- ",34.223080000000003,-119.19354,VENTURA,OXNARD,-119.19356902,34.222452930000003
8601022,2017,2018-05-01,5604,2017-04-17,1210,4721,,1,5,6,5604,0,0,0,,0,041,"SAVIERS RD","HUGHES DR",0.00,,Y,A,-,N,,,,,,,,,,N,4,0,1,2,A,-,09,21801,A,F,E,I,A,A,H,-,A,D,0,,,,,Y,Y,A,01,0,0,1,0,0,0,0,0,0,"- ","- ",34.171120000000002,-119.17708,VENTURA,OXNARD,-119.17768,34.170510059999998
8601050,2017,2018-05-01,5604,2017-02-14,1938,4514,,2,5,6,5604,0,0,0,,0,042,"PLEASANT VALLEY RD","ROSE AV",100.00,W,N,A,-,N,,,,,,,,,,Y,4,0,2,2,A,-,08,22107,,N,A,C,A,A,H,-,C,A,0,,,,,Y,,D,22,0,0,2,0,0,0,0,0,0,"- ","- ",34.15793,-119.15946,VENTURA,OXNARD,-119.15981625000001,34.15789324
8601062,2017,2018-05-01,5604,2017-03-10,1921,5486,,5,5,6,5604,0,0,0,,0,031,"ROSE AV","5TH ST",15.00,N,N,A,-,N,,,,,,,,,,N,4,0,1,2,A,-,03,22350,,N,C,C,A,A,H,-,C,A,0,,,,,Y,,-,,0,0,1,0,0,0,0,0,0,"- ","- ",,,VENTURA,OXNARD,-119.159892,34.197003000000002
8601077,2017,2018-05-01,5604,2017-02-18,1420,5428,,6,5,6,5604,0,0,0,,0,012,"RICE AV","LATIGO AV",510.00,N,N,B,-,N,,,,,,,,,,Y,4,0,2,2,A,-,03,22350,,N,C,C,A,B,A,C,A,D,0,,,,,Y,,A,01,0,0,2,0,0,0,0,0,0,"- ","- ",34.210949999999997,-119.1421,VENTURA,OXNARD,-119.14219762,34.212359550000002
8601112,2017,2018-06-08,5604,2017-11-14,1926,5413,,2,5,6,5604,0,0,0,,0,023,"S OXNARD BL","6TH ST",15.00,N,N,A,-,N,,,,,,,,,,N,4,0,1,3,A,-,09,21804,A,N,D,C,A,-,H,-,-,A,0,,,,,Y,,A,01,0,0,1,0,0,0,0,0,0,"- ","- ",34.196359999999999,-119.17740000000001,VENTURA,OXNARD,-119.17746,34.196391169999998
8601124,2017,2018-05-01,5604,2017-05-02,2316,5501,,2,5,6,5604,0,0,0,,0,011,"VICTORIA AV","DORIS AV",600.00,N,N,A,-,N,,,,,,,,,,Y,4,0,1,1,A,-,03,22350,,N,F,I,A,A,H,-,D,D,0,,,,,Y,,A,01,0,0,1,0,0,0,0,0,0,"- ","- ",34.20852,-119.22087000000001,VENTURA,OXNARD,-119.22097663,34.210155090000001
8601321,2017,2018-04-27,5604,2017-12-19,1302,5354,,2,5,6,5604,0,0,0,,0,011,"GONZALES RD","C ST",0.00,,Y,A,-,N,,,,,,,,,,N,3,0,1,2,A,-,05,21650,1,N,D,G,A,A,H,-,A,A,0,,Y,,,Y,,L,04,0,1,0,0,0,0,1,0,0,"- ","- ",,,VENTURA,OXNARD,-119.18084013000001,34.219190009999998
8601325,2017,2018-04-27,5604,2017-12-11,1539,5098,,1,5,6,5604,0,0,0,,0,022,"G ST",DORIS,500.00,S,N,A,-,N,,,,,,,,,,N,2,0,1,2,A,-,03,22350,,N,F,B,D,A,H,-,A,A,0,Y,,,,Y,,-,"- ",1,0,0,0,1,0,0,0,0,"- ","- ",34.206319999999998,-119.1872,VENTURA,OXNARD,-119.18696,34.206597649999999
8601351,2017,2018-04-25,5604,2017-02-16,1526,4282,,4,5,6,5604,0,0,0,,0,042,"PERKINS RD","PLEASANT VALLEY RD",185.00,S,N,B,-,N,,,,,,,,,,Y,3,0,2,2,A,-,03,22350,,N,A,C,A,A,H,-,A,A,0,,,,,Y,,A,01,0,2,0,0,0,0,0,0,0,"- ","- ",,,VENTURA,OXNARD,-119.18386658999999,34.154232260000001
8601357,2017,2018-07-11,5604,2017-12-31,1113,5474,,7,5,6,5604,0,0,0,,0,032,"CHANNEL ISLANDS BL","OXNARD BL",0.00,,Y,A,-,N,,,,,,,,,,Y,4,0,2,2,A,-,12,21453,A,N,D,C,A,A,H,-,A,A,0,,,,,Y,,-,"- ",0,0,2,0,0,0,0,0,0,"- ","- ",34.173690000000001,-119.15888,VENTURA,OXNARD,-119.15667000000001,34.172586000000003
8601387,2017,2018-04-26,5604,2017-08-07,2303,5422,,1,5,6,5604,0,0,0,,0,024,"S VENTURA RD","CHANNEL ISLANDS BL",0.00,,Y,A,-,N,,,,,,,,,,Y,3,0,5,4,A,-,01,23153,A,N,C,C,A,A,H,-,C,A,0,,,,,Y,Y,D,22,0,3,2,0,0,0,0,0,0,"- ","- ",34.17568,-119.19499,VENTURA,OXNARD,-119.1949101,34.175700050000003
8601435,2017,2018-04-24,5604,2017-11-11,1641,5501,,6,5,6,5604,0,0,0,,0,021,"HARBOR BL","BEACHCOMBER ST",0.00,,Y,A,-,N,,,,,,,,,,Y,4,0,1,2,A,-,09,21801,A,N,D,C,A,A,H,-,A,D,0,,,,,Y,,A,07,0,0,1,0,0,0,0,0,0,"- ","- ",34.192050000000002,-119.23956,VENTURA,OXNARD,-119.24068999000001,34.194090019999997
8601522,2017,2018-05-01,5604,2017-05-18,2349,5274,,4,5,6,5604,0,0,0,,0,021,"VICTORIA AV","CHANNEL ISLANDS BL",40.00,N,N,A,-,N,,,,,,,,,,Y,3,0,1,1,A,-,08,22107,,N,E,I,A,A,H,-,C,A,0,,,,,Y,,A,01,0,1,0,0,0,0,0,0,0,"- ","- ",34.175829999999998,-119.22145999999999,VENTURA,OXNARD,-119.22153948,34.175999439999998
8601539,2017,2018-05-01,5604,2017-06-12,0552,5341,,1,5,6,5604,0,0,0,,0,012,"GONZALES RD","ALMANOR ST",0.00,,Y,A,-,N,,,,,,,,,,Y,4,0,2,2,A,-,09,21802,A,N,D,C,A,A,H,-,A,D,0,,,,,Y,,A,01,0,0,2,0,0,0,0,0,0,"- ","- ",34.218960000000003,-119.16533,VENTURA,OXNARD,-119.16295011,34.219010019999999
8601546,2017,2018-05-03,5604,2017-09-18,0730,5018,,1,5,6,5604,0,0,0,,0,012,"AUTO CENTER DR","VILLA ESTRADA",0.00,,Y,A,-,N,,,,,,,,,,Y,4,0,1,2,A,-,09,21801,A,N,B,C,A,A,H,-,A,D,0,,,,,Y,,A,07,0,0,1,0,0,0,0,0,0,"- ","- ",34.226979999999998,-119.1529,VENTURA,OXNARD,-119.15238008999999,34.227620090000002