CASE_ID,ACCIDENT_YEAR,PROC_DATE,JURIS,COLLISION_DATE,COLLISION_TIME,OFFICER_ID,REPORTING_DISTRICT,DAY_OF_WEEK,CHP_SHIFT,POPULATION,CNTY_CITY_LOC,SPECIAL_COND,BEAT_TYPE,CHP_BEAT_TYPE,CITY_DIVISION_LAPD,CHP_BEAT_CLASS,BEAT_NUMBER,PRIMARY_RD,SECONDARY_RD,DISTANCE,DIRECTION,INTERSECTION,WEATHER_1,WEATHER_2,STATE_HWY_IND,CALTRANS_COUNTY,CALTRANS_DISTRICT,STATE_ROUTE,ROUTE_SUFFIX,POSTMILE_PREFIX,POSTMILE,LOCATION_TYPE,RAMP_INTERSECTION,SIDE_OF_HWY,TOW_AWAY,COLLISION_SEVERITY,NUMBER_KILLED,NUMBER_INJURED,PARTY_COUNT,PRIMARY_COLL_FACTOR,PCF_CODE_OF_VIOL,PCF_VIOL_CATEGORY,PCF_VIOLATION,PCF_VIOL_SUBSECTION,HIT_AND_RUN,TYPE_OF_COLLISION,MVIW,PED_ACTION,ROAD_SURFACE,ROAD_COND_1,ROAD_COND_2,LIGHTING,CONTROL_DEVICE,CHP_ROAD_TYPE,PEDESTRIAN_ACCIDENT,BICYCLE_ACCIDENT,MOTORCYCLE_ACCIDENT,TRUCK_ACCIDENT,NOT_PRIVATE_PROPERTY,ALCOHOL_INVOLVED,STWD_VEHTYPE_AT_FAULT,CHP_VEHTYPE_AT_FAULT,COUNT_SEVERE_INJ,COUNT_VISIBLE_INJ,COUNT_COMPLAINT_PAIN,COUNT_PED_KILLED,COUNT_PED_INJURED,COUNT_BICYCLIST_KILLED,COUNT_BICYCLIST_INJURED,COUNT_MC_KILLED,COUNT_MC_INJURED,PRIMARY_RAMP,SECONDARY_RAMP,LATITUDE,LONGITUDE,COUNTY,CITY,POINT_X,POINT_Y
8653288,2018,2018-07-12,5608,2018-06-27,0732,452,,3,5,6,5608,0,0,0,,0,003,"TELEGRAPH RD","GLEN ELLEN",237.00,E,N,B,-,N,,,,,,,,,,N,3,0,1,2,A,-,08,22107,,N,B,C,A,A,H,-,A,D,0,,,,,Y,,-,,0,1,0,0,0,0,0,0,0,"- ","- ",,,VENTURA,VENTURA,-119.24506378173828,34.273494720458984
8655857,2018,2018-07-12,5600,2018-06-14,1609,2877,8110,4,5,5,5601,0,0,0,,0,8B01,"WEST LOOP DR","LAS POSAS RD",93.00,N,N,A,-,N,,,,,,,,,,Y,4,0,2,2,A,-,03,22350,,N,C,C,A,A,H,-,A,A,0,,,,,Y,,A,01,0,0,2,0,0,0,0,0,0,"- ","- ",34.141048431396484,-119.02300262451172,VENTURA,CAMARILLO,-119.04163360595703,34.236186981201172
8657076,2018,2018-09-24,5608,2018-07-20,0100,493,,5,5,6,5608,0,0,0,,0,004,"JOHNSON DR","SWAN ST",29.00,N,N,A,-,N,,,,,,,,,,Y,3,0,1,1,A,-,01,23152,A,N,E,I,A,A,H,-,C,A,0,,,,,Y,Y,-,,0,1,0,0,0,0,0,0,0,"- ","- ",,,VENTURA,VENTURA,-119.19854736328125,34.258209228515625
8659843,2018,2018-07-17,5600,2018-06-21,1036,5234,9072,4,5,6,5607,0,0,0,,0,09G,"THOUSAND OAKS BL","RANCHO RD",0.00,,Y,A,-,N,,,,,,,,,,Y,3,0,1,2,D,-,00,,,N,H,C,A,A,H,-,A,A,0,,,,,Y,,-,"- ",0,1,0,0,0,0,0,0,0,"- ","- ",,,VENTURA,"THOUSAND OAKS",-118.85787963867188,34.178531646728516
8663654,2018,2018-07-18,5609,2018-05-29,1804,389,,2,5,6,5609,0,0,0,,0,001,"LOS ANGELES AV","5TH ST",46.00,E,N,A,-,N,,,,,,,,,,Y,4,0,2,2,A,-,08,22100,A,N,C,C,A,A,H,-,A,A,0,,,,,Y,,A,01,0,0,2,0,0,0,0,0,0,"- ","- ",34.271629333496094,-118.78362274169922,VENTURA,"SIMI VALLEY",-118.78347015380859,34.271652221679688
8663671,2018,2018-07-23,5604,2018-07-04,2203,5549,,3,5,6,5604,0,0,0,,0,021,"HARBOR BL","MERIDIAN AV",100.00,N,N,A,-,N,,,,,,,,,,Y,4,0,1,3,A,-,03,22350,,N,C,C,A,A,H,-,C,A,0,,,,,Y,,-,"- ",0,0,1,0,0,0,0,0,0,"- ","- ",,,VENTURA,OXNARD,-119.23152923583984,34.177810668945312
8664889,2018,2018-07-30,5604,2018-06-29,2124,5501,,5,5,6,5604,0,0,0,,0,032,"STATHAM BL","OXNARD BL",0.00,,Y,A,-,N,,,,,,,,,,Y,4,0,2,2,A,-,12,21453,A,N,D,C,A,A,H,-,A,A,0,,,,,Y,,D,22,0,0,2,0,0,0,0,0,0,"- ","- ",34.179878234863281,-119.16523742675781,VENTURA,OXNARD,-119.16527000000001,34.179900000000004
8664897,2018,2018-08-06,5604,2018-07-12,1935,5359,,4,5,6,5604,0,0,0,,0,042,"DOLLIE ST","SAVIERS RD",0.00,,Y,A,-,N,,,,,,,,,,,4,0,2,2,A,-,04,21703,,N,C,C,A,A,H,-,A,A,0,,,,Y,Y,,F,85,0,0,2,0,0,0,0,0,0,"- ","- ",34.157318115234375,-119.17771911621094,VENTURA,OXNARD,-119.17781829833984,34.1573486328125
8665470,2018,2018-08-01,5604,2018-07-02,1514,5242,,1,5,6,5604,0,0,0,,0,032,"SAVIERS RD","LAUREL ST",5.00,S,N,A,-,N,,,,,,,,,,N,4,0,1,2,A,-,12,21453,A,N,G,G,A,A,H,-,A,A,0,,Y,,,Y,,L,04,0,0,1,0,0,0,1,0,0,"- ","- ",,,VENTURA,OXNARD,-119.17759704589844,34.177337646484375
8666834,2018,2018-08-16,5606,2018-05-27,1601,1070,5606,7,5,4,5606,0,0,0,,0,002,"HARVARD BL","RT 150",0.00,,Y,A,-,Y,VEN,7,150,-,-,34.361,I,5,E,Y,3,0,1,2,A,-,09,21801,A,N,D,C,A,A,H,-,A,A,0,,,,,Y,,A,01,0,1,0,0,0,0,0,0,0,"- ","- ",,,VENTURA,"SANTA PAULA",-119.05844116210938,34.350532531738281
8669123,2018,2018-08-10,5600,2018-07-04,1905,5022,9130,3,5,6,5607,0,0,0,,0,09C,"VENTU PARK RD","NEWBURY RD",17.00,N,N,A,-,N,,,,,,,,,,N,3,0,1,2,A,-,21,22106,,N,C,C,A,A,H,-,B,A,0,,,,,Y,,A,01,0,1,0,0,0,0,0,0,0,"- ","- ",,,VENTURA,"THOUSAND OAKS",-118.91123962402344,34.182327270507812
8669178,2018,2018-08-10,5600,2018-07-16,1900,2913,9164,1,5,6,5607,0,0,0,,0,09D,"HILLCREST DR","BLUE MESA ST",0.00,,Y,A,-,N,,,,,,,,,,N,3,0,1,2,A,-,09,21801,A,N,H,G,A,A,H,-,A,D,0,,Y,,,Y,,A,01,0,1,0,0,0,0,1,0,0,"- ","- ",,,VENTURA,"THOUSAND OAKS",-118.82436370849609,34.172000885009766
8669818,2018,2018-09-10,5600,2018-07-18,1156,1936,9D,3,5,6,5607,0,0,0,,0,9160,"THOUSAND OAKS BL","PACKARD CIR",0.00,,Y,A,-,N,,,,,,,,,,Y,4,0,1,2,A,-,12,21453,A,N,D,C,A,A,H,-,A,A,0,,,,,Y,,D,22,0,0,1,0,0,0,0,0,0,"- ","- ",,,VENTURA,"THOUSAND OAKS",-118.82440948486328,34.161701202392578
8670476,2018,2018-08-31,5600,2018-07-12,1752,5388,9000,4,5,6,5607,0,0,0,,0,09A,"TIMBERWOOD AV","CANNA ST",295.00,E,N,A,-,N,,,,,,,,,,Y,3,0,1,2,A,-,09,21801,A,N,H,C,A,A,H,-,A,D,0,,,,,Y,,A,01,0,1,0,0,0,0,0,0,0,"- ","- ",,,VENTURA,"THOUSAND OAKS",-118.89058685302734,34.2166748046875
8678071,2018,2018-10-05,5609,2018-07-25,1432,310,310,3,5,6,5609,0,0,0,,0,003,"CAVALIER AV","ROYAL AV",28.00,S,N,A,-,N,,,,,,,,,,Y,3,0,1,1,A,-,03,22350,,N,E,I,A,A,H,-,A,D,0,,,,,Y,,A,01,0,1,0,0,0,0,0,0,0,"- ","- ",,,VENTURA,"SIMI VALLEY",-118.74565124511719,34.260765075683594
8678075,2018,2018-10-05,5609,2018-07-22,1151,476,316,7,5,6,5609,0,0,0,,0,003,"LOS ANGELES AV","HUBBARD ST",0.00,,Y,A,-,N,,,,,,,,,,Y,3,0,1,2,A,-,12,21453,A,N,D,C,A,A,H,-,A,A,0,,,,,Y,,A,07,0,1,0,0,0,0,0,0,0,"- ","- ",34.271778106689453,-118.77004241943359,VENTURA,"SIMI VALLEY",-118.7701416015625,34.271800994873047
8680096,2018,2018-10-09,5608,2018-07-29,1412,466,,7,5,6,5608,0,0,0,,0,004,"WELLS RD","TELEPHONE RD",285.00,N,N,A,-,N,,,,,,,,,,Y,4,0,1,2,A,-,09,21801,A,N,D,C,A,A,H,-,A,A,0,,,,,Y,,A,01,0,0,1,0,0,0,0,0,0,"- ","- ",,,VENTURA,VENTURA,-119.15180969238281,34.284336090087891
8680256,2018,2018-08-28,5600,2018-07-30,2136,5388,9050,1,5,6,5607,0,0,0,,0,09B,"JANSS RD","MONTGOMERY RD",212.00,W,N,A,-,N,,,,,,,,,,N,4,0,1,2,A,-,09,21801,A,M,E,J,A,A,H,-,C,A,0,,,,,Y,,A,01,0,0,1,0,0,0,0,0,0,"- ","- ",,,VENTURA,"THOUSAND OAKS",-118.86473083496094,34.199485778808594
8680264,2018,2018-08-28,5600,2018-07-24,1154,4617,9166,2,5,6,5607,0,0,0,,0,09D,"THOUSAND OAKS BL","WESTLAKE BL",1.00,W,N,A,-,N,,,,,,,,,,Y,4,0,1,2,A,-,03,22350,,N,C,C,A,A,H,-,A,A,0,,,,,Y,,A,01,0,0,1,0,0,0,0,0,0,"- ","- ",,,VENTURA,"THOUSAND OAKS",-118.82292175292969,34.160923004150391
8680980,2018,2018-09-06,5609,2018-07-21,1644,435,,6,5,6,5609,0,0,0,,0,,"COCHRAN ST","ERRINGER RD",0.00,,Y,A,-,N,,,,,,,,,,Y,3,0,2,2,A,-,09,21453,B,N,D,C,A,A,H,-,A,A,0,,,,,Y,,A,01,0,1,1,0,0,0,0,0,0,"- ","- ",34.278999328613281,-118.76123046875,VENTURA,"SIMI VALLEY",-118.76139831542969,34.279010772705078
8682546,2018,2018-10-08,5608,2018-08-31,1540,490,VTA,5,5,6,5608,0,0,0,,0,002,"E MAIN ST","EVERGREEN DR",100.00,N,N,A,-,N,,,,,,,,,,N,4,0,2,3,A,-,03,22350,,N,C,C,A,A,H,-,A,D,0,,,,,Y,,-,,0,0,2,0,0,0,0,0,0,"- ","- ",,,VENTURA,VENTURA,-119.26377105712891,34.275783538818359
8684038,2018,2018-09-05,5600,2018-08-18,1248,5359,9080,6,5,6,5607,0,0,0,,0,9H01,"HILLCREST DR","MCCLOUD AV",45.00,W,N,A,-,N,,,,,,,,,,Y,3,0,1,2,A,-,05,21650,,N,A,C,A,A,H,-,A,A,0,,,,,Y,,A,01,0,1,0,0,0,0,0,0,0,"- ","- ",,,VENTURA,"THOUSAND OAKS",-118.88748168945312,34.187053680419922
8684075,2018,2018-09-06,5608,2018-08-23,1145,439,,4,5,6,5608,0,0,0,,0,002,"TELEPHONE RD","MCGRATH ST",0.00,,Y,A,-,N,,,,,,,,,,Y,4,0,1,2,A,-,12,21453,A,N,D,C,A,A,H,-,A,A,0,,,,,Y,,A,01,0,0,1,0,0,0,0,0,0,"- ","- ",,,VENTURA,VENTURA,-119.23481750488281,34.254329681396484
8685939,2018,2018-10-05,5604,2018-08-13,1740,5540,,1,5,6,5604,0,0,0,,0,014,"VINEYARD AV","SAINT MARYS DR",300.00,N,N,A,-,N,,,,,,,,,,N,4,0,1,2,A,-,09,21801,A,N,D,C,A,A,H,-,A,D,0,,,Y,,Y,,A,07,0,0,1,0,0,0,0,0,1,"- ","- ",34.228420257568359,-119.17633819580078,VENTURA,OXNARD,-119.17588806152344,34.228168487548828
8685951,2018,2018-10-05,5604,2018-08-14,0143,5181,,2,5,6,5604,0,0,0,,0,042,"BARD RD","JUSTIN WY",20.00,W,N,A,-,N,,,,,,,,,,Y,2,0,1,1,A,-,08,22107,,N,A,I,A,A,H,-,C,D,0,,,,,Y,,A,01,1,0,0,0,0,0,0,0,0,"- ","- ",34.161170959472656,-119.17302703857422,VENTURA,OXNARD,-119.17319488525391,34.161190032958984
8685955,2018,2018-10-05,5604,2018-08-13,2108,5360,,1,5,6,5604,0,0,0,,0,042,"BARD RD","SAVIERS RD",0.00,,Y,A,-,N,,,,,,,,,,Y,4,0,3,3,A,-,09,21801,A,N,D,C,A,A,H,-,C,A,0,,,,,Y,,A,07,0,0,3,0,0,0,0,0,0,"- ","- ",34.160999298095703,-119.17768859863281,VENTURA,OXNARD,-119.17778015136719,34.160999298095703
8685971,2018,2018-10-05,5604,2018-08-14,0739,5335,,2,5,6,5604,0,0,0,,0,041,"SAVIERS RD","JOHNSON RD",150.00,N,N,A,-,N,,,,,,,,,,N,4,0,1,1,A,-,08,22107,,N,E,I,A,A,H,-,A,D,0,,,,,Y,,A,07,0,0,1,0,0,0,0,0,0,"- ","- ",34.183189392089844,-119.17697906494141,VENTURA,OXNARD,-119.17775726318359,34.162471771240234
8686075,2018,2018-08-31,5600,2018-06-27,1556,5081,6007,3,5,3,5602,0,0,0,,0,06A,"B ST","SANTA CLARA ST",0.00,,Y,A,-,N,,,,,,,,,,Y,3,0,2,2,A,-,09,21801,A,N,H,C,A,A,H,-,A,A,0,,,,,Y,,A,01,0,1,1,0,0,0,0,0,0,"- ","- ",,,VENTURA,FILLMORE,-118.92269897460938,34.396781921386719
8686080,2018,2018-10-08,5600,2018-08-10,1455,1936,9080,5,5,6,5607,0,0,0,,0,09H,"LYNN RD","GAINSBOROUGH RD",55.00,S,N,A,-,N,,,,,,,,,,N,4,0,1,2,D,-,00,,,N,H,G,A,A,D,E,A,D,0,,Y,,,Y,,-,"- ",0,0,1,0,0,0,1,0,0,"- ","- ",,,VENTURA,"THOUSAND OAKS",-118.89389038085938,34.192981719970703
8687758,2018,2018-10-04,5608,2018-08-09,1900,472,,4,5,6,5608,0,0,0,,0,001,"SANJON RD","HARBOR BL",157.00,N,N,A,-,N,,,,,,,,,,Y,4,0,1,2,A,-,08,22107,,N,B,C,A,A,H,-,A,D,0,,,,,Y,,-,,0,0,1,0,0,0,0,0,0,"- ","- ",,,VENTURA,VENTURA,-119.28453063964844,34.273471832275391
8691229,2018,2018-09-18,5600,2018-08-12,1048,4381,9124,7,5,6,5607,0,0,0,,0,9C01,"BORCHARD RD","DEERPATH LN",0.00,,Y,A,-,N,,,,,,,,,,Y,4,0,1,2,A,-,09,21802,A,N,B,C,A,A,H,-,A,D,0,,,,,Y,,A,01,0,0,1,0,0,0,0,0,0,"- ","- ",,,VENTURA,"THOUSAND OAKS",-118.93216705322266,34.179538726806641
8692966,2018,2018-09-28,5600,2018-09-12,1550,3147,9036,3,5,6,5607,0,0,0,,0,9B01,"ORINDA CT","SONOMA CT",1.00,W,N,A,-,N,,,,,,,,,,Y,3,0,1,2,A,-,08,22100,B,N,A,C,A,A,H,-,A,D,0,,,,,Y,,A,01,0,1,0,0,0,0,0,0,0,"- ","- ",,,VENTURA,"THOUSAND OAKS",-118.84449005126953,34.208690643310547
8693329,2018,2018-09-26,5604,2018-08-18,2040,5496,,6,5,6,5604,0,0,0,,0,021,"VICTORIA AV","5TH ST",200.00,N,N,A,-,N,,,,,,,,,,Y,4,0,3,2,A,-,01,23153,A,N,C,C,A,A,H,-,C,D,0,,,,,Y,Y,A,01,0,0,3,0,0,0,0,0,0,"- ","- ",34.197639465332031,-119.22116088867188,VENTURA,OXNARD,-119.22126007080078,34.198127746582031
8695847,2018,2018-09-24,5609,2018-08-27,1255,310,200,1,5,6,5609,0,0,0,,0,002,"TIERRA REJADA RD","RIDGEGATE LN",0.00,,Y,A,-,N,,,,,,,,,,Y,4,0,1,2,A,-,12,21453,A,N,D,C,A,A,H,-,A,A,0,,,,,Y,,A,01,0,0,1,0,0,0,0,0,0,"- ","- ",,,VENTURA,"SIMI VALLEY",-118.79975128173828,34.272880554199219
8695863,2018,2018-09-25,5609,2018-08-29,1657,447,300,3,5,6,5609,0,0,0,,0,003,"LOS ANGELES AV","SYCAMORE DR",32.00,W,N,A,-,N,,,,,,,,,,Y,3,0,1,2,A,-,03,22350,,N,C,C,A,A,H,-,A,A,0,,,,,Y,,-,,0,1,0,0,0,0,0,0,0,"- ","- ",34.271770477294922,-118.74382781982422,VENTURA,"SIMI VALLEY",-118.74388885498047,34.271652221679688
8696087,2018,2019-01-16,5600,2018-08-23,1540,5176,8133,4,5,5,5601,0,0,0,,0,08C,"RT 34","GERMAIN ST",11.00,S,N,A,-,Y,VEN,7,34,-,-,15.241,I,5,W,Y,4,0,1,2,A,-,21,22106,,N,C,C,A,A,H,-,A,A,0,,,,,Y,,D,22,0,0,1,0,0,0,0,0,0,"- ","- ",34.234718322753906,-119.01599884033203,VENTURA,CAMARILLO,-119.01584625244141,34.234703063964844
8697404,2018,2018-12-04,5609,2018-09-16,1800,389,,7,5,6,5609,0,0,0,,0,004,"SYCAMORE DR","ALAMO ST",0.00,,Y,A,-,N,,,,,,,,,,Y,4,0,1,2,A,-,09,21801,A,N,D,D,A,A,H,-,A,A,0,,,,,Y,,D,22,0,0,1,0,0,0,0,0,0,"- ","- ",,,VENTURA,"SIMI VALLEY",-118.74381256103516,34.286331176757812
8701101,2018,2018-12-31,5600,2018-09-02,1622,5016,6004,7,5,3,5602,0,0,0,,0,6A01,"RT 23","RT 126",80.00,S,N,A,-,Y,VEN,7,23,-,-,24.150,H,-,N,Y,3,0,3,2,A,-,09,21804,A,N,D,C,A,A,H,-,A,A,0,,,,,Y,,A,01,0,1,2,0,0,0,0,0,0,"- ","- ",,,VENTURA,FILLMORE,-118.91775512695312,34.395999908447266
8701700,2018,2018-09-24,5608,2018-09-08,1422,466,,6,5,6,5608,0,0,0,,0,004,"VICTORIA AV","VENTURA BL",0.00,,Y,A,-,N,,,,,,,,,,Y,4,0,2,2,A,-,12,21453,A,N,D,C,A,A,H,-,A,A,0,,,,,Y,,-,,0,0,2,0,0,0,0,0,0,"- ","- ",,,VENTURA,VENTURA,-119.21031188964844,34.254051208496094
8704072,2018,2018-10-02,5608,2018-09-17,1722,510,,1,5,6,5608,0,0,0,,0,004,"JOHNSON DR",NORTHBANK,0.00,,Y,A,-,N,,,,,,,,,,Y,3,0,1,3,A,-,03,22350,,N,C,C,A,A,H,-,A,A,0,,,,,Y,,-,,0,1,0,0,0,0,0,0,0,"- ","- ",,,VENTURA,VENTURA,-119.19488990000001,34.24695002
8705454,2018,2018-10-09,5604,2018-09-08,2500,5527,,6,5,6,5604,0,0,0,,0,012,"INEZ DR","ISELA ST",40.00,W,N,A,-,N,,,,,,,,,,Y,4,0,1,2,A,-,03,22350,,N,C,E,A,A,H,-,C,D,0,,,,,Y,,A,01,0,0,1,0,0,0,0,0,0,"- ","- ",34.209011077880859,-119.1507568359375,VENTURA,OXNARD,-119.15161895751953,34.209030151367188
8705469,2018,2018-10-22,5608,2018-09-08,2015,308,,6,5,6,5608,0,0,0,,0,001,"CALIFORNIA ST","REST AND ASPIRATION ALLEY",0.00,,Y,A,-,N,,,,,,,,,,N,4,0,1,2,A,-,10,21950,A,N,G,B,C,A,H,-,C,D,0,Y,,,,Y,,-,,0,0,1,0,1,0,0,0,0,"- ","- ",,,VENTURA,VENTURA,,
8706168,2018,2018-10-22,5600,2018-09-13,1926,3635,6018,4,5,3,5602,0,0,0,,0,06B,"A ST","SANTA CLARA ST",6.00,S,N,A,-,N,,,,,,,,,,N,4,0,1,3,A,-,06,21750,A,F,B,C,E,A,H,-,A,A,0,Y,,,,Y,,D,22,0,0,1,0,1,0,0,0,0,"- ","- ",,,VENTURA,FILLMORE,-118.91806030273438,34.397575378417969
8707862,2018,2019-01-09,5600,2018-09-18,1639,4745,1002,2,5,2,5603,0,0,0,,0,1A01,"RT 150","EL PASEO RD",16.00,W,N,A,-,Y,VEN,7,150,-,-,16.700,H,-,W,Y,4,0,1,3,A,-,03,22350,,N,C,C,A,A,H,-,A,D,0,,,,,Y,,A,01,0,0,1,0,0,0,0,0,0,"- ","- ",34.442359924316406,-119.25897979736328,VENTURA,OJAI,-119.25696563720703,34.443134307861328
8708075,2018,2018-11-06,5608,2018-09-22,1444,439,,6,5,6,5608,0,0,0,,0,004,"JOHNSON DR","RT 101",0.00,,Y,A,-,Y,VEN,7,101,-,-,23.582,R,4,S,Y,3,0,2,2,A,-,08,22107,,N,A,C,A,A,H,-,A,A,0,,,,,Y,,A,07,0,2,0,0,0,0,0,0,0,"- ",SF,,,VENTURA,VENTURA,-119.19507598876953,34.244300842285156
8715420,2018,2018-11-13,5609,2018-10-20,1651,435,,6,5,6,5609,0,0,0,,0,,"1ST ST","1ST ST 118",0.00,,Y,A,-,N,,,,,,,,,,Y,3,0,1,2,A,-,14,21201,D,N,B,C,A,A,H,-,A,D,0,,,,,Y,,-,,0,1,0,0,0,0,0,0,0,"- ",EO,,,VENTURA,"SIMI VALLEY",-118.778924,34.283318999999999
8716441,2018,2018-10-23,5608,2018-10-09,1433,342,,2,5,6,5608,0,0,0,,0,003,"TELEGRAPH RD","BRYN MAWR ST",58.00,E,N,A,-,N,,,,,,,,,,Y,4,0,1,2,A,-,03,22350,,N,C,C,A,A,H,-,A,D,0,,,,,Y,,-,,0,0,1,0,0,0,0,0,0,"- ","- ",,,VENTURA,VENTURA,-119.22198486328125,34.276969909667969
8716445,2018,2018-10-23,5608,2018-10-09,1442,449,,2,5,6,5608,0,0,0,,0,004,"TELEPHONE RD","JASPER AV",0.00,,Y,B,-,N,,,,,,,,,,Y,2,0,5,2,A,-,12,21453,A,N,D,C,A,A,H,-,A,A,0,,,,,Y,,-,,3,1,1,0,0,0,0,0,0,"- ","- ",,,VENTURA,VENTURA,-119.16661834716797,34.274581909179688
8718002,2018,2018-10-17,5604,2018-09-17,0555,5561,,1,5,6,5604,0,0,0,,0,031,"ROSE AV","CAMINO DEL SOL RD",0.00,,Y,A,-,N,,,,,,,,,,N,3,0,1,2,A,-,09,21801,A,N,D,G,A,A,H,-,C,A,0,,Y,,,Y,,A,01,0,1,0,0,0,0,1,0,0,"- ","- ",34.206329345703125,-119.15966796875,VENTURA,OXNARD,-119.15969085693359,34.206348419189453
8718010,2018,2018-10-16,5604,2018-09-20,2034,5160,,4,5,6,5604,0,0,0,,0,022,"TEAL CLUB RD","VENTURA RD",200.00,W,N,A,-,N,,,,,,,,,,Y,4,0,2,2,A,-,08,22107,,N,A,C,A,A,H,-,D,D,0,,,,,Y,,A,07,0,0,2,0,0,0,0,0,0,"- ","- ",34.202880859375,-119.19474029541016,VENTURA,OXNARD,-119.19536590576172,34.202877044677734
8718538,2018,2018-11-08,5606,2018-09-05,1420,1096,5606,3,5,4,5606,0,0,0,,0,002,"RT 150","CHERRY HILL RD",0.00,,Y,A,-,Y,VEN,7,150,-,-,32.077,I,5,W,Y,4,0,1,2,A,-,03,22350,,N,C,C,A,A,H,-,A,D,0,,,,,Y,,D,22,0,0,1,0,0,0,0,0,0,"- ","- ",,,VENTURA,"SANTA PAULA",-119.06850433349609,34.381496429443359
8721167,2018,2018-11-09,5600,2018-10-01,1805,5388,9016,1,5,6,5607,0,0,0,,0,09A,"AVENIDA DE LOS ARBOLES","ODEBOLT DR",0.00,,Y,A,-,N,,,,,,,,,,Y,4,0,1,2,A,-,09,21802,A,N,D,D,A,A,H,-,A,D,0,,,,,Y,,A,01,0,0,1,0,0,0,0,0,0,"- ","- ",,,VENTURA,"THOUSAND OAKS",-118.87979125976562,34.217861175537109
8721535,2018,2018-10-18,5609,2018-09-28,1854,435,,5,5,6,5609,0,0,0,,0,,"MADERA RD","ROYAL AV",72.00,S,N,A,-,N,,,,,,,,,,N,4,0,1,2,A,-,03,22350,,N,C,C,A,A,H,-,C,D,0,,,,,Y,,A,01,0,0,1,0,0,0,0,0,0,"- ","- ",34.264419555664062,-118.79635620117188,VENTURA,"SIMI VALLEY",-118.79639434814453,34.26422119140625
8721584,2018,2018-10-18,5609,2018-09-23,0717,310,206,7,5,6,5609,0,0,0,,0,002,"MADERA RD","COUNTRY CLUB DR WEST",643.00,W,N,A,-,N,,,,,,,,,,Y,4,0,1,1,A,-,08,22107,,N,E,I,A,A,H,-,A,D,0,,,,,Y,,A,01,0,0,1,0,0,0,0,0,0,"- ","- ",,,VENTURA,"SIMI VALLEY",-118.82417297363281,34.2508544921875
8721834,2018,2019-01-10,5600,2018-10-05,0727,2110,9176,5,5,6,5607,0,0,0,,0,09D,"RT 23","HAMPSHIRE RD",107.00,N,N,B,-,Y,VEN,7,23,-,R,2.910,H,-,S,Y,4,0,1,2,A,-,03,22350,,N,C,C,A,A,H,-,A,A,0,,,,,Y,,A,01,0,0,1,0,0,0,0,0,0,"- ","- ",,,VENTURA,"THOUSAND OAKS",-118.82891845703125,34.152507781982422
8722556,2018,2018-11-05,5600,2018-10-17,1740,2740,,3,5,6,5607,0,0,0,,0,,"HILLCREST DR","CONEJO BL",31.00,W,N,A,-,N,,,,,,,,,,Y,4,0,1,2,A,-,04,21703,,N,C,-,A,A,H,-,A,A,0,,,,,Y,,D,22,0,0,1,0,0,0,0,0,0,"- ","- ",,,VENTURA,"THOUSAND OAKS",-118.87815856933594,34.18060302734375
8723911,2018,2018-12-05,5604,2018-10-02,1637,5490,,2,5,6,5604,0,0,0,,0,021,"VICTORIA AV","5TH ST",30.00,N,N,A,-,N,,,,,,,,,,N,4,0,1,4,A,-,03,22350,,N,C,D,A,A,H,-,A,A,0,,,,,Y,,A,01,0,0,1,0,0,0,0,0,0,"- ","- ",,,VENTURA,OXNARD,-119.22126770019531,34.197662353515625
8724337,2018,2018-12-13,5609,2018-10-29,1823,447,423,1,5,6,5609,0,0,0,,0,004,"MEDINA AV","E HILLDALE AV",0.00,,Y,A,-,N,,,,,,,,,,N,2,0,1,2,A,-,09,21801,A,N,D,C,A,A,H,-,B,D,0,,Y,,,Y,,A,01,1,0,0,0,0,0,1,0,0,"- ","- ",34.277641296386719,-118.73143005371094,VENTURA,"SIMI VALLEY",-118.73876190185547,34.272480010986328
8724787,2018,2018-11-14,5600,2018-10-04,1124,4221,9170,4,5,6,5607,0,0,0,,0,9D01,"TOWNSGATE RD","RT 23",635.00,E,N,B,-,N,,,,,,,,,,Y,3,0,2,2,A,-,09,21804,A,N,D,C,A,A,H,-,A,D,0,,,,,Y,,A,01,0,1,1,0,0,0,0,0,0,"- ","- ",,,VENTURA,"THOUSAND OAKS",-118.82536315917969,34.153781890869141
8724965,2018,2018-11-01,5604,2018-10-05,2134,5434,,5,5,6,5604,0,0,0,,0,024,"CHANNEL ISLANDS BL","VENTURA RD",0.00,,Y,A,-,N,,,,,,,,,,Y,4,0,1,2,A,-,01,23152,A,N,D,C,A,A,H,-,C,A,0,,,,Y,Y,,F,26,0,0,1,0,0,0,0,0,0,"- ","- ",34.175678253173828,-119.19499206542969,VENTURA,OXNARD,-119.19490814208984,34.175701141357422
8725585,2018,2018-11-20,5604,2018-10-06,0925,4854,,6,5,6,5604,0,0,0,,0,024,"VENTURA RD","WOODLEY RD",50.00,S,N,A,-,N,,,,,,,,,,Y,4,0,3,3,A,-,03,22350,,N,C,C,A,A,H,-,A,A,0,,,,,Y,,A,01,0,0,3,0,0,0,0,0,0,"- ","- ",34.190311431884766,-119.19509887695312,VENTURA,OXNARD,-119.19493103027344,34.189929962158203
8726112,2018,2018-11-29,5608,2018-10-23,0951,395,,2,5,6,5608,0,0,0,,0,004,"TELEPHONE RD","JOHNSON DR",75.00,E,N,A,-,N,,,,,,,,,,Y,4,0,1,2,A,-,08,22107,,N,C,C,A,A,H,-,A,D,0,,,,,Y,,A,01,0,0,1,0,0,0,0,0,0,"- ","- ",,,VENTURA,VENTURA,-119.20054626464844,34.267162322998047
8726151,2018,2018-12-04,5608,2018-10-19,1717,506,,5,5,6,5608,0,0,0,,0,004,"TELEPHONE RD","VICTORIA AV",200.00,W,-,A,-,N,,,,,,,,,,N,4,0,1,2,A,-,03,22350,,N,C,C,A,A,H,-,A,D,0,,,,,Y,,-,"- ",0,0,1,0,0,0,0,0,0,"- ","- ",,,VENTURA,VENTURA,-119.21321105957031,34.265350341796875