CASE_ID,ACCIDENT_YEAR,PROC_DATE,JURIS,COLLISION_DATE,COLLISION_TIME,OFFICER_ID,REPORTING_DISTRICT,DAY_OF_WEEK,CHP_SHIFT,POPULATION,CNTY_CITY_LOC,SPECIAL_COND,BEAT_TYPE,CHP_BEAT_TYPE,CITY_DIVISION_LAPD,CHP_BEAT_CLASS,BEAT_NUMBER,PRIMARY_RD,SECONDARY_RD,DISTANCE,DIRECTION,INTERSECTION,WEATHER_1,WEATHER_2,STATE_HWY_IND,CALTRANS_COUNTY,CALTRANS_DISTRICT,STATE_ROUTE,ROUTE_SUFFIX,POSTMILE_PREFIX,POSTMILE,LOCATION_TYPE,RAMP_INTERSECTION,SIDE_OF_HWY,TOW_AWAY,COLLISION_SEVERITY,NUMBER_KILLED,NUMBER_INJURED,PARTY_COUNT,PRIMARY_COLL_FACTOR,PCF_CODE_OF_VIOL,PCF_VIOL_CATEGORY,PCF_VIOLATION,PCF_VIOL_SUBSECTION,HIT_AND_RUN,TYPE_OF_COLLISION,MVIW,PED_ACTION,ROAD_SURFACE,ROAD_COND_1,ROAD_COND_2,LIGHTING,CONTROL_DEVICE,CHP_ROAD_TYPE,PEDESTRIAN_ACCIDENT,BICYCLE_ACCIDENT,MOTORCYCLE_ACCIDENT,TRUCK_ACCIDENT,NOT_PRIVATE_PROPERTY,ALCOHOL_INVOLVED,STWD_VEHTYPE_AT_FAULT,CHP_VEHTYPE_AT_FAULT,COUNT_SEVERE_INJ,COUNT_VISIBLE_INJ,COUNT_COMPLAINT_PAIN,COUNT_PED_KILLED,COUNT_PED_INJURED,COUNT_BICYCLIST_KILLED,COUNT_BICYCLIST_INJURED,COUNT_MC_KILLED,COUNT_MC_INJURED,PRIMARY_RAMP,SECONDARY_RAMP,LATITUDE,LONGITUDE,COUNTY,CITY,POINT_X,POINT_Y
8993530,2019,2020-01-18,5600,2019-11-19,1226,5180,8023,2,5,5,5601,0,0,0,,0,08A,"PASEO CAMARILLO","LANTANA ST",419.00,E,N,A,-,N,,,,,,,,,,N,4,0,1,2,A,-,09,21804,A,N,H,C,A,A,H,-,A,A,0,,,,,Y,,A,01,0,0,1,0,0,0,0,0,0,"- ","- ",34.220970153808594,-119.05368041992188,VENTURA,CAMARILLO,-119.05373382568359,34.221000671386719
8994484,2019,2020-02-24,5604,2019-11-01,0956,5354,,5,5,6,5604,0,0,0,,0,014,"N OXNARD BL","ESPLANADE DR",600.00,S,N,A,-,N,,,,,,,,,,Y,4,0,3,3,A,-,03,22350,,N,C,C,A,A,H,-,A,D,0,,,,,Y,,D,22,0,0,3,0,0,0,0,0,0,"- ","- ",,,VENTURA,OXNARD,-119.17981719970703,34.234104156494141
8994700,2019,2020-02-07,5604,2019-11-04,1456,5519,,1,5,6,5604,0,0,0,,0,014,"VENTURA RD","GONZALES RD",50.00,N,N,A,-,N,,,,,,,,,,N,4,0,1,2,A,-,03,22350,,N,C,C,A,A,H,-,A,A,0,,,,,Y,,D,22,0,0,1,0,0,0,0,0,0,"- ","- ",,,VENTURA,OXNARD,-119.19464111328125,34.219486236572266
8997141,2019,2020-01-29,5600,2019-11-13,1734,3147,9043,3,5,6,5607,0,0,0,,0,9B01,"WESTLAKE BL","RAINFIELD AV",29.00,N,N,A,-,N,,,,,,,,,,N,4,0,1,3,A,-,04,21703,,N,C,C,A,A,H,-,C,A,0,,,,,Y,,A,01,0,0,1,0,0,0,0,0,0,"- ","- ",,,VENTURA,"THOUSAND OAKS",-118.82765197753906,34.208847045898438
9001246,2019,2020-02-04,5608,2019-12-06,1453,528,,5,5,6,5608,0,0,0,,0,004,"SOUTH VICTORIA AV","AVOCET DR",0.00,,Y,A,-,N,,,,,,,,,,N,3,0,1,2,A,-,10,21950,A,N,G,B,B,A,H,-,A,A,0,Y,,,,Y,,M,47,0,1,0,0,1,0,0,0,0,"- ","- ",34.258399963378906,-119.21119689941406,VENTURA,VENTURA,-119.21109008789062,34.258491516113281
90012653,2015,2015-10-19,9770,2015-07-24,1200,020964,,5,1,6,5609,0,1,3,,2,082,"SR-118 W/B (RONALD REAGAN FREEWAY)","SYCAMORE DRIVE",280.00,W,N,A,-,Y,,,118,,,,,,W,Y,3,0,1,1,A,-,03,22350,,N,F,A,A,A,H,-,A,D,0,,,Y,,Y,,C,02,0,1,0,0,0,0,0,0,1,"- ","- ",34.282730000000001,-118.74495,VENTURA,"SIMI VALLEY",-118.74494894999999,34.282434840000001
9001372,2019,2020-02-07,5604,2019-07-24,1407,4577,,3,5,6,5604,0,0,0,,0,012,"ROSE AV","LOCKWOOD AV",369.00,N,N,A,-,N,,,,,,,,,,Y,4,0,2,4,A,-,04,21703,,N,C,C,A,A,H,-,A,D,0,,,,,Y,,A,07,0,0,2,0,0,0,0,0,0,"- ","- ",,,VENTURA,OXNARD,-119.15847778320312,34.223110198974609
90015103,2015,2015-10-19,9765,2015-08-26,1650,017395,,3,2,9,5600,0,1,3,,1,055,SR-118,"ROSE AVE",1584.00,W,N,A,-,Y,,,118,,,,,,,Y,4,0,2,4,A,-,03,22350,,N,C,C,A,A,H,-,A,D,0,,,,,Y,,A,07,0,0,2,0,0,0,0,0,0,"- ","- ",34.271729999999998,-119.13206,VENTURA,UNINCORPORATED,-119.13206785,34.27171878
90015379,2015,2015-10-19,9765,2015-08-28,0717,014535,,5,1,4,5606,0,1,3,,2,041,"SR-126 W/B","12TH ST",528.00,E,N,A,-,Y,,,126,,,,,,W,Y,3,0,2,1,A,-,08,22107,,N,F,A,A,A,H,-,A,D,0,,,,,Y,,A,01,0,1,1,0,0,0,0,0,0,"- ","- ",34.352879999999999,-119.05213000000001,VENTURA,"SANTA PAULA",-119.05208365999999,34.352800979999998
90015391,2015,2015-10-19,9770,2015-08-31,0955,017732,,1,1,4,5690,0,1,3,,2,080,"SR-118 W/B (RONALD REAGAN FREEWAY)","COLLINS DRIVE",2500.00,E,N,A,-,Y,,,118,,,,,,W,Y,4,0,1,1,A,-,08,22107,,N,E,I,A,A,H,-,A,D,0,,,,,Y,,A,01,0,0,1,0,0,0,0,0,0,"- ","- ",34.29204,-118.82416000000001,VENTURA,MOORPARK,-118.82416504,34.291962439999999
90016844,2015,2015-10-19,9765,2015-09-07,0200,020850,,1,3,9,5600,0,1,2,,1,102,"US-101 N/B","BATES RD.",3696.00,S,N,A,-,Y,,,101,,,,,,N,Y,3,0,1,1,A,-,08,22107,,N,E,I,A,A,H,-,D,D,0,,,,,Y,,D,22,0,1,0,0,0,0,0,0,0,"- ","- ",34.374659999999999,-119.4611,VENTURA,UNINCORPORATED,-119.46111571,34.374617890000003
90017140,2015,2015-10-19,9765,2015-09-10,0900,020924,,4,1,9,5600,0,3,5,,2,004,"FOOTHILL ROAD","BRIGGS ROAD",2112.00,E,N,A,-,N,,,,,,,,,,Y,3,0,1,1,A,-,08,22107,,N,E,I,A,A,H,-,A,D,0,,,,,Y,,A,07,0,1,0,0,0,0,0,0,0,"- ","- ",34.342860000000002,-119.11113,VENTURA,UNINCORPORATED,-119.11059966000001,34.343155039999999
90020170,2015,2015-10-19,9770,2015-08-04,1310,020998,,2,1,9,5600,0,1,3,,1,044,"SR-126 W/B (EAST TELEGRAPH ROAD)","HOPPER CREEK BRIDGE #52-0036",300.00,W,N,A,-,Y,,,126,,,,,,W,Y,1,1,1,2,A,-,08,22107,,N,A,C,A,A,H,-,A,D,0,,,,Y,Y,,A,01,0,0,1,0,0,0,0,0,0,"- ","- ",34.400849999999998,-118.82804,VENTURA,UNINCORPORATED,-118.82803982,34.400866669999999
90020218,2015,2015-10-19,9765,2015-09-14,1445,020423,,1,2,9,5600,0,3,5,,2,002,"FAIRVIEW ROAD","FAIRVIEW COURT",1056.00,W,N,A,-,N,,,,,,,,,,Y,4,0,1,1,A,-,01,23152,F,N,E,I,A,A,H,-,A,D,0,,,Y,,Y,Y,C,02,0,0,1,0,0,0,0,0,1,"- ","- ",34.455869999999997,-119.26711,VENTURA,UNINCORPORATED,-119.26234571000001,34.457456720000003
90020858,2015,2015-10-19,9765,2015-09-21,2230,020880,,1,3,6,5608,0,1,2,,2,302,"US-101 NB","SEAWARD AVENUE",2840.00,S,N,A,-,Y,,,101,,,,,,N,Y,3,0,1,1,A,-,01,23152,A,N,F,A,A,A,H,-,D,D,0,,,,,Y,Y,A,01,0,1,0,0,0,0,0,0,0,"- ","- ",34.261839999999999,-119.26188999999999,VENTURA,VENTURA,-119.26191396999999,34.261774850000002
90023244,2015,2015-10-19,9765,2015-09-22,1720,015696,,2,2,6,5604,0,1,2,,2,501,"US 101 SOUTHBOUND (VENTURA FREEWAY)","RICE AVENUE",1000.00,S,N,A,-,Y,,,,,,,,,,N,4,0,2,3,A,-,03,22350,,N,C,C,A,A,H,-,A,D,0,,,,,Y,,A,01,0,0,2,0,0,0,0,0,0,"- ","- ",34.222110000000001,-119.13670999999999,VENTURA,OXNARD,-119.14239000000001,34.22251
90023770,2015,2015-10-19,9770,2015-09-26,1420,018942,,6,2,6,5609,0,1,3,,2,082,"SR-118 W/B (RONALD REAGAN FREEWAY)","KUEHNER DRIVE",528.00,E,N,A,-,Y,,,118,,,,,,W,N,4,0,1,2,C,-,18,,,N,H,A,A,A,H,-,A,D,0,,,,,Y,,-,"- ",0,0,1,0,0,0,0,0,0,"- ","- ",34.278289999999998,-118.65976999999999,VENTURA,"SIMI VALLEY",-118.65978251,34.278268050000001
90024309,2015,2015-10-19,9765,2015-08-28,0728,014823,,5,1,9,5600,0,2,4,,2,064,"STURGIS RD.","PLEASANT VALLEY RD.",0.00,,Y,A,-,N,,,,,,,,,,Y,2,0,2,2,A,-,12,22450,A,N,D,C,A,A,H,-,A,A,0,,,Y,,Y,,A,01,1,0,1,0,0,0,0,0,1,"- ","- ",34.20158,-119.09988,VENTURA,UNINCORPORATED,-119.09979013,34.201610019999997
90026027,2015,2015-10-19,9770,2015-09-23,0852,018332,,3,1,6,5607,0,1,2,,2,075,"US-101 S/B (VENTURA FREEWAY)","MOORPARK ROAD",1056.00,S,N,A,-,Y,,,101,,,,,,S,Y,4,0,1,2,A,-,03,22350,,N,C,C,A,A,D,-,A,D,0,,,Y,,Y,,C,02,0,0,1,0,0,0,0,0,1,"- ","- ",34.176810000000003,-118.87042,VENTURA,"THOUSAND OAKS",-118.8704199,34.176811370000003
90026862,2015,2015-10-19,9770,2015-09-30,1656,019930,,3,2,6,5607,0,1,3,,2,076,"SR-23 N/B (MOORPARK FREEWAY)","JANSS ROAD",3010.00,S,N,A,-,Y,,,23,,,,,,N,N,4,0,2,4,A,-,03,22350,,F,C,C,A,A,H,-,A,D,0,,,,,Y,,-,99,0,0,2,0,0,0,0,0,0,"- ","- ",34.192349999999998,-118.86124,VENTURA,"THOUSAND OAKS",-118.86128913,34.192368739999999
90029484,2015,2015-10-19,9765,2015-10-03,0725,020302,,6,1,9,5600,0,2,4,,2,064,"LAS POSAS ROAD","LAGUNA ROAD",625.00,N,N,A,-,N,,,,,,,,,,Y,3,0,1,1,A,-,08,22107,,N,F,A,A,A,H,-,A,D,0,,,,,Y,Y,A,01,0,1,0,0,0,0,0,0,0,"- ","- ",34.1785,-119.07024,VENTURA,UNINCORPORATED,-119.0707498,34.177663619999997
90032672,2015,2015-10-19,9770,2015-09-05,1048,018942,,6,1,9,5600,0,2,4,,1,088,"BOX CANYON ROAD","BRYANT AVENUE (PRIVATE)",1584.00,S,N,A,-,N,,,,,,,,,,Y,1,1,0,1,A,-,05,21460,A,N,E,I,A,B,H,-,A,D,0,,,Y,,Y,,C,02,0,0,0,0,0,0,0,1,0,"- ","- ",34.24841,-118.64977,VENTURA,UNINCORPORATED,-118.64979174,34.248392639999999
90034480,2015,2015-10-29,9770,2015-10-13,0750,014675,,2,1,6,5609,0,1,3,,2,082,"SR-118 W/B (RONALD REAGAN FREEWAY)","KADOTA STREET",600.00,W,N,A,-,Y,,,118,,,,,,W,Y,3,0,1,3,A,-,07,21658,A,F,C,C,A,A,H,-,A,D,0,,,Y,,Y,,A,07,0,1,0,0,0,0,0,0,1,"- ","- ",34.281739999999999,-118.70335,VENTURA,"SIMI VALLEY",-118.70334984,34.281792600000003
90034527,2015,2015-10-29,9770,2015-10-13,0725,014675,,2,1,6,5609,0,1,3,,2,082,"SR-118 W/B (RONALD REAGAN FREEWAY)","TAPO CANYON ROAD",150.00,E,N,A,-,Y,,,118,,,,,,W,Y,3,0,1,2,A,-,03,22350,,F,C,C,A,A,H,-,A,D,0,,,,,Y,,A,01,0,1,0,0,0,0,0,0,0,"- ","- ",34.281739999999999,-118.71742999999999,VENTURA,"SIMI VALLEY",-118.71741709,34.281879869999997
90035829,2015,2015-10-21,9770,2015-10-16,1505,018572,,5,2,6,5607,0,1,2,,2,073,"US-101 S/B (VENTURA FREEWAY)","BORCHARD ROAD",1000.00,N,N,B,-,Y,,,101,,,,,,S,N,4,0,1,2,A,-,03,22350,,N,C,C,A,A,H,-,A,D,0,,,,,Y,,A,01,0,0,1,0,0,0,0,0,0,"- ","- ",34.186509999999998,-118.93192000000001,VENTURA,"THOUSAND OAKS",-118.93190389999999,34.186548770000002
90036764,2015,2015-10-22,9770,2015-10-21,0735,014675,,3,1,6,5609,0,1,3,,2,082,"SR-118 W/B (RONALD REAGAN FREEWAY)","TAPO CANYON ROAD",150.00,E,N,A,-,Y,,,118,,,,,,W,Y,4,0,1,2,A,-,03,22350,,N,C,C,A,A,H,-,A,D,0,,,,,Y,,A,01,0,0,1,0,0,0,0,0,0,"- ","- ",34.281700000000001,-118.71720999999999,VENTURA,"SIMI VALLEY",-118.71719529000001,34.281859390000001
90036954,2015,2015-10-23,9765,2015-10-17,0333,020187,,6,3,5,5601,0,1,2,,2,503,"US-101 SB","DAWSON DRIVE",1200.00,S,N,A,-,Y,,,101,,,,,,S,Y,3,0,1,1,A,-,01,23152,A,N,E,I,A,A,H,-,C,D,0,,,,,Y,Y,A,07,0,1,0,0,0,0,0,0,0,"- ","- ",34.21566,-119.02786,VENTURA,CAMARILLO,-119.02786001,34.215669830000003
90039306,2015,2015-10-29,9765,2015-10-23,1714,017395,,5,2,5,5601,0,1,2,,2,504,"US-101 N/B","ARNEILL ROAD",385.00,N,N,A,-,Y,,,101,,,,,,N,N,4,0,1,3,A,-,03,22350,,N,C,C,A,A,H,-,A,D,0,,,,,Y,,A,01,0,0,1,0,0,0,0,0,0,"- ","- ",34.217460000000003,-119.04107999999999,VENTURA,CAMARILLO,-119.04107944,34.217496140000002
90039845,2015,2015-10-29,9765,2015-10-10,1300,019988,,6,1,6,5608,0,1,2,,2,302,"US-101 N/B (VENTURA FWY).","LEMON OVERHEAD",500.00,S,N,A,-,Y,,,101,,,,,,N,N,4,0,1,2,A,-,03,22350,,N,C,C,A,A,A,-,A,D,0,,,,,Y,,A,01,0,0,1,0,0,0,0,0,0,"- ","- ",34.260809999999999,-119.24850000000001,VENTURA,VENTURA,-119.24855126999999,34.260871330000001
9004050,2019,2019-12-28,5600,2019-11-09,2117,5166,9128,6,5,6,5607,0,0,0,,0,09H,"W HILLCREST DR","RANCHO CONEJO BL",0.00,,Y,A,-,N,,,,,,,,,,N,4,0,1,2,A,-,12,21453,A,N,D,C,A,A,H,-,C,A,0,,,,,Y,,-,"- ",0,0,1,0,0,0,0,0,0,"- ","- ",,,VENTURA,"THOUSAND OAKS",-118.92516326904297,34.187061309814453
90042485,2015,2015-11-02,9765,2015-10-16,1807,017599,,5,2,9,5600,0,2,4,,2,490,"TELEGRAPH RD","BRIGGS RD",17.00,E,N,A,-,N,,,,,,,,,,Y,4,0,1,2,A,-,09,21453,B,M,B,C,A,A,H,-,A,A,0,,,,,Y,,A,07,0,0,1,0,0,0,0,0,0,"- ","- ",34.327939999999998,-119.10585,VENTURA,UNINCORPORATED,-119.1059138,34.327936600000001
9004373,2019,2020-09-14,5604,2019-11-15,1519,5354,,5,5,6,5604,0,0,0,,0,014,"RT 232","WALNUT DR",20.00,S,N,A,-,Y,VEN,7,232,-,-,1.170,H,-,N,Y,3,0,3,2,A,-,03,22350,,N,C,C,A,A,H,-,A,A,0,,,,,Y,,A,01,0,3,0,0,0,0,0,0,0,"- ","- ",,,VENTURA,OXNARD,-119.16656494140625,34.24078369140625
9004450,2019,2020-02-06,5600,2019-12-04,1222,2110,9164,3,5,6,5607,0,0,0,,0,9D01,"BLUE RIDGE CT","CLEAR WATER ST",900.00,N,N,B,-,N,,,,,,,,,,N,3,0,1,2,A,-,08,22107,,N,C,E,A,A,H,-,A,D,0,,,,,Y,,A,01,0,1,0,0,0,0,0,0,0,"- ","- ",,,VENTURA,"THOUSAND OAKS",-118.82921600341797,34.170791625976562
90047301,2015,2015-11-09,9770,2015-11-05,1720,021095,,4,2,6,5609,0,1,3,,2,083,"SR-118 E/B (RONALD REAGAN FREEWAY)","FIRST STREET",200.00,W,N,A,-,Y,,,118,,,,,,E,Y,4,0,1,2,A,-,03,22350,,N,C,C,A,A,H,-,D,D,0,,,,,Y,,A,01,0,0,1,0,0,0,0,0,0,"- ","- ",34.281999999999996,-118.77956,VENTURA,"SIMI VALLEY",-118.77956016,34.282132019999999
90051161,2015,2015-11-16,9765,2015-11-04,1440,020808,,3,2,9,5600,0,3,5,,2,003,"DORIS AVE.","VICTORIA AVE.",1584.00,E,N,A,-,N,,,,,,,,,,N,4,0,1,2,A,-,00,21760,B,N,B,G,A,A,H,-,A,D,0,,Y,,,Y,,A,01,0,0,1,0,0,0,1,0,0,"- ","- ",34.20843,-119.21203,VENTURA,UNINCORPORATED,-119.21576824,34.208486499999999
90056722,2015,2015-11-23,9770,2015-11-13,1410,016561,,5,2,6,5607,0,1,2,,2,075,"US-101 S/B TO WESTLAKE BLVD.","WESTLAKE BOULEVARD",145.00,N,N,A,-,Y,,,101,,,,R,,S,Y,3,0,1,5,A,-,08,22107,,N,B,C,A,A,D,-,A,D,0,,,,,Y,,A,07,0,1,0,0,0,0,0,0,0,"- ","- ",34.156799999999997,-118.82644999999999,VENTURA,"THOUSAND OAKS",-118.82644999999999,34.156799999999997
90057722,2015,2015-11-23,9765,2015-11-17,1635,016420,,2,2,6,5604,0,1,2,,2,530,"US-101 NB","ROSE AVE.",1584.00,N,N,A,-,Y,,,101,,,,,,N,Y,4,0,1,3,A,-,03,22350,,N,C,C,A,A,H,-,B,D,0,,,,,Y,,A,01,0,0,1,0,0,0,0,0,0,"- ","- ",34.227060000000002,-119.16555,VENTURA,OXNARD,-119.16556429000001,34.227002579999997
90059261,2015,2015-11-25,9765,2015-11-17,2355,014736,,2,3,9,5600,0,3,5,,2,004,"OLD TELEGRAPH ROAD","7TH STREET",1056.00,E,N,A,-,N,,,,,,,,,,Y,3,0,1,1,A,-,01,23152,A,N,E,I,A,A,H,-,D,D,0,,,,,Y,Y,A,07,0,1,0,0,0,0,0,0,0,"- ","- ",34.40166,-118.94744,VENTURA,UNINCORPORATED,-118.94753203,34.40155592
90059962,2015,2015-11-25,9765,2015-11-23,1335,014967,,1,1,6,5608,0,1,2,,2,103,"US-101 S/B OFFRAMP TO SEAWARD AVENUE","HARBOR BLVD.",125.00,N,N,A,-,Y,,,101,,,,R,,S,N,4,0,1,2,A,-,03,22350,,N,C,C,A,A,H,-,A,A,0,,,,,Y,,A,07,0,0,1,0,0,0,0,0,0,"- ","- ",34.267679999999999,-119.27262,VENTURA,VENTURA,-119.27262,34.267679999999999
90074710,2015,2015-12-15,9765,2015-12-14,1700,020882,,1,2,9,5600,0,2,4,,2,590,"CENTRAL AVENUE","ROSE AVENUE",970.00,E,N,A,-,N,,,,,,,,,,Y,2,0,1,2,A,-,03,22350,,N,C,C,A,A,H,-,D,D,0,,,,,Y,,A,01,1,0,0,0,0,0,0,0,0,"- ","- ",34.249270000000003,-119.14044,VENTURA,UNINCORPORATED,-119.14019647000001,34.249086380000001
90085726,2015,2015-12-30,9770,2015-12-26,1720,020721,,6,2,6,5607,0,1,3,,2,077,"SR-23 S/B (MOORPARK FREEWAY)","AVENIDA DE LOS ARBOLES",1320.00,N,N,A,-,Y,,,23,,,,,,S,N,4,0,2,2,A,-,03,22350,,N,C,C,A,A,H,-,D,D,0,,,,,Y,,D,22,0,0,2,0,0,0,0,0,0,"- ","- ",34.214939999999999,-118.84956,VENTURA,"THOUSAND OAKS",-118.84964132,34.214932449999999
90088989,2015,2016-01-06,9765,2015-12-26,1205,020924,,6,1,9,5600,0,1,3,,2,010,"SR-33 N/B","CROOKED PALM ROAD",215.00,N,N,A,-,Y,,,,,,,,,,Y,4,0,1,2,A,-,03,22350,,N,C,C,A,A,H,-,A,D,0,,,,,Y,,A,01,0,0,1,0,0,0,0,0,0,"- ","- ",34.324759999999998,-119.29738999999999,VENTURA,UNINCORPORATED,-119.29237894000001,34.324660100000003
90089064,2015,2016-01-06,9765,2015-12-26,1420,020302,,6,2,9,5600,0,1,3,,2,010,"SR-33 N/B","CANADA LARGA ROAD",1000.00,N,N,A,-,Y,,,33,,,,,,N,Y,4,0,2,3,A,-,03,22350,,N,C,C,A,A,H,-,A,D,0,,,,,Y,,D,22,0,0,2,0,0,0,0,0,0,"- ","- ",34.346159999999998,-119.29497000000001,VENTURA,UNINCORPORATED,-119.29498887,34.346142520000001
9008973,2019,2019-12-31,5608,2019-11-11,1627,463,,1,5,6,5608,0,0,0,,0,002,"SPINNAKER DR","SPINNAKER 1363",25.00,W,N,A,-,N,,,,,,,,,,Y,3,0,1,1,A,-,08,22107,,N,E,I,A,A,H,-,A,D,0,,,,,Y,,A,01,0,1,0,0,0,0,0,0,0,"- ","- ",,,VENTURA,VENTURA,-119.26042938232422,34.242866516113281
9009068,2019,2019-12-31,5600,2019-11-03,0946,5106,8013,7,5,5,5601,0,0,0,,0,08A,"PONDEROSA DR","LAS POSAS RD",490.00,E,N,A,-,N,,,,,,,,,,N,2,0,1,2,A,-,09,21801,A,N,D,C,A,A,H,-,A,D,0,,,Y,,Y,,A,07,1,0,0,0,0,0,0,0,1,"- ","- ",34.223709106445312,-119.06806945800781,VENTURA,CAMARILLO,-119.06815338134766,34.223697662353516
9009161,2019,2020-02-04,5604,2019-11-07,0020,5098,,4,5,6,5604,0,0,0,,0,032,"WOOLEY RD","PACIFIC AV",0.00,,Y,A,-,N,,,,,,,,,,Y,3,0,1,2,-,-,"- ",,,N,C,C,A,A,H,-,C,A,0,,,,,Y,,-,"- ",0,1,0,0,0,0,0,0,0,"- ","- ",34.189910888671875,-119.16484832763672,VENTURA,OXNARD,-119.16486358642578,34.189918518066406
9009177,2019,2020-01-31,5604,2019-11-15,0733,5172,,5,5,6,5604,0,0,0,,0,042,"ROSE AV","BARD RD",0.00,,Y,A,-,N,,,,,,,,,,Y,3,0,2,2,A,-,09,21801,A,N,D,C,A,A,H,-,A,A,0,,,,,Y,,D,22,0,1,1,0,0,0,0,0,0,"- ","- ",34.162220001220703,-119.15943145751953,VENTURA,OXNARD,-119.15950012207031,34.1622314453125
90092043,2016,2016-01-11,9765,2016-01-06,1055,015117,,3,1,9,5600,0,1,3,,2,060,"SR-1 N/B (PACIFIC COAST HIGHWAY)","HUENEME RD",528.00,N,N,B,C,Y,,,1,,,,,,N,Y,4,0,1,1,A,-,08,22107,,N,F,A,A,B,H,-,A,D,0,,,,,Y,,A,01,0,0,1,0,0,0,0,0,0,"- ","- ",34.142180000000003,-119.10606,VENTURA,UNINCORPORATED,-119.10607194000001,34.142166490000001
9009232,2019,2020-02-11,5604,2019-11-02,2307,5529,,6,5,6,5604,0,0,0,,0,024,"PATTERSON RD","W HEMLOCK ST W",0.00,,Y,A,-,N,,,,,,,,,,N,4,0,1,2,A,-,09,21801,A,F,D,D,A,A,H,-,C,A,0,,,,,Y,,-,"- ",0,0,1,0,0,0,0,0,0,"- ","- ",34.181228637695312,-119.20832061767578,VENTURA,OXNARD,-119.20838165283203,34.181240081787109
90092390,2016,2016-01-11,9765,2016-01-04,1905,016420,,1,2,9,5600,0,1,3,,1,055,SR-118,"SANTA CLARA AVE.",0.00,,Y,A,-,Y,,,118,,,,,,,Y,4,0,2,1,A,-,03,22350,,N,E,I,A,A,H,-,D,D,0,,,,,Y,,A,01,0,0,2,0,0,0,0,0,0,"- ","- ",34.255629999999996,-119.10881999999999,VENTURA,UNINCORPORATED,-119.10899635,34.255922830000003
9009279,2019,2020-06-23,5600,2019-11-08,0948,5473,5101,5,5,4,5690,0,0,0,,0,02B,"RT 118","MILLER PKWY",30.00,E,N,A,-,Y,VEN,7,23,-,T,11.940,H,-,N,N,4,0,1,2,A,-,21,22106,,N,C,C,A,A,H,-,A,A,0,,,,,Y,,D,22,0,0,1,0,0,0,0,0,0,"- ","- ",,,VENTURA,MOORPARK,-118.86920928955078,34.279586791992188
90095402,2016,2016-01-14,9765,2016-01-06,0550,016234,,3,3,9,5600,0,1,3,,1,022,SR-150,"MAYFIELD DRIVE",2300.00,E,N,B,-,Y,,,150,,,,,,,Y,4,0,1,1,A,-,03,22350,,N,E,I,A,B,H,-,D,D,0,,,,,Y,,A,01,0,0,1,0,0,0,0,0,0,"- ","- ",34.385280000000002,-119.3903,VENTURA,UNINCORPORATED,-119.39033990999999,34.385382180000001
90095815,2016,2016-01-14,9770,2016-01-08,0635,020169,,5,1,9,5600,0,1,3,,1,054,"SR-34 (SOMIS ROAD)","SR-118 (LOS ANGELES AVENUE)",250.00,W,N,A,-,Y,,,34,,,,,,,Y,4,0,1,2,A,-,03,22350,,N,C,C,A,A,H,-,A,D,0,,,,,Y,,A,01,0,0,1,0,0,0,0,0,0,"- ","- ",34.263210000000001,-118.99469000000001,VENTURA,UNINCORPORATED,-118.99465375,34.263210559999997
9009590,2019,2020-01-31,5604,2019-11-12,0750,5065,,2,5,6,5604,0,0,0,,0,031,"STURGIS RD","ELEVAR ST",0.00,,Y,B,-,N,,,,,,,,,,Y,3,0,2,2,A,-,09,21802,A,N,D,C,A,A,H,-,A,D,0,,,,,Y,,A,01,0,2,0,0,0,0,0,0,0,"- ","- ",34.201930999755859,-119.14221954345703,VENTURA,OXNARD,-119.13820648193359,34.201930999755859
9009825,2019,2020-03-17,5604,2019-11-09,0745,4734,,6,5,6,5604,0,0,0,,0,011,"GUM TREE ST","VICTORIA AV",0.00,,Y,A,-,N,,,,,,,,,,N,3,0,1,2,A,-,10,21950,A,F,B,B,B,A,H,-,A,A,0,Y,,,,Y,,-,,0,1,0,0,1,0,0,0,0,"- ","- ",34.224960327148438,-119.22113037109375,VENTURA,OXNARD,-119.221023,34.225014000000002
90102927,2016,2016-01-26,9765,2016-01-21,1720,020924,,4,2,9,5600,0,3,5,,2,005,"BRADLEY ROAD","SR-118 (LOS ANGELES AVE)",1056.00,N,N,A,-,N,,,,,,,,,,Y,4,0,1,2,A,-,03,22350,,N,C,C,A,A,H,-,D,D,0,,,,,Y,,A,01,0,0,1,0,0,0,0,0,0,"- ","- ",34.267620000000001,-119.01118,VENTURA,UNINCORPORATED,-119.01116967,34.266642160000004
9010421,2019,2020-01-08,5609,2019-11-15,1935,435,,5,5,6,5609,0,0,0,,0,,"LOS ANGELES AV","SEQUOIA AV",0.00,,Y,A,-,N,,,,,,,,,,Y,4,0,3,2,A,-,09,21801,A,N,A,C,A,A,H,-,C,A,0,,,,,Y,,A,01,0,0,3,0,0,0,0,0,0,"- ","- ",34.271690368652344,-118.73056030273438,VENTURA,"SIMI VALLEY",-118.73052978515625,34.271678924560547
90107666,2016,2016-02-02,9770,2016-01-28,2310,021095,,4,3,9,5600,0,3,5,,2,007,"CONIFER STREET","SATINWOOD AVENUE",150.00,W,N,A,-,N,,,,,,,,,,Y,4,0,1,1,A,-,08,22107,,N,A,J,A,A,H,-,C,D,0,,,,,Y,,A,01,0,0,1,0,0,0,0,0,0,"- ","- ",34.17109,-118.75436000000001,VENTURA,UNINCORPORATED,-118.75428417000001,34.171152859999999