CASE_ID,ACCIDENT_YEAR,PROC_DATE,JURIS,COLLISION_DATE,COLLISION_TIME,OFFICER_ID,REPORTING_DISTRICT,DAY_OF_WEEK,CHP_SHIFT,POPULATION,CNTY_CITY_LOC,SPECIAL_COND,BEAT_TYPE,CHP_BEAT_TYPE,CITY_DIVISION_LAPD,CHP_BEAT_CLASS,BEAT_NUMBER,PRIMARY_RD,SECONDARY_RD,DISTANCE,DIRECTION,INTERSECTION,WEATHER_1,WEATHER_2,STATE_HWY_IND,CALTRANS_COUNTY,CALTRANS_DISTRICT,STATE_ROUTE,ROUTE_SUFFIX,POSTMILE_PREFIX,POSTMILE,LOCATION_TYPE,RAMP_INTERSECTION,SIDE_OF_HWY,TOW_AWAY,COLLISION_SEVERITY,NUMBER_KILLED,NUMBER_INJURED,PARTY_COUNT,PRIMARY_COLL_FACTOR,PCF_CODE_OF_VIOL,PCF_VIOL_CATEGORY,PCF_VIOLATION,PCF_VIOL_SUBSECTION,HIT_AND_RUN,TYPE_OF_COLLISION,MVIW,PED_ACTION,ROAD_SURFACE,ROAD_COND_1,ROAD_COND_2,LIGHTING,CONTROL_DEVICE,CHP_ROAD_TYPE,PEDESTRIAN_ACCIDENT,BICYCLE_ACCIDENT,MOTORCYCLE_ACCIDENT,TRUCK_ACCIDENT,NOT_PRIVATE_PROPERTY,ALCOHOL_INVOLVED,STWD_VEHTYPE_AT_FAULT,CHP_VEHTYPE_AT_FAULT,COUNT_SEVERE_INJ,COUNT_VISIBLE_INJ,COUNT_COMPLAINT_PAIN,COUNT_PED_KILLED,COUNT_PED_INJURED,COUNT_BICYCLIST_KILLED,COUNT_BICYCLIST_INJURED,COUNT_MC_KILLED,COUNT_MC_INJURED,PRIMARY_RAMP,SECONDARY_RAMP,LATITUDE,LONGITUDE,COUNTY,CITY,POINT_X,POINT_Y
90111527,2016,2016-02-09,9765,2016-02-08,2330,014736,,1,3,9,5600,0,2,4,,2,037,"HARBOR BOULEVARD","GONZALES ROAD",30.00,N,N,A,-,N,,,,,,,,,,Y,4,0,1,1,A,-,08,22107,,N,E,I,A,A,H,-,C,A,0,,,,,Y,,A,01,0,0,1,0,0,0,0,0,0,"- ","- ",34.218620000000001,-119.25355,VENTURA,UNINCORPORATED,-119.253771,34.21855497
90113258,2016,2016-02-11,9765,2016-02-10,0055,019884,,3,3,6,5608,0,1,3,,1,031,"SR-126 WESTBOUND","HILL ROAD",1584.00,E,N,A,-,Y,,,126,,,,,,W,Y,4,0,1,1,A,-,08,22107,,N,E,I,A,A,H,-,D,D,0,,,,,Y,,A,01,0,0,1,0,0,0,0,0,0,"- ","- ",34.273220000000002,-119.20249,VENTURA,VENTURA,-119.20247583,34.273124000000003
9011585,2019,2019-12-26,5600,2019-11-21,1415,2913,9104,4,5,6,5607,0,0,0,,0,9C01,"OLD CONEJO RD","REINO RD",200.00,E,N,A,-,N,,,,,,,,,,Y,3,0,1,2,A,-,09,21804,A,N,D,C,A,A,H,-,A,D,0,,,,,Y,,A,01,0,1,0,0,0,0,0,0,0,"- ","- ",,,VENTURA,"THOUSAND OAKS",-118.95194244384766,34.191978454589844
90120682,2016,2016-02-22,9770,2016-02-03,0820,012869,,3,1,4,5690,0,1,3,,2,081,"SR-118 E/B (RONALD REAGAN FREEWAY)","COLLINS DRIVE",1820.00,W,N,A,-,Y,,,118,,,,,,E,Y,4,0,4,6,A,-,03,22350,,N,C,C,A,A,H,-,A,D,0,,,,,Y,,A,01,0,0,4,0,0,0,0,0,0,"- ","- ",34.292960000000001,-118.84901000000001,VENTURA,MOORPARK,-118.84901247000001,34.293034949999999
90121986,2015,2016-03-07,9765,2015-12-30,2500,017675,,3,4,9,5600,0,3,5,,2,004,"BALCOM CANYON ROAD","BRADLEY ROAD",5808.00,N,N,A,-,N,,,,,,,,,,Y,1,1,0,1,A,-,08,22107,,N,E,I,A,A,H,-,D,D,0,,,,,Y,,D,22,0,0,0,0,0,0,0,0,0,"- ","- ",34.326479999999997,-118.9783,VENTURA,UNINCORPORATED,-118.97824682,34.325980940000001
90122824,2016,2016-02-24,9770,2016-02-19,1903,018659,,5,2,6,5607,0,1,2,,2,072,"US-101 N/B (VENTURA FREEWAY)","WENDY DRIVE",1000.00,N,N,A,-,Y,,,101,,,,,,N,Y,4,0,1,3,A,-,03,22350,,N,C,C,A,A,H,-,D,D,0,,,,,Y,,A,01,0,0,1,0,0,0,0,0,0,"- ","- ",34.191929999999999,-118.9442,VENTURA,"THOUSAND OAKS",-118.94414466000001,34.192049449999999
90128899,2016,2016-03-03,9770,2016-02-12,1115,020964,,5,1,5,5601,0,1,2,,2,071,"US-101 S/B (VENTURA FREEWAY)","CONEJO INSPECTION FACILITY",3168.00,N,N,A,-,Y,,,101,,,,,,S,Y,3,0,1,1,A,-,08,22107,,N,E,I,A,A,H,-,D,D,0,,,,,Y,,A,01,0,1,0,0,0,0,0,0,0,"- ","- ",34.200969999999998,-118.9686,VENTURA,CAMARILLO,-118.96859477,34.201071349999999
90129608,2016,2016-03-04,9765,2016-03-03,1255,020302,,4,1,9,5600,0,1,3,,1,042,SR-126,"HALLOCK DRIVE",600.00,E,N,B,-,Y,,,126,,,,,,,N,4,0,1,2,A,-,03,22350,,N,C,C,A,A,H,-,A,D,0,,,,,Y,,A,01,0,0,1,0,0,0,0,0,0,"- ","- ",34.362639999999999,-119.03909,VENTURA,UNINCORPORATED,-119.03908232000001,34.362632810000001
90130222,2016,2016-03-07,9765,2016-03-04,0630,019988,,5,1,9,5600,0,3,5,,2,006,"POTRERO RD.","VIA ACOSTA",1000.00,W,N,A,-,N,,,,,,,,,,Y,4,0,1,1,A,-,03,22350,,N,F,A,A,A,H,-,B,D,0,,,Y,,Y,,C,02,0,0,1,0,0,0,0,0,1,"- ","- ",34.158999999999999,-119.002,VENTURA,UNINCORPORATED,-118.99185079999999,34.158628469999996
90130338,2016,2016-03-31,9765,2016-03-04,0805,020087,,5,1,9,5600,0,1,3,,1,042,"SR-126 (TELEGRAPH ROAD)","HALL ROAD",732.00,W,N,B,-,Y,,,126,,,,,,,Y,4,0,1,2,A,-,08,22107,,N,D,C,A,A,H,-,A,D,0,,,,,Y,,A,07,0,0,1,0,0,0,0,0,0,"- ","- ",34.378500000000003,-118.99079999999999,VENTURA,UNINCORPORATED,-118.99080106,34.378505420000003
90131176,2016,2016-03-08,9770,2016-02-28,0920,017732,,7,1,9,5600,0,1,3,,1,052,"SR-118 (LOS ANGELES AVENUE)","TERNEX RAILROAD CROSSING",5.00,W,N,A,-,Y,,,118,,,,,,,N,3,0,1,1,A,-,03,22350,,N,F,A,A,A,H,-,A,D,0,,Y,,,Y,,L,04,0,1,0,0,0,0,1,0,0,"- ","- ",34.271459999999998,-118.94019,VENTURA,UNINCORPORATED,-118.94018697,34.27139038
90135657,2016,2016-03-14,9770,2016-03-03,0029,019849,,4,3,5,5601,0,1,2,,2,070,"US-101 N/B (VENTURA FREEWAY)","CAMARILLO SPRINGS ROAD",1584.00,S,N,E,-,Y,,,101,,,,,,N,Y,2,0,2,3,A,-,01,23152,A,N,A,C,A,A,H,-,D,D,0,,,,,Y,Y,A,01,1,0,1,0,0,0,0,0,0,"- ","- ",34.203130000000002,-118.98026,VENTURA,CAMARILLO,-118.98021196000001,34.203178999999999
90135938,2016,2016-03-14,9770,2016-03-07,0525,016561,,1,3,6,5607,0,1,2,,2,073,"US-101 S/B (VENTURA FREEWAY)","CONEJO INSPECTION FACILITY",3696.00,S,N,B,C,Y,,,101,,,,,,S,Y,4,0,2,2,A,-,03,22350,,N,E,I,A,B,H,-,D,D,0,,,,,Y,,A,07,0,0,2,0,0,0,0,0,0,"- ","- ",34.193260000000002,-118.94744,VENTURA,"THOUSAND OAKS",-118.94739274,34.193348110000002
90137164,2016,2016-03-15,9770,2016-03-04,2145,020641,,5,2,6,5607,0,1,2,,2,073,"US-101 S/B (VENTURA FREEWAY)","MOORPARK ROAD",2000.00,S,N,B,-,Y,,,101,,,,,,S,N,4,0,1,3,A,-,03,22350,,N,C,C,A,A,D,-,D,D,0,,,,,Y,,A,01,0,0,1,0,0,0,0,0,0,"- ","- ",34.176830000000002,-118.8693,VENTURA,"THOUSAND OAKS",-118.86930921,34.176721550000003
90138295,2016,2016-03-16,9770,2016-03-12,1745,021095,,6,2,6,5607,0,1,3,,2,076,"SR-23 N/B (MOORPARK FREEWAY)","JANSS ROAD",1056.00,N,N,A,-,Y,,,23,,,,,,N,Y,4,0,1,2,A,-,07,21658,A,N,B,C,A,A,H,-,A,D,0,,,,,Y,,A,01,0,0,1,0,0,0,0,0,0,"- ","- ",34.202689999999997,-118.85449,VENTURA,"THOUSAND OAKS",-118.854542,34.202759829999998
90141733,2016,2016-03-23,9770,2016-03-17,1155,019930,,4,1,9,5600,0,2,4,,2,079,"KANAN ROAD E/B","CONIFER STREET",50.00,W,N,A,-,N,,,,,,,,,,Y,4,0,1,2,A,-,03,22350,,N,C,C,A,A,H,-,A,A,0,,,,,Y,,A,01,0,0,1,0,0,0,0,0,0,"- ","- ",34.170780000000001,-118.75839999999999,VENTURA,UNINCORPORATED,-118.75859,34.170870000000001
90149300,2016,2016-05-19,9770,2016-03-27,1025,018572,,7,1,9,5600,0,2,4,,1,062,"POTRERO ROAD","WHITE STALLION ROAD (EAST)",700.00,W,N,A,-,N,,,,,,,,,,N,4,0,1,2,A,-,00,21760,B,N,B,G,A,A,H,-,A,D,0,,Y,,,Y,,A,01,0,0,1,0,0,0,1,0,0,"- ","- ",34.156320000000001,-118.92831,VENTURA,UNINCORPORATED,-118.93906312,34.155880969999998
90155482,2016,2016-04-12,9765,2016-04-09,1550,020882,,6,2,9,5600,0,2,4,,1,290,"CREEK ROAD","CLARK RANCH ROAD",1320.00,S,N,B,C,N,,,,,,,,,,Y,3,0,2,1,A,-,03,22350,,N,E,I,A,B,H,-,A,D,0,,,,,Y,,A,01,0,1,1,0,0,0,0,0,0,"- ","- ",34.417349999999999,-119.27096,VENTURA,UNINCORPORATED,-119.26994424,34.418702199999998
90157407,2016,2016-04-14,9765,2016-04-12,1815,016712,,2,2,9,5600,0,1,3,,1,022,"RT 150","LOMA DR",420.00,W,N,A,-,Y,,,150,,,,,,,Y,4,0,2,4,A,-,03,22350,,N,C,C,A,A,H,-,A,A,0,,,,,Y,,A,01,0,0,2,0,0,0,0,0,0,"- ","- ",34.43188,-119.28213,VENTURA,UNINCORPORATED,-119.28213749,34.431934169999998
90157914,2016,2016-04-14,9770,2016-04-08,1838,019930,,5,2,6,5609,0,1,3,,2,082,"SR-118 W/B (RONALD REAGAN FREEWAY)","FIRST STREET",1300.00,E,N,B,C,Y,,,118,,,,,,W,Y,4,0,1,2,A,-,08,22107,,N,B,C,A,B,H,-,B,D,0,,,,,Y,,A,01,0,0,1,0,0,0,0,0,0,"- ","- ",34.282510000000002,-118.77424000000001,VENTURA,"SIMI VALLEY",-118.77424000000001,34.282420289999997
90159334,2016,2016-04-18,9765,2016-04-08,1126,020358,,5,1,9,5600,0,2,4,,2,037,"HARBOR BLVD","GONZALES RD",1056.00,N,N,B,C,N,,,,,,,,,,Y,4,0,1,1,A,-,08,22107,,N,E,I,A,B,H,-,A,D,0,,,,,Y,,A,01,0,0,1,0,0,0,0,0,0,"- ","- ",34.22101,-119.25530999999999,VENTURA,UNINCORPORATED,-119.25517001,34.221120020000001
9016358,2020,2020-06-05,5600,2020-02-10,1735,5244,9102,1,5,6,5607,0,0,0,,0,09G,"THOUSAND OAKS BL","LONG CT",0.00,,Y,A,-,N,,,,,,,,,,Y,3,0,1,2,A,-,09,21802,A,N,D,C,A,A,H,-,B,D,0,,,,,Y,,A,07,0,1,0,0,0,0,0,0,0,"- ","- ",,,VENTURA,"THOUSAND OAKS",-118.86720275878906,34.178810119628906
90164790,2016,2016-04-25,9765,2016-04-19,1335,014535,,2,1,9,5600,0,1,3,,1,055,SR-118,SR-232,565.00,W,N,A,B,Y,,,118,,,,,,,Y,4,0,1,2,A,-,03,22350,,N,C,C,A,A,H,-,A,D,0,,,,,Y,,A,01,0,0,1,0,0,0,0,0,0,"- ","- ",34.275100000000002,-119.13685,VENTURA,UNINCORPORATED,-119.13684425,34.275107980000001
9016783,2020,2020-10-13,5608,2020-02-12,0751,513,VENTU,3,5,6,5608,0,0,0,,0,003,"VICTORIA AV","RT 126",89.00,W,N,A,-,Y,VEN,7,126,-,-,1.361,R,4,W,N,3,0,3,2,A,-,03,22350,,N,C,C,A,A,H,-,A,D,0,,,,,Y,,I,19,0,1,2,0,0,0,0,0,0,"- ","- ",,,VENTURA,VENTURA,-119.21497344970703,34.271297454833984
9016791,2020,2020-07-13,5608,2020-02-11,1343,511,VENTU,2,5,6,5608,0,0,0,,0,002,"HARBOR BL","PENINSULA ST",0.00,,Y,A,-,N,,,,,,,,,,Y,3,0,1,2,A,-,09,21801,A,N,D,C,A,A,H,-,A,A,0,,,,,Y,,-,"- ",0,1,0,0,0,0,0,0,0,"- ","- ",,,VENTURA,VENTURA,-119.26441192626953,34.261928558349609
90171120,2016,2016-05-03,9765,2016-04-22,1455,017395,,5,2,5,5601,0,1,2,,2,503,"US-101 S/B","CARMEN DR",126.00,N,N,A,-,Y,,,101,,,,,,S,Y,4,0,1,2,A,-,03,22350,,N,C,C,A,A,H,-,A,D,0,,,,,Y,,A,08,0,0,1,0,0,0,0,0,0,"- ","- ",34.21754,-119.05099,VENTURA,CAMARILLO,-119.05098771,34.217570690000002
9017379,2020,2020-05-29,5600,2020-02-10,1750,5176,8125,1,5,5,5601,0,0,0,,0,08C,"E DAILY DR","ARNEILL RD",0.00,,Y,A,-,N,,,,,,,,,,Y,3,0,2,2,A,-,09,21801,A,N,H,C,A,A,H,-,A,A,0,,,,,Y,,A,01,0,1,1,0,0,0,0,0,0,"- ","- ",34.217781066894531,-119.03903198242188,VENTURA,CAMARILLO,-119.03900909423828,34.217819213867188
90174396,2016,2016-05-06,9765,2016-05-01,0815,020302,,7,1,9,5600,0,1,3,,1,021,SR-33,"ROSE VALLEY ROAD",4045.00,N,N,A,-,Y,,,33,,,,,,,Y,4,0,1,1,A,-,08,22107,,N,F,A,A,A,H,-,A,D,0,,,Y,,Y,,C,02,0,0,1,0,0,0,0,0,1,"- ","- ",34.540410000000001,-119.23895,VENTURA,UNINCORPORATED,-119.23895039,34.540417570000002
9017604,2020,2020-03-06,5604,2020-01-24,0150,5540,,5,5,6,5604,0,0,0,,0,011,"OXNARD BL","GONZALES RD",0.00,,Y,A,-,N,,,1,,,,,,,N,2,0,1,2,B,-,22,,,F,G,G,A,A,H,-,C,A,0,,Y,,,Y,,-,,1,0,0,0,0,0,1,0,0,"- ","- ",34.219058990478516,-119.17717742919922,VENTURA,OXNARD,-119.17725372314453,34.219062805175781
90176302,2016,2016-05-10,9770,2016-05-04,0830,012869,,3,1,6,5607,0,1,2,,2,073,"US-101 S/B TO MOORPARK ROAD","MOORPARK ROAD",72.00,N,N,B,-,Y,,,101,,,,R,,S,N,4,0,1,2,A,-,03,22350,,N,C,C,A,A,D,-,A,A,0,,,,,Y,,A,01,0,0,1,0,0,0,0,0,0,"- ","- ",34.177070000000001,-118.87699000000001,VENTURA,"THOUSAND OAKS",-118.87699000000001,34.177070000000001
9017636,2020,2020-03-06,5604,2020-01-26,1526,4734,,7,5,6,5604,0,0,0,,0,011,"VENTURA RD","ANNA WY",0.00,,Y,A,-,N,,,,,,,,,,Y,4,0,1,2,D,-,00,,,N,D,C,A,A,H,-,A,D,0,,,,,Y,,-,"- ",0,0,1,0,0,0,0,0,0,"- ","- ",34.217288970947266,-119.194580078125,VENTURA,OXNARD,-119.19467926025391,34.217300415039062
9017640,2020,2020-03-17,5604,2020-01-26,0940,5583,,7,5,6,5604,0,0,0,,0,042,"CLARA ST","SAVIERS RD",0.00,,Y,A,-,N,,,,,,,,,,Y,2,0,1,2,A,-,03,22350,,N,D,C,A,A,H,-,A,D,0,,,Y,,Y,,C,02,1,0,0,0,0,0,0,0,1,"- ","- ",34.151229858398438,-119.17778778076172,VENTURA,OXNARD,-119.17787933349609,34.151241302490234
9017729,2019,2020-02-11,5600,2019-12-13,1808,5076,9028,5,5,6,5607,0,0,0,,0,009,"AVENIDA DE LOS ARBOLES","OAK BROOK DR",0.00,,Y,A,-,N,,,,,,,,,,Y,4,0,2,2,A,-,08,22107,,N,H,C,A,A,H,-,C,A,0,,,,,Y,,A,01,0,0,2,0,0,0,0,0,0,"- ","- ",,,VENTURA,"THOUSAND OAKS",-118.84523773193359,34.211441040039062
90179659,2016,2016-05-16,9765,2016-04-30,1638,020917,,6,2,9,5600,0,1,3,,1,021,SR-33,"BELLY ACHE FALLS",528.00,S,N,A,-,Y,,,33,,,,,,,Y,2,0,1,1,A,-,01,23152,F,N,E,I,A,A,H,-,A,D,0,,,,,Y,Y,A,01,1,0,0,0,0,0,0,0,0,"- ","- ",34.5184,-119.28060000000001,VENTURA,UNINCORPORATED,-119.2805953,34.518488329999997
90180985,2016,2016-05-17,9770,2016-05-13,1515,016383,,5,2,6,5607,0,1,2,,2,072,"US-101 N/B (VENTURA FREEWAY)","VENTU PARK ROAD",1056.00,S,N,A,-,Y,,,,,,,,,,N,4,0,1,2,A,-,03,22350,,N,C,C,A,A,H,-,A,D,0,,,,,Y,,E,22,0,0,1,0,0,0,0,0,0,"- ","- ",34.186450000000001,-118.91043000000001,VENTURA,"THOUSAND OAKS",-118.91124000000001,34.184449999999998
90187663,2016,2016-05-26,9765,2016-05-19,1505,020423,,4,2,9,5600,0,3,5,,2,004,"OLD TELEGRAPH ROAD","GRAND AVENUE",0.00,,Y,A,-,N,,,,,,,,,,Y,2,0,2,2,A,-,03,22350,,N,C,C,A,A,H,-,A,D,0,,,,,Y,,A,01,1,1,0,0,0,0,0,0,0,"- ","- ",34.407859999999999,-118.93507,VENTURA,UNINCORPORATED,-118.93502012,34.407690010000003
90191666,2016,2016-05-31,9765,2016-05-23,1115,015696,,1,1,6,5608,0,1,3,,1,031,"SR-126 WESTBOUND (SANTA PAULA FREEWAY)","VICTORIA AVENUE",2100.00,W,N,A,-,Y,,,126,,,,,,W,Y,4,0,2,2,A,-,07,21658,A,N,B,C,A,A,H,-,A,D,0,,,,,Y,,A,01,0,0,2,0,0,0,0,0,0,"- ","- ",34.270530000000001,-119.2206,VENTURA,VENTURA,-119.22059468,34.27049281
90194855,2016,2016-06-16,9765,2016-01-22,0110,020873,,5,3,9,5600,0,1,3,,1,021,"SR-33  (MARICOPA HIGHWAY)","N. FORK SPRINGS ROAD",739.00,S,N,A,-,Y,,,33,,,,,,,Y,1,1,3,1,A,-,01,23152,A,F,E,I,A,A,H,-,D,D,0,,,,,Y,Y,A,01,1,2,0,0,0,0,0,0,0,"- ","- ",34.490400000000001,-119.30549999999999,VENTURA,UNINCORPORATED,-119.30548528,34.49040763
90197238,2016,2016-06-08,9765,2016-05-30,1415,019057,,1,2,6,5604,0,1,2,,2,531,"US-101 S/B","RICE AVE",1050.00,N,N,A,-,Y,,,101,,,,,,S,N,4,0,1,2,A,-,03,22350,,N,C,C,A,A,H,-,A,D,0,,,Y,,Y,,C,02,0,0,1,0,0,0,0,0,1,"- ","- ",34.223030000000001,-119.14849,VENTURA,OXNARD,-119.14847963,34.223131690000002
90202981,2016,2016-06-16,9770,2016-06-10,1525,014675,,5,2,9,5600,0,1,3,,1,053,"SR-118 (LOS ANGELES AVENUE)","BALCOM CANYON ROAD",1584.00,E,N,A,-,Y,,,118,,,,,,,Y,3,0,1,1,A,-,03,22350,,N,F,A,A,A,H,-,A,D,0,,,Y,,Y,,C,02,0,1,0,0,0,0,0,0,1,"- ","- ",34.269770000000001,-118.94913,VENTURA,UNINCORPORATED,-118.94913296,34.269789430000003
90207959,2016,2016-06-23,9765,2016-06-21,1430,017675,,2,2,5,5601,0,1,2,,2,504,"US-101 N/B","CAMARILLO SPRINGS RD.",200.00,N,N,A,-,Y,,,101,,,,,,N,N,4,0,1,1,A,-,08,22107,,N,E,I,A,A,H,-,A,D,0,,,,,Y,,A,01,0,0,1,0,0,0,0,0,0,"- ","- ",34.205419999999997,-118.9845,VENTURA,CAMARILLO,-118.98449007000001,34.205513170000003
90210858,2016,2016-06-28,9770,2016-06-22,1830,018659,,3,2,6,5607,0,1,2,,2,073,"US-101 S/B (VENTURA FREEWAY)","LYNN ROAD",1000.00,N,N,A,-,Y,,,101,,,,,,S,Y,3,0,5,3,A,-,03,22350,,N,C,C,A,A,H,-,A,D,0,,,,,Y,,A,01,0,2,3,0,0,0,0,0,0,"- ","- ",34.18439,-118.90215999999999,VENTURA,"THOUSAND OAKS",-118.90215999999999,34.18432902
9021280,2019,2020-02-19,5604,2019-12-12,2133,5572,,4,5,6,5604,0,0,0,,0,011,"N VENTURA RD","DEVONSHIRE DR",0.00,,Y,A,-,N,,,,,,,,,,Y,3,0,1,2,A,-,01,23153,A,F,C,C,A,A,H,-,C,A,0,,,,,Y,Y,D,22,0,1,0,0,0,0,0,0,0,"- ","- ",34.208930969238281,-119.19467163085938,VENTURA,OXNARD,-119.19464111328125,34.211509704589844
90213193,2016,2016-06-30,9765,2016-06-26,1743,017395,,7,2,5,5601,0,1,2,,2,503,"US-101 S/B TO SANTA ROSA ROAD","SANTA ROSA ROAD",310.00,N,N,A,-,Y,,,101,,,,R,,S,Y,4,0,1,1,A,-,03,22350,,N,E,I,A,A,H,-,A,D,0,,,Y,,Y,,C,02,0,0,1,0,0,0,0,0,1,"- ","- ",34.213729999999998,-119.00895,VENTURA,CAMARILLO,-119.00895,34.213729999999998
9021480,2019,2020-02-12,5604,2019-11-26,1114,5396,,2,5,6,5604,0,0,0,,0,041,"CONCORD DR","CHANNEL ISLANDS BL",25.00,S,N,A,-,N,,,,,,,,,,N,4,0,1,2,A,-,08,22107,,N,C,E,A,A,H,-,A,D,0,,Y,,,Y,,L,04,0,0,1,0,0,0,1,0,0,"- ","- ",34.173358917236328,-119.16493225097656,VENTURA,OXNARD,-119.16493225097656,34.173362731933594
9021511,2019,2020-02-11,5604,2019-11-29,1740,5415,,5,5,6,5604,0,0,0,,0,024,"WOOLEY RD","J ST",0.00,,Y,A,-,N,,,,,,,,,,Y,4,0,3,2,-,-,"- ",,,N,A,C,A,A,H,-,C,A,0,,,,,Y,,-,"- ",0,0,3,0,0,0,0,0,0,"- ","- ",34.189998626708984,-119.18950653076172,VENTURA,OXNARD,-119.18952178955078,34.190040588378906
90216173,2016,2016-07-05,9765,2016-06-30,1330,014823,,4,1,5,5601,0,1,2,,2,502,"US 101 NB","SPRINGVILLE DR",533.00,N,N,A,-,Y,,,,,,,,,,Y,4,0,1,3,A,-,03,22350,,N,C,C,A,A,H,-,A,A,0,,,,,Y,,D,22,0,0,1,0,0,0,0,0,0,"- ","- ",34.220660000000002,-119.08731,VENTURA,CAMARILLO,-119.08551,34.220489999999998
9021735,2019,2020-03-06,5604,2019-12-03,1939,5446,,2,5,6,5604,0,0,0,,0,041,"SAVIERS RD","YUCCA ST",25.00,S,N,C,-,N,,,,,,,,,,Y,4,0,1,2,A,-,03,22350,,F,C,C,A,B,B,H,C,A,0,,,,,Y,,-,,0,0,1,0,0,0,0,0,0,"- ","- ",34.165931701660156,-119.17761993408203,VENTURA,OXNARD,-119.17772674560547,34.165870666503906
90217927,2016,2016-07-07,9765,2016-07-02,1315,020302,,6,1,9,5600,0,1,3,,1,023,SR-150,"SULPHUR MOUNTAIN ROAD",200.00,E,N,A,-,Y,,,150,,,,,,,N,3,0,1,2,A,-,08,22107,,N,H,G,A,A,H,-,A,D,0,,Y,,,Y,,L,04,0,1,0,0,0,0,1,0,0,"- ","- ",34.436439999999997,-119.16049,VENTURA,UNINCORPORATED,-119.16049606999999,34.436498399999998
9021950,2019,2020-02-11,5608,2019-11-24,2126,519,,7,5,6,5608,0,0,0,,0,002,"SPINNAKER DR","HARBOR BL",1137.00,W,N,A,-,N,,,,,,,,,,Y,3,0,1,1,A,-,01,23152,A,N,F,J,A,A,H,-,C,D,0,,,,,Y,Y,D,22,0,1,0,0,0,0,0,0,0,"- ","- ",,,VENTURA,VENTURA,-119.26026916503906,34.242923736572266
9022302,2019,2020-02-14,5608,2019-12-23,1342,429,,1,5,6,5608,0,0,0,,0,003,"TELEGRAPH RD","VICTORIA AV",120.00,E,N,B,-,N,,,,,,,,,,Y,4,0,1,2,A,-,03,22350,,N,C,C,A,A,H,-,A,A,0,,,,,Y,,A,01,0,0,1,0,0,0,0,0,0,"- ","- ",,,VENTURA,VENTURA,-119.21424102783203,34.278060913085938
9022392,2019,2020-02-07,5608,2019-12-26,1734,513,VENTU,4,5,6,5608,0,0,0,,0,003,"TELEPHONE RD","CACHUMA AV",0.00,,Y,A,-,N,,,,,,,,,,Y,3,0,1,2,A,-,09,21804,A,N,D,C,A,A,H,-,C,D,0,,,,,Y,,A,01,0,1,0,0,0,0,0,0,0,"- ","- ",,,VENTURA,VENTURA,-119.16242218017578,34.277099609375
90225229,2016,2016-07-19,9765,2016-07-07,1555,020808,,4,2,9,5600,0,3,5,,2,002,"PADRE JUAN AVE.","EL ROBLAR DR.",360.00,N,N,A,-,N,,,,,,,,,,N,3,0,1,2,A,-,00,21221,,N,B,E,A,A,H,-,A,D,0,,,Y,,Y,Y,C,03,0,1,0,0,0,0,0,0,1,"- ","- ",34.44997,-119.27782000000001,VENTURA,UNINCORPORATED,-119.27816,34.44894
90235327,2016,2016-08-02,9770,2016-07-25,0215,021306,,1,3,6,5607,0,1,2,,2,072,"US-101 N/B (VENTURA FREEWAY)","VENTU PARK ROAD",100.00,S,N,A,-,Y,,,101,,,,,,N,Y,4,0,1,1,A,-,01,23152,A,N,E,I,A,A,H,-,C,D,0,,,,,Y,Y,A,01,0,0,1,0,0,0,0,0,0,"- ","- ",34.184350000000002,-118.91842,VENTURA,"THOUSAND OAKS",-118.91842051,34.18442503
90239622,2016,2016-08-08,9765,2016-07-23,1000,019057,,6,1,9,5600,0,1,3,,1,062,"SR-1 (PACIFIC COAST HWY)","THORNHILL BROOME",1056.00,S,N,A,-,Y,,,1,,,,,,,N,3,0,1,1,A,-,08,22107,,N,E,J,A,A,H,-,A,D,0,,Y,,,Y,,L,04,0,1,0,0,0,0,1,0,0,"- ","- ",34.077060000000003,-119.02449,VENTURA,UNINCORPORATED,-119.02447463999999,34.077081980000003
90240932,2016,2016-08-09,9765,2016-07-29,0755,019057,,5,1,9,5600,0,3,5,,2,003,"HARBOR BLVD","GONZALES RD",435.00,N,N,A,-,N,,,,,,,,,,Y,4,0,1,3,A,-,03,22350,,N,C,C,A,A,H,-,A,D,0,,,,,Y,,A,01,0,0,1,0,0,0,0,0,0,"- ","- ",34.219560000000001,-119.25418999999999,VENTURA,UNINCORPORATED,-119.25432771,34.219565789999997
9024104,2019,2020-02-18,5609,2019-12-20,1712,443,121,5,5,6,5609,0,0,0,,0,001,"TIERRA REJADA RD","RIDGEGATE LN",0.00,,Y,A,-,N,,,,,,,,,,N,4,0,2,2,A,-,09,21801,A,N,D,C,A,A,H,-,C,A,0,,,,,Y,,A,07,0,0,2,0,0,0,0,0,0,"- ","- ",34.527290344238281,-118.79965209960938,VENTURA,"SIMI VALLEY",-118.79975128173828,34.272880554199219
90241769,2016,2016-08-10,9765,2016-08-01,0740,015658,,1,1,6,5608,0,1,2,,1,104,"US 101 N/B (EL CAMINO REAL)","SEAWARD AVE",400.00,N,N,B,-,Y,,,,,,,,,,Y,3,0,1,1,A,-,08,22107,,N,E,I,A,A,H,-,A,D,0,,,,,Y,,A,01,0,1,0,0,0,0,0,0,0,"- ","- ",34.26735,-119.27106999999999,VENTURA,VENTURA,-119.26990642,34.26590032