CASE_ID,ACCIDENT_YEAR,PROC_DATE,JURIS,COLLISION_DATE,COLLISION_TIME,OFFICER_ID,REPORTING_DISTRICT,DAY_OF_WEEK,CHP_SHIFT,POPULATION,CNTY_CITY_LOC,SPECIAL_COND,BEAT_TYPE,CHP_BEAT_TYPE,CITY_DIVISION_LAPD,CHP_BEAT_CLASS,BEAT_NUMBER,PRIMARY_RD,SECONDARY_RD,DISTANCE,DIRECTION,INTERSECTION,WEATHER_1,WEATHER_2,STATE_HWY_IND,CALTRANS_COUNTY,CALTRANS_DISTRICT,STATE_ROUTE,ROUTE_SUFFIX,POSTMILE_PREFIX,POSTMILE,LOCATION_TYPE,RAMP_INTERSECTION,SIDE_OF_HWY,TOW_AWAY,COLLISION_SEVERITY,NUMBER_KILLED,NUMBER_INJURED,PARTY_COUNT,PRIMARY_COLL_FACTOR,PCF_CODE_OF_VIOL,PCF_VIOL_CATEGORY,PCF_VIOLATION,PCF_VIOL_SUBSECTION,HIT_AND_RUN,TYPE_OF_COLLISION,MVIW,PED_ACTION,ROAD_SURFACE,ROAD_COND_1,ROAD_COND_2,LIGHTING,CONTROL_DEVICE,CHP_ROAD_TYPE,PEDESTRIAN_ACCIDENT,BICYCLE_ACCIDENT,MOTORCYCLE_ACCIDENT,TRUCK_ACCIDENT,NOT_PRIVATE_PROPERTY,ALCOHOL_INVOLVED,STWD_VEHTYPE_AT_FAULT,CHP_VEHTYPE_AT_FAULT,COUNT_SEVERE_INJ,COUNT_VISIBLE_INJ,COUNT_COMPLAINT_PAIN,COUNT_PED_KILLED,COUNT_PED_INJURED,COUNT_BICYCLIST_KILLED,COUNT_BICYCLIST_INJURED,COUNT_MC_KILLED,COUNT_MC_INJURED,PRIMARY_RAMP,SECONDARY_RAMP,LATITUDE,LONGITUDE,COUNTY,CITY,POINT_X,POINT_Y
90645616,2018,2018-01-23,9765,2018-01-22,1530,013206,,1,2,4,5606,0,1,3,,2,041,"SR-126 W/B","PALM AVENUE",1000.00,W,N,A,-,Y,,,126,,,,,,W,Y,3,0,1,1,A,-,08,22107,,N,F,A,A,A,H,-,A,D,0,,,,,Y,,A,08,0,1,0,0,0,0,0,0,0,"- ","- ",34.342498779296875,-119.07373046875,VENTURA,"SANTA PAULA",-119.07377624511719,34.342575073242188
90652290,2018,2018-01-31,9770,2018-01-26,0935,018572,,5,1,4,5690,0,1,3,,2,085,"SR-23 S/B TO TIERRA REJADA ROAD","TIERRA REJADA ROAD",30.00,N,N,A,-,Y,,,23,,,,R,,S,N,4,0,2,2,A,-,03,22350,,N,C,C,A,A,H,-,A,A,0,,,,,Y,,A,01,0,0,2,0,0,0,0,0,0,"- ","- ",34.267299652099609,-118.85006713867188,VENTURA,MOORPARK,-118.85006713867188,34.267299652099609
90652670,2018,2018-02-01,9765,2018-01-12,1740,019827,,5,2,9,5600,0,1,3,,1,012,SR-1,"A LEASE CANYON ROAD",1056.00,N,N,A,-,Y,,,1,,,,,,,N,2,0,1,2,A,-,08,22107,,F,H,G,A,A,H,-,D,D,0,,Y,,,Y,Y,A,01,1,0,0,0,0,0,1,0,0,"- ","- ",34.31890869140625,-119.36846923828125,VENTURA,UNINCORPORATED,-119.36845397949219,34.318935394287109
9066026,2020,2020-11-20,5608,2020-04-19,2233,499,,7,5,6,5608,0,0,0,,0,004,"VICTORIA AV","VALENTINE RD",225.00,S,N,A,-,Y,VEN,7,101,-,R,24.509,R,4,S,Y,3,0,1,2,A,-,03,22350,,N,D,J,A,A,C,-,C,A,0,,,,,Y,,D,22,0,1,0,0,0,0,0,0,0,"- ","- ",,,VENTURA,VENTURA,-119.20904541015625,34.251194000244141
9066247,2020,2020-07-29,5600,2020-04-23,1721,4973,8215,4,5,5,5601,0,0,0,,0,8D01,"SANTA ROSA RD","ADOBE WY",0.00,,Y,A,-,N,,,,,,,,,,N,4,0,2,2,A,-,09,21801,A,N,D,C,A,-,H,-,A,A,0,,,,,Y,,A,01,0,0,2,0,0,0,0,0,0,"- ","- ",34.227569580078125,-119.98316192626953,VENTURA,CAMARILLO,-118.98300933837891,34.2276611328125
9066581,2020,2020-11-16,5608,2020-05-03,1743,499,148,7,5,6,5608,0,0,0,,0,003,"WELLS RD","TELEPHONE RD",0.00,,Y,A,-,N,,,,,,,,,,Y,4,0,1,3,A,-,12,21453,A,N,B,C,A,A,H,-,A,A,0,,,,,Y,,-,,0,0,1,0,0,0,0,0,0,"- ","- ",,,VENTURA,VENTURA,-119.15120697021484,34.283748626708984
9066603,2020,2020-08-07,5600,2020-04-28,1440,4221,9028,2,5,6,5607,0,0,0,,0,9B01,"AVENIDA DE LOS ARBOLES","OAK BROOK DR",0.00,,Y,A,-,N,,,,,,,,,,Y,4,0,1,2,A,-,12,21453,A,N,D,C,A,A,H,-,A,A,0,,,,,Y,,A,01,0,0,1,0,0,0,0,0,0,"- ","- ",34.211360931396484,-118.84513854980469,VENTURA,"THOUSAND OAKS",-118.84523773193359,34.211441040039062
90670680,2018,2018-02-27,9765,2018-02-14,1850,019827,,3,2,6,5604,0,1,2,,2,301,"US-101 S/B","SR-232 (VINEYARD AVENUE)",1056.00,N,N,A,-,Y,,,101,,,,,,S,N,2,0,1,2,A,-,07,21658,A,N,B,C,A,A,H,-,C,D,0,,,Y,,Y,,A,01,1,0,0,0,0,0,0,0,1,"- ","- ",34.234401702880859,-119.17530059814453,VENTURA,OXNARD,-119.1754150390625,34.234294891357422
9067285,2020,2020-03-24,5608,2020-02-27,1748,443,VENTU,4,5,6,5608,0,0,0,,0,003,"SATICOY AV","TELEPHONE RD",0.00,,Y,A,-,N,,,,,,,,,,N,3,0,1,2,A,-,10,21950,,N,G,B,B,A,H,-,C,A,0,Y,,,,Y,,-,,0,1,0,0,1,0,0,0,0,"- ","- ",,,VENTURA,VENTURA,-119.15834045410156,34.279510498046875
9067289,2020,2020-07-09,5608,2020-02-20,0744,322,,4,5,6,5608,0,0,0,,0,004,"BRISTOL RD","JOHNSON DR",109.00,E,N,A,-,N,,,,,,,,,,Y,3,0,2,2,A,-,03,22350,,N,B,C,A,-,H,-,A,A,0,,,,,Y,,-,,0,1,1,0,0,0,0,0,0,"- ","- ",,,VENTURA,VENTURA,-119.19725036621094,34.254631042480469
90676296,2018,2018-03-06,9770,2018-02-27,0910,016383,,2,1,9,5600,0,2,4,,2,078,"WENDY DRIVE","GERALD DRIVE",0.00,,Y,A,-,N,,,,,,,,,,Y,4,0,1,2,A,-,12,21453,A,N,D,C,A,A,H,-,A,A,0,,,,,Y,,A,01,0,0,1,0,0,0,0,0,0,"- ","- ",34.183238983154297,-118.94447326660156,VENTURA,UNINCORPORATED,-118.94435119628906,34.183181762695312
9067667,2020,2020-05-18,5604,2020-02-21,1509,5422,,5,5,6,5604,0,0,0,,0,021,"HARBOR BL","OCEANAIRE ST",0.00,,Y,A,-,N,,,,,,,,,,Y,3,0,1,2,A,-,08,22107,,N,D,C,A,A,H,-,A,D,0,,,,,Y,,D,22,0,1,0,0,0,0,0,0,0,"- ","- ",34.184791564941406,-119.23561859130859,VENTURA,OXNARD,-119.23562622070312,34.184799194335938
90679985,2018,2018-03-12,9770,2018-03-02,1015,018659,,5,1,9,5600,0,1,3,,1,057,"SR-23 (GRIMES CANYON ROAD)","BARDSDALE AVENUE",2.00,S,N,B,C,Y,,,23,,,,,,,Y,4,0,1,2,A,-,05,21460,A,N,B,C,A,B,H,-,A,D,0,,,,Y,Y,,A,01,0,0,1,0,0,0,0,0,0,"- ","- ",34.371578216552734,-118.91950225830078,VENTURA,UNINCORPORATED,-118.91951751708984,34.371658325195312
90681238,2017,2018-03-13,9765,2017-12-20,0300,016234,,3,3,5,5601,0,1,2,,2,504,"US-101 N/B  (VENTURA FREEWAY)","CAMARILLO SPRINGS ROAD",2640.00,N,N,A,-,Y,,,101,,,,,,N,Y,1,1,1,1,A,-,08,22107,,N,E,I,A,A,H,-,D,D,0,,,,,Y,Y,A,01,1,0,0,0,0,0,0,0,0,"- ","- ",34.207569999999997,-118.99173999999999,VENTURA,CAMARILLO,-118.99180870000001,34.20749678
90681307,2018,2018-03-27,9765,2018-03-03,0530,018019,,6,3,6,5608,0,1,3,,2,011,"SR-33 S/B (OJAI FREEWAY)","STANLEY AVENUE",168.00,S,N,B,C,Y,,,33,,,,,,S,Y,1,1,0,1,A,-,08,22107,,N,E,I,A,B,H,-,D,D,0,,,,,Y,,A,01,0,0,0,0,0,0,0,0,0,"- ","- ",34.300540924072266,-119.30196380615234,VENTURA,VENTURA,-119.30206298828125,34.30059814453125
90681792,2018,2018-03-14,9765,2018-03-06,0130,014736,,2,3,9,5600,0,1,3,,2,011,"SR 33 S/B (OJAI FREEWAY)","CANADA LARGA ROAD",2640.00,S,N,A,-,Y,,,33,,,,,,S,Y,3,0,1,1,A,-,08,22107,,N,E,I,A,A,C,-,D,D,0,,,,,Y,,A,01,0,1,0,0,0,0,0,0,0,"- ","- ",34.333950042724609,-119.29280090332031,VENTURA,UNINCORPORATED,-119.29273986816406,34.333950042724609
90683046,2018,2018-03-15,9770,2018-03-13,0915,014675,,2,1,6,5609,0,1,3,,2,083,"SR-118 E/B (RONALD REAGAN FREEWAY)","ERRINGER ROAD",600.00,W,N,B,C,Y,,,118,,,,,,E,Y,4,0,1,2,A,-,03,22350,,N,C,C,A,B,H,-,A,D,0,,,,,Y,,A,07,0,0,1,0,0,0,0,0,0,"- ","- ",34.282279968261719,-118.76735687255859,VENTURA,"SIMI VALLEY",-118.76735687255859,34.282127380371094
90683775,2018,2018-03-16,9765,2018-03-06,1810,017253,,2,2,9,5600,0,3,5,,2,004,"OLD TELEGRAPH ROAD","7TH STREET",1584.00,E,N,A,-,N,,,,,,,,,,N,3,0,1,3,A,-,03,22350,,N,C,C,A,A,H,-,D,D,0,,,,,Y,,A,01,0,1,0,0,0,0,0,0,0,"- ","- ",34.40325927734375,-118.94692993164062,VENTURA,UNINCORPORATED,-118.94705200195312,34.402950286865234
90686053,2018,2018-03-20,9770,2018-03-15,0035,018885,,4,3,6,5607,0,1,2,,2,075,"US-101 S/B (VENTURA FREEWAY)","CONEJO SCHOOL ROAD",528.00,N,N,B,C,Y,,,101,,,,,,S,Y,4,0,1,1,A,-,08,22107,,N,E,I,A,B,H,-,D,D,0,,,,,Y,,A,01,0,0,1,0,0,0,0,0,0,"- ","- ",34.172210693359375,-118.84709167480469,VENTURA,"THOUSAND OAKS",-118.84716033935547,34.172100067138672
90691352,2018,2018-03-28,9765,2018-03-25,0600,016234,,7,1,9,5600,0,3,5,,2,006,"HUENEME ROAD","ARNOLD ROAD",60.00,W,N,A,-,N,,,,,,,,,,Y,3,0,1,2,A,-,08,22107,,N,A,C,A,A,H,-,D,D,0,,,,Y,Y,,A,07,0,1,0,0,0,0,0,0,0,"- ","- ",34.147350311279297,-119.15373229980469,VENTURA,UNINCORPORATED,-119.15359497070312,34.147281646728516
90692314,2018,2018-03-29,9770,2018-03-22,0835,014675,,4,1,6,5609,0,1,3,,2,082,"SR-118 W/B (RONALD REAGAN FREEWAY)","STEARNS STREET",1056.00,E,N,B,C,Y,,,118,,,,,,W,N,4,0,1,1,A,-,03,22350,,N,E,I,A,B,H,-,A,D,0,,,,,Y,,A,01,0,0,1,0,0,0,0,0,0,"- ","- ",34.281608581542969,-118.68608856201172,VENTURA,"SIMI VALLEY",-118.68608856201172,34.28173828125
9069281,2020,2020-08-11,5608,2020-05-05,2221,520,,2,5,6,5608,0,0,0,,0,003,"VIA BAJA","VIA ARROYO",96.00,W,N,A,-,N,,,,,,,,,,Y,3,0,1,1,A,-,08,22107,,N,E,I,A,A,H,-,D,D,0,,,,,Y,,A,07,0,1,0,0,0,0,0,0,0,"- ","- ",,,VENTURA,VENTURA,-119.20648193359375,34.287956237792969
90696814,2018,2018-04-02,9765,2018-03-25,1649,020708,,7,2,6,5608,0,1,2,,2,103,"US-101 S/B","FIGUEROA STREET",500.00,S,N,A,-,Y,,,101,,,,,,S,Y,4,0,2,3,A,-,03,22350,,N,C,C,A,A,H,-,A,D,0,,,,,Y,,D,22,0,0,2,0,0,0,0,0,0,"- ","- ",34.277339935302734,-119.2957763671875,VENTURA,VENTURA,-119.2957763671875,34.277355194091797
90696930,2018,2018-04-02,9770,2018-03-21,1650,020169,,3,2,6,5609,0,1,3,,2,082,"SR-118 W/B (RONALD REAGAN FREEWAY)","TAPO CANYON ROAD",690.00,E,N,B,-,Y,,,118,,,,,,W,Y,4,0,1,3,A,-,03,22350,,N,C,C,A,A,H,-,A,D,0,,,,,Y,,A,01,0,0,1,0,0,0,0,0,0,"- ","- ",34.281791687011719,-118.71560668945312,VENTURA,"SIMI VALLEY",-118.71560668945312,34.281822204589844
90697035,2018,2018-09-18,9765,2018-03-22,0200,013206,,4,3,9,5600,0,1,3,,2,040,"SR-126 E/B","CLOW ROAD",750.00,W,N,B,-,Y,,,126,,,,,,E,Y,1,1,0,1,A,-,01,23152,A,N,E,I,A,B,H,-,D,D,0,,,,,Y,Y,A,01,0,0,0,0,0,0,0,0,0,"- ","- ",34.325199127197266,-119.09638214111328,VENTURA,UNINCORPORATED,-119.09642028808594,34.32525634765625
90698016,2018,2018-04-04,9770,2018-03-22,1450,019930,,4,2,6,5607,0,1,2,,2,074,"US-101 N/B (VENTURA FREEWAY)","HAMPSHIRE ROAD",3432.00,N,N,B,C,Y,,,101,,,,,,N,Y,2,0,1,1,A,-,03,22350,,N,E,I,A,B,H,-,A,D,0,,,,,Y,,A,01,1,0,0,0,0,0,0,0,0,"- ","- ",34.172130584716797,-118.84654235839844,VENTURA,"THOUSAND OAKS",-118.84661865234375,34.172019958496094
90698763,2018,2018-04-04,9770,2018-03-29,0725,014675,,4,1,4,5690,0,1,3,,2,080,"SR-118 W/B (RONALD REAGAN FREEWAY)","COLLINS DRIVE",2112.00,E,N,A,-,Y,,,118,,,,,,W,Y,4,0,1,2,A,-,03,22350,,N,C,C,A,A,H,-,A,D,0,,,,,Y,,A,01,0,0,1,0,0,0,0,0,0,"- ","- ",34.292430877685547,-118.83171081542969,VENTURA,MOORPARK,-118.83170318603516,34.292503356933594
90700164,2018,2018-04-06,9430,2018-03-27,1355,020304,,2,1,9,5600,0,1,3,,1,030,"STATE ROUTE 33","BURGES CREEK",500.00,N,N,A,-,Y,,,,,,,,,,Y,2,0,1,1,A,-,03,22350,,N,F,A,A,A,H,-,A,D,0,,,Y,,Y,,C,02,1,0,0,0,0,0,0,0,1,"- ","- ",34.443149566650391,-119.24169158935547,VENTURA,UNINCORPORATED,,
90708458,2018,2018-04-18,9770,2018-04-10,2100,016561,,2,2,6,5607,0,1,2,,2,070,"US-101 N/B (VENTURA FREEWAY)","CONEJO INSPECTION FACILITY",1584.00,N,N,B,-,Y,,,101,,,,,,N,Y,3,0,1,3,A,-,08,22107,,N,C,C,A,A,H,-,C,D,0,,,,,Y,,A,01,0,1,0,0,0,0,0,0,0,"- ","- ",34.200260162353516,-118.96074676513672,VENTURA,"THOUSAND OAKS",-118.96075439453125,34.200325012207031
90710451,2018,2018-04-23,9765,2018-04-11,1643,017469,,3,2,6,5608,0,1,2,,2,301,"US-101 S/B","VICTORIA AVENUE",300.00,S,N,A,-,Y,,,101,,,,,,S,N,4,0,1,2,A,-,03,22350,,N,C,C,A,A,H,-,A,D,0,,,,,Y,,A,01,0,0,1,0,0,0,0,0,0,"- ","- ",34.2518310546875,-119.21013641357422,VENTURA,VENTURA,-119.21012878417969,34.251850128173828
90717862,2018,2018-05-02,9765,2018-04-22,1105,020497,,7,1,9,5600,0,1,3,,1,020,SR-33,"LARMIER AVENUE",0.00,,Y,A,-,Y,,,33,,,,,,,Y,4,0,4,2,A,-,12,21453,A,N,D,C,A,A,H,-,A,A,0,,,,,Y,,A,07,0,0,4,0,0,0,0,0,0,"- ","- ",34.392539978027344,-119.30133819580078,VENTURA,UNINCORPORATED,-119.30136871337891,34.392551422119141
90718530,2018,2018-05-02,9765,2018-04-22,1457,019277,,7,2,6,5608,0,1,2,,2,103,"US-101 S/B (VENTURA FREEWAY)","VENTURA RIVER",100.00,N,N,A,-,Y,,,101,,,,,,S,N,3,0,2,2,A,-,03,22350,,N,C,C,A,A,H,-,A,D,0,,,Y,,Y,,C,02,0,2,0,0,0,0,0,0,2,"- ","- ",34.279331207275391,-119.30744934082031,VENTURA,VENTURA,-119.30744171142578,34.27935791015625
90720973,2018,2018-05-07,9765,2018-04-27,1740,017253,,5,2,6,5608,0,1,2,,2,301,"US-101 S/B","SEAWARD AVENUE",3696.00,S,N,A,-,Y,,,101,,,,,,S,Y,3,0,1,3,A,-,03,22350,,N,C,C,A,A,H,-,A,D,0,,,,,Y,,A,07,0,1,0,0,0,0,0,0,0,"- ","- ",34.260059356689453,-119.25791168212891,VENTURA,VENTURA,-119.25789642333984,34.260101318359375
90721040,2018,2018-05-07,9765,2018-04-27,1655,016420,,5,2,9,5600,0,3,5,,2,003,"HARBOR BLVD.","MCGRATH STATE BEACH",2112.00,N,N,A,-,N,,,,,,,,,,Y,4,0,1,4,A,-,03,22350,,N,C,C,A,A,H,-,A,D,0,,,,,Y,,A,07,0,0,1,0,0,0,0,0,0,"- ","- ",34.232749938964844,-119.24639892578125,VENTURA,UNINCORPORATED,,
90721899,2018,2018-05-08,9765,2018-05-01,1603,017469,,2,2,9,5600,0,3,5,,2,004,"OLD TELEGRAPH ROAD","CLIFF AVENUE",395.00,W,N,B,C,N,,,,,,,,,,Y,4,0,1,1,A,-,08,22107,,N,E,I,A,B,H,-,A,D,0,,,,,Y,,A,01,0,0,1,0,0,0,0,0,0,"- ","- ",34.408309936523438,-118.9404296875,VENTURA,UNINCORPORATED,-118.94035339355469,34.408309936523438
90723287,2018,2018-05-09,9430,2018-05-04,1340,016825,,5,1,9,5600,0,3,5,,2,003,"SR-33 S/B","LOCKWOOD VALLEY ROAD",7920.00,N,N,A,-,N,,,33,,,,,,S,Y,3,0,1,1,A,-,03,22350,,N,F,A,A,A,H,-,A,D,0,,,Y,,Y,,C,02,0,1,0,0,0,0,0,0,1,"- ","- ",34.699710845947266,-119.37418365478516,VENTURA,UNINCORPORATED,-119.37415313720703,34.699737548828125
90732268,2018,2018-05-23,9765,2018-05-15,1618,017469,,2,2,9,5600,0,1,3,,2,010,"SR-33 N/B","CANADA LARGA ROAD",1200.00,S,N,A,-,Y,,,33,,,,,,N,N,3,0,1,2,A,-,11,21956,,N,G,B,D,A,A,-,A,A,0,Y,,,,Y,Y,N,60,0,1,0,0,1,0,0,0,0,"- ","- ",34.338161468505859,-119.29245758056641,VENTURA,UNINCORPORATED,-119.29249572753906,34.338161468505859
90735771,2018,2018-05-29,9765,2018-05-19,0450,020850,,6,3,9,5600,0,3,5,,2,005,"SANTA CLARA AVENUE","WRIGHT ROAD",0.00,,Y,A,-,N,,,,,,,,,,Y,2,0,1,2,A,-,03,22350,,N,D,C,A,A,H,-,C,A,0,,,,Y,Y,,A,01,1,0,0,0,0,0,0,0,0,"- ","- ",34.251720428466797,-119.11325836181641,VENTURA,UNINCORPORATED,-119.11325836181641,34.251670837402344
90740723,2018,2018-06-04,9770,2018-05-26,1535,020832,,6,2,9,5600,0,2,4,,1,031,"SANTA ROSA ROAD","HILLTOP LANE",3854.00,E,N,A,-,N,,,,,,,,,,Y,4,0,1,2,A,-,09,21801,A,N,D,C,A,A,H,-,A,D,0,,,,,Y,,A,07,0,0,1,0,0,0,0,0,0,"- ","- ",34.236129760742188,-118.94994354248047,VENTURA,UNINCORPORATED,-118.95009613037109,34.236179351806641
9074307,2020,2020-07-17,5600,2020-03-23,1333,5007,9046,1,5,6,5607,0,0,0,,0,9A01,"LYNN RD","JANSS RD",60.00,N,N,B,-,N,,,,,,,,,,Y,3,0,1,2,A,-,09,21453,B,N,B,C,A,A,H,-,A,A,0,,,,,Y,,A,07,0,1,0,0,0,0,0,0,0,"- ","- ",34.206100463867188,-118.88638305664062,VENTURA,"THOUSAND OAKS",-118.88642120361328,34.206222534179688
90745202,2018,2018-06-11,9765,2018-06-03,0010,020912,,7,3,9,5600,0,1,3,,1,022,SR-150,"SANTA BARBARA COUNTY LINE",13200.00,E,N,A,-,Y,,,150,,,,,,,Y,3,0,1,1,A,-,03,22350,,N,E,I,A,A,H,-,D,D,0,,,,,Y,,A,01,0,1,0,0,0,0,0,0,0,"- ","- ",34.389080047607422,-119.41459655761719,VENTURA,UNINCORPORATED,-119.41459655761719,34.389125823974609
90745363,2018,2018-06-11,9765,2018-06-06,1758,017469,,3,2,9,5600,0,3,5,,2,004,"BRIGGS ROAD","SANTA PAULA STREET",0.00,,Y,A,-,N,,,,,,,,,,N,4,0,1,2,A,-,09,21802,A,N,D,C,A,A,H,-,A,A,0,,,,,Y,,A,01,0,0,1,0,0,0,0,0,0,"- ","- ",34.333671569824219,-119.1109619140625,VENTURA,UNINCORPORATED,-119.11087036132812,34.333660125732422
90747895,2018,2018-06-14,9765,2018-06-13,0024,018583,,3,3,9,5600,0,1,2,,2,103,"US-101 S/B","SR-33 S/B",3696.00,N,N,B,-,Y,,,101,,,,,,S,N,4,0,1,2,A,-,08,22107,,N,B,C,A,A,H,-,D,D,0,,,,,Y,,A,07,0,0,1,0,0,0,0,0,0,"- ","- ",34.282928466796875,-119.31774139404297,VENTURA,UNINCORPORATED,-119.31773376464844,34.282939910888672
90750095,2018,2018-06-18,9770,2018-06-13,1750,018885,,3,2,9,5600,0,3,5,,2,005,"DONLON ROAD","KINGSGROVE DRIVE",528.00,S,N,A,-,N,,,,,,,,,,Y,3,0,4,2,A,-,09,21801,A,N,A,C,A,A,H,-,A,D,0,,,,,Y,,D,22,0,3,1,0,0,0,0,0,0,"- ","- ",34.277111053466797,-118.99292755126953,VENTURA,UNINCORPORATED,-118.99276733398438,34.277233123779297
90750676,2018,2018-06-19,9765,2018-06-14,1813,016592,,4,2,6,5604,0,1,2,,2,501,"US-101 S/B","ROSE AVENUE",502.00,S,N,A,-,Y,,,,,,,,,,Y,3,0,2,1,A,-,08,22107,,N,E,I,A,A,H,-,A,D,0,,,,,Y,,A,01,0,1,1,0,0,0,0,0,0,"- ","- ",34.222469329833984,-119.156982421875,VENTURA,OXNARD,-119.15718078613281,34.224651336669922
90751328,2018,2018-06-19,9765,2018-03-09,1115,013206,,5,1,9,5600,0,1,3,,1,046,"SR-118 (LOS ANGELES AVENUE)","COUNTY DRIVE",1345.00,E,N,A,-,Y,,,118,,,,,,,Y,1,1,2,3,A,-,03,22350,,N,C,C,A,A,H,-,A,D,0,,,,Y,Y,,A,01,2,0,0,0,0,0,0,0,0,"- ","- ",34.278369903564453,-119.14127349853516,VENTURA,UNINCORPORATED,-119.14128112792969,34.278354644775391
90751595,2018,2018-06-20,9765,2018-06-18,1630,019988,,1,2,9,5600,0,1,3,,1,068,SR-34,"LAS POSAS ROAD",100.00,W,N,A,-,Y,,,,,,,,,,N,4,0,1,3,A,-,03,22350,,N,C,C,A,A,H,-,A,A,0,,,,,Y,,A,01,0,0,1,0,0,0,0,0,0,"- ","- ",34.114601135253906,-119.04119873046875,VENTURA,UNINCORPORATED,,
90752598,2018,2018-06-21,9765,2018-06-13,1630,016420,,3,2,9,5600,0,3,5,,2,006,"PLEASANT VALLEY ROAD","AIRPORT WAY",610.00,W,N,A,-,N,,,,,,,,,,Y,4,0,2,3,A,-,03,22350,,N,C,C,A,A,H,-,A,D,0,,,,,Y,,D,22,0,0,2,0,0,0,0,0,0,"- ","- ",34.205711364746094,-119.07845306396484,VENTURA,UNINCORPORATED,-119.07834625244141,34.205638885498047
90753074,2018,2018-06-21,9770,2018-06-18,1250,017435,,1,1,6,5609,0,1,3,,2,083,"SR-118 E/B TO TAPO CANYON ROAD","TAPO CANYON ROAD",10.00,W,N,A,-,Y,,,118,,,,R,,E,N,4,0,1,2,A,-,10,21950,A,N,G,B,B,A,H,-,A,A,0,Y,,,,Y,,A,01,0,0,1,0,1,0,0,0,0,"- ","- ",34.280670166015625,-118.71797180175781,VENTURA,"SIMI VALLEY",-118.71797180175781,34.280670166015625
90760475,2018,2018-07-02,9770,2018-06-21,0215,014454,,4,3,6,5607,0,1,2,,2,074,"US-101 N/B (VENTURA FREEWAY)","WESTLAKE BOULEVARD",665.00,S,N,A,-,Y,,,101,,,,,,N,Y,2,0,2,1,A,-,01,23152,A,N,E,I,A,A,H,-,C,D,0,,,,,Y,Y,A,01,1,0,1,0,0,0,0,0,0,"- ","- ",34.156650543212891,-118.82299041748047,VENTURA,"THOUSAND OAKS",-118.82312774658203,34.156444549560547
90762249,2018,2018-07-03,9770,2018-06-28,1250,014675,,4,1,6,5609,0,1,3,,2,081,"SR-118 E/B (RONALD REAGAN FREEWAY)","ALAMOS CANYON ROAD",985.00,W,N,A,-,Y,,,118,,,,,,E,Y,3,0,2,3,A,-,03,22350,,N,C,C,A,A,H,-,A,D,0,,,,Y,Y,,A,01,0,1,1,0,0,0,0,0,0,"- ","- ",34.291080474853516,-118.81400299072266,VENTURA,"SIMI VALLEY",-118.81400299072266,34.290985107421875
9076302,2019,2020-05-13,5604,2019-11-13,1723,4577,,3,5,6,5604,0,0,0,,0,031,"N OXNARD BL","N GLENWOOD DR",0.00,,Y,A,-,N,,,,,,,,,,Y,4,0,1,2,A,-,03,22350,,N,C,C,A,A,H,-,C,D,0,,,,,Y,,A,07,0,0,1,0,0,0,0,0,0,"- ","- ",,,VENTURA,OXNARD,-119.17748260498047,34.214340209960938
9076307,2019,2020-05-13,5604,2019-12-28,1423,5431,,6,5,6,5604,0,0,0,,0,014,"VINEYARD AV","ESPLANADE AV",75.00,N,N,A,-,N,,,,,,,,,,Y,4,0,2,2,A,-,03,22350,,N,C,C,A,A,H,-,A,A,0,,,,,Y,,A,01,0,0,2,0,0,0,0,0,0,"- ","- ",34.229999542236328,-119.17465209960938,VENTURA,OXNARD,-119.17452239990234,34.230171203613281
90763399,2018,2018-07-05,9765,2018-07-01,1510,020585,,7,2,6,5604,0,1,2,,2,501,"US-101 S/B","ROSE AVE.",75.00,N,N,A,-,Y,,,101,,,,,,S,Y,3,0,1,3,A,-,03,22350,,N,C,C,A,A,H,-,A,D,0,,,,,Y,,A,07,0,1,0,0,0,0,0,0,0,"- ","- ",34.226028442382812,-119.16177368164062,VENTURA,OXNARD,-119.16181182861328,34.225841522216797
90765143,2018,2018-07-09,9770,2018-06-29,1635,018942,,5,2,6,5609,0,1,3,,2,083,"SR-118 E/B (RONALD REAGAN FREEWAY)","FIRST STREET",1056.00,E,N,A,-,Y,,,118,,,,,,E,N,3,0,1,1,A,-,03,22350,,N,F,A,A,A,H,-,A,D,0,,,Y,,Y,,C,02,0,1,0,0,0,0,0,0,1,"- ","- ",34.282089233398438,-118.77239990234375,VENTURA,"SIMI VALLEY",-118.77239990234375,34.282119750976562
90772199,2018,2018-07-18,9765,2018-07-07,1630,020708,,6,2,9,5600,0,1,3,,1,021,SR-33,"ROSE VALLEY ROAD",15840.00,N,N,A,-,N,,,33,,,,,,,Y,3,0,2,1,A,-,03,22350,,N,E,I,A,A,H,-,A,D,0,,,,,Y,,D,22,0,2,0,0,0,0,0,0,0,"- ","- ",34.555709838867188,-119.2593994140625,VENTURA,UNINCORPORATED,-119.25940704345703,34.555736541748047