CASE_ID,ACCIDENT_YEAR,PROC_DATE,JURIS,COLLISION_DATE,COLLISION_TIME,OFFICER_ID,REPORTING_DISTRICT,DAY_OF_WEEK,CHP_SHIFT,POPULATION,CNTY_CITY_LOC,SPECIAL_COND,BEAT_TYPE,CHP_BEAT_TYPE,CITY_DIVISION_LAPD,CHP_BEAT_CLASS,BEAT_NUMBER,PRIMARY_RD,SECONDARY_RD,DISTANCE,DIRECTION,INTERSECTION,WEATHER_1,WEATHER_2,STATE_HWY_IND,CALTRANS_COUNTY,CALTRANS_DISTRICT,STATE_ROUTE,ROUTE_SUFFIX,POSTMILE_PREFIX,POSTMILE,LOCATION_TYPE,RAMP_INTERSECTION,SIDE_OF_HWY,TOW_AWAY,COLLISION_SEVERITY,NUMBER_KILLED,NUMBER_INJURED,PARTY_COUNT,PRIMARY_COLL_FACTOR,PCF_CODE_OF_VIOL,PCF_VIOL_CATEGORY,PCF_VIOLATION,PCF_VIOL_SUBSECTION,HIT_AND_RUN,TYPE_OF_COLLISION,MVIW,PED_ACTION,ROAD_SURFACE,ROAD_COND_1,ROAD_COND_2,LIGHTING,CONTROL_DEVICE,CHP_ROAD_TYPE,PEDESTRIAN_ACCIDENT,BICYCLE_ACCIDENT,MOTORCYCLE_ACCIDENT,TRUCK_ACCIDENT,NOT_PRIVATE_PROPERTY,ALCOHOL_INVOLVED,STWD_VEHTYPE_AT_FAULT,CHP_VEHTYPE_AT_FAULT,COUNT_SEVERE_INJ,COUNT_VISIBLE_INJ,COUNT_COMPLAINT_PAIN,COUNT_PED_KILLED,COUNT_PED_INJURED,COUNT_BICYCLIST_KILLED,COUNT_BICYCLIST_INJURED,COUNT_MC_KILLED,COUNT_MC_INJURED,PRIMARY_RAMP,SECONDARY_RAMP,LATITUDE,LONGITUDE,COUNTY,CITY,POINT_X,POINT_Y
91487371,2021,2021-06-02,9765,2021-05-15,2150,022272,,6,2,6,5608,0,1,2,,2,302,"US-101 NORTHBOUND","SEAWARD AVENUE OVER CROSSING",5808.00,S,N,B,-,Y,,,101,,,,,,N,Y,3,0,1,1,A,-,01,23152,F,N,E,I,A,A,H,-,D,D,0,,,,,Y,,D,22,0,1,0,0,0,0,0,0,0,"- ","- ",34.259201049804688,-119.25193023681641,VENTURA,VENTURA,-119.25194549560547,34.259265899658203
91489488,2021,2021-06-04,9765,2021-05-26,1250,019884,,3,1,6,5608,0,1,3,,1,031,SR126,"E. MAIN STREET U/C",100.00,E,N,A,-,Y,,,,,,,,,,Y,3,0,1,1,A,-,08,22107,,N,E,8,A,A,H,-,A,D,0,,,,,Y,,A,01,0,1,0,0,0,0,0,0,0,"- ","- ",34.265880584716797,-119.23944854736328,VENTURA,VENTURA,-119.24283599853516,34.264209747314453
91494146,2021,2021-06-10,9765,2021-05-30,2052,020334,,7,2,5,5601,0,1,2,,2,501,"US 101 SOUTHBOUND (VENTURA FREEWAY)","CAMARILLO SPRINGS ROAD",1500.00,N,N,A,-,Y,,,,,,,,,,Y,3,0,2,1,A,-,08,22107,,N,E,I,A,A,H,-,D,D,0,,,,,Y,,A,07,0,2,0,0,0,0,0,0,0,"- ","- ",34.207931518554688,-118.99285125732422,VENTURA,CAMARILLO,-118.98857116699219,34.205345153808594
91498838,2021,2021-06-16,9770,2021-06-11,1950,016383,,5,2,6,5607,0,1,2,,2,075,"US-101 S/B (VENTURA FREEWAY)","LAKEVIEW CANYON ROAD",10.00,N,N,A,-,Y,,,101,,,,,,S,Y,4,0,1,1,A,-,01,23152,A,N,E,I,A,A,H,-,D,A,0,,,,,Y,Y,D,22,0,0,1,0,0,0,0,0,0,"- ","- ",34.153270721435547,-118.81804656982422,VENTURA,"THOUSAND OAKS",-118.81804656982422,34.153270721435547
91500733,2021,2021-06-18,9765,2021-06-17,1150,016234,,4,1,6,5604,0,1,2,,2,501,"US-101 S/B",SR-232,1000.00,S,N,A,-,Y,,,101,,,,,,S,Y,3,0,1,2,A,-,03,22350,,N,C,C,A,A,H,-,A,A,0,,,Y,,Y,,C,02,0,1,0,0,0,0,0,0,1,"- ","- ",34.229118347167969,-119.17092132568359,VENTURA,OXNARD,-119.17092132568359,34.229118347167969
91501728,2021,2021-06-21,9765,2021-06-13,1605,022464,,7,2,9,5600,0,1,2,,1,104,"US-101 N/B","HOBSON ROAD",528.00,N,N,A,-,Y,,,101,,,,,,N,Y,4,0,2,2,A,-,03,22350,,N,C,C,A,A,H,-,A,D,0,,,,,Y,,D,22,0,0,2,0,0,0,0,0,0,"- ","- ",34.343490600585938,-119.41693878173828,VENTURA,UNINCORPORATED,-119.41693878173828,34.343494415283203
9150296,2020,2020-10-21,5608,2020-08-30,1845,439,,7,5,6,5608,0,0,0,,0,001,"THOMPSON BL","CALIFORNIA ST",0.00,,Y,A,-,N,,,,,,,,,,N,4,0,2,2,A,-,03,22350,,N,C,C,A,A,H,-,B,A,0,,,,,Y,,D,22,0,0,2,0,0,0,0,0,0,"- ","- ",,,VENTURA,VENTURA,-119.29306030273438,34.278251647949219
9150316,2020,2020-10-21,5604,2020-08-25,0021,5359,,2,5,6,5604,0,0,0,,0,032,"ALBANY DR","STATHAM BL",75.00,W,N,A,-,N,,,,,,,,,,N,4,0,1,2,A,-,21,22106,,N,C,E,A,A,H,-,C,D,0,,,,Y,Y,,A,01,0,0,1,0,0,0,0,0,0,"- ","- ",34.174961090087891,-119.16567993164062,VENTURA,OXNARD,-119.16587829589844,34.174503326416016
91507002,2021,2021-06-25,9765,2021-06-19,0420,018884,,6,3,6,5608,0,1,3,,1,031,"SR-126 WESTBOUND (SANTA PAULA FREEWAY)","KIMBALL ROAD",4224.00,E,N,A,-,Y,,,126,,,,,,W,Y,4,0,1,1,A,-,08,22107,,N,E,I,A,A,H,-,C,D,0,,,,,Y,,A,01,0,0,1,0,0,0,0,0,0,"- ","- ",34.277530670166016,-119.17719268798828,VENTURA,VENTURA,-119.17716979980469,34.277477264404297
9150778,2020,2021-03-10,5600,2020-08-25,1435,5345,9114,2,5,6,5607,0,0,0,,0,9C01,"REINO RD","KIMBER DR",0.00,,Y,A,-,N,,,,,,,,,,Y,3,0,2,2,A,-,12,21453,A,N,D,D,A,A,H,-,A,A,0,,,,,Y,,A,01,0,1,1,0,0,0,0,0,0,"- ","- ",34.171630859375,-118.95493316650391,VENTURA,"THOUSAND OAKS",-118.95488739013672,34.171630859375
9150782,2020,2020-10-30,5600,2020-08-28,1336,5345,9110,5,5,6,5607,0,0,0,,0,9C01,"REINO RD","KIMBER DR",624.00,N,N,A,-,N,,,,,,,,,,N,3,0,1,1,A,-,08,22107,,N,E,I,A,A,H,-,A,D,0,,,,,Y,,D,22,0,1,0,0,0,0,0,0,0,"- ","- ",34.169071197509766,-118.95890808105469,VENTURA,"THOUSAND OAKS",-118.95432281494141,34.173274993896484
9150917,2020,2020-09-25,5604,2020-07-10,1815,5492,,5,5,6,5604,0,0,0,,0,031,"S ROSE AV","3RD ST",0.00,,Y,A,-,N,,,,,,,,,,Y,3,0,1,2,A,-,01,23153,A,F,D,G,A,A,H,-,A,A,0,,Y,,,Y,Y,A,01,0,1,0,0,0,0,1,0,0,"- ","- ",34.200439453125,-119.15973663330078,VENTURA,OXNARD,-119.15985107421875,34.200450897216797
91509310,2021,2021-06-29,9770,2021-06-25,1218,018659,,5,1,9,5600,0,1,3,,1,057,"SR-23 N/B (GRIMES CANYON)","GUIBERSON ROAD",0.00,,Y,A,-,Y,,,23,,,,,,N,Y,3,0,4,2,A,-,09,21802,A,N,D,C,A,A,H,-,A,D,0,,,,,Y,,A,01,0,2,2,0,0,0,0,0,0,"- ","- ",34.377620697021484,-118.915771484375,VENTURA,UNINCORPORATED,-118.91575622558594,34.377620697021484
9150934,2020,2020-11-05,5604,2020-08-01,0958,5592,,6,5,6,5604,0,0,0,,0,011,"JUNEWOOD CT","LAKEHURST ST",50.00,E,N,A,-,N,,,,,,,,,,Y,4,0,1,3,A,-,01,23152,A,N,A,E,A,A,H,-,C,D,0,,,,,Y,Y,A,01,0,0,1,0,0,0,0,0,0,"- ","- ",34.216518402099609,-119.19068145751953,VENTURA,OXNARD,-119.19113159179688,34.216751098632812
9150936,2020,2020-11-05,5604,2020-08-13,1432,5555,,4,5,6,5604,0,0,0,,0,022,"W WOOLEY RD","S VENTURA RD",0.00,,Y,A,-,N,,,,,,,,,,Y,4,0,1,2,A,-,12,21453,A,N,D,C,A,A,H,-,A,A,0,,,,,Y,,A,01,0,0,1,0,0,0,0,0,0,"- ","- ",,,VENTURA,OXNARD,-119.19512176513672,34.190299987792969
9150939,2020,2020-11-05,5604,2020-08-23,0954,5459,,7,5,6,5604,0,0,0,,0,022,"W 9TH ST","S VENTURA RD",0.00,,Y,A,-,N,,,,,,,,,,Y,4,0,3,2,A,-,12,21453,A,N,D,C,A,A,H,-,A,A,0,,,,,Y,,A,01,0,0,3,0,0,0,0,0,0,"- ","- ",34.192390441894531,-119.19508361816406,VENTURA,OXNARD,-119.195068359375,34.192390441894531
9150942,2020,2020-11-05,5604,2020-08-28,1125,5354,,5,5,6,5604,0,0,0,,0,032,"S OXNARD BL","STATHAM BL",0.00,,Y,A,-,N,,,,,,,,,,Y,4,0,1,2,A,-,12,21453,A,N,D,C,A,A,H,-,A,A,0,,,,,Y,,A,08,0,0,1,0,0,0,0,0,0,"- ","- ",,,VENTURA,OXNARD,-119.16527600000001,34.179887000000001
9150950,2020,2020-11-05,5604,2020-08-22,1331,5459,,6,5,6,5604,0,0,0,,0,021,"OUTRIGGER WY","HARBOR BL",91.00,N,N,A,-,N,,,,,,,,,,N,4,0,1,2,A,-,07,21658,A,N,D,C,A,A,H,-,A,D,0,,,,,Y,,A,01,0,0,1,0,0,0,0,0,0,"- ","- ",34.191688537597656,-119.23937225341797,VENTURA,OXNARD,-119.23938751220703,34.191688537597656
91522479,2021,2021-07-16,9765,2021-07-05,1448,022488,,1,2,9,5600,0,1,3,,1,021,"SR-33 (MARICOPA HIGHWAY)","CHERRY CREEK ROAD",17952.00,S,N,A,-,Y,,,33,,,,,,,Y,2,0,1,1,A,-,08,22107,,N,F,A,A,A,H,-,A,D,0,,,,,Y,,J,49,1,0,0,0,0,0,0,0,0,"- ","- ",34.594291687011719,-119.30589294433594,VENTURA,UNINCORPORATED,-119.30588531494141,34.59429931640625
91526761,2021,2021-07-22,9765,2021-07-14,0605,015117,,3,1,9,5600,0,3,5,,2,005,"BRADLEY RD","GREEN TREE DRIVE",1056.00,N,N,B,-,N,,,,,,,,,,Y,3,0,1,1,A,-,08,22107,,N,E,I,A,A,H,-,A,D,0,,,,,Y,,A,07,0,1,0,0,0,0,0,0,0,"- ","- ",34.285511016845703,-119.00846862792969,VENTURA,UNINCORPORATED,-119.00666809082031,34.287937164306641
91526982,2021,2021-07-23,9770,2021-07-12,1720,020641,,1,2,6,5607,0,1,2,,2,073,"US-101 SOUTHBOUND NORTH OF LYNN ROAD","VENTU PARK ROAD",3696.00,S,N,A,-,Y,,,101,,,,R,,S,Y,4,0,1,3,A,-,01,23152,A,N,C,C,A,A,H,-,A,D,0,,,,,Y,Y,A,01,0,0,1,0,0,0,0,0,0,"- ","- ",34.18450927734375,-118.89832305908203,VENTURA,"THOUSAND OAKS",-118.89832305908203,34.18450927734375
91527579,2021,2021-07-23,9765,2021-07-14,1210,015117,,3,1,9,5600,0,1,3,,1,031,"SR-126 W/B (SANTA PAULA FREEWAY)","VICTORIA AVE",528.00,W,N,A,-,Y,,,,,,,,,,Y,4,0,1,3,A,-,03,22350,,N,C,C,A,A,H,-,A,D,0,,,,,Y,,A,01,0,0,1,0,0,0,0,0,0,"- ","- ",34.269718170166016,-119.22306060791016,VENTURA,UNINCORPORATED,-119.21388244628906,34.271488189697266
91535760,2021,2021-08-03,9765,2021-07-22,1200,022318,,4,1,9,5600,0,3,5,,2,002,"GORHAM ROAD",SR-150,1530.00,N,N,A,-,N,,,,,,,,,,Y,3,0,2,2,A,-,08,22107,,N,D,C,A,A,H,-,A,D,0,,,,,Y,,A,07,0,1,1,0,0,0,0,0,0,"- ","- ",34.451969146728516,-119.21726989746094,VENTURA,UNINCORPORATED,-119.21730804443359,34.451900482177734
91540777,2021,2021-08-09,9765,2021-07-31,1105,022182,,6,1,9,5600,0,1,2,,1,101,"RINCON BIKE TRAIL","BATES ROAD",2640.00,S,N,A,-,N,,,,,,,,,,N,2,0,1,1,B,-,22,,,N,E,I,A,A,H,-,A,D,0,,Y,,,Y,,L,04,1,0,0,0,0,0,1,0,0,"- ","- ",34.376129150390625,-119.4688720703125,VENTURA,UNINCORPORATED,,
91544736,2021,2021-08-13,9770,2021-08-08,1350,016383,,7,1,6,5607,0,1,2,,2,072,"US-101 N/B (VENTURA FREEWAY)","LYNN ROAD",1584.00,N,N,A,-,Y,,,101,,,,,,N,N,4,0,2,2,A,-,03,22350,,N,C,C,A,A,H,-,A,A,0,,,,,Y,,D,22,0,0,2,0,0,0,0,0,0,"- ","- ",34.184711456298828,-118.89846801757812,VENTURA,"THOUSAND OAKS",-118.89846801757812,34.184722900390625
91555396,2021,2021-08-26,9765,2021-08-17,1830,020334,,2,2,5,5601,0,1,2,,2,503,"US 101 S/B (VENTURA FREEWAY)","CENTRAL AVENUE",750.00,S,N,A,-,Y,,,,,,,,,,Y,4,0,3,4,A,-,08,22107,,M,B,C,A,A,H,-,B,D,0,,,,,Y,,A,01,0,0,3,0,0,0,0,0,0,"- ","- ",34.221359252929688,-119.09839630126953,VENTURA,CAMARILLO,-119.10214233398438,34.221698760986328
91560643,2021,2021-09-01,9765,2021-08-25,0355,019034,,3,3,5,5601,0,1,2,,2,504,"US-101 N/B","FLYNN RD.",10.00,S,N,A,-,Y,,,,,,,,,,Y,3,0,1,1,A,-,08,22107,,N,E,I,A,A,H,-,C,D,0,,,,,Y,,A,07,0,1,0,0,0,0,0,0,0,"- ","- ",34.216888427734375,-119.02123260498047,VENTURA,CAMARILLO,,
9156946,2020,2020-12-05,5608,2020-09-12,1420,459,5608,6,5,6,5608,0,0,0,,0,001,"THOMPSON BL","CALIFORNIA ST",144.00,E,N,A,-,N,,,,,,,,,,Y,4,0,1,2,A,-,03,22350,,N,C,C,A,A,H,-,A,A,0,,,,,Y,,D,22,0,0,1,0,0,0,0,0,0,"- ","- ",,,VENTURA,VENTURA,-119.29258728027344,34.278251647949219
91569736,2021,2021-09-14,9765,2021-08-29,1125,022318,,7,1,9,5600,0,1,3,,1,021,"SR-33 (MARICOPA HWY)","MPM 21",60.00,S,N,A,-,Y,,,33,,,,,,,N,3,0,1,1,A,-,03,22350,,N,F,A,A,A,H,-,A,D,0,,,Y,,Y,,C,02,0,1,0,0,0,0,0,0,1,"- ","- ",34.517349243164062,-119.28154754638672,VENTURA,UNINCORPORATED,-119.28159332275391,34.517333984375
91571005,2021,2021-09-15,9770,2021-09-11,1650,017732,,6,2,6,5609,0,1,3,,2,082,"SR-118 W/B TO YOSEMITE AVENUE","YOSEMITE AVENUE",377.00,E,N,A,-,Y,,,118,,,,R,,W,Y,4,0,1,1,A,-,03,22350,,N,E,8,A,A,H,-,A,D,0,,,Y,,Y,,C,02,0,0,1,0,0,0,0,0,1,"- ","- ",34.282821655273438,-118.67800140380859,VENTURA,"SIMI VALLEY",-118.67800140380859,34.282821655273438
91571197,2021,2021-09-15,9765,2021-04-12,2350,020850,,1,3,9,5600,0,3,5,,2,003,"GONZALES ROAD","VICTORIA AVENUE",3696.00,W,N,A,-,N,,,,,,,,,,Y,1,1,0,2,A,-,11,21954,A,N,G,B,E,A,H,-,D,D,0,Y,,,,Y,,N,60,0,0,0,1,0,0,0,0,0,"- ","- ",34.219501495361328,-119.23445129394531,VENTURA,UNINCORPORATED,-119.23351287841797,34.219501495361328
91571408,2021,2021-09-15,9765,2021-09-09,1220,016234,,4,1,9,5600,0,3,5,,2,004,"WHEELER CANYON ROAD","FOOTHILL ROAD",3000.00,N,N,A,-,N,,,,,,,,,,Y,3,0,1,1,A,-,08,22107,,N,E,I,A,A,H,-,A,D,0,,,,,Y,,A,01,0,1,0,0,0,0,0,0,0,"- ","- ",34.341960906982422,-119.14328002929688,VENTURA,UNINCORPORATED,-119.14322662353516,34.341934204101562
91571889,2021,2021-09-16,9770,2021-09-08,0740,017732,,3,1,9,5600,0,2,4,,1,056,"GRIMES CANYON ROAD","CHAMPIONSHIP DRIVE",0.00,,Y,E,-,N,,,,,,,,,,Y,4,0,1,2,A,-,09,21801,A,N,A,C,A,A,H,-,A,A,0,,,,,Y,,A,07,0,0,1,0,0,0,0,0,0,"- ","- ",34.303730010986328,-118.91156005859375,VENTURA,UNINCORPORATED,-118.91160583496094,34.303699493408203
91572368,2021,2021-09-16,9765,2021-09-04,1905,020334,,6,2,9,5600,0,1,3,,2,060,SR-1,"DEER CREEK ROAD",250.00,N,N,A,-,Y,,,1,,,,,,,Y,4,0,2,2,A,-,08,22107,,N,D,C,A,A,H,-,B,D,0,,,,,Y,,A,01,0,0,2,0,0,0,0,0,0,"- ","- ",34.062778472900391,-118.98674011230469,VENTURA,UNINCORPORATED,-118.98674011230469,34.062778472900391
91575389,2021,2021-09-21,9765,2021-09-11,1740,020708,,6,2,4,5606,0,1,3,,2,041,"SR-126 W/B","12TH STREET",250.00,W,N,A,-,Y,,,126,,,,,,W,Y,3,0,1,1,A,-,08,22107,,F,F,A,A,A,H,-,A,D,0,,,Y,,Y,,C,02,0,1,0,0,0,0,0,0,1,"- ","- ",34.351539611816406,-119.0543212890625,VENTURA,"SANTA PAULA",-119.05432891845703,34.351551055908203
9157605,2020,2020-12-01,5600,2020-09-18,1058,5586,9162,5,5,6,5607,0,0,0,,0,9D01,"THOUSAND OAKS BL","PIERCE ARROW AV",0.00,,Y,A,-,,,,,,,,,,,Y,2,0,1,2,A,-,11,21456,,N,G,B,B,A,H,-,A,A,0,Y,,,,Y,,N,60,1,0,0,0,1,0,0,0,0,"- ","- ",34.162490844726562,-118.82572937011719,VENTURA,"THOUSAND OAKS",-118.82575225830078,34.162418365478516
91578313,2021,2021-09-23,9770,2021-09-17,1700,019930,,5,2,6,5607,0,1,2,,2,072,"US-101 N/B (VENTURA FREEWAY)","LYNN ROAD",1500.00,S,N,A,-,Y,,,101,,,,,,N,N,3,0,1,2,A,-,03,22350,,N,C,C,A,A,H,-,A,D,0,,,,,Y,,A,07,0,1,0,0,0,0,0,0,0,"- ","- ",34.181339263916016,-118.88704681396484,VENTURA,"THOUSAND OAKS",-118.88701629638672,34.181400299072266
91580871,2021,2021-09-27,9765,2021-08-29,0115,018650,,7,3,9,5600,0,1,3,,1,055,SR-118,"SANTA CLARA AVENUE",100.00,E,N,E,-,Y,,,118,,,,,,,Y,4,0,1,1,A,-,03,22350,,N,E,J,A,A,H,-,C,A,0,,,,,Y,,A,01,0,0,1,0,0,0,0,0,0,"- ","- ",34.255859375,-119.10890197753906,VENTURA,UNINCORPORATED,-119.10897827148438,34.255939483642578
91582629,2021,2021-09-29,9770,2021-09-21,0755,016198,,2,1,6,5607,0,1,2,,2,075,"US-101 S/B FROM MOORPARK ROAD","MOORPARK ROAD",360.00,S,N,A,-,Y,,,101,,,,R,,S,Y,4,0,1,2,A,-,03,22350,,N,C,C,A,A,H,-,A,A,0,,,,,Y,,A,01,0,0,1,0,0,0,0,0,0,"- ","- ",34.176948547363281,-118.87525939941406,VENTURA,"THOUSAND OAKS",-118.87525939941406,34.176948547363281
91582997,2021,2021-09-29,9765,2021-09-21,1418,020001,,2,2,9,5600,0,3,5,,2,005,"SANTA CLARA AVENUE","STATE ROUTE 118",0.00,,Y,A,-,Y,,,,,,,,,,Y,3,0,2,2,A,-,09,21801,A,N,D,C,A,A,H,-,A,A,0,,,,,Y,,A,01,0,1,1,0,0,0,0,0,0,"- ","- ",34.255958557128906,-119.10904693603516,VENTURA,UNINCORPORATED,-119.10895538330078,34.255897521972656
91586900,2021,2021-10-04,9770,2021-09-23,1015,016198,,4,1,6,5607,0,1,2,,2,073,"US-101 S/B (VENTURA FREEWAY)","MOORPARK ROAD",528.00,N,N,A,-,Y,,,101,,,,,,S,Y,2,0,1,2,A,-,07,21658,A,N,C,C,A,A,H,-,A,D,0,,,Y,,Y,,C,02,1,0,0,0,0,0,0,0,1,"- ","- ",34.177478790283203,-118.87864685058594,VENTURA,"THOUSAND OAKS",-118.87864685058594,34.177513122558594
91586947,2021,2021-10-04,9770,2021-10-02,1430,020169,,6,2,6,5607,0,1,2,,2,073,"US-101 S/B (VENTURA FREEWAY)","LYNN ROAD",1200.00,N,N,A,-,Y,,,101,,,,,,S,N,4,0,1,3,A,-,03,22350,,N,C,C,A,A,H,-,A,D,0,,,,,Y,,D,22,0,0,1,0,0,0,0,0,0,"- ","- ",34.184520721435547,-118.89803314208984,VENTURA,"THOUSAND OAKS",-118.89803314208984,34.184574127197266
91590984,2021,2021-10-07,9765,2021-09-29,1710,017253,,3,2,4,5606,0,1,3,,2,040,"SR-126 E/B","PALM AVE",1500.00,E,N,A,-,Y,,,126,,,,,,E,N,4,0,1,2,A,-,07,21658,A,N,C,C,A,A,H,-,A,D,0,,,,,Y,,A,01,0,0,1,0,0,0,0,0,0,"- ","- ",34.34783935546875,-119.06426239013672,VENTURA,"SANTA PAULA",-119.06427001953125,34.347862243652344
91591009,2021,2021-10-07,9765,2021-10-05,1125,019884,,2,1,9,5600,0,1,3,,1,020,"SR-33 S/B","HIGHLAND DR.",30.00,N,N,A,-,Y,,,33,,,,,,S,N,4,0,1,2,A,-,03,22350,,N,C,C,A,A,H,-,A,D,0,,,,,Y,,A,07,0,0,1,0,0,0,0,0,0,"- ","- ",34.420028686523438,-119.29186248779297,VENTURA,UNINCORPORATED,-119.29186248779297,34.420032501220703
91595997,2021,2021-10-14,9770,2021-10-03,0205,021082,,7,3,6,5609,0,1,3,,2,083,"SR-118 E/B (RONALD REAGAN FREEWAY)","STEARNS STREET",4824.00,W,N,A,-,Y,,,118,,,,,,E,N,4,0,1,1,A,-,08,22107,,N,E,I,A,A,H,-,C,D,0,,,,,Y,Y,A,01,0,0,1,0,0,0,0,0,0,"- ","- ",34.281658172607422,-118.70758056640625,VENTURA,"SIMI VALLEY",-118.70758056640625,34.281509399414062
91596125,2021,2021-12-20,9765,2021-10-03,1055,022337,,7,1,9,5600,0,1,3,,2,030,"SR-150 W/B","REEVES ROAD",4625.00,E,N,A,-,N,,,150,,,,,,W,Y,2,0,1,1,A,-,08,22107,,M,F,J,A,A,H,-,A,D,0,,,Y,,Y,,C,02,1,0,0,0,0,0,0,0,1,"- ","- ",34.440620422363281,-119.19844055175781,VENTURA,UNINCORPORATED,-119.19844055175781,34.440608978271484
91597944,2021,2021-10-15,9765,2021-10-08,1800,019988,,5,2,9,5600,0,1,3,,1,022,"SR-150 E/B","MISSION RANCH RD",394.00,E,N,A,-,Y,,,150,,,,,,E,Y,4,0,1,1,A,-,08,22107,,N,E,I,A,A,H,-,B,A,0,,,,,Y,,A,01,0,0,1,0,0,0,0,0,0,"- ","- ",34.393951416015625,-119.44226837158203,VENTURA,UNINCORPORATED,-119.44264221191406,34.393241882324219
91598440,2021,2021-10-18,9765,2021-10-09,1940,020729,,6,2,6,5608,0,1,3,,1,031,"SR-126 W/B","SATICOY AVENUE",2640.00,W,N,A,-,Y,,,126,,,,,,W,Y,4,0,1,2,A,-,03,22350,,N,C,C,A,A,H,-,D,D,0,,,,,Y,Y,A,01,0,0,1,0,0,0,0,0,0,"- ","- ",34.280849456787109,-119.17137145996094,VENTURA,VENTURA,-119.17134857177734,34.280811309814453
91600802,2021,2021-10-19,9765,2021-10-12,0820,019721,,2,1,6,5608,0,1,3,,2,041,"W/B SR-126","MAIN ST OFF RAMP UNDERCROSSING",400.00,E,N,A,-,Y,,,,,,,,,,N,4,0,2,3,A,-,03,22350,,N,C,C,A,A,H,-,A,D,0,,,,,Y,,A,08,0,0,2,0,0,0,0,0,0,"- ","- ",34.265819549560547,-119.23822784423828,VENTURA,VENTURA,-119.24187469482422,34.264400482177734
9160698,2020,2020-12-29,5600,2020-10-05,1842,4965,8300,1,5,5,5601,0,0,0,,0,8A01,"VENTURA BL","PROMENADE DR",983.00,E,N,A,-,N,,,,,,,,,,Y,2,0,1,1,A,-,08,22107,,N,E,I,A,A,H,-,B,D,0,,,Y,,Y,,C,02,1,0,0,0,0,0,0,0,1,"- ","- ",34.216468811035156,-119.06739044189453,VENTURA,CAMARILLO,-119.06479644775391,34.218143463134766
91617485,2021,2021-11-05,9765,2021-10-28,0845,022337,,4,1,6,5608,0,1,2,,2,302,"US-101 N/B","JOHNSON DRIVE",2640.00,N,N,A,-,Y,,,101,,,,,,N,Y,3,0,2,3,A,-,03,22350,,N,C,C,A,A,H,-,A,D,0,,,,,Y,,A,01,0,2,0,0,0,0,0,0,0,"- ","- ",34.246971130371094,-119.19983673095703,VENTURA,VENTURA,-119.19983673095703,34.246974945068359
91626877,2021,2021-11-17,9770,2021-11-02,1315,016198,,2,1,6,5607,0,1,2,,2,072,"US-101 N/B (VENTURA FREEWAY)","WENDY DRIVE",5280.00,N,N,A,-,Y,,,101,,,,,,N,Y,3,0,1,3,A,-,03,22350,,N,C,C,A,A,H,-,A,A,0,,,,Y,Y,,A,07,0,1,0,0,0,0,0,0,0,"- ","- ",34.198108673095703,-118.95377349853516,VENTURA,"THOUSAND OAKS",-118.95379638671875,34.198070526123047
91633244,2021,2021-11-23,9770,2021-11-13,0210,021420,,6,3,6,5607,0,1,2,,2,072,"US-101 N/B (VENTURA FREEWAY)","LYNN ROAD",1320.00,S,N,A,-,Y,,,101,,,,,,N,Y,3,0,3,2,A,-,01,23152,A,N,C,C,A,A,H,-,C,D,0,,,,,Y,Y,A,01,0,3,0,0,0,0,0,0,0,"- ","- ",34.181751251220703,-118.88780975341797,VENTURA,"THOUSAND OAKS",-118.88779449462891,34.181781768798828
91635513,2021,2021-11-26,9765,2021-11-11,0344,019277,,4,3,6,5608,0,1,3,,2,011,"SR-33 S/B","W. MAIN ST.",528.00,N,N,A,-,Y,,,33,,,,,,S,Y,2,0,2,1,A,-,01,23152,A,N,E,8,A,A,H,-,C,D,0,,,,,Y,Y,A,01,1,1,0,0,0,0,0,0,0,"- ","- ",34.282630920410156,-119.30549621582031,VENTURA,VENTURA,-119.30551147460938,34.282630920410156
9164090,2020,2020-11-30,5600,2020-09-02,0215,5066,8127,3,5,5,5601,0,0,0,,0,8C01,"LEWIS RD","TEMPLE AV",31.00,N,N,A,-,Y,VEN,7,34,-,-,14.050,H,-,W,Y,2,0,1,1,A,-,08,22107,,N,A,I,A,A,H,-,C,D,0,,,Y,,Y,,C,02,1,0,0,0,0,0,0,0,1,"- ","- ",34.221771240234375,-119.02918243408203,VENTURA,CAMARILLO,-119.02920532226562,34.221687316894531
9164285,2020,2020-11-10,5600,2020-09-28,1611,5150,8007,1,5,5,5601,0,0,0,,0,8A01,"PONDEROSA DR","LAS POSAS RD",490.00,E,N,A,-,N,,,,,,,,,,,4,0,1,2,A,-,09,21804,A,N,D,C,A,A,H,-,A,D,0,,,,,Y,,A,01,0,0,1,0,0,0,0,0,0,"- ","- ",34.223670959472656,-119.06980133056641,VENTURA,CAMARILLO,-119.06815338134766,34.223697662353516