CASE_ID,ACCIDENT_YEAR,PROC_DATE,JURIS,COLLISION_DATE,COLLISION_TIME,OFFICER_ID,REPORTING_DISTRICT,DAY_OF_WEEK,CHP_SHIFT,POPULATION,CNTY_CITY_LOC,SPECIAL_COND,BEAT_TYPE,CHP_BEAT_TYPE,CITY_DIVISION_LAPD,CHP_BEAT_CLASS,BEAT_NUMBER,PRIMARY_RD,SECONDARY_RD,DISTANCE,DIRECTION,INTERSECTION,WEATHER_1,WEATHER_2,STATE_HWY_IND,CALTRANS_COUNTY,CALTRANS_DISTRICT,STATE_ROUTE,ROUTE_SUFFIX,POSTMILE_PREFIX,POSTMILE,LOCATION_TYPE,RAMP_INTERSECTION,SIDE_OF_HWY,TOW_AWAY,COLLISION_SEVERITY,NUMBER_KILLED,NUMBER_INJURED,PARTY_COUNT,PRIMARY_COLL_FACTOR,PCF_CODE_OF_VIOL,PCF_VIOL_CATEGORY,PCF_VIOLATION,PCF_VIOL_SUBSECTION,HIT_AND_RUN,TYPE_OF_COLLISION,MVIW,PED_ACTION,ROAD_SURFACE,ROAD_COND_1,ROAD_COND_2,LIGHTING,CONTROL_DEVICE,CHP_ROAD_TYPE,PEDESTRIAN_ACCIDENT,BICYCLE_ACCIDENT,MOTORCYCLE_ACCIDENT,TRUCK_ACCIDENT,NOT_PRIVATE_PROPERTY,ALCOHOL_INVOLVED,STWD_VEHTYPE_AT_FAULT,CHP_VEHTYPE_AT_FAULT,COUNT_SEVERE_INJ,COUNT_VISIBLE_INJ,COUNT_COMPLAINT_PAIN,COUNT_PED_KILLED,COUNT_PED_INJURED,COUNT_BICYCLIST_KILLED,COUNT_BICYCLIST_INJURED,COUNT_MC_KILLED,COUNT_MC_INJURED,PRIMARY_RAMP,SECONDARY_RAMP,LATITUDE,LONGITUDE,COUNTY,CITY,POINT_X,POINT_Y
91642965,2021,2021-12-06,9765,2021-11-21,1305,022337,,7,1,9,5600,0,1,3,,1,020,"NB SR-33","OAK VIEW AVENUE",5.00,S,N,A,-,Y,,,33,,,,,,,Y,3,0,2,2,A,-,03,22350,,N,C,C,A,A,H,-,A,A,0,,,,,Y,,A,01,0,1,1,0,0,0,0,0,0,"- ","- ",34.396820068359375,-119.29962158203125,VENTURA,UNINCORPORATED,-119.29966735839844,34.396831512451172
9165453,2020,2020-11-30,5600,2020-09-20,1107,5013,9170,7,5,6,5607,0,0,0,,0,9D01,"TOWNSGATE RD","WESTLAKE BL",0.00,,Y,A,-,Y,VEN,7,23,-,R,3.101,I,5,S,Y,3,0,2,2,A,-,12,21453,A,N,D,C,A,A,H,-,A,A,0,,,,,Y,,A,01,0,2,0,0,0,0,0,0,0,"- ","- ",34.154518127441406,-118.82707977294922,VENTURA,"THOUSAND OAKS",-118.82730865478516,34.154766082763672
9165456,2020,2020-11-25,5600,2020-10-02,2046,4691,9108,5,5,6,5607,0,0,0,,0,9C01,"WENDY DR","OLD CONEJO RD",0.00,,Y,A,-,Y,VEN,7,101,-,-,7.920,R,4,S,Y,2,0,3,3,A,-,12,21453,A,N,D,C,A,A,H,-,C,A,0,,,,,Y,,A,01,1,1,1,0,0,0,0,0,0,"- ","- ",34.186260223388672,-118.94402313232422,VENTURA,"THOUSAND OAKS",-118.93992614746094,34.189945220947266
9165656,2020,2020-11-03,5604,2020-08-08,2319,5512,,6,5,6,5604,0,0,0,,0,031,"OXNARD BL","GONZALES RD",20.00,S,N,A,-,N,,,1,,,,,,,Y,4,0,1,2,A,-,01,23152,A,F,C,C,A,A,H,-,C,A,0,,,,,Y,Y,D,22,0,0,1,0,0,0,0,0,0,"- ","- ",34.219051361083984,-119.17710113525391,VENTURA,OXNARD,-119.17704772949219,34.219051361083984
91657829,2021,2021-12-21,9765,2021-12-14,0915,019721,,2,1,6,5604,0,1,2,,2,501,"US 101 SB FROM VINEYARD AVE NB","VINEYARD AVE",300.00,S,N,C,-,Y,,,,,,,,,,Y,3,0,1,1,A,-,03,22350,,N,E,J,A,A,H,-,A,D,0,,,,,Y,,D,22,0,1,0,0,0,0,0,0,0,"- ","- ",34.23052978515625,-119.1727294921875,VENTURA,OXNARD,-119.17281341552734,34.231063842773438
91657988,2021,2021-12-21,9765,2021-12-15,1130,022337,,3,1,9,5600,0,3,5,,2,001,"SR-1 (PACIFIC COAST HIGHWAY)",US-101,528.00,N,N,A,-,Y,,,1,,,,,,,Y,4,0,1,2,A,-,08,22107,,N,B,C,A,A,H,-,A,D,0,,,,,Y,,A,07,0,0,1,0,0,0,0,0,0,"- ","- ",34.344791412353516,-119.41835021972656,VENTURA,UNINCORPORATED,-119.41834259033203,34.344795227050781
91665441,2021,2021-12-29,9765,2021-12-17,1215,022182,,5,1,9,5600,0,1,3,,1,023,"SR-150 (OJAI-SANTA PAULA ROAD)","BLACK MOUNTAIN FIRE ROAD",770.00,E,N,A,-,Y,,,150,,,,,,,Y,4,0,1,2,A,-,03,22350,,N,C,C,A,A,H,-,A,D,0,,,,,Y,,D,22,0,0,1,0,0,0,0,0,0,"- ","- ",34.432918548583984,-119.20027160644531,VENTURA,UNINCORPORATED,-119.20024871826172,34.432949066162109
91668478,2021,2022-01-03,9770,2021-12-02,1725,021909,,4,2,6,5607,0,1,3,,2,077,"SR-23 N/B (MOORPARK FREEWAY)","SUNSET HILLS BOULEVARD",1584.00,N,N,A,-,Y,,,23,,,,,,N,Y,4,0,1,3,A,-,03,22350,,N,C,C,A,A,D,-,C,D,0,,,,,Y,,A,01,0,0,1,0,0,0,0,0,0,"- ","- ",34.232269287109375,-118.84397888183594,VENTURA,"THOUSAND OAKS",-118.84420013427734,34.232418060302734
9167318,2020,2021-01-13,5600,2020-10-04,1209,5150,8300,7,5,5,5601,0,0,0,,0,8A01,"CAMARILLO OUTLET DR","CAMARILLO CENTER DR",47.00,E,N,A,-,,,,,,,,,,,,3,0,1,2,B,-,22,,,N,G,B,C,A,H,-,A,A,0,Y,,,,Y,,A,01,0,1,0,0,1,0,0,0,0,"- ","- ",34.215560913085938,-119.05892181396484,VENTURA,CAMARILLO,,
91673313,2021,2022-01-07,9765,2021-12-26,0245,021682,,7,3,6,5604,0,1,2,,2,502,"US-101 N/B","ROSE AVENUE",235.00,S,N,B,-,Y,,,101,,,,,,N,Y,4,0,1,1,A,-,08,22107,,N,E,I,A,B,H,-,C,D,0,,,,,Y,,A,01,0,0,1,0,0,0,0,0,0,"- ","- ",34.225189208984375,-119.15782928466797,VENTURA,OXNARD,-119.15789031982422,34.224964141845703
91675476,2021,2022-01-11,9765,2021-12-29,1735,022488,,3,2,9,5600,0,3,5,,2,005,"SANTA CLARA AVENUE","FRIEDRICH ROAD",55.00,N,N,C,-,N,,,,,,,,,,Y,3,0,1,2,A,-,03,22350,,N,C,C,A,B,H,-,C,A,0,,,,,Y,,A,01,0,1,0,0,0,0,0,0,0,"- ","- ",34.230579376220703,-119.13436126708984,VENTURA,UNINCORPORATED,-119.13440704345703,34.230495452880859
91676346,2021,2022-01-12,9765,2021-12-31,1455,017253,,5,2,4,5606,0,1,3,,1,031,"SR-126 W/B","HALLOCK DRIVE",2050.00,W,N,A,-,Y,,,126,,,,,,W,N,3,0,1,2,A,-,03,22350,,N,C,C,A,A,H,-,A,D,0,,,Y,Y,Y,,C,02,0,1,0,0,0,0,0,0,1,"- ","- ",34.356338500976562,-119.04667663574219,VENTURA,"SANTA PAULA",-119.04669189453125,34.356357574462891
91682851,2022,2022-01-21,9765,2022-01-08,0128,022461,,6,3,6,5608,0,1,2,,2,302,"US-101 N/B","EAST MAIN STREET UNDERCROSSING",1100.00,N,N,A,-,Y,VEN,,101,,,26.981,H,,R,Y,4,0,1,1,A,-,01,23152,A,N,E,J,A,A,H,-,C,D,0,,,,,Y,Y,A,01,0,0,1,0,0,0,0,0,0,"- ","- ",34.262310028076172,-119.24671936035156,VENTURA,VENTURA,-119.24678039550781,34.262359619140625
91683755,2022,2022-01-24,9770,2022-01-16,0106,021341,,7,3,6,5607,0,1,2,,2,074,"US-101 N/B (VENTURA FREEWAY)","WESTLAKE BOULEVARD",1954.00,S,N,B,-,Y,VEN,,101,,,0.312,H,,R,Y,2,0,2,3,A,-,03,22350,,N,C,C,A,A,H,-,D,D,0,,,,,Y,Y,A,01,1,0,1,0,0,0,0,0,0,"- ","- ",34.154201507568359,-118.81976318359375,VENTURA,"THOUSAND OAKS",-118.81973266601562,34.154232025146484
9168583,2020,2020-10-24,5604,2020-08-21,1459,5160,,5,5,6,5604,0,0,0,,0,011,"N OXNARD BL","ROBERT AV",100.00,N,N,B,-,N,,,,,,,,,,Y,4,0,1,2,A,-,01,23153,A,N,C,C,A,A,B,-,A,A,0,,,,,Y,Y,A,07,0,0,1,0,0,0,0,0,0,"- ","- ",34.211189270019531,-119.17722320556641,VENTURA,OXNARD,-119.17732238769531,34.211475372314453
9169188,2020,2020-11-19,5604,2020-09-16,2000,5567,,3,5,6,5604,0,0,0,,0,042,"PLEASANT VALLEY RD","REFSING PL",0.00,,Y,A,-,N,,,,,,,,,,N,4,0,1,2,A,-,09,21802,A,N,D,C,A,A,H,-,C,A,0,,,,,Y,,A,01,0,0,1,0,0,0,0,0,0,"- ","- ",34.154701232910156,-119.17678070068359,VENTURA,OXNARD,-119.17680358886719,34.154731750488281
9169189,2020,2020-11-19,5604,2020-09-09,1400,5390,,3,5,6,5604,0,0,0,,0,042,"PLEASANT VALLEY RD","J ST",0.00,,Y,A,-,N,,,,,,,,,,Y,4,0,1,2,A,-,09,21801,A,N,A,C,A,A,H,-,A,A,0,,,,,Y,,A,01,0,0,1,0,0,0,0,0,0,"- ","- ",34.154758453369141,-119.18611145019531,VENTURA,OXNARD,-119.18611145019531,34.154781341552734
9169192,2020,2020-11-19,5604,2020-09-18,1211,5354,,5,5,6,5604,0,0,0,,0,014,"OXNARD BL","FOREST PARK BL",0.00,,Y,A,-,N,,,,,,,,,,Y,4,0,1,5,A,-,08,22107,,N,B,C,A,A,H,-,A,D,0,,,,,Y,,A,01,0,0,1,0,0,0,0,0,0,"- ","- ",,,VENTURA,OXNARD,-119.177316,34.244492999999999
9169200,2020,2020-11-19,5604,2020-09-14,1455,5508,,1,5,6,5604,0,0,0,,0,031,"RICE AV","STURGIS RD",0.00,,Y,A,-,N,,,,,,,,,,Y,3,0,2,4,A,-,01,23153,A,N,B,C,A,A,H,-,A,A,0,,,,,Y,,A,07,0,1,1,0,0,0,0,0,0,"- ","- ",34.201930999755859,-119.14221954345703,VENTURA,OXNARD,-119.14232635498047,34.201950073242188
9169295,2020,2020-12-18,5604,2020-10-02,1401,5623,,5,5,6,5604,0,0,0,,0,012,"PASEO ISLA","PASEO NOGALES",0.00,,Y,A,-,N,,,,,,,,,,Y,4,0,1,2,A,-,08,22107,,N,D,C,A,A,H,-,A,D,0,,,,,Y,,A,01,0,0,1,0,0,0,0,0,0,"- ","- ",,,VENTURA,OXNARD,-119.149169921875,34.209148406982422
9169298,2020,2020-12-18,5604,2020-10-03,1028,5609,,6,5,6,5604,0,0,0,,0,041,"CLOYNE ST","LARK ST",0.00,,Y,A,-,N,,,,,,,,,,N,4,0,1,2,A,-,08,22107,,N,D,C,A,A,H,-,A,D,0,,,,,Y,,A,01,0,0,1,0,0,0,0,0,0,"- ","- ",34.173358917236328,-119.17265319824219,VENTURA,OXNARD,-119.17266845703125,34.172538757324219
9169354,2020,2020-10-28,5604,2020-08-30,0849,5252,,7,5,6,5604,0,0,0,,0,022,"W WOOLEY RD","N VENTURA RD N",0.00,,Y,B,-,N,,,,,,,,,,Y,4,0,1,2,A,-,12,21453,A,N,D,C,A,A,H,-,A,A,0,,,,,Y,,A,07,0,0,1,0,0,0,0,0,0,"- ","- ",34.190319061279297,-119.19510650634766,VENTURA,OXNARD,-119.19512176513672,34.190299987792969
9169355,2020,2020-10-22,5604,2020-08-31,0556,5608,,1,5,6,5604,0,0,0,,0,032,"WESTAR DR","VANGUARD DR",50.00,W,N,A,-,N,,,,,,,,,,N,2,0,1,2,A,-,03,22350,,N,G,B,D,A,H,-,B,D,0,Y,,,,Y,,N,60,1,0,0,0,1,0,0,0,0,"- ","- ",34.185638427734375,-119.16325378417969,VENTURA,OXNARD,-119.16172790527344,34.18621826171875
91701393,2022,2022-02-15,9765,2022-02-05,1140,020763,,6,1,9,5600,0,1,3,,1,012,"SR-1 (PCH) N/B","FARIA RD.",1056.00,N,N,A,-,Y,VEN,,1,,,25.738,H,,R,N,4,0,1,2,A,-,"- ",,,N,C,G,A,A,H,-,A,D,0,,Y,,,Y,,-,"- ",0,0,1,0,0,0,1,0,0,"- ","- ",34.321170806884766,-119.39266967773438,VENTURA,UNINCORPORATED,-119.392578125,34.321220397949219
91704126,2022,2022-02-18,9770,2022-02-17,1720,019057,,4,2,9,5600,0,1,3,,2,081,"SR-118 E/B (RONALD REAGAN FREEWAY)","LOS ALAMOS CANYON RD",3696.00,W,N,A,-,Y,VEN,,118,,R,21.113,H,,R,N,4,0,1,2,A,-,03,22350,,N,C,C,A,A,H,-,A,D,0,,,,,Y,,A,07,0,0,1,0,0,0,0,0,0,"- ","- ",34.291629791259766,-118.82357788085938,VENTURA,UNINCORPORATED,-118.82358551025391,34.291610717773438
91709740,2022,2022-02-25,9770,2022-02-23,2040,016383,,3,2,6,5607,0,1,2,,2,073,"US-101 S/B TO VENTU PARK ROAD","VENTU PARK ROAD",300.00,N,N,A,-,Y,,,,,,,,,,N,3,0,1,1,A,-,08,22107,,N,E,8,A,A,H,-,D,D,0,,,,,Y,,A,07,0,1,0,0,0,0,0,0,0,"- ","- ",34.1839599609375,-118.91294860839844,VENTURA,"THOUSAND OAKS",-118.91294860839844,34.1839599609375
91721847,2022,2022-03-14,9765,2022-03-06,1340,020729,,7,1,9,5600,0,3,5,,2,006,"LAS POSAS ROAD","HUENEME ROAD",100.00,S,N,A,-,N,,,,,,,,,,Y,3,0,1,1,A,-,08,22107,,N,E,I,A,A,H,-,A,D,0,,,,,Y,,A,07,0,1,0,0,0,0,0,0,0,"- ","- ",34.157039642333984,-119.07653045654297,VENTURA,UNINCORPORATED,-119.07669067382812,34.157096862792969
91722271,2021,2022-03-14,9765,2021-12-17,1326,022182,,5,1,6,5608,0,1,2,,2,301,"US-101 S/B (VENTURA FREEWAY)","VICTORIA AVENUE",1550.00,N,N,A,-,Y,,,101,,,,,,S,Y,1,1,2,5,A,-,03,22350,,N,C,C,A,A,H,-,A,D,0,,,,,Y,,A,07,0,1,1,0,0,0,0,0,0,"- ","- ",34.255031585693359,-119.21549987792969,VENTURA,VENTURA,-119.21551513671875,34.254997253417969
91728790,2022,2022-03-22,9765,2022-03-11,1355,021167,,5,1,9,5600,0,1,3,,1,022,"SR-150 (CASITAS PASS RD)","RED MOUNTAIN FIRE RD.",5280.00,E,N,A,-,Y,VEN,,150,,,6.300,H,,R,Y,3,0,2,1,A,-,01,23152,A,N,E,I,A,D,H,-,E,D,0,,,,,Y,Y,A,01,0,1,1,0,0,0,0,0,0,"- ","- ",34.387371063232422,-119.36595916748047,VENTURA,UNINCORPORATED,-119.36593627929688,34.387317657470703
91734030,2022,2022-03-25,9765,2022-02-28,0042,022272,,1,3,6,5604,0,1,2,,2,501,"US-101 S/B (VENTURA FREEWAY)","DEL NORTE BLVD",1770.00,S,N,A,-,Y,VEN,,101,,,18.659,H,,L,Y,3,0,1,1,A,-,01,23152,A,N,E,8,A,A,H,-,D,D,0,,,,,Y,Y,A,01,0,1,0,0,0,0,0,0,0,"- ","- ",34.221809387207031,-119.12091827392578,VENTURA,OXNARD,-119.12091827392578,34.221935272216797
91738426,2022,2022-04-01,9770,2022-03-21,2340,020641,,1,3,6,5607,0,1,2,,2,074,"US-101 N/B (VENTURA FREEWAY)","HAMPSHIRE ROAD",150.00,S,N,A,-,Y,VEN,,101,,,1.612,H,,R,Y,4,0,1,2,A,-,03,22350,,N,C,C,A,A,H,-,D,D,0,,,,,Y,,A,01,0,0,1,0,0,0,0,0,0,"- ","- ",34.165851593017578,-118.83743286132812,VENTURA,"THOUSAND OAKS",-118.83737182617188,34.165908813476562
9174142,2020,2021-02-04,5600,2020-11-15,1757,5150,8300,7,5,5,5601,0,0,0,,0,8A01,"VENTURA BL","CAMARILLO CENTER DR",0.00,,Y,A,-,,,,101,,,,,,,Y,3,0,2,2,A,-,09,21802,A,N,D,C,A,A,H,-,C,A,0,,,,,Y,,A,01,0,2,0,0,0,0,0,0,0,"- ","- ",34.217861175537109,-119.05764007568359,VENTURA,CAMARILLO,-119.05762481689453,34.218067169189453
91741598,2022,2022-04-05,9765,2022-03-27,1715,020708,,7,2,9,5600,0,1,3,,1,044,"SR-150 (N. OJAI ROAD)","KOENIGSTEIN ROAD",5808.00,E,N,B,-,Y,VEN,,150,,,27.443,H,,R,Y,3,0,3,3,A,-,03,22350,,N,B,C,A,A,H,-,A,D,0,,,,,Y,,A,01,0,3,0,0,0,0,0,0,0,"- ","- ",34.427021026611328,-119.11019134521484,VENTURA,UNINCORPORATED,-119.11019134521484,34.427005767822266
9174301,2020,2021-01-25,5600,2020-10-23,1318,2994,5140,5,5,4,5690,0,0,0,,0,2A01,"TIERRA REJADA RD","MTN TRL ST",28.00,W,N,B,-,,,,,,,,,,,,4,0,1,2,A,-,03,22350,,F,C,C,A,A,H,-,A,A,0,,,,,Y,,D,22,0,0,1,0,0,0,0,0,0,"- ","- ",34.270538330078125,-118.89103698730469,VENTURA,MOORPARK,,
91743343,2022,2022-04-07,9770,2022-02-16,1815,017662,,3,2,9,5600,0,2,4,,1,030,"SANTA ROSA ROAD","HILLTOP LANE",1584.00,E,N,A,-,N,,,,,,,,,,Y,3,0,3,3,A,-,01,23152,A,N,A,C,A,A,H,-,D,A,0,,,,,Y,Y,A,01,0,3,0,0,0,0,0,0,0,"- ","- ",34.236980438232422,-118.95752716064453,VENTURA,UNINCORPORATED,-118.95752716064453,34.236984252929688
91746232,2022,2022-04-12,9765,2022-04-04,0630,016234,,1,1,9,5600,0,3,5,,2,005,"CENTRAL AVE","ROSE AVE",280.00,W,N,A,-,N,,,,,,,,,,Y,4,0,1,3,A,-,03,22350,,N,C,C,A,A,H,-,B,D,0,,,,,Y,,A,01,0,0,1,0,0,0,0,0,0,"- ","- ",34.250190734863281,-119.14177703857422,VENTURA,UNINCORPORATED,-119.14338684082031,34.251270294189453
91752460,2022,2022-04-20,9765,2022-04-14,1730,019988,,4,2,6,5608,0,1,2,,1,102,"US-101 N/B (VENTURA FREEWAY)","CALIFORNIA STREET",770.00,S,N,A,-,Y,VEN,,101,,,30.001,H,,R,N,4,0,1,2,A,-,03,22350,,N,C,C,A,A,H,-,A,D,0,,,Y,,Y,,C,02,0,0,1,0,0,0,0,0,1,"- ","- ",34.277179718017578,-119.29051971435547,VENTURA,VENTURA,-119.29055786132812,34.277103424072266
91767276,2021,2022-05-09,9765,2021-08-06,1844,022408,,5,2,6,5608,0,1,2,,1,102,"US-101 N/B (VENTURA FREEWAY)","SEAWARD AVENUE",211.00,N,N,A,-,Y,,,101,,,,,,N,Y,1,1,0,1,A,-,01,23152,F,N,E,I,A,A,H,-,A,D,0,,,,,Y,,A,01,0,0,0,0,0,0,0,0,0,"- ","- ",34.270729064941406,-119.27390289306641,VENTURA,VENTURA,-119.27393341064453,34.270675659179688
91767977,2022,2022-05-09,9765,2022-05-01,1130,022318,,7,1,9,5600,0,1,3,,1,055,"SR-118 (LOS ANGELES AVENUE)","SANTA CLARA AVENUE",175.00,W,N,A,-,Y,VEN,,118,,,4.123,H,,R,N,2,0,1,2,A,-,08,22107,,N,D,C,A,A,H,-,A,A,0,,,,,Y,,A,01,1,0,0,0,0,0,0,0,0,"- ","- ",34.256259918212891,-119.10951232910156,VENTURA,UNINCORPORATED,-119.10950469970703,34.256267547607422
9176954,2020,2020-11-09,5600,2020-07-21,1830,3924,,2,5,4,5690,0,0,0,,0,,"MARQUETTE ST","CAMPUS PARK DR",0.00,N,N,A,-,,,,,,,,,,,,3,0,1,2,D,-,00,,,N,B,G,A,A,H,-,A,D,0,,Y,,,Y,,-,"- ",0,1,0,0,0,0,1,0,0,"- ","- ",,,VENTURA,MOORPARK,-118.84583282470703,34.296100616455078
91773835,2022,2022-05-17,9765,2022-05-07,0336,022397,,6,3,6,5608,0,1,2,,2,301,"US-101 SB (VENTURA FREEWAY)","E. MAIN ST",350.00,E,N,B,-,Y,VEN,,101,,,26.657,H,,L,Y,3,0,1,1,A,-,01,23152,A,N,E,I,A,A,H,-,C,D,0,,,,,Y,Y,A,07,0,1,0,0,0,0,0,0,0,"- ","- ",34.264591217041016,-119.24186706542969,VENTURA,VENTURA,-119.24189758300781,34.264678955078125
91774367,2022,2022-05-17,9765,2022-05-09,2215,022387,,1,3,6,5604,0,1,2,,2,501,"US-101 S/B (VENTURA FREEWAY)","RICE AVENUE",2500.00,N,N,A,-,Y,VEN,,101,,,20.559,H,,L,N,4,0,1,1,A,-,08,22107,,N,B,I,A,A,H,-,C,D,0,,,,,Y,,A,01,0,0,1,0,0,0,0,0,0,"- ","- ",34.223419189453125,-119.15074157714844,VENTURA,OXNARD,-119.15074920654297,34.223361968994141
91776994,2022,2022-05-20,9765,2022-05-12,0750,017253,,4,1,9,5600,0,3,5,,2,002,"SANTA ANA BLVD","APRICOT ST",0.00,,Y,A,-,N,,,,,,,,,,Y,3,0,1,2,A,-,09,21801,A,N,D,B,A,A,H,-,A,D,0,,,Y,,Y,,A,01,0,1,0,0,0,0,0,0,1,"- ","- ",34.400341033935547,-119.3011474609375,VENTURA,UNINCORPORATED,-119.30113983154297,34.400348663330078
9177822,2020,2021-01-26,5608,2020-10-24,1142,500,,6,5,6,5608,0,0,0,,0,004,"VICTORIA AV","RT 101",30.00,N,N,A,-,Y,VEN,7,101,-,R,24.560,R,4,N,N,4,0,1,2,A,-,12,21453,A,N,D,C,A,A,H,-,A,A,0,,,,,Y,,A,01,0,0,1,0,0,0,0,0,0,"- ","- ",,,VENTURA,VENTURA,-119.20956420898438,34.251766204833984
91778791,2022,2022-05-24,9765,2022-05-13,0845,022318,,5,1,6,5608,0,1,3,,1,031,"SR-126 WB TO VICTORIA AVE SB","VICTORIA AVE",240.00,E,N,A,-,Y,,,,,,,,,,N,3,0,1,2,A,-,03,22350,,F,C,C,A,A,H,-,A,A,0,,,,,Y,Y,-,"- ",0,1,0,0,0,0,0,0,0,"- ","- ",34.271968841552734,-119.2147216796875,VENTURA,VENTURA,-119.2147216796875,34.271968841552734
91784573,2022,2022-05-31,9770,2022-05-21,1800,021909,,6,2,6,5607,0,1,2,,2,074,"US-101 N/B FROM RANCHO RD.","RANCHO ROAD",30.00,N,N,A,-,Y,,,,,,,,,,Y,3,0,1,1,A,-,01,23152,A,N,E,8,A,A,C,-,A,D,0,,,,,Y,Y,A,01,0,1,0,0,0,0,0,0,0,"- ","- ",34.176559448242188,-118.85874176025391,VENTURA,"THOUSAND OAKS",-118.85874176025391,34.176559448242188
91785726,2021,2022-06-01,9765,2021-06-20,0420,022272,,7,3,6,5608,0,1,2,,2,301,"US-101 S/B (VENTURA FREEWAY)","VICTORIA AVENUE",2262.00,S,N,A,-,Y,,,101,,,,,,S,Y,1,1,2,1,A,-,01,23152,A,N,E,I,A,A,H,-,D,D,0,,,,,Y,Y,A,01,1,1,0,0,0,0,0,0,0,"- ","- ",34.249061584472656,-119.20472717285156,VENTURA,VENTURA,-119.2047119140625,34.249107360839844
91786132,2022,2022-06-01,9770,2022-05-25,0450,020721,,3,3,5,5601,0,1,2,,2,071,"US-101 S/B (VENTURA FREEWAY)","CAMARILLO SPRINGS ROAD",2112.00,S,N,B,-,Y,VEN,,101,,,10.326,H,,L,Y,2,0,2,3,C,-,18,,,N,D,C,A,A,H,-,D,D,0,,,,,Y,Y,-,"- ",1,1,0,0,0,0,0,0,0,"- ","- ",34.201431274414062,-118.97785186767578,VENTURA,CAMARILLO,-118.97783660888672,34.201450347900391
9178733,2020,2020-12-07,5600,2020-10-07,1047,4973,8201,3,5,5,5601,0,0,0,,0,8D01,"ADOLFO RD","FLYNN RD",0.00,,Y,B,-,N,,,,,,,,,,Y,4,0,1,2,A,-,09,21801,A,N,H,C,A,A,H,-,A,A,0,,,,,Y,,D,22,0,0,1,0,0,0,0,0,0,"- ","- ",34.2293701171875,-119.01680755615234,VENTURA,CAMARILLO,-119.01693725585938,34.22930908203125
91787956,2022,2022-06-03,9765,2022-05-24,1340,020708,,2,1,9,5600,0,3,5,,2,004,"TELEGRAPH ROAD","OLIVE ROAD",60.00,W,N,A,-,N,,,,,,,,,,Y,3,0,1,2,A,-,03,22350,,N,C,C,A,A,H,-,A,D,0,,,,Y,Y,,J,48,0,1,0,0,0,0,0,0,0,"- ","- ",34.311290740966797,-119.13385009765625,VENTURA,UNINCORPORATED,-119.13381195068359,34.311332702636719
91788968,2022,2022-06-06,9765,2022-05-30,1130,016234,,1,1,5,5601,0,1,2,,2,504,"US-101 N/B","FLYNN ROAD",1300.00,S,N,A,-,Y,VEN,,101,,,12.874,H,,R,N,4,0,1,2,A,-,03,22350,,N,C,C,A,A,H,-,A,D,0,,,,,Y,,A,07,0,0,1,0,0,0,0,0,0,"- ","- ",34.215839385986328,-119.01741790771484,VENTURA,CAMARILLO,-119.01741790771484,34.215866088867188
91800904,2022,2022-06-22,9770,2022-06-14,0500,021799,,2,3,6,5607,0,1,2,,2,073,"US-101 S/B (VENTURA FREEWAY)","WENDY DRIVE",3696.00,N,N,A,-,Y,VEN,,101,,,8.573,H,,L,Y,3,0,1,2,A,-,08,22107,,N,A,D,A,A,H,-,D,D,0,,,,,Y,,A,01,0,1,0,0,0,0,0,0,0,"- ","- ",34.194839477539062,-118.94963073730469,VENTURA,"THOUSAND OAKS",-118.94961547851562,34.194854736328125
9180159,2020,2020-11-19,5600,2020-10-02,2104,4397,6018,5,5,3,5602,0,0,0,,0,6B01,"A ST","SANTA CLARA ST",142.00,S,N,A,-,N,,,,,,,,,,Y,3,0,1,2,A,-,11,21954,A,N,G,B,D,A,H,-,D,D,0,Y,,,,Y,Y,N,60,0,1,0,0,1,0,0,0,0,"- ","- ",34.397018432617188,-118.91799926757812,VENTURA,FILLMORE,-118.91799163818359,34.397205352783203
91807297,2022,2022-06-30,9770,2022-06-18,1845,020641,,6,2,9,5600,0,1,3,,1,052,"SR-118 W/B (LOS ANGELES AVENUE)","GRIMES CANYON ROAD",2000.00,E,N,A,-,Y,VEN,,118,,,15.329,H,,L,N,3,0,1,1,A,-,03,22350,,N,E,I,A,A,H,-,A,D,0,,,Y,,Y,,C,03,0,1,0,0,0,0,0,0,1,"- ","- ",34.278839111328125,-118.92102813720703,VENTURA,UNINCORPORATED,-118.92090606689453,34.278663635253906
91815238,2022,2022-07-12,9765,2022-06-29,0510,019034,,3,3,5,5601,0,1,2,,2,503,"US-101 S/B FROM LOS POSAS RD.","LAS POSAS RD.",60.00,S,N,A,-,Y,,,,,,,,,,N,3,0,1,2,A,-,11,21954,A,N,G,B,D,A,H,-,C,D,0,Y,,,,Y,,N,60,0,1,0,0,1,0,0,0,0,"- ","- ",34.218589782714844,-119.06944274902344,VENTURA,CAMARILLO,-119.06944274902344,34.218589782714844
91817652,2022,2022-07-15,9765,2022-07-03,1350,022318,,7,1,6,5608,0,1,2,,2,302,"US-101 (VENTURA FREEWAY)","TELEPHONE ROAD",3300.00,S,N,A,-,Y,VEN,,101,,R,25.334,H,,R,N,3,0,1,2,A,-,03,22350,,N,C,C,A,A,H,-,A,D,0,,,,,Y,,A,07,0,1,0,0,0,0,0,0,0,"- ","- ",34.257728576660156,-119.22100067138672,VENTURA,VENTURA,-119.22096252441406,34.257789611816406