CASE_ID,ACCIDENT_YEAR,PROC_DATE,JURIS,COLLISION_DATE,COLLISION_TIME,OFFICER_ID,REPORTING_DISTRICT,DAY_OF_WEEK,CHP_SHIFT,POPULATION,CNTY_CITY_LOC,SPECIAL_COND,BEAT_TYPE,CHP_BEAT_TYPE,CITY_DIVISION_LAPD,CHP_BEAT_CLASS,BEAT_NUMBER,PRIMARY_RD,SECONDARY_RD,DISTANCE,DIRECTION,INTERSECTION,WEATHER_1,WEATHER_2,STATE_HWY_IND,CALTRANS_COUNTY,CALTRANS_DISTRICT,STATE_ROUTE,ROUTE_SUFFIX,POSTMILE_PREFIX,POSTMILE,LOCATION_TYPE,RAMP_INTERSECTION,SIDE_OF_HWY,TOW_AWAY,COLLISION_SEVERITY,NUMBER_KILLED,NUMBER_INJURED,PARTY_COUNT,PRIMARY_COLL_FACTOR,PCF_CODE_OF_VIOL,PCF_VIOL_CATEGORY,PCF_VIOLATION,PCF_VIOL_SUBSECTION,HIT_AND_RUN,TYPE_OF_COLLISION,MVIW,PED_ACTION,ROAD_SURFACE,ROAD_COND_1,ROAD_COND_2,LIGHTING,CONTROL_DEVICE,CHP_ROAD_TYPE,PEDESTRIAN_ACCIDENT,BICYCLE_ACCIDENT,MOTORCYCLE_ACCIDENT,TRUCK_ACCIDENT,NOT_PRIVATE_PROPERTY,ALCOHOL_INVOLVED,STWD_VEHTYPE_AT_FAULT,CHP_VEHTYPE_AT_FAULT,COUNT_SEVERE_INJ,COUNT_VISIBLE_INJ,COUNT_COMPLAINT_PAIN,COUNT_PED_KILLED,COUNT_PED_INJURED,COUNT_BICYCLIST_KILLED,COUNT_BICYCLIST_INJURED,COUNT_MC_KILLED,COUNT_MC_INJURED,PRIMARY_RAMP,SECONDARY_RAMP,LATITUDE,LONGITUDE,COUNTY,CITY,POINT_X,POINT_Y
91933572,2022,2022-12-05,9770,2022-11-27,1410,017662,,7,2,6,5607,0,1,2,,2,072,"US-101 N/B (VENTURA FWY)","VENTU PARK ROAD",1584.00,S,N,A,-,Y,VEN,,101,,,5.791,H,,R,N,4,0,1,2,A,-,07,21658,A,N,B,C,A,A,H,-,A,D,0,,,,,Y,Y,D,22,0,0,1,0,0,0,0,0,0,"- ","- ",34.184478759765625,-118.904296875,VENTURA,"THOUSAND OAKS",-118.904296875,34.184482574462891
91934185,2022,2022-12-05,9765,2022-11-23,1752,021167,,3,2,6,5604,0,1,2,,2,502,"US-101 N/B (VENTURA FREEWAY)","RICE AVENUE",500.00,N,N,A,-,Y,VEN,,101,,,20.675,H,,R,N,4,0,2,2,A,-,03,22350,,M,C,C,A,A,H,-,D,D,0,,,,,Y,,-,99,0,0,2,0,0,0,0,0,0,"- ","- ",34.223770141601562,-119.15278625488281,VENTURA,OXNARD,-119.15280151367188,34.223712921142578
91940760,2022,2022-12-13,9765,2022-12-04,1744,022992,,7,2,5,5601,0,1,2,,2,504,"US-101 NB (VENTURA FREEWAY)","SANTA ROSA ROAD",240.00,N,N,A,-,Y,VEN,,101,,,12.351,H,,R,Y,4,0,1,2,A,-,01,23152,A,N,F,C,A,A,H,-,C,D,0,,,,,Y,Y,A,01,0,0,1,0,0,0,0,0,0,"- ","- ",34.214241027832031,-119.00849914550781,VENTURA,CAMARILLO,-119.00858306884766,34.214065551757812
91942495,2022,2022-12-14,9765,2022-12-09,2135,022387,,5,2,9,5600,0,3,5,,2,003,"VICTORIA AVE","OLIVAS PARK DRIVE",2110.00,S,N,A,-,N,,,,,,,,,,Y,3,0,2,1,A,-,08,22107,,N,B,I,A,A,H,-,D,D,0,,,,,Y,,D,22,0,2,0,0,0,0,0,0,0,"- ","- ",34.238330841064453,-119.21662902832031,VENTURA,UNINCORPORATED,-119.21656036376953,34.238555908203125
9194357,2020,2021-01-30,5600,2020-11-20,1624,4973,8128,5,5,5,5601,0,0,0,,0,8C01,"WOLVERTON AV","DWIGHT AV",396.00,N,N,B,-,N,,,,,,,,,,Y,3,0,1,1,C,-,18,,,N,E,I,A,A,H,-,A,D,0,,,,,Y,,-,"- ",0,1,0,0,0,0,0,0,0,"- ","- ",34.229671478271484,-119.03206634521484,VENTURA,CAMARILLO,-119.0294189453125,34.232532501220703
9196009,2020,2021-02-02,5604,2020-11-07,0534,5514,,6,5,6,5604,0,0,0,,0,014,"VINEYARD AV","N OXNARD BL",0.00,,Y,C,-,N,,,,,,,,,,N,4,0,3,2,A,-,12,21453,A,N,D,C,A,B,H,-,C,A,0,,,,,Y,,A,01,0,0,3,0,0,0,0,0,0,"- ","- ",34.226509094238281,-119.17733001708984,VENTURA,OXNARD,-119.17755126953125,34.226509094238281
9196014,2020,2021-02-02,5604,2020-11-13,1449,5555,,5,5,6,5604,0,0,0,,0,011,"N VENTURA RD","ANNA WY",0.00,,Y,A,-,N,,,,,,,,,,Y,4,0,3,2,A,-,09,21801,A,N,D,C,A,A,H,-,A,D,0,,,,,Y,,A,01,0,0,3,0,0,0,0,0,0,"- ","- ",,,VENTURA,OXNARD,-119.19467926025391,34.217300415039062
9196019,2020,2021-02-02,5604,2020-11-15,1329,5458,,7,5,6,5604,0,0,0,,0,022,"W 7TH ST","N VENTURA RD N",0.00,,Y,A,-,N,,,,,,,,,,Y,4,0,1,2,A,-,09,21801,A,N,D,C,A,A,H,-,A,A,0,,,,,Y,,A,01,0,0,1,0,0,0,0,0,0,"- ","- ",34.195140838623047,-119.19481658935547,VENTURA,OXNARD,-119.19490051269531,34.195140838623047
91964930,2023,2023-01-10,9770,2023-01-05,"907 ",021341,,4,1,6,5609,0,1,3,,2,082,"SR-118 W/B (RONALD REAGAN FREEWAY)","KUEHNER DRIVE",175.00,W,N,B,C,Y,VEN,,118," ",R,30.503,H,,L,N,3,0,1,1,A,-,03,22350,,N,E,I,A,B,H,-,A,D,0,,,,,Y,,A,07,0,1,0,0,0,0,0,0,0,"- ","- ",34.279159545898438,-118.66275024414062,VENTURA,"SIMI VALLEY",-118.66273498535156,34.279243469238281
91966511,2022,2023-01-12,9770,2022-12-30,1810,020849,,5,2,9,5600,0,1,3,,1,052,"SR-118 (EAST LOS ANGELES AVE)","BALCOM CANYON RD.",515.00,E,N,C,-,Y,VEN,,118,,,13.292,H,,R,Y,3,0,2,3,A,-,03,22350,,N,C,C,A,B,H,-,D,D,0,,,,,Y,,A,01,0,2,0,0,0,0,0,0,0,"- ","- ",34.269081115722656,-118.9541015625,VENTURA,UNINCORPORATED,-118.95409393310547,34.269065856933594
91969721,2022,2023-01-17,9770,2022-12-31,1910,021738,,6,2,4,5690,0,1,3,,2,081,"SR-118 E/B (LOS ANGELES AVENUE)","PRINCETON AVE. UNDERCROSSING",50.00,W,N,B,C,Y,VEN,,118,,T,19.116,H,,R,N,4,0,2,2,A,-,03,22350,,M,C,C,A,B,H,-,C,D,0,,,,,Y,,-,99,0,0,2,0,0,0,0,0,0,"- ","- ",34.292331695556641,-118.85794067382812,VENTURA,MOORPARK,-118.85794067382812,34.292350769042969
91972160,2023,2023-01-19,9770,2023-01-14,1105,023089,,6,1,4,5690,0,1,3,,2,080,"SR-118 W/B (RONALD REAGAN FREEWAY)","COLLINS DRIVE O/C",2190.00,E,N,B,C,Y,VEN,,118," ",T,20.410,H,,L,Y,4,0,1,1,A,-,03,22350,,N,E,I,A,B,H,-,A,D,0,,,,,Y,,A,01,0,0,1,0,0,0,0,0,0,"- ","- ",34.293190002441406,-118.83535003662109,VENTURA,MOORPARK,-118.83533477783203,34.293231964111328
91972987,2023,2023-03-17,9770,2023-01-13,"610 ",023088,,5,1,9,5600,0,1,3,,1,051,"SR-118 (LOS ANGELES AVE.)","BALCOM CANYON ROAD",2112.00,W,N,A,-,Y,VEN,,118," "," ",12.769,H,,R,Y,3,0,1,2,A,-,05,21651,A,N,D,C,A,A,H,-,C,D,0,,,,,Y,,A,01,0,1,0,0,0,0,0,0,0,"- ","- ",34.267738342285156,-118.96282196044922,VENTURA,UNINCORPORATED,-118.96280670166016,34.267692565917969
91976606,2023,2023-01-25,9765,2023-01-13,1245,017253,,5,1,9,5600,0,1,3,,1,020,"SR-33 (N. VENTURA AVE)","RANCH ROAD",80.00,N,N,B,-,Y,VEN,,33," "," ",6.610,H,,R,N,3,0,1,2,A,-,11,21954,A,F,G,B,D,A,H,-,A,D,0,Y,,,,Y,,N,60,0,1,0,0,1,0,0,0,0,"- ","- ",34.366241455078125,-119.30641174316406,VENTURA,UNINCORPORATED,-119.30633544921875,34.366245269775391
9197682,2020,2021-01-12,5608,2020-11-22,1305,532,,7,5,6,5608,0,0,0,,0,002,"EAST THOMPSON BL","ANACAPA ST",0.00,,Y,A,-,N,,,,,,,,,,N,2,0,1,2,A,-,06,21754,,N,B,C,A,A,H,-,A,D,0,,,Y,,Y,,C,02,1,0,0,0,0,0,0,0,1,"- ","- ",,,VENTURA,VENTURA,-119.27120208740234,34.274528503417969
91982756,2023,2023-01-31,9770,2023-01-27,"802 ",023088,,5,1,6,5607,0,1,2,,2,073,"US-101 S/B (VENTURA FREEWAY)","VENTU PARK ROAD",2112.00,S,N,A,-,Y,VEN,,101," "," ",5.776,H,,L,Y,3,0,1,2,A,-,03,22350,,N,C,C,A,A,H,-,A,D,0,,,,Y,Y,,D,22,0,1,0,0,0,0,0,0,0,"- ","- ",34.184291839599609,-118.904052734375,VENTURA,"THOUSAND OAKS",-118.904052734375,34.184322357177734
91982896,2023,2023-01-31,9770,2023-01-27,"910 ",017973,,5,1,6,5607,0,1,2,,2,075,"US-101 S/B (VENTURA FREEWAY)","HAMPSHIRE ROAD",1600.00,N,N,A,-,Y,VEN,,101," "," ",1.943,H,,L,N,2,0,1,1,A,-,08,22107,,N,E,I,A,A,H,-,A,D,0,,,,,Y,,A,01,1,0,0,0,0,0,0,0,0,"- ","- ",34.168701171875,-118.84229278564453,VENTURA,"THOUSAND OAKS",-118.84219360351562,34.168800354003906
91985202,2023,2023-02-02,9770,2023-01-24,1634,019849,,2,2,6,5607,0,1,3,,2,076,"SR-23 N/B (MOORPARK FREEWAY)","PAIGE LANE",5.00,N,N,A,-,Y,VEN,,23," ",R,4.367,H,,R,Y,4,0,1,2,A,-,03,22350,,N,C,C,A,A,H,-,A,D,0,,,,,Y,,A,01,0,0,1,0,0,0,0,0,0,"- ","- ",34.190589904785156,-118.8619384765625,VENTURA,"THOUSAND OAKS",-118.86190795898438,34.190586090087891
91986008,2023,2023-02-03,9765,2023-01-28,1802,021999,,6,2,6,5608,0,1,2,,2,301,"US-101 S/B (VENTURA FREEWAY)","SR-126 (SANTA PAULA FREEWAY)",1320.00,S,N,A,-,Y,VEN,,101," "," ",26.519,H,,L,N,4,0,2,2,A,-,08,22107,,M,B,C,A,A,H,-,C,D,0,,,,,Y,,-,99,0,0,2,0,0,0,0,0,0,"- ","- ",34.264949798583984,-119.23959350585938,VENTURA,VENTURA,-119.23959350585938,34.264965057373047
91986114,2023,2023-02-03,9765,2023-01-30,"12  ",018884,,1,3,6,5604,0,1,2,,2,302,"US 101 NORTHBOUND (VENTURA FREEWAY)","VINEYARD AVENUE",900.00,N,N,B,C,Y,VEN,,101," "," ",22.175,H,,R,Y,4,0,2,2,C,-,18,,,N,E,J,A,B,H,-,C,D,0,,,,,Y,,-,"- ",0,0,2,0,0,0,0,0,0,"- ","- ",34.234001159667969,-119.17484283447266,VENTURA,OXNARD,-119.17475891113281,34.234043121337891
91990932,2023,2023-02-09,9770,2023-02-08,1715,017662,,3,2,6,5607,0,1,2,,2,074,"US-101 N/B (VENTURA FREEWAY)","CONEJO SCHOOL ROAD",1320.00,N,N,A,-,Y,VEN,,101," "," ",2.492,H,,R,N,3,0,1,2,A,-,07,21658,A,N,C,C,A,A,H,-,B,D,0,,,Y,,Y,,A,01,0,1,0,0,0,0,0,0,1,"- ","- ",34.173980712890625,-118.84944915771484,VENTURA,"THOUSAND OAKS",-118.84945678710938,34.173973083496094
91996030,2023,2023-02-16,9765,2023-02-11,1550,022318,,6,2,9,5600,0,1,3,,2,063,"RICE AVENUE","WOOLEY ROAD",620.00,N,N,A,-,N,,,,,,,,,,N,3,0,2,2,A,-,03,22350,,N,C,C,A,A,H,-,A,D,0,,,,,Y,,A,07,0,2,0,0,0,0,0,0,0,"- ","- ",34.191349029541016,-119.14228820800781,VENTURA,UNINCORPORATED,-119.14244079589844,34.191421508789062
9200010,2020,2021-01-21,5600,2020-12-05,1830,5279,9158,6,5,6,5607,0,0,0,,0,9D01,"WESTLAKE BL",HAMPSHIRE,0.00,,Y,A,-,Y,VEN,7,23,-,R,2.880,I,5,S,Y,4,0,1,2,A,-,12,21453,A,N,D,C,A,A,H,-,C,A,0,,,,,Y,,-,"- ",0,0,1,0,0,0,0,0,0,"- ","- ",,,VENTURA,"THOUSAND OAKS",-118.82917022705078,34.152168273925781
92001381,2023,2023-10-11,9765,2023-02-15,"900 ",017253,,3,1,9,5600,0,1,2,,1,101,"RINCON BIKE PATH (US-101 S/B)","SANTA BARBARA AVE",3225.00,N,N,A,-,N,,,,,,,,,,N,3,0,1,1,A,-,03,22350,,N,E,A,A,A,H,-,A,D,0,,Y,,,Y,,L,04,0,1,0,0,0,0,1,0,0,"- ","- ",34.368999481201172,-119.45397186279297,VENTURA,UNINCORPORATED,-119.45389556884766,34.369064331054688
9200191,2020,2021-02-10,5604,2020-12-18,1507,5615,,5,5,6,5604,0,0,0,,0,011,"N VENTURA RD","ANNA WY",0.00,,Y,A,-,N,,,,,,,,,,Y,4,0,2,2,A,-,09,21801,B,N,D,C,A,A,H,-,A,D,0,,,,,Y,,D,22,0,0,2,0,0,0,0,0,0,"- ","- ",,,VENTURA,OXNARD,-119.19467926025391,34.217300415039062
9200386,2020,2021-02-23,5604,2020-12-22,1425,5623,,2,5,6,5604,0,0,0,,0,012,"E GONZALES  RD","N ROSE AVE N",0.00,,Y,A,-,N,,,,,,,,,,Y,4,0,1,2,A,-,09,21453,C,N,A,C,A,A,H,-,A,A,0,,,,,Y,,A,07,0,0,1,0,0,0,0,0,0,"- ","- ",,,VENTURA,OXNARD,-119.15843200683594,34.218990325927734
9200387,2020,2021-02-23,5604,2020-12-19,1034,4653,,6,5,6,5604,0,0,0,,0,011,"W GONZALES RD","PATTERSON RD",0.00,,Y,A,-,N,,,,,,,,,,Y,3,0,2,2,A,-,08,22107,,N,D,C,A,A,H,-,A,A,0,,,,,Y,,A,01,0,2,0,0,0,0,0,0,0,"- ","- ",,,VENTURA,OXNARD,-119.20716094970703,34.219451904296875
9200395,2020,2021-02-23,5604,2020-12-12,1639,5435,,6,5,6,5604,0,0,0,,0,024,"S C ST","W ELM ST",0.00,,Y,A,-,N,,,,,,,,,,Y,3,0,1,2,A,-,09,21800,A,M,D,C,A,A,H,-,A,D,0,,,,,Y,,A,01,0,1,0,0,0,0,0,0,0,"- ","- ",34.183498382568359,-119.18119812011719,VENTURA,OXNARD,-119.18128204345703,34.183620452880859
92006902,2023,2023-03-01,9765,2023-02-22,1245,016234,,3,1,9,5600,0,1,3,,1,055,"SR-118 (LOS ANGELES AVE)","LA VISTA AVE",1200.00,W,N,A,G,Y,VEN,,118," "," ",5.003,H,,R,N,2,0,1,1,A,-,17,22109,,N,F,A,A,A,H,-,A,D,0,,,Y,,Y,,C,02,1,0,0,0,0,0,0,0,1,"- ","- ",34.262580871582031,-119.0972900390625,VENTURA,UNINCORPORATED,-119.0972900390625,34.262580871582031
92010131,2023,2023-03-06,9770,2023-02-24,1350,021738,,5,1,4,5690,0,1,3,,2,081,"SR-118 E/B (RONALD REAGAN FREEWAY)","COLLINS DRIVE OVERCROSSING",1584.00,E,N,B,C,Y,VEN,,118," ",R,20.603,H,,R,Y,4,0,1,2,A,-,03,22350,,M,E,I,A,B,H,-,A,D,0,,,,Y,Y,Y,A,01,0,0,1,0,0,0,0,0,0,"- ","- ",34.292510986328125,-118.83241271972656,VENTURA,MOORPARK,-118.83245086669922,34.29229736328125
9201730,2020,2021-02-24,5604,2020-12-13,1507,5508,,7,5,6,5604,0,0,0,,0,024,"S PATTERSON RD","DOMINICA DR",0.00,,Y,B,-,N,,,,,,,,,,Y,3,0,1,2,A,-,09,21800,A,N,H,A,A,A,H,-,A,D,0,,,Y,,Y,,-,99,0,1,0,0,0,0,0,0,1,"- ","- ",34.186870574951172,-119.20818328857422,VENTURA,OXNARD,-119.20807647705078,34.186920166015625
92018703,2023,2023-03-15,9765,2023-03-08,"740 ",016234,,3,1,9,5600,0,3,5,,2,005,"STROUBE STREET","KENNY STREET",0.00,,Y,A,-,N,,,,,,,,,,N,4,0,1,2,A,-,21,22106,,N,D,G,A,A,H,-,A,D,0,,Y,,,Y,,A,01,0,0,1,0,0,0,1,0,0,"- ","- ",34.230068206787109,-119.15914154052734,VENTURA,UNINCORPORATED,-119.1590576171875,34.230140686035156
9202456,2020,2021-02-16,5608,2020-12-10,1600,439,,4,5,6,5608,0,0,0,,0,003,"VARSITY ST","DEAN DR",30.00,S,N,A,-,N,,,,,,,,,,N,3,0,1,2,A,-,10,21950,,N,G,B,C,A,H,-,A,D,0,Y,,,,Y,,A,01,0,1,0,0,1,0,0,0,0,"- ","- ",,,VENTURA,VENTURA,-119.23629760742188,34.270370483398438
9202457,2020,2021-02-16,5608,2020-12-01,2338,520,,2,5,6,5608,0,0,0,,0,003,"BLACKBURN RD","S PETIT AV",0.00,,Y,A,-,N,,,,,,,,,,Y,3,0,1,1,A,-,08,22107,,N,F,I,A,A,H,-,C,D,0,,,,,Y,,A,07,0,1,0,0,0,0,0,0,0,"- ","- ",,,VENTURA,VENTURA,-119.17710876464844,34.277790069580078
92035320,2023,2023-04-03,9770,2023-03-22,1205,023147,,3,1,6,5609,0,1,3,,2,080,"SR-118 W/B (RONALD REAGAN FREEWAY)","MADERA ROAD",348.00,W,N,B,C,Y,VEN,,118," ",R,22.933,H,,L,Y,4,0,1,2,A,-,03,22350,,M,B,C,A,B,H,-,A,D,0,,,,,Y,,A,01,0,0,1,0,0,0,0,0,0,"- ","- ",34.284599304199219,-118.79385375976562,VENTURA,"SIMI VALLEY",-118.79384613037109,34.284603118896484
92040866,2023,2023-04-10,9765,2023-04-02,1335,022472,,7,1,6,5608,0,1,2,,2,103,"US 101 S/B (VENTURA FREEWAY)","CALIFORNIA STREET OVERCROSSING",850.00,N,N,A,-,Y,VEN,,101," "," ",30.316,H,,L,Y,4,0,3,2,A,-,03,22350,,N,C,C,A,A,H,-,A,A,0,,,,,Y,,A,01,0,0,3,0,0,0,0,0,0,"- ","- ",34.277370452880859,-119.29602813720703,VENTURA,VENTURA,-119.29602813720703,34.277351379394531
92045020,2023,2023-04-14,9770,2023-04-12,"800 ",023131,,3,1,9,5600,0,1,3,,1,057,"SR-23 (GRIMES CYN ROAD)","SAN MARINO OIL COMPANY ROAD",4118.00,S,N,B,-,Y,VEN,,23," ",R,21.201,H,,R,Y,3,0,1,2,A,-,05,21460,A,N,B,C,A,A,H,-,A,D,0,,,,,Y,,A,01,0,1,0,0,0,0,0,0,0,"- ","- ",34.355030059814453,-118.91980743408203,VENTURA,UNINCORPORATED,-118.91983795166016,34.355014801025391
92047598,2023,2023-04-18,9765,2023-04-07,1115,018332,,5,1,9,5600,0,3,5,,2,004,"FOOTHILL ROAD","WHEELER CANYON RD",1165.00,E,N,A,-,N,,,,,,,,,,Y,3,0,1,1,A,-,01,23152,A,N,E,I,A,A,H,-,A,D,0,,,,,Y,Y,D,22,0,1,0,0,0,0,0,0,0,"- ","- ",34.335300445556641,-119.13594055175781,VENTURA,UNINCORPORATED,-119.13605499267578,34.335456848144531
92047797,2023,2023-04-18,9765,2023-04-11,1655,021999,,2,2,9,5600,0,3,5,,2,006,"HUENEME ROAD","WOOD ROAD",950.00,E,N,B,-,N,,,,,,,,,,Y,3,0,2,3,A,-,03,22350,,N,C,C,A,A,H,-,A,A,0,,,,,Y,,A,01,0,1,1,0,0,0,0,0,0,"- ","- ",34.148300170898438,-119.09396362304688,VENTURA,UNINCORPORATED,-119.09393310546875,34.148323059082031
92053575,2023,2023-04-26,9770,2023-04-20,1840,016383,,4,2,6,5607,0,1,2,,2,074,"US-101 N/B (VENTURA FWY)","MOORPARK ROAD",1056.00,S,N,A,-,Y,VEN,,101," "," ",3.791,H,,R,Y,3,0,6,3,A,-,03,22350,,N,C,C,A,A,H,-,A,D,0,,,,,Y,,A,07,0,1,5,0,0,0,0,0,0,"- ","- ",34.177150726318359,-118.87152862548828,VENTURA,"THOUSAND OAKS",-118.87153625488281,34.177066802978516
92058063,2023,2023-05-01,9765,2023-04-23,1825,022318,,7,2,9,5600,0,1,3,,2,040,"SR-126 E/B (SANTA PAULA FREEWAY)","HALLOCK DRIVE",17.00,W,N,A,-,Y,VEN,,126," ",R,13.233,H,,R,N,3,0,1,2,A,-,03,22350,,N,C,C,A,A,H,-,A,A,0,,,,,Y,,A,01,0,1,0,0,0,0,0,0,0,"- ","- ",34.360000610351562,-119.04163360595703,VENTURA,UNINCORPORATED,-119.04159545898438,34.359973907470703
92067826,2023,2023-05-12,9765,2023-05-09,"625 ",016234,,2,1,9,5600,0,3,5,,2,005,"SANTA CLARA AVE","FRIEDRICH RD",1500.00,N,N,A,-,N,,,,,,,,,,Y,3,0,3,2,A,-,09,21804,A,N,D,C,A,A,H,-,A,D,0,,,,,Y,,A,07,0,1,2,0,0,0,0,0,0,"- ","- ",34.2335205078125,-119.13134765625,VENTURA,UNINCORPORATED,-119.13135528564453,34.233547210693359
9206932,2020,2021-01-22,5608,2020-11-24,1414,429,,2,5,6,5608,0,0,0,,0,002,"LOMA VISTA RD","HILLMONT AV",327.00,W,N,A,-,N,,,,,,,,,,Y,4,0,1,2,A,-,08,22107,,N,B,E,A,A,H,-,A,A,0,,,,,Y,,-,,0,0,1,0,0,0,0,0,0,"- ","- ",,,VENTURA,VENTURA,-119.25476837158203,34.275794982910156
92071660,2023,2023-05-18,9765,2023-05-10,"628 ",020763,,3,1,9,5600,0,3,5,,2,005,"ALVARADO ST.","STROUBE ST.",0.00,,Y,A,-,N,,,,,,,,,,N,4,0,1,2,A,-,10,21950,A,N,G,B,B,A,H,-,A,A,0,Y,,,,Y,,A,01,0,0,1,0,1,0,0,0,0,"- ","- ",34.231708526611328,-119.16143035888672,VENTURA,UNINCORPORATED,-119.16146087646484,34.231788635253906
92071852,2023,2023-05-18,9770,2023-05-12,1410,020169,,5,2,6,5607,0,1,3,,2,076,"SR-23 N/B (MOORPARK FREEWAY)","PAIGE LANE",20.00,S,N,A,-,Y,VEN,,23," ",R,4.344,H,,R,Y,4,0,1,2,A,-,03,22350,,N,C,C,A,A,H,-,A,A,0,,,,,Y,,A,01,0,0,1,0,0,0,0,0,0,"- ","- ",34.190189361572266,-118.86199951171875,VENTURA,"THOUSAND OAKS",-118.86199951171875,34.190189361572266
92072187,2023,2023-05-18,9765,2023-05-06,2331,022488,,6,3,9,5600,0,3,5,,2,005,"SIMON WAY","CITRUS STREET",634.00,E,N,A,-,N,,,,,,,,,,N,3,0,1,2,A,-,21,22106,,N,D,E,A,A,H,-,C,D,0,,,,,Y,Y,A,01,0,1,0,0,0,0,0,0,0,"- ","- ",34.241611480712891,-119.16043853759766,VENTURA,UNINCORPORATED,-119.16047668457031,34.241695404052734
92073941,2023,2023-05-22,9770,2023-05-17,"800 ",018942,,3,1,4,5690,0,1,3,,2,085,"SR-23 S/B (MOORPARK FREEWAY)","TIERRA REJADA ROAD",1584.00,N,N,A,-,Y,VEN,,23," ",R,10.517,H,,L,Y,4,0,1,5,A,-,03,22350,,N,C,C,A,A,H,-,A,D,0,,,,,Y,,A,07,0,0,1,0,0,0,0,0,0,"- ","- ",34.270671844482422,-118.85460662841797,VENTURA,MOORPARK,-118.85463714599609,34.270656585693359
92074110,2023,2023-05-22,9765,2023-05-14,"450 ",022397,,7,3,6,5608,0,1,2,,2,301,"US-101 S/B (VENTURA FREEWAY)","TELEPHONE ROAD",964.00,N,N,B,-,Y,VEN,,101," "," ",26.668,H,,L,Y,3,0,1,1,A,-,01,23152,A,N,E,A,A,A,H,-,D,D,0,,,,,Y,Y,A,01,0,1,0,0,0,0,0,0,0,"- ","- ",34.264541625976562,-119.24204254150391,VENTURA,VENTURA,-119.24207305908203,34.264636993408203
92076366,2023,2023-05-24,9765,2023-05-20,1250,021349,,6,1,6,5608,0,1,3,,1,031,"SR-126 W/B TO MAIN ST","MAIN STREET",2050.00,E,N,B,-,Y,VEN,,126," "," ",0.006,H,,L,Y,4,0,1,2,A,-,03,22350,,N,C,C,A,A,H,-,A,D,0,,,,,Y,,A,01,0,0,1,0,0,0,0,0,0,"- ","- ",34.265880584716797,-119.23760986328125,VENTURA,VENTURA,-119.23759460449219,34.265834808349609
92086752,2023,2023-06-06,9770,2023-05-30,1650,021738,,2,2,6,5609,0,1,3,,2,083,"SR-118 E/B (RONALD REAGAN FREEWAY)","FIRST STREET OVERCROSSING",180.00,W,N,A,-,Y,VEN,,118," ",R,23.773,H,,R,Y,4,0,1,3,A,-,03,22350,,N,C,C,A,A,H,-,A,D,0,,,,,Y,,A,01,0,0,1,0,0,0,0,0,0,"- ","- ",34.282180786132812,-118.77970886230469,VENTURA,"SIMI VALLEY",-118.77970886230469,34.282131195068359
92086928,2023,2023-06-06,9765,2023-05-30,2047,022387,,2,2,9,5600,0,1,3,,1,055,"SR-118 (W. LOS ANGELES AVE)","WALNUT AVENUE",1453.00,E,N,A,-,Y,VEN,,118," "," ",6.489,H,,R,Y,2,0,2,2,A,-,06,21751,,N,A,C,A,A,H,-,D,D,0,,,,,Y,,A,07,1,1,0,0,0,0,0,0,0,"- ","- ",34.263671875,-119.07185363769531,VENTURA,UNINCORPORATED,-119.07185363769531,34.263687133789062
92086979,2022,2023-06-06,9765,2022-10-12,1610,022453,,3,2,9,5600,0,1,3,,1,021,"SR-33 (MARICOPA HIGHWAY)","MILE MARKER 22-80",5.00,S,N,A,-,Y,VEN,,33,,,22.792,H,,R,Y,1,1,1,1,A,-,08,22107,,N,F,I,A,B,H,-,A,D,0,,,,,Y,,A,07,1,0,0,0,0,0,0,0,0,"- ","- ",34.530849456787109,-119.26481628417969,VENTURA,UNINCORPORATED,-119.26478576660156,34.530735015869141
9208845,2021,2021-03-16,5600,2021-01-10,1815,3147,9028,7,5,6,5607,0,0,0,,0,9B01,"AVENIDA DE LOS ARBOLES","OAK BROOK MALL",0.00,,Y,A,-,N,,,,,,,,,,Y,4,0,1,2,A,-,09,21801,A,N,H,C,A,A,H,-,C,A,0,,,Y,,Y,,A,01,0,0,1,0,0,0,0,0,1,"- ","- ",,,VENTURA,"THOUSAND OAKS",-118.84523773193359,34.2113037109375
92090059,2023,2023-06-09,9765,2023-06-03,1800,021999,,6,2,9,5600,0,3,5,,2,005,"BRADLEY ROAD","COYOTE CANYON ROAD",1000.00,E,N,A,-,N,,,,,,,,,,N,4,0,1,1,A,-,01,23152,A,N,E,I,A,A,H,-,A,D,0,,,,,Y,Y,D,22,0,0,1,0,0,0,0,0,0,"- ","- ",34.304149627685547,-118.99495697021484,VENTURA,UNINCORPORATED,,
92097228,2023,2023-06-19,9765,2023-06-09,2110,022387,,5,2,9,5600,0,3,5,,2,005,"BEARDSLEY ROAD","CENTRAL AVENUE",40.00,S,N,A,-,N,,,,,,,,,,Y,3,0,1,1,A,-,03,22350,,M,A,I,A,A,H,-,C,A,0,,,,,Y,Y,A,07,0,1,0,0,0,0,0,0,0,"- ","- ",34.229728698730469,-119.11231994628906,VENTURA,UNINCORPORATED,-119.11224365234375,34.229888916015625