CASE_ID,ACCIDENT_YEAR,PROC_DATE,JURIS,COLLISION_DATE,COLLISION_TIME,OFFICER_ID,REPORTING_DISTRICT,DAY_OF_WEEK,CHP_SHIFT,POPULATION,CNTY_CITY_LOC,SPECIAL_COND,BEAT_TYPE,CHP_BEAT_TYPE,CITY_DIVISION_LAPD,CHP_BEAT_CLASS,BEAT_NUMBER,PRIMARY_RD,SECONDARY_RD,DISTANCE,DIRECTION,INTERSECTION,WEATHER_1,WEATHER_2,STATE_HWY_IND,CALTRANS_COUNTY,CALTRANS_DISTRICT,STATE_ROUTE,ROUTE_SUFFIX,POSTMILE_PREFIX,POSTMILE,LOCATION_TYPE,RAMP_INTERSECTION,SIDE_OF_HWY,TOW_AWAY,COLLISION_SEVERITY,NUMBER_KILLED,NUMBER_INJURED,PARTY_COUNT,PRIMARY_COLL_FACTOR,PCF_CODE_OF_VIOL,PCF_VIOL_CATEGORY,PCF_VIOLATION,PCF_VIOL_SUBSECTION,HIT_AND_RUN,TYPE_OF_COLLISION,MVIW,PED_ACTION,ROAD_SURFACE,ROAD_COND_1,ROAD_COND_2,LIGHTING,CONTROL_DEVICE,CHP_ROAD_TYPE,PEDESTRIAN_ACCIDENT,BICYCLE_ACCIDENT,MOTORCYCLE_ACCIDENT,TRUCK_ACCIDENT,NOT_PRIVATE_PROPERTY,ALCOHOL_INVOLVED,STWD_VEHTYPE_AT_FAULT,CHP_VEHTYPE_AT_FAULT,COUNT_SEVERE_INJ,COUNT_VISIBLE_INJ,COUNT_COMPLAINT_PAIN,COUNT_PED_KILLED,COUNT_PED_INJURED,COUNT_BICYCLIST_KILLED,COUNT_BICYCLIST_INJURED,COUNT_MC_KILLED,COUNT_MC_INJURED,PRIMARY_RAMP,SECONDARY_RAMP,LATITUDE,LONGITUDE,COUNTY,CITY,POINT_X,POINT_Y
9469655,2023,2023-09-13,5604,2023-08-17,1458,5723,,4,5,6,5604,0,0,0,,0,031,"EAST 5TH ST","RICE AV",2343.00,E,N,A,-,N,,,,,,,,,,,3,0,5,2,A,-,03,22350,I,N,C,C,A,A,H,-,A,A,0,,,,,Y,,A,01,0,1,4,0,0,0,0,0,0,"- ","- ",,,VENTURA,OXNARD,-119.13465118408203,34.196849822998047
9469706,2023,2023-09-14,5604,2023-08-22,2321,4914,,2,5,6,5604,0,0,0,,0,021,"W CHANNEL ISLANDS BL","HARBOR BL",300.00,E,N,A,-,N,,,,,,,,,,Y,4,0,1,1,A,-,08,22107,,M,E,I,A,A,H,-,C,D,0,,,,,Y,Y,D,22,0,0,1,0,0,0,0,0,0,"- ","- ",34.175678253173828,-119.22486877441406,VENTURA,OXNARD,-119.23164367675781,34.174869537353516
9469801,2023,2023-09-20,5604,2023-07-13,1852,5737,,4,5,6,5604,0,0,0,,0,011,"N VENTURA RD","DORIS DR",0.00,,Y,A,-,N,,,,,,,,,,Y,2,0,1,2,A,-,09,21801,A,F,D,C,A,A,H,-,A,A,0,,,Y,,Y,,-,,1,0,0,0,0,0,0,0,1,"- ","- ",34.205940246582031,-119.1947021484375,VENTURA,OXNARD,-119.19464111328125,34.208362579345703
9469812,2023,2023-09-21,5604,2023-07-10,1544,5674,,1,5,6,5604,0,0,0,,0,014,"H ST","ERICA PL",50.00,N,N,A,-,N,,,,,,,,,,N,4,0,1,2,A,-,03,22350,1,N,C,C,A,A,H,-,A,D,0,,,,,Y,,A,01,0,0,1,0,0,0,0,0,0,"- ","- ",34.223690032958984,-119.18624877929688,VENTURA,OXNARD,-119.18625640869141,34.223846435546875
9469817,2023,2023-09-20,5604,2023-07-03,1422,5650,,1,5,6,5604,0,0,0,,0,014,"W VINEYARD AV","N H ST N",0.00,,Y,A,-,N,,,,,,,,,,Y,4,0,1,2,A,-,09,21801,A,F,D,C,A,A,H,-,A,A,0,,,,,Y,,A,01,0,0,1,0,0,0,0,0,0,"- ","- ",34.229290008544922,-119.18618011474609,VENTURA,OXNARD,-119.18618011474609,34.229251861572266
9469830,2023,2023-09-25,5604,2023-07-26,1134,4942,,3,5,6,5604,0,0,0,,0,011,"VENTURA RD","IVYWOOD DR",15.00,S,N,A,-,N,,,,,,,,,,N,3,0,1,2,A,-,08,22107,,F,B,G,A,A,H,-,A,D,0,,Y,,,Y,Y,A,01,0,1,0,0,0,0,1,0,0,"- ","- ",,,VENTURA,OXNARD,-119.19471740722656,34.216007232666016
9469840,2023,2023-09-28,5604,2023-07-25,1433,5631,4,2,5,6,5604,0,0,0,,0,041,"CASCADE AV","C ST",40.00,E,N,A,-,N,,,,,,,,,,N,3,0,1,2,A,-,03,22350,,N,C,E,A,A,H,-,A,A,0,,,,,Y,,-,,0,1,0,0,0,0,0,0,0,"- ","- ",34.164291381835938,-119.18070220947266,VENTURA,OXNARD,-119.18058776855469,34.164375305175781
9469904,2023,2023-10-09,5604,2023-08-15,1320,5567,24,2,5,6,5604,0,0,0,,0,5567,"W WOOLEY RD","S C ST S",0.00,,Y,A,-,N,,,,,,,,,,Y,4,0,1,2,A,-,12,21453,A,N,D,C,A,A,H,-,A,A,0,,,,,Y,,A,07,0,0,1,0,0,0,0,0,0,"- ","- ",34.189929962158203,-119.18115234375,VENTURA,OXNARD,-119.18119049072266,34.189956665039062
9469917,2023,2023-10-04,5604,2023-08-10,1525,5681,,4,5,6,5604,0,0,0,,0,012,"E GONZALES RD","BAHIA DR",219.00,N,N,A,-,N,,,,,,,,,,N,4,0,1,2,A,-,05,21650,1,N,D,G,A,A,H,-,A,A,0,,Y,,,Y,,L,04,0,0,1,0,0,0,1,0,0,"- ","- ",,,VENTURA,OXNARD,-119.175048828125,34.218990325927734
9469945,2023,2023-09-21,5604,2023-07-05,2218,4591,,3,5,6,5604,0,0,0,,0,021,"MANDALAY BEACH RD","SUNSET LN",320.00,N,N,B,-,N,,,,,,,,,,Y,3,0,1,4,C,-,18,,,N,C,C,A,A,H,-,C,D,0,,,,,Y,,-,"- ",0,1,0,0,0,0,0,0,0,"- ","- ",34.176570892333984,-119.23474884033203,VENTURA,OXNARD,-119.23509216308594,34.177402496337891
94711596,2025,2025-06-03,9765,2025-05-25,2205,024275,,7,3,2,5603,0,3,5,,2,002,"REEVES ROAD","MCNELL ROAD",945.00,N,N,A,-,N,,,,,,,,,,Y,3,0,1,1,A,-,08,22107,,N,E,I,A,A,H,-,D,B,0,,,,,Y,,A,01,0,1,0,0,0,0,0,0,0,"- ","- ",34.448188781738281,-119.19465637207031,VENTURA,OJAI,-119.19456481933594,34.448135375976562
94716207,2025,2025-06-06,9765,2025-05-31,1719,023638,,6,2,6,5608,0,1,2,,2,301,"US-101 S/B (VENTURA FREEWAY)","VICTORIA AVENUE",185.00,N,N,A,-,Y,VEN,,101," ",R,24.710,H,,L,N,4,0,2,3,A,-,03,22350,,N,C,C,A,A,H,-,A,D,0,,,,,Y,,A,01,0,0,2,0,0,0,0,0,0,"- ","- ",34.252948760986328,-119.21182250976562,VENTURA,VENTURA,-119.21185302734375,34.252914428710938
94720220,2025,2025-06-10,9765,2025-06-04,"730 ",017395,,3,1,6,5604,0,1,3,,2,060,"SR-1 TO PLEASANT VALLEY ROAD","SR-1 N/B TO PLEASANT VALLEY ROAD",45.00,S,N,B,-,Y,,,,,,,,,,N,4,0,1,2,A,-,21,22106,,N,C,C,A,A,H,-,A,A,0,,,,,Y,,A,01,0,0,1,0,0,0,0,0,0,"- ","- ",34.166599273681641,-119.14128112792969,VENTURA,OXNARD,-119.16826629638672,34.182590484619141
9472155,2022,2022-07-20,5604,2022-06-26,1600,5585,,7,5,6,5604,0,0,0,,0,021,"SOUTH VICTORIA AV","WOOLEY RD",300.00,S,N,A,-,N,,,,,,,,,,N,4,0,1,3,A,-,21,22106,,N,G,B,D,A,H,-,A,D,0,Y,,,,Y,,A,01,0,0,1,0,1,0,0,0,0,"- ","- ",34.188339233398438,-119.22190093994141,VENTURA,OXNARD,-119.22135925292969,34.189567565917969
9472158,2022,2022-07-20,5604,2022-06-23,1836,5530,,4,5,6,5604,0,0,0,,0,041,"CHANNEL ISLANDS BL","ROSE AV",20.00,W,N,A,-,N,,,,,,,,,,Y,4,0,1,3,-,-,"- ",,,N,B,C,A,A,H,-,A,A,0,,,,,Y,,A,07,0,0,1,0,0,0,0,0,0,"- ","- ",34.17327880859375,-119.16002655029297,VENTURA,OXNARD,-119.16023254394531,34.173221588134766
9472160,2022,2022-07-20,5604,2022-06-22,1646,5650,,3,5,6,5604,0,0,0,,0,042,"S C ST","W PLEASANT VALLEY RD",0.00,,Y,A,-,N,,,,,,,,,,Y,3,0,6,2,A,-,09,21801,A,N,D,C,A,A,H,-,A,A,0,,,,,Y,,A,01,0,1,5,0,0,0,0,0,0,"- ","- ",34.154720306396484,-119.18058776855469,VENTURA,OXNARD,-119.18060302734375,34.154720306396484
9472162,2022,2022-07-21,5604,2022-06-21,1115,5135,,2,5,6,5604,0,0,0,,0,024,"W GUAVA ST","C ST",0.00,,Y,A,-,N,,,,,,,,,,N,4,0,2,2,A,-,09,21801,A,N,D,C,A,A,H,-,A,D,0,,,,,Y,,A,01,0,0,2,0,0,0,0,0,0,"- ","- ",34.181919097900391,-119.18126678466797,VENTURA,OXNARD,-119.18128204345703,34.181964874267578
94722258,2025,2025-06-26,9770,2025-05-30,"550 ",022443,,5,3,9,5600,0,1,3,,1,044,"SR-126 W/B (E TELEGRAPH ROAD)","MAIN ST.",350.00,W,N,A,-,Y,VEN,,126," ",R,28.290,H,,L,Y,3,0,2,2,A,-,09,21801,A,N,D,2,A,A,H,-,A,D,0,,,,,Y,,A,01,0,1,1,0,0,0,0,0,0,"- ","- ",34.404758453369141,-118.79547882080078,VENTURA,UNINCORPORATED,-118.79544830322266,34.40472412109375
9473102,2022,2022-08-08,5608,2022-07-19,1439,539,,2,5,6,5608,0,0,0,,0,004,"SOUTH VICTORIA AV","RALSTON ST",105.00,S,N,A,-,N,,,,,,,,,,Y,3,0,1,3,A,-,08,22107,,N,B,C,A,A,H,-,A,A,0,,,,,Y,,A,01,0,1,0,0,0,0,0,0,0,"- ","- ",,,VENTURA,VENTURA,-119.21159362792969,34.260776519775391
94733707,2025,2025-06-20,9765,2025-06-07,"620 ",019884,,6,1,9,5600,0,1,3,,1,046,SR-118,"NARDO ST.",430.00,E,N,B,-,Y,VEN,,118," ",R,1.352,H,,R,Y,4,0,1,1,A,-,01,23152,F,N,E,I,A,A,H,-,B,D,0,,,,,Y,,A,01,0,0,1,0,0,0,0,0,0,"- ","- ",34.281818389892578,-119.14598083496094,VENTURA,UNINCORPORATED,-119.14608001708984,34.281631469726562
9473723,2022,2022-08-19,5605,2022-06-29,1721,129,PATRO,3,5,3,5605,0,0,0,,0,001,"WHEELHOUSE AV","CHANNEL ISLANDS BL",239.00,N,N,A,-,N,,,,,,,,,,,4,0,1,2,A,-,05,21650,,F,B,C,A,A,H,-,A,A,0,,,,,Y,Y,A,07,0,0,1,0,0,0,0,0,0,"- ","- ",34.175918579101562,-119.21247100830078,VENTURA,"PORT HUENEME",-119.21266174316406,34.176418304443359
94756461,2025,2025-07-10,9765,2025-07-08,1700,022453,,2,2,9,5600,0,3,5,,2,006,"PLEASANT VALLEY ROAD","AIRPORT WAY",130.00,E,N,A,-,N,,,,,,,,,,Y,4,0,1,3,A,-,03,22350,,N,C,C,A,A,H,-,A,A,0,,,,,Y,,A,01,0,0,1,0,0,0,0,0,0,"- ","- ",34.205650329589844,-119.07581329345703,VENTURA,UNINCORPORATED,-119.07589721679688,34.205619812011719
94761811,2025,2025-07-15,9770,2025-07-02,1900,022755,,3,2,9,5600,0,3,5,,2,004,"GOODENOUGH ROAD","WADES ROAD",120.00,N,N,A,-,N,,,,,,,,,,N,2,0,1,1,A,-,01,23152,A,M,E,I,A,A,H,-,A,D,0,,,,,Y,Y,A,01,1,0,0,0,0,0,0,0,0,"- ","- ",34.435920715332031,-118.91961669921875,VENTURA,UNINCORPORATED,-118.91954803466797,34.435688018798828
94761948,2025,2025-07-15,9770,2025-07-13,1300,021738,,7,1,6,5607,0,1,2,,2,072,"SR-23 S/B TO US-101 N/B","S EDGE OF LYNN ROAD OVERCROSSING",20.00,N,N,A,-,Y,VEN,,101," "," ",5.038,H,,R,N,4,0,1,2,A,-,03,22350,,N,C,C,A,A,H,-,A,D,0,,,,,Y,,A,01,0,0,1,0,0,0,0,0,0,"- ","- ",34.183521270751953,-118.8914794921875,VENTURA,"THOUSAND OAKS",-118.89143371582031,34.183586120605469
94766770,2025,2025-07-17,9765,2025-07-15,1355,022453,,2,1,5,5601,0,1,2,,2,504,US-101,"SPRINGVILLE DRIVE",850.00,S,N,A,-,Y,VEN,,101," "," ",16.617,H,,R,N,4,0,1,2,A,-,03,22350,,N,C,C,A,A,H,-,A,D,0,,,,,Y,,-,"- ",0,0,1,0,0,0,0,0,0,"- ","- ",34.220211029052734,-119.08242797851562,VENTURA,CAMARILLO,-119.08242034912109,34.220268249511719
94779821,2025,2025-07-28,9765,2025-07-20,1510,023498,,7,2,9,5600,0,1,3,,1,044,SR-150,"MUPU RD",100.00,W,N,A,-,Y,VEN,,150," "," ",29.864,H,,R,N,3,0,2,2,A,-,03,22350,,N,B,C,A,A,H,-,A,D,0,,,Y,,Y,,C,02,0,2,0,0,0,0,0,0,2,"- ","- ",34.410041809082031,-119.08438110351562,VENTURA,UNINCORPORATED,-119.08435821533203,34.410045623779297
94793398,2025,2025-08-07,9765,2025-08-03,"430 ",024440,,7,3,6,5608,0,1,2,,1,104,"US-101 N/B","SEAWARD AVE",2000.00,N,N,A,-,Y,VEN,,101," "," ",29.018,H,,R,Y,3,0,4,1,A,-,08,22107,,N,E,J,A,A,H,-,D,D,0,,,,,Y,,A,01,0,3,1,0,0,0,0,0,0,"- ","- ",34.271461486816406,-119.27523803710938,VENTURA,VENTURA,-119.27529144287109,34.271373748779297
94804639,2025,2025-08-15,9765,2025-08-12,1145,016234,,2,1,6,5604,0,1,2,,2,502,"US-101 N/B (VENTURA FREEWAY)","DEL NORTE BLVD",2640.00,S,N,A,-,Y,VEN,,101," "," ",18.239,H,,R,N,4,0,1,2,A,-,07,21658,A,N,B,C,A,A,H,-,A,D,0,,,,,Y,,A,01,0,0,1,0,0,0,0,0,0,"- ","- ",34.222091674804688,-119.11219024658203,VENTURA,OXNARD,-119.11219024658203,34.222126007080078
94807073,2025,2025-08-18,9765,2025-08-13,1440,022901,,3,2,9,5600,0,1,3,,2,041,"SR-126 W/B","WELLS ROAD",2640.00,E,N,A,-,Y,VEN,,126," ",R,5.708,H,,L,Y,4,0,1,1,A,-,08,22107,,N,E,8,A,A,H,-,A,D,0,,,,,Y,,A,01,0,0,1,0,0,0,0,0,0,"- ","- ",34.295539855957031,-119.14682769775391,VENTURA,UNINCORPORATED,-119.14673614501953,34.295429229736328
94812303,2025,2025-08-21,9765,2025-08-16,2100,024275,,6,2,9,5600,0,3,5,,2,002,"NORWAY DRIVE","BOUNDS ROAD",147.00,N,N,A,-,N,,,,,,,,,,N,3,0,1,2,A,-,03,22350,,N,G,B,D,A,H,-,C,D,0,Y,,,,Y,,A,01,0,1,0,0,1,0,0,0,0,"- ","- ",34.335979461669922,-119.29187774658203,VENTURA,UNINCORPORATED,-119.29180908203125,34.335853576660156
94828289,2025,2025-09-03,9765,2025-08-28,"750 ",020983,,4,1,9,5600,0,1,3,,2,041,"SR-126 W/B (SANTA PAULA FREEWAY)","BRIGGS ROAD",300.00,E,N,A,-,Y,VEN,,126," ",R,9.295,H,,L,N,3,0,1,2,A,-,03,22350,,N,C,C,A,A,H,-,A,D,0,,,,,Y,,A,01,0,1,0,0,0,0,0,0,0,"- ","- ",34.325920104980469,-119.09596252441406,VENTURA,UNINCORPORATED,-119.095947265625,34.325908660888672
9483313,2022,2022-08-29,5608,2022-07-14,1327,536,,4,5,6,5608,0,0,0,,0,002,"EAST HARBOR BL","PENINSULA ST",0.00,,Y,-,-,N,,,,,,,,,,Y,4,0,1,2,A,-,21,22106,,N,-,-,A,-,-,-,-,-,0,,,,,Y,,D,22,0,0,1,0,0,0,0,0,0,"- ","- ",34.261871337890625,-119.26429748535156,VENTURA,VENTURA,-119.26441192626953,34.261928558349609
94834520,2025,2025-09-08,9765,2025-08-15,"150 ",023911,,5,3,6,5608,0,1,2,,2,301,"US-101 S/B (VENTURA FREEWAY)","EAST MAIN STREET",1584.00,N,N,A,-,Y,VEN,,101," "," ",27.076,H,,L,Y,3,0,1,2,A,-,01,23152,A,F,E,8,A,A,D,-,D,A,0,,,,,Y,Y,A,01,0,1,0,0,0,0,0,0,0,"- ","- ",34.261180877685547,-119.24774169921875,VENTURA,VENTURA,-119.24777984619141,34.261215209960938
94847819,2025,2025-09-17,9765,2025-09-10,2114,020345,,3,2,6,5608,0,1,2,,2,302,"SR-126 E/B (VENTURA FREEWAY)","EAST MAIN STREET",100.00,E,N,A,-,Y,VEN,,101," "," ",26.708,H,,L,N,4,0,2,2,A,-,08,22107,,N,C,C,A,A,H,-,C,C,0,,,,Y,Y,,A,01,0,0,2,0,0,0,0,0,0,"- ","- ",34.264320373535156,-119.24265289306641,VENTURA,VENTURA,-119.24272155761719,34.264457702636719
94856544,2025,2025-09-26,9765,2025-09-17,"900 ",016234,,3,1,9,5600,0,1,3,,1,055,"SR-118 (LOS ANGELES AVE)",SR-34,700.00,W,N,A,-,Y,VEN,,118," "," ",10.778,H,,R,N,4,0,1,2,A,-,03,22350,,N,C,C,A,A,H,-,A,D,0,,,,Y,Y,,G,27,0,0,1,0,0,0,0,0,0,"- ","- ",34.263748168945312,-118.99714660644531,VENTURA,UNINCORPORATED,-118.99714660644531,34.263767242431641
94865903,2025,2025-09-30,9770,2025-09-12,1200,024421,,5,1,6,5607,0,1,2,,2,074,"US-101 N/B (VENTURA FREEWAY)","VENTU PARK ROAD",1056.00,S,N,A,-,Y,VEN,,101," "," ",5.755,H,,R,N,4,0,1,2,A,-,03,22350,,N,C,C,A,A,H,-,A,D,0,,,,,Y,,A,01,0,0,1,0,0,0,0,0,0,"- ","- ",34.1844482421875,-118.90367126464844,VENTURA,"THOUSAND OAKS",-118.90367126464844,34.184494018554688
94874383,2025,2025-10-06,9765,2025-09-29,"745 ",019277,,1,1,9,5600,0,1,3,,2,041,"SR-126 W/B (SANTA PAULA FREEWAY)","EDWARDS RANCH RD.",430.00,E,N,A,-,Y,VEN,,126," ",R,7.031,H,,L,Y,4,0,1,2,A,-,03,22350,,N,C,C,A,A,H,-,A,D,0,,,,,Y,,A,01,0,0,1,0,0,0,0,0,0,"- ","- ",34.306529998779297,-119.12812042236328,VENTURA,UNINCORPORATED,-119.12812805175781,34.306537628173828
94875884,2025,2025-10-07,9765,2025-09-30,"630 ",016234,,2,1,9,5600,0,3,5,,2,005,"WRIGHT ROAD","BEARDSLEY ROAD",5.00,W,N,A,-,N,,,,,,,,,,Y,4,0,1,2,A,-,05,21650,,N,A,C,A,A,H,-,B,A,0,,,,,Y,,D,22,0,0,1,0,0,0,0,0,0,"- ","- ",34.241619110107422,-119.09893798828125,VENTURA,UNINCORPORATED,-119.09889221191406,34.241554260253906
94878460,2025,2025-10-08,9770,2025-10-02,1440,022318,,4,2,6,5607,0,1,2,,2,074,"US-101 N/B (VENTURA FREEWAY)","WESTLAKE BLVD",500.00,S,N,A,-,Y,VEN,,101," "," ",0.429,H,,R,N,4,0,1,2,A,-,07,21658,A,N,B,C,A,A,H,-,A,D,0,,,,,Y,,A,08,0,0,1,0,0,0,0,0,0,"- ","- ",34.155300140380859,-118.82131958007812,VENTURA,"THOUSAND OAKS",-118.82135009765625,34.155265808105469
94879867,2025,2025-10-09,9770,2025-10-09,"620 ",017627,,4,1,6,5609,0,1,3,,2,083,"SR-118 E/B","CALDWELL AVENUE",200.00,W,N,A,-,Y,VEN,,118," ",R,24.110,H,,R,N,3,0,2,2,A,-,03,22350,,N,C,2,A,A,H,-,A,D,0,,,,,Y,,A,01,0,1,1,0,0,0,0,0,0,"- ","- ",34.282180786132812,-118.77381896972656,VENTURA,"SIMI VALLEY",-118.77381896972656,34.282119750976562
9488188,2022,2022-08-12,5608,2022-07-27,1925,520,,3,5,6,5608,0,0,0,,0,004,"VICTORIA AV","OLIVAS PARK DR",140.00,S,N,A,B,N,,,,,,,,,,Y,3,0,1,2,A,-,03,22350,,N,C,C,A,A,H,-,A,D,0,,,,,Y,,A,01,0,1,0,0,0,0,0,0,0,"- ","- ",,,VENTURA,VENTURA,-119.21524810791016,34.243778228759766
94883886,2025,2025-10-13,9765,2025-10-07,1607,021015,,2,2,9,5600,0,1,3,,2,040,"SR-126 E/B","BRIGGS ROAD",686.00,W,N,A,-,Y,VEN,,126," ",R,8.776,H,,R,Y,3,0,2,3,A,-,03,22350,,N,C,C,A,A,H,-,A,D,0,,,,,Y,,A,01,0,2,0,0,0,0,0,0,0,"- ","- ",34.321250915527344,-119.10301971435547,VENTURA,UNINCORPORATED,-119.10301208496094,34.321239471435547
94884191,2025,2025-10-13,9765,2025-10-04,"52  ",023911,,6,3,5,5601,0,1,2,,2,502,"US-101 N/B (VENTURA FREEWAY)","SPRINGVILLE DRIVE",225.00,S,N,A,-,Y,VEN,,101," "," ",16.738,H,,R,Y,3,0,1,3,A,-,01,23152,A,N,C,C,A,A,D,-,D,A,0,,,,,Y,Y,A,01,0,1,0,0,0,0,0,0,0,"- ","- ",34.220378875732422,-119.08451843261719,VENTURA,CAMARILLO,-119.08451080322266,34.220443725585938
94899967,2025,2025-11-13,9770,2025-10-13,"740 ",023187,,1,1,6,5607,0,1,3,,2,085,"SR-23 S/B (MOORPARK FREEWAY)","ERBES ROAD",450.00,S,N,B,-,Y,VEN,,23," ",R,7.666,H,,L,N,4,0,1,3,A,-,03,22350,,N,C,C,A,A,H,-,A,D,0,,,,,Y,,A,01,0,0,1,0,0,0,0,0,0,"- ","- ",34.234130859375,-118.84336090087891,VENTURA,"THOUSAND OAKS",-118.84337615966797,34.234138488769531
94903720,2025,2025-10-27,9770,2025-10-18,1152,023131,,6,1,6,5607,0,1,2,,2,072,"US-101 N/B (VENTURA FREEWAY)","LYNN ROAD OVERCROSSING (NORTH EDGE)",1100.00,N,N,A,-,Y,VEN,,101," "," ",5.263,H,,R,N,3,0,1,2,A,-,03,22350,,N,C,C,A,A,H,-,A,D,0,,,,,Y,,A,01,0,1,0,0,0,0,0,0,0,"- ","- ",34.184688568115234,-118.89508819580078,VENTURA,"THOUSAND OAKS",-118.89508819580078,34.184711456298828
94904257,2025,2025-10-28,9770,2025-10-20,1210,017662,,1,1,6,5607,0,1,2,,2,071,"US-101 S/B (VENTURA FREEWAY)","CAMARILLO SPRINGS ROAD",3960.00,S,N,A,-,Y,VEN,,101," "," ",9.976,H,,L,Y,4,0,2,2,A,-,03,22350,,N,C,C,A,A,H,-,A,D,0,,,,,Y,,A,07,0,0,2,0,0,0,0,0,0,"- ","- ",34.201229095458984,-118.97180938720703,VENTURA,"THOUSAND OAKS",-118.97180938720703,34.201229095458984
94904661,2025,2025-10-28,9765,2025-10-20,1655,021999,,1,2,5,5601,0,1,2,,2,504,"US-101 N/B (VENTURA FREEWAY)","DEL NORTE BLVD.",2429.00,S,N,A,-,Y,VEN,,101," "," ",18.551,H,,R,Y,4,0,2,3,A,-,03,22350,,N,C,C,A,A,H,-,A,D,0,,,,,Y,,A,07,0,0,2,0,0,0,0,0,0,"- ","- ",34.222110748291016,-119.11866760253906,VENTURA,CAMARILLO,-119.11866760253906,34.222160339355469
94907196,2025,2025-10-29,9770,2025-10-26,1827,024422,,7,2,6,5607,0,1,2,,2,073,"US-101 S/B (VENTURA FREEWAY)","BORCHARD ROAD",2112.00,N,N,A,-,Y,VEN,,101," "," ",7.428,H,,L,N,3,0,1,2,A,-,03,22350,,N,C,C,A,A,H,-,D,D,0,,,,,Y,,A,01,0,1,0,0,0,0,0,0,0,"- ","- ",34.186748504638672,-118.93224334716797,VENTURA,"THOUSAND OAKS",-118.93226623535156,34.186698913574219
94907831,2025,2025-10-30,9765,2025-10-17,1757,023700,,5,2,5,5601,0,1,2,,2,504,"US-101 N/B (VENTURA FREEWAY)","LAS POSAS RD",2805.00,S,N,A,-,Y,VEN,,101," "," ",15.359,H,,R,Y,4,0,2,3,A,-,03,22350,,N,C,C,A,A,H,-,B,D,0,,,,,Y,,A,01,0,0,2,0,0,0,0,0,0,"- ","- ",34.218460083007812,-119.06046295166016,VENTURA,CAMARILLO,-119.06045532226562,34.218521118164062
94910743,2025,2025-10-31,9765,2025-10-27,1338,020345,,1,1,6,5608,0,1,2,,2,302,"US-101 N/B (VENTURA FREEWAY)","VICTORIA AVENUE",400.00,S,N,A,-,Y,VEN,,101," ",R,24.527,H,,R,N,3,0,4,2,A,-,03,22350,,N,C,C,A,A,H,-,A,D,0,,,,,Y,,A,07,0,4,0,0,0,0,0,0,0,"- ","- ",34.251598358154297,-119.20905303955078,VENTURA,VENTURA,-119.20914459228516,34.251499176025391
94919707,2025,2025-11-11,9770,2025-10-28,"455 ",021911,,2,3,6,5607,0,1,3,,2,084,"SR-23 N/B (MOORPARK FREEWAY)","OLSEN ROAD",2112.00,S,N,A,-,Y,VEN,,23," ",R,7.784,H,,R,Y,3,0,1,2,A,-,08,22107,,N,C,C,A,A,H,-,C,D,0,,,,,Y,Y,A,08,0,1,0,0,0,0,0,0,0,"- ","- ",34.235488891601562,-118.84210968017578,VENTURA,"THOUSAND OAKS",-118.84205627441406,34.235466003417969
94923405,2025,2025-11-12,9765,2025-11-04,1710,021485,,2,2,6,5604,0,1,2,,2,301,"US-101 S/B","OXNARD BLVD.",2640.00,N,N,A,-,Y,VEN,,101," ",R,23.350,H,,L,Y,4,0,2,4,A,-,07,21658,A,N,C,C,A,A,H,-,B,D,0,,,,,Y,,A,01,0,0,2,0,0,0,0,0,0,"- ","- ",34.242809295654297,-119.191162109375,VENTURA,OXNARD,-119.19112396240234,34.242877960205078
94923745,2025,2025-11-12,9770,2025-11-04,1734,021869,,2,2,6,5607,0,1,2,,2,072,"US-101 N/B TO VENTU PARK RD.","VENTU PARK ROAD",528.00,S,N,A,-,Y,VEN,,101," "," ",5.964,H,,R,N,4,0,1,2,A,-,08,22107,,N,B,C,A,A,H,-,C,D,0,,,,,Y,,D,22,0,0,1,0,0,0,0,0,0,"- ","- ",34.184520721435547,-118.90731048583984,VENTURA,"THOUSAND OAKS",-118.90731048583984,34.184505462646484
94923756,2025,2025-11-12,9770,2025-11-03,"745 ",023928,,1,1,9,5600,0,1,3,,1,057,"SR-23  (WALNUT CANYON ROAD)","HAPPY CAMP ROAD",360.00,S,N,A,-,Y,VEN,,23," "," ",15.421,H,,R,Y,4,0,1,1,A,-,08,22107,,N,E,8,A,A,H,-,A,D,0,,,,,Y,,A,07,0,0,1,0,0,0,0,0,0,"- ","- ",34.313591003417969,-118.880126953125,VENTURA,UNINCORPORATED,-118.88018035888672,34.313587188720703
9493417,2022,2022-09-28,5608,2022-09-10,1714,523,,6,5,6,5608,0,0,0,,0,004,"MARKET ST","EASTMAN AV",0.00,,Y,B,-,N,,,,,,,,,,Y,3,0,1,2,A,-,12,21453,A,N,D,C,A,A,H,-,A,A,0,,,,,Y,,A,01,0,1,0,0,0,0,0,0,0,"- ","- ",,,VENTURA,VENTURA,-119.23017883300781,34.257339477539062