CASE_ID,ACCIDENT_YEAR,PROC_DATE,JURIS,COLLISION_DATE,COLLISION_TIME,OFFICER_ID,REPORTING_DISTRICT,DAY_OF_WEEK,CHP_SHIFT,POPULATION,CNTY_CITY_LOC,SPECIAL_COND,BEAT_TYPE,CHP_BEAT_TYPE,CITY_DIVISION_LAPD,CHP_BEAT_CLASS,BEAT_NUMBER,PRIMARY_RD,SECONDARY_RD,DISTANCE,DIRECTION,INTERSECTION,WEATHER_1,WEATHER_2,STATE_HWY_IND,CALTRANS_COUNTY,CALTRANS_DISTRICT,STATE_ROUTE,ROUTE_SUFFIX,POSTMILE_PREFIX,POSTMILE,LOCATION_TYPE,RAMP_INTERSECTION,SIDE_OF_HWY,TOW_AWAY,COLLISION_SEVERITY,NUMBER_KILLED,NUMBER_INJURED,PARTY_COUNT,PRIMARY_COLL_FACTOR,PCF_CODE_OF_VIOL,PCF_VIOL_CATEGORY,PCF_VIOLATION,PCF_VIOL_SUBSECTION,HIT_AND_RUN,TYPE_OF_COLLISION,MVIW,PED_ACTION,ROAD_SURFACE,ROAD_COND_1,ROAD_COND_2,LIGHTING,CONTROL_DEVICE,CHP_ROAD_TYPE,PEDESTRIAN_ACCIDENT,BICYCLE_ACCIDENT,MOTORCYCLE_ACCIDENT,TRUCK_ACCIDENT,NOT_PRIVATE_PROPERTY,ALCOHOL_INVOLVED,STWD_VEHTYPE_AT_FAULT,CHP_VEHTYPE_AT_FAULT,COUNT_SEVERE_INJ,COUNT_VISIBLE_INJ,COUNT_COMPLAINT_PAIN,COUNT_PED_KILLED,COUNT_PED_INJURED,COUNT_BICYCLIST_KILLED,COUNT_BICYCLIST_INJURED,COUNT_MC_KILLED,COUNT_MC_INJURED,PRIMARY_RAMP,SECONDARY_RAMP,LATITUDE,LONGITUDE,COUNTY,CITY,POINT_X,POINT_Y
8118777,2016,2017-03-01,5600,2016-08-23,1630,4704,5900,2,5,2,5603,0,0,0,,0,01B,"RT 150","S MONTGOMERY",36.00,W,N,A,-,Y,VEN,7,150,-,-,17.700,H,-,W,Y,4,0,2,2,A,-,04,21703,,N,C,C,A,A,H,-,C,A,0,,,,,Y,,A,01,0,0,2,0,0,0,0,0,0,"- ","- ",,,VENTURA,OJAI,-119.24165357,34.448050709999997
8119325,2016,2016-09-16,5600,2016-08-19,1009,4874,9080,5,5,6,5607,0,0,0,,0,09H,"LYNN RD","HILLCREST DR",56.00,N,N,A,-,N,,,,,,,,,,Y,4,0,2,2,A,-,03,22350,,N,C,C,A,A,H,-,A,A,0,,,,,Y,,D,22,0,0,2,0,0,0,0,0,0,"- ","- ",,,VENTURA,"THOUSAND OAKS",-118.89236314999999,34.185871540000001
8119445,2016,2016-09-13,5600,2016-08-31,1035,4221,9124,3,5,6,5607,0,0,0,,0,09C,"BORCHARD RD","MICHAEL DR",110.00,S,N,A,-,N,,,,,,,,,,N,4,0,1,3,A,-,04,21703,,N,C,C,A,A,H,-,A,A,0,,,,,Y,,A,07,0,0,1,0,0,0,0,0,0,"- ","- ",,,VENTURA,"THOUSAND OAKS",-118.92761865,34.181675640000002
8121925,2016,2016-09-19,5600,2016-09-01,1825,2833,9085,4,5,6,5607,0,0,0,,0,09G,"HILLCREST DR","HOUSTON DR",15.00,W,N,A,-,N,,,,,,,,,,Y,3,0,2,2,A,-,06,21755,A,N,H,C,A,A,H,-,A,D,0,,,Y,,Y,,C,02,0,2,0,0,0,0,0,0,2,"- ","- ",,,VENTURA,"THOUSAND OAKS",-118.86441909,34.18150455
8122941,2016,2016-09-16,5609,2016-09-06,1746,388,,2,5,6,5609,0,0,0,,0,003,"ERRINGER RD","FITZGERALD RD",0.00,,Y,A,-,N,,,,,,,,,,Y,3,0,1,2,A,-,01,23152,A,N,D,C,A,A,H,-,A,A,0,,,,,Y,Y,A,01,0,1,0,0,0,0,0,0,0,"- ","- ",34.256839999999997,-118.76143,VENTURA,"SIMI VALLEY",-118.76134001,34.256860029999999
8127927,2016,2016-09-29,5600,2016-09-21,0818,3147,9130,3,5,6,5607,0,0,0,,0,9C01,"LYNN RD","MAPLELEAF AV",179.00,E,N,A,-,N,,,,,,,,,,N,3,0,1,1,A,-,03,22350,,N,H,A,A,A,H,-,A,D,0,,Y,,,Y,,L,04,0,1,0,0,0,0,1,0,0,"- ","- ",,,VENTURA,"THOUSAND OAKS",-118.92480073999999,34.175269880000002
8128191,2016,2016-09-29,5600,2016-09-14,1316,5151,9158,3,5,6,5607,0,0,0,,0,09D,"HAMPSHIRE RD","TOWNSGATE RD",142.00,N,N,A,-,N,,,,,,,,,,N,4,0,1,2,A,-,03,22350,,N,C,C,A,A,H,-,A,A,0,,,,,Y,,A,01,0,0,1,0,0,0,0,0,0,"- ","- ",,,VENTURA,"THOUSAND OAKS",-118.83807528,34.161337549999999
8128211,2016,2016-09-29,5600,2016-09-19,1614,2913,9154,1,5,6,5607,0,0,0,,0,09G,"THOUSAND OAKS BL","CONEJO SCHOOL RD",36.00,W,N,A,-,N,,,,,,,,,,N,4,0,1,2,A,-,03,22350,,N,C,C,A,A,H,-,A,A,0,,,,,Y,,D,22,0,0,1,0,0,0,0,0,0,"- ","- ",,,VENTURA,"THOUSAND OAKS",-118.84491800000001,34.174548199999997
8128215,2016,2017-01-23,5600,2016-09-20,1740,2740,9180,2,5,6,5607,0,0,0,,0,09D,"RT 23","CARLISLE RD",0.00,,Y,A,-,Y,VEN,7,23,-,-,0.000,I,5,S,Y,4,0,1,2,A,-,01,23152,E,N,H,G,A,A,H,-,A,D,0,,Y,,,Y,,D,22,0,0,1,0,0,0,1,0,0,"- ","- ",,,VENTURA,"THOUSAND OAKS",-118.85647423,34.126660139999998
8128240,2016,2016-10-03,5606,2016-05-21,2036,1115,5606,6,5,4,5606,0,0,0,,0,002,"E HARVARD BL","8TH ST",0.00,,Y,A,-,N,,,,,,,,,,Y,4,0,1,2,A,-,12,21453,A,N,D,C,A,A,H,-,C,A,0,,,,,Y,,D,22,0,0,1,0,0,0,0,0,0,"- ","- ",,,VENTURA,"SANTA PAULA",-119.06251011000001,34.349260049999998
8128315,2016,2016-09-28,5600,2016-09-11,0005,2913,9006,7,5,6,5607,0,0,0,,0,09A,"OLSEN RD","HARDY LN",740.00,E,N,A,-,N,,,,,,,,,,Y,4,0,1,1,A,-,01,23152,A,N,E,I,A,A,H,-,C,D,0,,,,,Y,Y,A,01,0,0,1,0,0,0,0,0,0,"- ","- ",,,VENTURA,"THOUSAND OAKS",-118.83305931,34.248203109999999
8129520,2016,2017-02-18,5600,2016-08-28,1233,4909,6007,7,5,3,5602,0,0,0,,0,6A01,"RT 126","LOS SERENOS DR",0.00,,Y,A,-,Y,VEN,7,126,-,-,20.331,I,5,W,Y,4,0,2,2,A,-,09,21802,A,N,D,C,A,A,H,-,A,A,0,,,,,Y,,A,01,0,0,2,0,0,0,0,0,0,"- ","- ",,,VENTURA,FILLMORE,-118.93111713,34.394470320000003
8130979,2016,2016-11-16,5608,2016-09-14,1829,481,VENTU,3,5,6,5608,0,0,0,,0,003,"TELEGRAPH RD","VICTORIA AV",0.00,,Y,A,-,N,,,,,,,,,,Y,4,0,1,4,A,-,12,21453,A,N,D,C,A,A,H,-,A,A,0,,,,,Y,,A,01,0,0,1,0,0,0,0,0,0,"- ","- ",,,VENTURA,VENTURA,-119.21462990000001,34.278010080000001
8130985,2016,2016-09-28,5608,2016-09-19,1439,456,,1,5,6,5608,0,0,0,,0,002,"MAIN ST","BORCHARD DR",0.00,,Y,B,-,N,,,,,,,,,,N,4,0,1,2,A,-,12,21453,A,N,D,C,A,A,H,-,A,A,0,,,,,Y,,-,,0,0,1,0,0,0,0,0,0,"- ","- ",,,VENTURA,VENTURA,-119.25973990999999,34.273580070000001
8131029,2016,2016-09-28,5608,2016-09-11,1501,475,,7,5,6,5608,0,0,0,,0,004,"TELEPHONE RD","COPLAND DR",15.00,N,N,A,-,N,,,,,,,,,,N,4,0,1,2,A,-,03,22350,,N,C,C,A,A,H,-,A,A,0,,,,,Y,,-,,0,0,1,0,0,0,0,0,0,"- ","- ",,,VENTURA,VENTURA,-119.23017752,34.262721239999998
8131775,2016,2016-10-03,5606,2016-06-28,2000,1114,5606,2,5,4,5606,0,0,0,,0,002,"OAK ST","MAIN ST",0.00,N,N,A,-,N,,,,,,,,,,N,3,0,1,2,D,-,00,,,N,B,G,A,A,H,-,B,D,0,,Y,,,Y,,-,"- ",0,1,0,0,0,0,1,0,0,"- ","- ",,,VENTURA,"SANTA PAULA",-119.05690008000001,34.354920100000001
8127641,2016,2016-09-30,5608,2016-09-21,0758,417,,3,5,6,5608,0,0,0,,0,004,"VICTORIA AV","MOON DR",401.00,N,N,A,-,N,,,,,,,,,,Y,4,0,2,2,A,-,03,22350,,N,C,C,A,A,H,-,A,D,0,,,,,Y,,-,,0,0,2,0,0,0,0,0,0,"- ","- ",,,VENTURA,VENTURA,-119.21077081999999,34.256868959999998
8127637,2016,2016-09-30,5608,2016-09-21,1703,477,,3,5,6,5608,0,0,0,,0,002,"E MAIN ST","ARCADE DR",0.00,,Y,A,-,N,,,,,,,,,,N,4,0,3,5,A,-,03,22350,,N,B,C,A,A,H,-,A,A,0,,,,,Y,,-,,0,0,3,0,0,0,0,0,0,"- ","- ",,,VENTURA,VENTURA,-119.26436989,34.276060010000002
8134096,2016,2016-10-04,5605,2016-09-23,1601,126,PATRO,5,5,3,5605,0,0,0,,0,001,"CHANNEL ISLANDS BL","WHEELHOUSE AV",500.00,E,N,A,-,N,,,,,,,,,,N,4,0,1,2,A,-,03,22350,,N,C,C,A,A,H,-,A,D,0,,,,,Y,,A,01,0,0,1,0,0,0,0,0,0,"- ","- ",,,VENTURA,"PORT HUENEME",-119.21106881999999,34.176002689999997
8134191,2016,2016-10-04,5605,2016-08-18,1721,158,PATRO,4,5,3,5605,0,0,0,,0,002,"CHANNEL ISLANDS BL","LIDO BL",132.00,W,N,A,-,N,,,,,,,,,,N,4,0,1,2,A,-,08,22107,,N,B,G,A,A,H,-,A,D,0,,Y,,,Y,,A,01,0,0,1,0,0,0,1,0,0,"- ","- ",,,VENTURA,"PORT HUENEME",-119.20280581,34.175947999999998
8123007,2016,2016-09-20,5609,2016-08-14,1903,467,,7,5,6,5609,0,0,0,,0,002,"SYCAMORE AV","COCRAN ST",0.00,,Y,A,-,N,,,,,,,,,,N,3,0,1,2,A,-,05,21650,1,N,D,G,A,A,H,-,A,A,0,,Y,,,Y,Y,L,04,0,1,0,0,0,0,1,0,0,"- ","- ",,,VENTURA,"SIMI VALLEY",-118.74391006,34.279000089999997
81381787,2020,2021-01-06,5609,2020-03-15,0458,478,,7,5,6,5609,0,0,0,,0,002,"MADERA RD","ROYAL AVE",511.00,N,N,A,C,N,,,,,,,,,,Y,4,0,1,1,A,-,08,22107,,N,E,I,A,B,H,-,C,D,0,,,,,Y,,A,01,0,0,1,0,0,0,0,0,0,"- ","- ",34.264419555664062,-118.79635620117188,VENTURA,"SIMI VALLEY",-118.79640197753906,34.265823364257812
81381802,2020,2021-01-06,5609,2020-04-04,0927,452,112,6,5,6,5609,0,0,0,,0,001,"MADERA RD","COCHRAN ST",0.00,,Y,B,-,N,,,,,,,,,,Y,3,0,1,3,A,-,12,21453,A,N,D,C,A,A,H,-,A,A,0,,,,,Y,,A,01,0,1,0,0,0,0,0,0,0,"- ","- ",34.28173828125,-118.79489135742188,VENTURA,"SIMI VALLEY",-118.79498291015625,34.281761169433594
81381882,2020,2021-01-06,5609,2020-05-26,0859,312,,2,5,6,5609,0,0,0,,0,,"LOS ANGELES AVE","SEQUOIA AVE",33.00,W,N,A,-,N,,,,,,,,,,Y,3,0,1,2,A,-,03,22350,,N,C,C,A,A,H,-,A,A,0,,,,,Y,,A,01,0,1,0,0,0,0,0,0,0,"- ","- ",34.271690368652344,-118.73056030273438,VENTURA,"SIMI VALLEY",-118.73063659667969,34.271678924560547
81381893,2020,2021-01-06,5609,2020-06-01,1212,312,,1,5,6,5609,0,0,0,,0,,"EASY ST","FIRST ST",400.00,W,N,A,-,N,,,,,,,,,,Y,3,0,1,2,A,-,09,21804,A,N,D,C,A,A,H,-,A,D,0,,,,,Y,,A,07,0,1,0,0,0,0,0,0,0,"- ","- ",34.273540496826172,-118.77886962890625,VENTURA,"SIMI VALLEY",-118.78030395507812,34.273670196533203
81381902,2020,2021-01-06,5609,2020-06-05,1125,452,204,5,5,6,5609,0,0,0,,0,002,"LOS ANGELES AVE","FIFTH ST",45.00,W,N,A,-,N,,,,,,,,,,N,4,0,1,2,A,-,03,22350,,N,C,C,A,A,H,-,A,A,0,,,,,Y,,D,22,0,0,1,0,0,0,0,0,0,"- ","- ",34.271530151367188,-118.783447265625,VENTURA,"SIMI VALLEY",-118.78376770019531,34.271648406982422
81381908,2020,2021-01-06,5609,2020-06-08,1209,312,,1,5,6,5609,0,0,0,,0,,"LONG CANYON RD","CANYON VIEW DR (W)",0.00,,Y,A,-,N,,,,,,,,,,Y,4,0,1,2,A,-,09,21801,A,N,D,C,A,A,H,-,A,D,0,,,,,Y,,A,01,0,0,1,0,0,0,0,0,0,"- ","- ",34.231300354003906,-118.79518890380859,VENTURA,"SIMI VALLEY",-118.79505920410156,34.231281280517578
81381916,2020,2021-01-06,5609,2020-06-10,1954,443,,3,5,6,5609,0,0,0,,0,001,"2660 PARK CENTER DR.","W. COCHRAN ST.",240.00,N,N,A,-,N,,,,,,,,,,Y,4,0,2,2,B,-,22,,,N,D,C,A,A,H,-,C,D,0,,,,,Y,,A,07,0,0,2,0,0,0,0,0,0,"- ","- ",,,VENTURA,"SIMI VALLEY",-118.79736328125,34.282966613769531
81381928,2020,2021-01-06,5609,2020-01-14,1758,490,,2,5,6,5609,0,0,0,,0,006,"STEARNS ST","118 EB OFF STEARNS RAMP",0.00,,Y,A,-,Y,,,118,,,,,,,Y,4,0,2,2,A,-,12,21453,A,N,D,C,A,A,H,-,C,A,0,,,,,Y,,A,01,0,0,2,0,0,0,0,0,0,"- ","- ",34.280609130859375,-118.69130706787109,VENTURA,"SIMI VALLEY",-118.69131469726562,34.281494140625
81381955,2020,2021-01-06,5609,2020-06-28,1940,496,,7,5,6,5609,0,0,0,,0,002,"MADERA RD","ROYAL AVE",54.00,N,N,A,-,N,,,,,,,,,,Y,2,0,1,2,A,-,09,21453,B,N,E,I,A,A,H,-,B,A,0,,,Y,,Y,,A,01,1,0,0,0,0,0,0,0,1,"- ","- ",34.264419555664062,-118.79635620117188,VENTURA,"SIMI VALLEY",-118.79640197753906,34.264568328857422
81381969,2020,2021-01-06,5609,2020-07-02,0742,452,407,4,5,6,5609,0,0,0,,0,004,"ALAMO ST","SEQUOIA AVE",11.00,E,N,A,-,N,,,,,,,,,,N,4,0,1,2,A,-,10,21950,A,N,G,B,B,A,H,-,A,A,0,Y,,,,Y,,A,07,0,0,1,0,1,0,0,0,0,"- ","- ",34.286380767822266,-118.73072814941406,VENTURA,"SIMI VALLEY",-118.73084259033203,34.286441802978516
81381996,2020,2021-01-06,5609,2020-01-17,0739,452,116,5,5,6,5609,0,0,0,,0,001,"ERRINGER RD","COCHRAN ST",125.00,N,N,A,-,N,,,,,,,,,,N,2,0,1,1,A,-,08,22107,,N,F,A,A,B,H,-,A,D,0,,,Y,,Y,,C,02,1,0,0,0,0,0,0,0,1,"- ","- ",34.278999328613281,-118.76123046875,VENTURA,"SIMI VALLEY",-118.76148223876953,34.279335021972656
81381999,2020,2021-01-06,5609,2020-01-17,1148,452,306,5,5,6,5609,0,0,0,,0,003,"SYCAMORE DR","ELIZONDO AVE (N)",0.00,,Y,A,-,N,,,,,,,,,,Y,4,0,1,2,A,-,09,21802,A,N,D,C,A,A,H,-,A,A,0,,,,,Y,,A,07,0,0,1,0,0,0,0,0,0,"- ","- ",34.264049530029297,-118.74774169921875,VENTURA,"SIMI VALLEY",-118.74784851074219,34.264488220214844
81382001,2020,2021-01-06,5609,2020-07-17,1003,389,,5,5,6,5609,0,0,0,,0,001,"COCHRAN ST","CHANDLER AVE",132.00,E,N,A,-,N,,,,,,,,,,Y,3,0,2,3,C,-,18,,,N,D,D,A,A,H,-,A,A,0,,,,,Y,,-,"- ",0,1,1,0,0,0,0,0,0,"- ","- ",34.278850555419922,-118.775390625,VENTURA,"SIMI VALLEY",-118.7750244140625,34.279006958007812
81382035,2020,2021-01-06,5609,2020-07-29,1603,443,613,3,5,6,5609,0,0,0,,0,006,"DIANE ST","STEARNS ST.",108.00,E,N,A,-,N,,,,,,,,,,Y,3,0,1,3,C,-,18,,,N,D,E,A,A,H,-,A,D,0,,,,,Y,,-,"- ",0,1,0,0,0,0,0,0,0,"- ","- ",,,VENTURA,"SIMI VALLEY",-118.69105529785156,34.270484924316406
81382040,2020,2021-01-06,5609,2020-08-01,1057,452,317,6,5,6,5609,0,0,0,,0,003,"LOS ANGELES AVE","PATRICIA ST",0.00,,Y,A,-,N,,,,,,,,,,Y,3,0,1,2,A,-,12,21453,A,N,D,C,A,A,H,-,A,A,0,,,,,Y,,D,22,0,1,0,0,0,0,0,0,0,"- ","- ",34.271591186523438,-118.77668762207031,VENTURA,"SIMI VALLEY",-118.77668762207031,34.27178955078125
81382045,2020,2021-01-06,5609,2020-08-05,0649,452,204,3,5,6,5609,0,0,0,,0,002,"ROYAL AVE","SINALOA RD",0.00,,Y,A,-,N,,,,,,,,,,Y,2,0,2,2,A,-,12,21453,A,N,D,C,A,A,A,-,A,A,0,,,,,Y,,A,01,1,1,0,0,0,0,0,0,0,"- ","- ",34.264278411865234,-118.78755187988281,VENTURA,"SIMI VALLEY",-118.78759765625,34.264419555664062
81382099,2020,2021-01-06,5609,2020-08-28,0717,452,217,5,5,6,5609,0,0,0,,0,002,"COUNTRY CLUB DR","WOOD RANCH PKWY",52.00,W,N,A,-,N,,,,,,,,,,Y,4,0,1,2,A,-,08,22100,B,N,B,C,A,A,H,-,A,A,0,,,,,Y,,A,07,0,0,1,0,0,0,0,0,0,"- ","- ",34.252540588378906,-118.81197357177734,VENTURA,"SIMI VALLEY",-118.81217193603516,34.252510070800781
81382210,2020,2021-01-06,5609,2020-10-07,1954,389,,3,5,6,5609,0,0,0,,0,002,"ROYAL AVE","FIRST ST",0.00,,Y,A,-,N,,,,,,,,,,Y,4,0,2,2,A,-,09,21801,A,N,D,C,A,A,H,-,C,A,0,,,,,Y,,A,01,0,0,2,0,0,0,0,0,0,"- ","- ",34.264251708984375,-118.77881622314453,VENTURA,"SIMI VALLEY",-118.77902221679688,34.264450073242188
81382231,2020,2021-01-06,5609,2020-10-16,0821,430,,5,5,6,5609,0,0,0,,0,002,"WOOD RANCH PKWY","CIRCLE KNOLL DR",0.00,,Y,A,-,N,,,,,,,,,,Y,3,0,2,2,A,-,09,21803,A,N,D,C,A,A,H,-,A,D,0,,,,,Y,,A,01,0,2,0,0,0,0,0,0,0,"- ","- ",34.232318878173828,-118.80332946777344,VENTURA,"SIMI VALLEY",-118.80341339111328,34.232151031494141
81382258,2020,2021-01-06,5609,2020-10-26,1858,443,,1,5,6,5609,0,0,0,,0,003,"ROYAL AVE","SEQUOIA AVE",0.00,,Y,A,-,N,,,,,,,,,,Y,3,0,2,2,A,-,09,21800,D,N,D,C,A,A,H,-,C,B,0,,,,,Y,,A,01,0,1,1,0,0,0,0,0,0,"- ","- ",34.264579772949219,-118.73059844970703,VENTURA,"SIMI VALLEY",-118.73049163818359,34.264579772949219
81382276,2020,2021-01-06,5609,2020-11-05,0420,478,,4,5,6,5609,0,0,0,,0,005,"ALAMO ST","STEARNS ST",996.00,W,N,A,-,N,,,,,,,,,,N,3,0,1,2,A,-,08,22107,,F,C,G,A,A,H,-,C,D,0,,Y,,,Y,,-,99,0,1,0,0,0,0,1,0,0,"- ","- ",34.285488128662109,-118.69110870361328,VENTURA,"SIMI VALLEY",-118.69473266601562,34.286270141601562
81382281,2020,2021-01-06,5609,2020-11-06,1752,435,,5,5,6,5609,0,0,0,,0,,"COCHRAN ST","ERRINGER RD",0.00,,Y,A,-,N,,,,,,,,,,Y,3,0,2,2,A,-,09,21801,A,N,D,C,A,A,H,-,C,A,0,,,,,Y,,A,01,0,2,0,0,0,0,0,0,0,"- ","- ",34.278999328613281,-118.76123046875,VENTURA,"SIMI VALLEY",-118.76139831542969,34.279010772705078
81382297,2020,2021-01-06,5609,2020-11-11,1705,430,,3,5,6,5609,0,0,0,,0,002,"LOS ANGELES AVE","THIRD ST",0.00,,Y,A,-,N,,,,,,,,,,Y,4,0,1,2,A,-,09,21801,A,N,D,C,A,A,H,-,B,D,0,,,,,Y,,A,01,0,0,1,0,0,0,0,0,0,"- ","- ",,,VENTURA,"SIMI VALLEY",-118.78122711181641,34.271808624267578
81382334,2020,2021-01-06,5609,2020-11-23,1809,389,615,1,5,6,5609,0,0,0,,0,006,"YOSEMITE AVE","LOS ANGELES AVE",7.00,S,N,A,-,N,,,,,,,,,,N,2,0,1,3,A,-,10,21950,A,N,G,B,B,A,H,-,C,A,0,Y,,,,Y,,A,07,1,0,0,0,1,0,0,0,0,"- ","- ",34.270919799804688,-118.67822265625,VENTURA,"SIMI VALLEY",-118.67839813232422,34.271720886230469
81382374,2020,2021-01-06,5609,2020-12-07,1612,443,,1,5,6,5609,0,0,0,,0,004,"SYCAMORE DR","COCHRAN ST",524.00,N,N,A,G,N,,,,,,,,,,N,4,0,1,2,A,-,04,21703,,N,C,C,A,A,H,-,A,B,0,,,,,Y,,A,01,0,0,1,0,0,0,0,0,0,"- ","- ",34.279079437255859,-118.74381256103516,VENTURA,"SIMI VALLEY",-118.743896484375,34.280437469482422
81382389,2020,2021-01-06,5609,2020-12-09,1134,452,418,3,5,6,5609,0,0,0,,0,004,"COCHRAN ST","SEQUOIA AVE",0.00,,Y,A,-,N,,,,,,,,,,Y,4,0,2,3,A,-,12,21453,A,N,B,C,A,A,H,-,A,A,0,,,,,Y,,D,22,0,0,2,0,0,0,0,0,0,"- ","- ",34.278999328613281,-118.73052215576172,VENTURA,"SIMI VALLEY",-118.73052215576172,34.279010772705078
81382394,2020,2021-01-06,5609,2020-12-12,0936,389,,6,5,6,5609,0,0,0,,0,004,"GALENA AVE","COCHRAN ST",128.00,N,N,C,-,N,,,,,,,,,,Y,3,0,1,1,A,-,03,22350,,N,E,I,A,B,H,-,A,D,0,,,,,Y,,A,07,0,1,0,0,0,0,0,0,0,"- ","- ",34.279029846191406,-118.73562622070312,VENTURA,"SIMI VALLEY",-118.73564910888672,34.279361724853516
81382399,2020,2021-01-06,5609,2020-12-14,1543,443,120,1,5,6,5609,0,0,0,,0,001,"FIRST ST","AGNEW ST",8.00,S,N,A,-,N,,,,,,,,,,N,2,0,2,3,A,-,10,21950,A,N,G,B,B,A,H,-,A,A,0,Y,,,,Y,,D,22,1,0,1,0,2,0,0,0,0,"- ","- ",34.27655029296875,-118.7786865234375,VENTURA,"SIMI VALLEY",-118.77896881103516,34.276779174804688
81382416,2020,2021-01-06,5609,2020-12-21,1306,482,,1,5,6,5609,0,0,0,,0,004,"COCHRAN ST","BOALT AVE",200.00,E,N,A,-,N,,,,,,,,,,Y,4,0,1,2,A,-,09,21804,A,N,D,C,A,A,H,-,A,D,0,,,,,Y,,A,01,0,0,1,0,0,0,0,0,0,"- ","- ",34.278438568115234,-118.72028350830078,VENTURA,"SIMI VALLEY",-118.71988677978516,34.279048919677734
81382430,2020,2021-01-06,5609,2020-12-25,0936,356,,5,5,6,5609,0,0,0,,0,006,"CHARING ST","CHARING CT",0.00,,Y,A,-,N,,,,,,,,,,N,4,0,1,2,A,-,09,21801,A,N,D,C,A,A,H,-,A,D,0,,,Y,,Y,,D,22,0,0,1,0,0,0,0,0,1,"- ","- ",34.269401550292969,-118.65915679931641,VENTURA,"SIMI VALLEY",-118.65930938720703,34.270339965820312
81382446,2020,2021-01-06,5609,2020-01-31,2000,430,,5,5,6,5609,0,0,0,,0,001,"FIRST ST","LOS ANGELES AVE",0.00,,Y,A,-,N,,,,,,,,,,Y,4,0,2,2,A,-,12,21453,A,N,D,C,A,A,H,-,C,A,0,,,,,Y,,A,01,0,0,2,0,0,0,0,0,0,"- ","- ",34.271598815917969,-118.77886199951172,VENTURA,"SIMI VALLEY",-118.77897644042969,34.271808624267578
81382476,2020,2021-01-06,5609,2020-02-07,1640,435,,5,5,6,5609,0,0,0,,0,,"ROSEMARY ST","PLUM AVE",32.00,W,N,A,-,N,,,,,,,,,,N,4,0,2,2,A,-,03,22350,,N,C,C,A,A,H,-,A,D,0,,,,,Y,,D,22,0,0,2,0,0,0,0,0,0,"- ","- ",34.261219024658203,-118.75425720214844,VENTURA,"SIMI VALLEY",-118.75442504882812,34.261608123779297
8122995,2016,2016-09-20,5609,2016-08-18,1901,539,,4,5,6,5609,0,0,0,,0,004,"GALENA AV","COCHRAN ST",0.00,,Y,A,-,N,,,,,,,,,,N,4,0,1,2,A,-,05,21650,1,N,D,G,A,A,H,-,B,A,0,,Y,,,Y,,L,04,0,0,1,0,0,0,1,0,0,"- ","- ",34.279029999999999,-118.73563,VENTURA,"SIMI VALLEY",-118.73564005999999,34.279010049999997
8117726,2016,2016-11-07,5608,2016-08-31,0130,465,,3,5,6,5608,0,0,0,,0,003,"SOUTH VICTORIA AV","WOODLAND ST",128.00,N,N,A,-,N,,,,,,,,,,Y,4,0,1,4,A,-,01,23152,E,N,E,E,A,A,H,-,C,A,0,,,,,Y,,-,,0,0,1,0,0,0,0,0,0,"- ","- ",,,VENTURA,VENTURA,-119.21468286,34.275916080000002
8115093,2016,2016-09-19,5600,2016-08-19,1455,4455,8221,5,5,5,5601,0,0,0,,0,08D,"SANTA ROSA RD","LOS PUEBLOS DR",0.00,,Y,A,-,N,,,,,,,,,,Y,3,0,4,2,A,-,09,21801,A,N,H,C,A,A,H,-,A,A,0,,,,,Y,,D,22,0,2,2,0,0,0,0,0,0,"- ","- ",34.221550000000001,-119.00075,VENTURA,CAMARILLO,-119.0008701,34.22161002
8112409,2016,2016-08-31,5608,2016-08-20,1301,472,,6,5,6,5608,0,0,0,,0,002,"E MAIN ST","N SANTA CRUZ",68.00,E,N,A,-,N,,,,,,,,,,N,4,0,1,3,A,-,03,22350,A,N,C,C,A,A,H,-,A,A,0,,,,,Y,,-,,0,0,1,0,0,0,0,0,0,"- ","- ",,,VENTURA,VENTURA,-119.27096469999999,34.278216180000001
8112001,2016,2016-08-31,5600,2016-08-13,1507,4899,9134,6,5,6,5607,0,0,0,,0,09C,"GREENMEADOW AV","CYPRESS ST",0.00,,Y,A,-,N,,,,,,,,,,Y,3,0,3,2,A,-,09,21802,A,N,A,C,A,A,H,-,A,D,0,,,,,Y,,A,01,0,1,2,0,0,0,0,0,0,"- ","- ",,,VENTURA,"THOUSAND OAKS",-118.89530013,34.179210079999997
8107596,2016,2016-08-22,5608,2016-08-13,1826,439,,6,5,6,5608,0,0,0,,0,004,"VICTORIA AV","OLIVAS PARK DR",1000.00,N,N,A,-,N,,,,,,,,,,Y,4,0,1,3,A,-,03,22350,,N,C,C,A,A,H,-,A,D,0,,,,,Y,,-,,0,0,1,0,0,0,0,0,0,"- ","- ",,,VENTURA,VENTURA,-119.21393607,34.246711920000003
8107588,2016,2016-08-22,5608,2016-08-13,1455,333,,6,5,6,5608,0,0,0,,0,004,"SOUTH VICTORIA AV","OLIVAS PARK DR",1056.00,N,N,A,-,N,,,,,,,,,,Y,4,0,1,3,A,-,03,22350,,N,C,C,A,A,H,-,A,A,0,,,,,Y,,-,,0,0,1,0,0,0,0,0,0,"- ","- ",,,VENTURA,VENTURA,-119.21387151,34.246855979999999
8107528,2016,2016-08-22,5608,2016-08-04,1831,323,,4,5,6,5608,0,0,0,,0,002,"HARBOR BL","MONMOUTH WY",353.00,E,N,A,-,N,,,,,,,,,,Y,4,0,3,2,A,-,08,22107,,N,D,C,A,A,H,-,A,A,0,,,,,Y,,-,,0,0,3,0,0,0,0,0,0,"- ","- ",,,VENTURA,VENTURA,-119.27208804999999,34.266772830000001