CASE_ID,ACCIDENT_YEAR,PROC_DATE,JURIS,COLLISION_DATE,COLLISION_TIME,OFFICER_ID,REPORTING_DISTRICT,DAY_OF_WEEK,CHP_SHIFT,POPULATION,CNTY_CITY_LOC,SPECIAL_COND,BEAT_TYPE,CHP_BEAT_TYPE,CITY_DIVISION_LAPD,CHP_BEAT_CLASS,BEAT_NUMBER,PRIMARY_RD,SECONDARY_RD,DISTANCE,DIRECTION,INTERSECTION,WEATHER_1,WEATHER_2,STATE_HWY_IND,CALTRANS_COUNTY,CALTRANS_DISTRICT,STATE_ROUTE,ROUTE_SUFFIX,POSTMILE_PREFIX,POSTMILE,LOCATION_TYPE,RAMP_INTERSECTION,SIDE_OF_HWY,TOW_AWAY,COLLISION_SEVERITY,NUMBER_KILLED,NUMBER_INJURED,PARTY_COUNT,PRIMARY_COLL_FACTOR,PCF_CODE_OF_VIOL,PCF_VIOL_CATEGORY,PCF_VIOLATION,PCF_VIOL_SUBSECTION,HIT_AND_RUN,TYPE_OF_COLLISION,MVIW,PED_ACTION,ROAD_SURFACE,ROAD_COND_1,ROAD_COND_2,LIGHTING,CONTROL_DEVICE,CHP_ROAD_TYPE,PEDESTRIAN_ACCIDENT,BICYCLE_ACCIDENT,MOTORCYCLE_ACCIDENT,TRUCK_ACCIDENT,NOT_PRIVATE_PROPERTY,ALCOHOL_INVOLVED,STWD_VEHTYPE_AT_FAULT,CHP_VEHTYPE_AT_FAULT,COUNT_SEVERE_INJ,COUNT_VISIBLE_INJ,COUNT_COMPLAINT_PAIN,COUNT_PED_KILLED,COUNT_PED_INJURED,COUNT_BICYCLIST_KILLED,COUNT_BICYCLIST_INJURED,COUNT_MC_KILLED,COUNT_MC_INJURED,PRIMARY_RAMP,SECONDARY_RAMP,LATITUDE,LONGITUDE,COUNTY,CITY,POINT_X,POINT_Y
82187048,2023,2023-10-02,5600,2023-09-04,1105,5419,8221,1,5,5,5601,0,0,0,,0,8D01,"SANTA ROSA RD","ADOLFO RD",0.00,,Y,A,-,N,,,,,,,,,,Y,4,0,1,2,A,-,12,21453,A,N,D,C,A,A,H,-,A,A,0,,,,,Y,,-,"- ",0,0,1,0,0,0,0,0,0,"- ","- ",34.216159820556641,-119.00840759277344,VENTURA,CAMARILLO,-119.00514984130859,34.218280792236328
82189837,2023,2023-10-04,5609,2023-09-17,2038,485,,7,5,6,5609,0,0,0,,0,,"MADERA RD","AMAZON WAY",0.00,,Y,A,-,N,,,,,,,,,,Y,3,0,1,2,A,-,09,21801,A,F,D,C,A,A,H,-,C,D,0,,,,,Y,,-,99,0,1,0,0,0,0,0,0,0,"- ","- ",34.260730743408203,-118.79630279541016,VENTURA,"SIMI VALLEY",-118.79296875,34.283851623535156
82189841,2023,2023-10-04,5609,2023-09-28,"821 ",443,,4,5,6,5609,0,0,0,,0,002,"COUNTRY CLUB DR","RED LAKES PL",0.00,,Y,A,-,N,,,,,,,,,,Y,3,0,2,2,A,-,09,21804,A,N,D,C,A,A,H,-,A,D,0,,,,,Y,,A,01,0,1,1,0,0,0,0,0,0,"- ","- ",34.250938415527344,-118.81768798828125,VENTURA,"SIMI VALLEY",-118.81768035888672,34.250923156738281
82189842,2023,2023-10-04,5609,2023-09-29,1240,5023,,5,5,6,5609,0,0,0,,0,001,"ERRINGER RD","118 WB OFF ERRINGER RAMP",0.00,,Y,B,-,Y,,,,,,,,,,Y,4,0,3,2,A,-,08,22107,,N,B,C,A,A,H,-,A,A,0,,,,,Y,,-,"- ",0,0,3,0,0,0,0,0,0,"- ","- ",34.28302001953125,-118.76109313964844,VENTURA,"SIMI VALLEY",,
82189843,2023,2023-10-04,5609,2023-09-30,1221,5023,,6,5,6,5609,0,0,0,,0,005,"LOS ANGELES AVE","TAPO ST",25.00,W,N,B,-,N,,,,,,,,,,N,3,0,1,2,A,-,11,21950,B,N,G,B,D,B,H,-,A,A,0,Y,,,,Y,,N,60,0,1,0,0,1,0,0,0,0,"- ","- ",34.271678924560547,-118.70913696289062,VENTURA,"SIMI VALLEY",-118.70903015136719,34.271697998046875
82191553,2023,2023-10-05,5600,2023-09-08,"800 ",5196,9020,5,5,6,5607,0,0,0,,0,9A01,"AVENIDA DE LOS ARBOLES","CALLE QUEBRACHO",8.00,W,N,A,-,N,,,,,,,,,,N,3,0,1,2,A,-,05,21650,1,N,D,G,A,A,H,-,A,D,0,,Y,,,Y,,L,04,0,1,0,0,0,0,1,0,0,"- ","- ",34.218070983886719,-118.86772155761719,VENTURA,"THOUSAND OAKS",-118.86767578125,34.218070983886719
82193602,2023,2023-10-09,5609,2023-09-29,2125,5004,,5,5,6,5609,0,0,0,,0,006,"COCHRAN ST","FASLEY AVE",15.00,E,N,A,-,N,,,,,,,,,,Y,3,0,2,2,A,-,08,22107,,N,B,E,A,A,H,-,C,D,0,,,,,Y,,A,07,0,2,0,0,0,0,0,0,0,"- ","- ",34.278148651123047,-118.67497253417969,VENTURA,"SIMI VALLEY",-118.67514801025391,34.279010772705078
82195873,2023,2023-10-11,5609,2023-10-08,1228,5023,,7,5,6,5609,0,0,0,,0,006,"YOSEMITE AVE","118 FWY WB FWY",30.00,S,N,A,-,Y,VEN,,118," ",R,29.567,H,,L,Y,4,0,1,1,A,-,08,22107,,N,E,I,A,A,H,-,A,D,0,,,,,Y,,A,01,0,0,1,0,0,0,0,0,0,"- ","- ",34.281761169433594,-118.67851257324219,VENTURA,"SIMI VALLEY",-118.67851257324219,34.28173828125
82195906,2023,2023-10-11,5600,2023-10-05,1614,5487,5102,4,5,4,5690,0,0,0,,0,2A01,"LOS ANGELES AV","MONTAIR DR",253.00,E,N,A,-,Y,VEN,,118," "," ",15.609,H,,R,Y,4,0,2,2,A,-,04,21703,,N,C,C,A,A,H,-,A,D,0,,,,,Y,,A,08,0,0,2,0,0,0,0,0,0,"- ","- ",34.27899169921875,-118.91609191894531,VENTURA,MOORPARK,-118.91609191894531,34.278915405273438
82197981,2023,2023-10-13,5609,2023-09-28,1746,464,,4,5,6,5609,0,0,0,,0,004,"COCHRAN ST","CAPITOL WAY",41.00,E,N,A,-,N,,,,,,,,,,Y,3,0,1,4,A,-,03,22350,,N,C,C,A,A,H,-,A,A,0,,,,,Y,,A,07,0,1,0,0,0,0,0,0,0,"- ","- ",34.279079437255859,-118.74176025390625,VENTURA,"SIMI VALLEY",-118.67086029052734,34.282581329345703
82198061,2023,2023-10-13,5600,2023-09-08,"813 ",5450,9154,5,5,6,5607,0,0,0,,0,9G01,"CONEJO SCHOOL RD","THOUSAND OAKS BL",0.00,,Y,A,-,N,,,,,,,,,,Y,4,0,1,2,A,-,12,21453,A,N,D,C,A,A,H,-,A,A,0,,,,,Y,,A,01,0,0,1,0,0,0,0,0,0,"- ","- ",34.171218872070312,-118.84886169433594,VENTURA,"THOUSAND OAKS",-118.84480285644531,34.174556732177734
82198089,2023,2023-10-24,5600,2023-10-04,1422,4617,9126,3,5,6,5607,0,0,0,,0,9H01,"CAMINO DOS RIOS","HILLCREST DR (N)",0.00,,Y,-,-,N,,,,,,,,,,N,4,0,2,3,A,-,12,21453,A,N,D,C,A,A,H,-,A,A,0,,,,,Y,,A,01,0,0,2,0,0,0,0,0,0,"- ","- ",34.190109252929688,-118.93504333496094,VENTURA,"THOUSAND OAKS",-118.93514251708984,34.189380645751953
82206319,2023,2023-10-23,5608,2023-10-09,2005,537,,1,5,6,5608,0,0,0,,0,003,"TELEGRAPH RD","VICTORIA AVE",22.00,E,N,A,-,N,,,,,,,,,,N,3,0,1,2,A,-,12,21453,A,N,D,C,A,A,H,-,A,A,0,,,Y,,Y,,C,06,0,1,0,0,0,0,0,0,1,"- ","- ",,,VENTURA,VENTURA,-119.21456146240234,34.278018951416016
82206700,2023,2023-10-24,5600,2023-09-16,1027,5341,9174,6,5,6,5607,0,0,0,,0,9D01,"WESTLAKE BL","TRIUNFO CANYON RD",21.00,E,N,A,-,Y,VEN,,23," ",R,2.259,H,,L,N,4,0,1,2,A,-,21,22106,,N,C,C,A,A,H,-,A,A,0,,,,,Y,,A,01,0,0,1,0,0,0,0,0,0,"- ","- ",34.149478912353516,-118.83891296386719,VENTURA,"THOUSAND OAKS",-118.83892822265625,34.149513244628906
82206742,2023,2023-10-24,5600,2023-10-09,1437,5807,8128,1,5,5,5601,0,0,0,,0,8C01,"LAS POSAS RD","BEVERLY DR",170.00,E,N,A,-,N,,,,,,,,,,Y,3,0,1,3,A,-,03,22350,,N,C,C,A,A,H,-,A,D,0,,,,,Y,,A,07,0,1,0,0,0,0,0,0,0,"- ","- ",34.238521575927734,-119.03038787841797,VENTURA,CAMARILLO,-119.02993774414062,34.238780975341797
82206745,2023,2023-10-24,5600,2023-10-10,1128,5781,8104,2,5,5,5601,0,0,0,,0,8B01,"PONDEROSA DR","CARMEN DR",35.00,E,N,B,-,N,,,,,,,,,,N,4,0,4,2,A,-,03,22350,,N,C,C,A,A,H,-,A,A,0,,,,,Y,,A,07,0,0,4,0,0,0,0,0,0,"- ","- ",34.223598480224609,-119.05072021484375,VENTURA,CAMARILLO,-119.05067443847656,34.223628997802734
82206765,2023,2023-10-24,5600,2023-10-13,1513,5011,9080,5,5,6,5607,0,0,0,,0,9H01,"HILLCREST DR","MARIN ST",0.00,,Y,A,-,N,,,,,,,,,,Y,3,0,2,2,A,-,09,21801,A,N,D,C,A,A,H,-,A,A,0,,,,,Y,,A,07,0,1,1,0,0,0,0,0,0,"- ","- ",34.182838439941406,-118.88381195068359,VENTURA,"THOUSAND OAKS",-118.88382720947266,34.182746887207031
82206772,2023,2023-10-24,5600,2023-10-15,"117 ",5244,9088,7,5,6,5607,0,0,0,,0,9G01,"THOUSAND OAKS BL","MOORPARK RD",203.00,W,N,A,-,N,,,,,,,,,,Y,4,0,1,1,A,-,01,23152,A,N,E,I,A,A,H,-,C,D,0,,,,,Y,Y,A,07,0,0,1,0,0,0,0,0,0,"- ","- ",34.175918579101562,-118.88037109375,VENTURA,"THOUSAND OAKS",-118.87651824951172,34.178928375244141
82206782,2023,2023-11-20,5600,2023-10-16,1653,5368,9032,1,5,6,5607,0,0,0,,0,9A01,"AVENIDA DE LAS PLANTAS","AVENIDA DE LAS FLORES",10.00,N,N,A,-,N,,,,,,,,,,N,4,0,1,2,A,-,01,23153,A,N,C,C,A,A,H,-,A,A,0,,,,,Y,Y,D,22,0,0,1,0,0,0,0,0,0,"- ","- ",34.207248687744141,-118.85913848876953,VENTURA,"THOUSAND OAKS",-118.8590087890625,34.207283020019531
82207854,2023,2023-10-25,5609,2023-10-22,1707,5023,,7,5,6,5609,0,0,0,,0,003,"LOS ANGELES AVE","TAPO CANYON RD",47.00,W,N,A,-,N,,,,,,,,,,N,4,0,1,2,A,-,03,22350,,N,C,C,A,A,H,-,A,A,0,,,,,Y,,A,01,0,0,1,0,0,0,0,0,0,"- ","- ",34.271080017089844,-118.71711730957031,VENTURA,"SIMI VALLEY",-118.71748352050781,34.271671295166016
82221024,2023,2023-10-27,5600,2023-10-10,1305,5007,9072,2,5,6,5607,0,0,0,,0,9G01,"THOUSAND OAKS BL","RANCHO RD",120.00,W,N,A,-,N,,,,,,,,,,N,4,0,1,2,A,-,21,22106,,N,G,B,D,A,H,-,A,D,0,Y,,,,Y,,A,01,0,0,1,0,1,0,0,0,0,"- ","- ",34.179798126220703,-118.84690093994141,VENTURA,"THOUSAND OAKS",-118.85825347900391,34.178630828857422
82231706,2023,2023-11-27,5609,2023-10-29,"811 ",5023,,7,5,6,5609,0,0,0,,0,003,"ROYAL AVE","ERRINGER RD",0.00,,Y,A,-,N,,,,,,,,,,Y,2,0,3,2,A,-,12,21453,A,N,D,C,A,A,H,-,A,A,0,,,,,Y,,A,01,2,1,0,0,0,0,0,0,0,"- ","- ",34.263328552246094,-118.76127624511719,VENTURA,"SIMI VALLEY",-118.76138305664062,34.263637542724609
82232906,2023,2023-11-13,5600,2023-10-19,1842,5369,8027,4,5,5,5601,0,0,0,,0,8B01,"CARMEN DR","PASEO CAMARILLO",0.00,,Y,A,-,N,,,,,,,,,,Y,4,0,1,2,A,-,09,21801,A,N,H,C,A,A,H,-,B,A,0,,,,,Y,,A,01,0,0,1,0,0,0,0,0,0,"- ","- ",34.220989227294922,-119.05074310302734,VENTURA,CAMARILLO,-119.05069732666016,34.221004486083984
82232908,2023,2023-11-13,5600,2023-10-22,1905,5368,9086,7,5,6,5607,0,0,0,,0,9H01,"HILLCREST DR","WILBUR RD",10.00,W,N,A,-,N,,,,,,,,,,N,3,0,1,2,A,-,10,21950,A,F,G,B,B,A,H,-,C,A,0,Y,,,,Y,,A,07,0,1,0,0,1,0,0,0,0,"- ","- ",34.181209564208984,-118.88182067871094,VENTURA,"THOUSAND OAKS",-118.88190460205078,34.181179046630859
82232939,2023,2023-11-13,5600,2023-11-03,2037,5244,9050,5,5,6,5607,0,0,0,,0,9B01,"MOORPARK RD","GAINSBOROUGH RD",196.00,S,N,A,-,N,,,,,,,,,,Y,4,0,3,2,A,-,03,22350,,N,C,C,A,A,H,-,C,D,0,,,,,Y,,A,07,0,0,3,0,0,0,0,0,0,"- ","- ",34.194881439208984,-118.8721923828125,VENTURA,"THOUSAND OAKS",-118.87260437011719,34.194469451904297
82232947,2023,2023-11-13,5600,2023-11-06,1719,5368,9160,1,5,6,5607,0,0,0,,0,9D01,"THOUSAND OAKS BL","PIERCE ARROW AV",0.00,,Y,A,-,N,,,,,,,,,,N,4,0,1,2,A,-,17,21451,A,N,B,C,A,A,H,-,A,A,0,,,Y,,Y,,A,01,0,0,1,0,0,0,0,0,1,"- ","- ",34.162490844726562,-118.82572937011719,VENTURA,"THOUSAND OAKS",-118.82575225830078,34.16241455078125
82233421,2023,2023-11-13,5600,2023-08-20,1404,5505,9300,7,5,6,5607,0,0,0,,0,9C01,"BORCHARD RD","LOS VIENTOS DR",1056.00,W,N,B,C,N,,,,,,,,,,Y,3,0,1,1,A,-,03,22350,,N,E,I,A,B,H,-,A,D,0,,,,,Y,,D,22,0,1,0,0,0,0,0,0,0,"- ","- ",34.179328918457031,-118.96101379394531,VENTURA,"THOUSAND OAKS",-118.96442413330078,34.179405212402344
82238572,2023,2023-11-17,5600,2023-10-31,1119,5372,1006,2,5,2,5603,0,0,0,,0,1B01,"EAST OJAI AVE / SR 150","N. MONTGOMERY STREET",175.00,W,N,A,-,Y,VEN,,150," "," ",18.094,H,,R,N,3,0,1,2,A,-,10,21952,,N,G,B,F,A,H,-,A,D,0,Y,,,,Y,,A,01,0,1,0,0,1,0,0,0,0,"- ","- ",34.448440551757812,-119.23642730712891,VENTURA,OJAI,-119.23642730712891,34.448390960693359
82243689,2023,2023-11-24,5600,2023-11-08,"952 ",4451,6006,3,5,3,5602,0,0,0,,0,6A01,"VENTURA STREET","C STREET",0.00,,Y,A,G,Y,,,,,,,,,,Y,4,0,1,2,A,-,12,21453,A,N,D,C,A,A,H,-,A,A,0,,,,,Y,,-,31,0,0,1,0,0,0,0,0,0,"- ","- ",,,VENTURA,FILLMORE,-118.92720794677734,34.394950866699219
82244080,2023,2023-11-27,5600,2023-11-02,1904,5371,1011,4,5,2,5603,0,0,0,,0,1A01,"DEL NORTE RD","CUYAMA RD (N)",0.00,,Y,-,-,N,,,,,,,,,,Y,3,0,1,1,A,-,03,22350,,N,E,I,A,A,H,-,D,B,0,,,,,Y,,A,07,0,1,0,0,0,0,0,0,0,"- ","- ",34.444969177246094,-119.26029968261719,VENTURA,OJAI,-119.26036834716797,34.444557189941406
82250431,2023,2024-02-29,5609,2023-10-14,1256,5023,,6,5,6,5609,0,0,0,,0,003,"ROYAL AVE","HAVEN AVE",269.00,W,N,A,-,N,,,,,,,,,,Y,1,1,0,1,A,-,08,22107,,N,E,I,A,A,H,-,A,D,0,,,,,Y,,A,07,0,0,0,0,0,0,0,0,0,"- ","- ",34.260810852050781,-118.75627899169922,VENTURA,"SIMI VALLEY",-118.75713348388672,34.260883331298828
82250442,2023,2023-12-04,5609,2023-11-29,1714,5033,116,3,5,6,5609,0,0,0,,0,001,"ERRINGER RD","118 EB OFF ERRINGER RAMP",255.00,S,N,B,-,Y,,,,,,,,,,Y,3,0,2,3,A,-,09,21801,A,N,D,C,A,A,H,-,C,D,0,,,,,Y,,A,01,0,2,0,0,0,0,0,0,0,"- ","- ",34.281211853027344,-118.76120758056641,VENTURA,"SIMI VALLEY",,
82250489,2023,2023-12-04,5600,2023-11-21,1122,2913,9072,2,5,6,5607,0,0,0,,0,9G01,"THOUSAND OAKS BL","RANCHO RD",0.00,,Y,-,-,N,,,,,,,,,,Y,4,0,1,2,A,-,17,21457,B,N,H,C,A,A,H,-,A,A,0,,,,,Y,,A,01,0,0,1,0,0,0,0,0,0,"- ","- ",34.179798126220703,-118.84690093994141,VENTURA,"THOUSAND OAKS",-118.85787963867188,34.17852783203125
82253623,2023,2023-12-06,5600,2023-11-30,1017,2913,9090,4,5,6,5607,0,0,0,,0,9G01,"MOORPARK RD","THOUSAND OAKS BL",0.00,,Y,A,-,N,,,,,,,,,,Y,4,0,2,3,A,-,08,22100,A,N,D,C,A,A,H,-,A,A,0,,,,,Y,,A,01,0,0,2,0,0,0,0,0,0,"- ","- ",34.179019927978516,-118.87648773193359,VENTURA,"THOUSAND OAKS",-118.87651824951172,34.178932189941406
82261619,2023,2023-12-14,5609,2023-11-29,1750,5004,,3,5,6,5609,0,0,0,,0,004,"LOS ANGELES AVE","TAPO CANYON RD",128.00,W,N,A,-,N,,,,,,,,,,Y,3,0,1,5,A,-,01,23153,A,F,C,C,A,A,H,-,C,A,0,,,,,Y,Y,A,07,0,1,0,0,0,0,0,0,0,"- ","- ",34.271610260009766,-118.71733856201172,VENTURA,"SIMI VALLEY",-118.71775054931641,34.271671295166016
82261684,2023,2023-12-14,5600,2023-12-05,1720,5368,9126,2,5,6,5607,0,0,0,,0,9H01,"CAMINO DOS RIOS","HILLCREST DR (N)",0.00,,Y,A,-,N,,,,,,,,,,Y,4,0,2,2,D,-,00,,,N,D,C,A,A,H,-,C,A,0,,,,Y,Y,,-,"- ",0,0,2,0,0,0,0,0,0,"- ","- ",34.190109252929688,-118.93504333496094,VENTURA,"THOUSAND OAKS",-118.93514251708984,34.189380645751953
82263791,2023,2023-12-18,5609,2023-12-13,1544,5033,200,3,5,6,5609,0,0,0,,0,002,"MADERA RD","CANCUN ST",0.00,,Y,A,-,N,,,,,,,,,,Y,3,0,2,2,A,-,09,21801,A,N,D,C,A,A,H,-,A,A,0,,,,,Y,,A,07,0,2,0,0,0,0,0,0,0,"- ","- ",34.260639190673828,-118.79612731933594,VENTURA,"SIMI VALLEY",-118.79631805419922,34.2607421875
82265480,2023,2023-12-19,5600,2023-12-07,2151,5244,9128,4,5,6,5607,0,0,0,,0,9H01,"VENTU PARK RD","550 N VENTU PARK",0.00,,Y,A,-,N,,,,,,,,,,Y,3,0,3,2,A,-,12,21453,A,N,D,C,A,A,H,-,C,A,0,,,,,Y,,A,01,0,2,1,0,0,0,0,0,0,"- ","- ",,,VENTURA,"THOUSAND OAKS",-118.91123199462891,34.180370330810547
82266757,2023,2023-12-20,5609,2023-12-15,"656 ",472,,5,5,6,5609,0,0,0,,0,,"COCHRAN ST","TAPO CANYON RD",0.00,,Y,A,-,N,,,,,,,,,,Y,2,0,1,3,A,-,12,21453,A,N,D,C,A,A,H,-,A,A,0,,,,,Y,,D,22,1,0,0,0,0,0,0,0,0,"- ","- ",34.278968811035156,-118.71775054931641,VENTURA,"SIMI VALLEY",-118.71787261962891,34.279075622558594
82266758,2023,2023-12-20,5609,2023-12-15,1444,5023,,5,5,6,5609,0,0,0,,0,002,"WOOD RANCH PKWY","LAKE PARK DR (N)",234.00,S,N,A,-,N,,,,,,,,,,N,4,0,1,2,A,-,07,21658,A,N,B,C,A,A,H,-,A,D,0,,,,,Y,,-,"- ",0,0,1,0,0,0,0,0,0,"- ","- ",34.248260498046875,-118.81189727783203,VENTURA,"SIMI VALLEY",-118.81160736083984,34.247642517089844
82266799,2023,2023-12-20,5600,2023-12-11,1018,5644,9128,1,5,6,5607,0,0,0,,0,9H01,"VENTU PARK RD","HILLCREST DR",907.00,N,N,A,-,N,,,,,,,,,,Y,4,0,1,2,A,-,09,21804,A,N,D,C,A,A,H,-,A,D,0,,,,,Y,,A,07,0,0,1,0,0,0,0,0,0,"- ","- ",34.188240051269531,-118.91121673583984,VENTURA,"THOUSAND OAKS",-118.91195678710938,34.190711975097656
82270278,2023,2024-02-19,5600,2023-09-30,"303 ",5150,9180,6,5,6,5607,0,0,0,,0,9D01,"WESTLAKE BL","POTRERO RD",2906.00,S,N,A,-,Y,VEN,,23," ",T,1.491,H,,R,Y,1,1,0,1,D,-,00,,,N,E,I,A,A,H,-,D,D,0,,,,,Y,,-,"- ",0,0,0,0,0,0,0,0,0,"- ","- ",34.142871856689453,-118.84983062744141,VENTURA,"THOUSAND OAKS",-118.849609375,34.142723083496094
82271802,2023,2023-12-27,5600,2023-12-18,1406,5298,6007,1,5,3,5602,0,0,0,,0,6A01,"VENTURA STREET (SR 126)","C ST",60.00,W,N,B,-,Y,VEN,,126," "," ",20.588,H,,R,N,4,0,2,3,A,-,21,22106,,N,C,C,A,A,H,-,A,A,0,,,,,Y,,-,31,0,0,2,0,0,0,0,0,0,"- ","- ",34.394931793212891,-118.92722320556641,VENTURA,FILLMORE,-118.92721557617188,34.394893646240234
82277533,2023,2024-01-03,5609,2023-12-29,1749,5023,,5,5,6,5609,0,0,0,,0,001,"COCHRAN ST","FREEDOM WAY",0.00,,Y,B,-,N,,,,,,,,,,Y,3,0,3,2,A,-,09,21801,A,N,H,C,A,A,H,-,C,A,0,,,,,Y,,A,01,0,2,1,0,0,0,0,0,0,"- ","- ",34.280750274658203,-118.79013824462891,VENTURA,"SIMI VALLEY",-118.79042053222656,34.280910491943359
82278840,2023,2024-01-04,5600,2023-12-16,1018,5924,9000,6,5,6,5607,0,0,0,,0,9A01,"OLSEN RD","WILDWOOD AV",15.00,N,N,A,-,N,,,,,,,,,,N,4,0,1,2,A,-,03,22350,,N,C,C,A,A,H,-,A,A,0,,,,,Y,Y,A,07,0,0,1,0,0,0,0,0,0,"- ","- ",34.220958709716797,-118.8895263671875,VENTURA,"THOUSAND OAKS",-118.88950347900391,34.220947265625
82278848,2023,2024-01-04,5600,2023-12-22,1541,5039,9300,5,5,6,5607,0,0,0,,0,9C01,"BORCHARD RD","VIA RICARDO",0.00,,Y,B,-,N,,,,,,,,,,Y,4,0,2,2,A,-,12,21453,A,N,D,C,A,B,H,-,B,A,0,,,,,Y,,A,07,0,0,2,0,0,0,0,0,0,"- ","- ",34.173988342285156,-118.98493194580078,VENTURA,"THOUSAND OAKS",-118.98090362548828,34.176277160644531
82278853,2023,2024-01-04,5600,2023-12-22,2359,5244,9043,5,5,6,5607,0,0,0,,0,9B01,"WESTLAKE BL","ALLYSON CT",565.00,S,N,A,-,N,,,,,,,,,,N,3,0,1,1,A,-,01,23152,A,N,E,I,A,A,H,-,C,B,0,,,,,Y,Y,A,01,0,1,0,0,0,0,0,0,0,"- ","- ",34.199810028076172,-118.83081817626953,VENTURA,"THOUSAND OAKS",-118.82597351074219,34.202121734619141
82283433,2023,2024-01-10,5600,2023-12-29,1722,5602,9020,5,5,6,5607,0,0,0,,0,9A01,"AVENIDA DE LOS ARBOLES","CALLE GOMERO",0.00,,Y,A,-,N,,,,,,,,,,Y,3,0,2,2,A,-,09,21801,A,N,A,C,A,A,H,-,C,D,0,,,,,Y,,D,22,0,2,0,0,0,0,0,0,0,"- ","- ",,,VENTURA,"THOUSAND OAKS",-118.85475921630859,34.213832855224609
82288634,2024,2024-01-17,5609,2024-01-12,"859 ",383,,5,5,6,5609,0,0,0,,0,001,"COCHRAN ST","ERRINGER RD",0.00,N,Y,A,-,N,,,,,,,,,,Y,4,0,1,3,A,-,12,21453,A,N,D,C,A,A,H,-,A,A,0,,,,,Y,,A,01,0,0,1,0,0,0,0,0,0,"- ","- ",34.278999328613281,-118.76123046875,VENTURA,"SIMI VALLEY",-118.76139831542969,34.279010772705078
82288648,2024,2024-01-17,5609,2024-01-15,1202,356,,1,5,6,5609,0,0,0,,0,004,"BROADMOOR AVE","BROMFIELD ST",0.00,,Y,A,-,N,,,,,,,,,,Y,3,0,1,2,A,-,09,21801,A,N,D,C,A,A,H,-,A,D,0,,,,,Y,,D,22,0,1,0,0,0,0,0,0,0,"- ","- ",34.283351898193359,-118.75682067871094,VENTURA,"SIMI VALLEY",-118.75711059570312,34.28369140625
82288651,2024,2024-01-17,5609,2024-01-08,1720,5023,,1,5,6,5609,0,0,0,,0,001,"ERRINGER RD","LARCH ST",11.00,S,N,A,-,N,,,,,,,,,,N,2,0,1,2,A,-,10,21950,A,N,G,B,B,A,H,-,B,A,0,Y,,,,Y,,D,22,1,0,0,0,1,0,0,0,0,"- ","- ",34.275039672851562,-118.76116943359375,VENTURA,"SIMI VALLEY",-118.76139831542969,34.275360107421875
82289821,2023,2024-01-18,5609,2023-12-26,1854,464,,2,5,6,5609,0,0,0,,0,004,"COCHRAN ST","CAPITOL WAY",0.00,,Y,A,-,N,,,,,,,,,,Y,4,0,3,2,A,-,09,21801,A,N,D,C,A,A,H,-,C,A,0,,,,,Y,,A,01,0,0,3,0,0,0,0,0,0,"- ","- ",,,VENTURA,"SIMI VALLEY",-118.67162322998047,34.281181335449219
82289907,2024,2024-01-18,5600,2024-01-13,1405,5039,,6,5,6,5607,0,0,0,,0,9G01,"TAYLOR CT","THOUSAND OAKS BL",0.00,,Y,A,-,N,,,,,,,,,,N,4,0,1,2,A,-,10,21950,A,N,G,B,D,A,H,-,A,D,0,Y,,,,Y,,A,07,0,0,1,0,1,0,0,0,0,"- ","- ",34.176361083984375,-118.86640930175781,VENTURA,"THOUSAND OAKS",-118.8624267578125,34.179595947265625
82292641,2023,2024-01-22,5600,2023-12-30,1815,5600,,6,5,5,5601,0,0,0,,0,8A01,"OFFRAMP SB 101 LAS POSAS","LAS POSAS RD",0.00,,Y,A,-,Y,,,,,,,,,,Y,4,0,1,2,A,-,08,22100,A,N,H,C,A,A,H,-,C,A,0,,,,,Y,,A,07,0,0,1,0,0,0,0,0,0,"- ","- ",34.217838287353516,-119.06977844238281,VENTURA,CAMARILLO,-119.06978607177734,34.221427917480469
82297514,2023,2024-01-26,5600,2023-12-30,"849 ",5924,,6,5,6,5607,0,0,0,,0,9C01,"LYNN RD","HAIGH RD",60.00,E,N,B,-,N,,,,,,,,,,Y,4,0,1,2,A,-,07,21658,A,N,B,C,A,B,H,-,A,A,0,,,,,Y,,A,07,0,0,1,0,0,0,0,0,0,"- ","- ",34.176891326904297,-118.90376281738281,VENTURA,"THOUSAND OAKS",-118.90351104736328,34.177009582519531
82297549,2024,2024-01-26,5600,2024-01-18,1805,5279,,4,5,6,5607,0,0,0,,0,9H01,"MCCLOUD AV","SAINT CHARLES DR",143.00,S,N,B,-,N,,,,,,,,,,Y,4,0,1,3,A,-,08,22107,,N,C,E,A,A,H,-,C,D,0,,,,,Y,,A,01,0,0,1,0,0,0,0,0,0,"- ","- ",34.189899444580078,-118.88124084472656,VENTURA,"THOUSAND OAKS",-118.88164520263672,34.189685821533203
82297562,2024,2024-01-26,5600,2024-01-22,"929 ",2913,,1,5,6,5607,0,0,0,,0,9B01,"HILLCREST DR","HODENCAMP RD",415.00,W,N,B,-,N,,,,,,,,,,Y,3,0,1,2,A,-,09,21804,A,N,D,C,A,B,H,-,A,A,0,,,,,Y,,A,01,0,1,0,0,0,0,0,0,0,"- ","- ",34.178058624267578,-118.87241363525391,VENTURA,"THOUSAND OAKS",-118.86975860595703,34.181098937988281