CASE_ID,ACCIDENT_YEAR,PROC_DATE,JURIS,COLLISION_DATE,COLLISION_TIME,OFFICER_ID,REPORTING_DISTRICT,DAY_OF_WEEK,CHP_SHIFT,POPULATION,CNTY_CITY_LOC,SPECIAL_COND,BEAT_TYPE,CHP_BEAT_TYPE,CITY_DIVISION_LAPD,CHP_BEAT_CLASS,BEAT_NUMBER,PRIMARY_RD,SECONDARY_RD,DISTANCE,DIRECTION,INTERSECTION,WEATHER_1,WEATHER_2,STATE_HWY_IND,CALTRANS_COUNTY,CALTRANS_DISTRICT,STATE_ROUTE,ROUTE_SUFFIX,POSTMILE_PREFIX,POSTMILE,LOCATION_TYPE,RAMP_INTERSECTION,SIDE_OF_HWY,TOW_AWAY,COLLISION_SEVERITY,NUMBER_KILLED,NUMBER_INJURED,PARTY_COUNT,PRIMARY_COLL_FACTOR,PCF_CODE_OF_VIOL,PCF_VIOL_CATEGORY,PCF_VIOLATION,PCF_VIOL_SUBSECTION,HIT_AND_RUN,TYPE_OF_COLLISION,MVIW,PED_ACTION,ROAD_SURFACE,ROAD_COND_1,ROAD_COND_2,LIGHTING,CONTROL_DEVICE,CHP_ROAD_TYPE,PEDESTRIAN_ACCIDENT,BICYCLE_ACCIDENT,MOTORCYCLE_ACCIDENT,TRUCK_ACCIDENT,NOT_PRIVATE_PROPERTY,ALCOHOL_INVOLVED,STWD_VEHTYPE_AT_FAULT,CHP_VEHTYPE_AT_FAULT,COUNT_SEVERE_INJ,COUNT_VISIBLE_INJ,COUNT_COMPLAINT_PAIN,COUNT_PED_KILLED,COUNT_PED_INJURED,COUNT_BICYCLIST_KILLED,COUNT_BICYCLIST_INJURED,COUNT_MC_KILLED,COUNT_MC_INJURED,PRIMARY_RAMP,SECONDARY_RAMP,LATITUDE,LONGITUDE,COUNTY,CITY,POINT_X,POINT_Y
8399761,2017,2017-07-06,5608,2017-06-18,1219,465,,7,5,6,5608,0,0,0,,0,001,"THOMPSON BL","CHESTNUT ST",0.00,,Y,A,-,N,,,,,,,,,,Y,4,0,2,2,A,-,09,21801,A,N,D,C,A,A,H,-,A,A,0,,,,,Y,,A,07,0,0,2,0,0,0,0,0,0,"- ","- ",,,VENTURA,VENTURA,-119.29154995,34.278260009999997
8400127,2016,2018-04-30,5604,2016-01-14,0831,4921,,4,5,6,5604,0,0,0,,0,,"SAVIERS RD","BARD RD",60.00,N,N,A,-,N,,,,,,,,,,Y,4,0,1,2,A,-,08,22107,,N,C,C,A,A,H,-,A,D,0,,,,,Y,,A,01,0,0,1,0,0,0,0,0,0,"- ","- ",34.161000000000001,-119.17769,VENTURA,OXNARD,-119.17778,34.161164679999999
8400134,2016,2018-05-02,5604,2016-08-25,1456,REBOLLAR,,4,5,6,5604,0,0,0,,0,041,"YUCCA ST","SAVIERS RD",90.00,E,N,A,-,N,,,,,,,,,,N,4,0,1,2,A,-,09,21804,A,N,D,C,A,A,H,-,A,D,0,,,,,Y,,D,22,0,0,1,0,0,0,0,0,0,"- ","- ",,,VENTURA,OXNARD,-119.17773,34.165939999999999
8400147,2016,2018-05-02,5604,2016-08-15,0607,5311,,1,5,6,5604,0,0,0,,0,022,"H ST","3RD ST",50.00,S,N,A,-,N,,,,,,,,,,Y,4,0,2,3,A,-,08,22107,,N,B,E,A,A,H,-,B,D,0,,,,,Y,,A,01,0,0,2,0,0,0,0,0,0,"- ","- ",34.200380000000003,-119.18787,VENTURA,OXNARD,-119.18788198999999,34.200262770000002
8400159,2016,2018-05-02,5604,2016-08-10,1245,4610,,3,5,6,5604,0,0,0,,0,011,"OXNARD BL","GLENWOOD DR",0.00,,Y,A,-,N,,,1,,,,,,,Y,3,0,3,2,A,-,12,21453,A,N,D,C,A,A,H,-,A,A,0,,,,,Y,,D,22,0,3,0,0,0,0,0,0,0,"- ","- ",34.214089999999999,-119.17769,VENTURA,OXNARD,-119.17729056,34.214086610000003
8401124,2016,2018-06-07,5604,2016-12-06,1222,5189,,2,5,6,5604,0,0,0,,0,012,"ROSE AV","RT 101",60.00,N,N,A,-,Y,VEN,7,101,-,-,21.055,R,4,S,N,4,0,1,2,A,-,08,22100,B,N,D,C,A,A,H,-,A,A,0,,,,Y,Y,,F,25,0,0,1,0,0,0,0,0,0,"- ",SO,,,VENTURA,OXNARD,-119.15934186,34.225207879999999
8401132,2016,2018-05-03,5604,2016-12-03,1013,4531,,6,5,6,5604,0,0,0,,0,041,"SAVIERS RD","LARK ST",100.00,S,N,A,-,N,,,,,,,,,,N,4,0,1,2,A,-,03,22350,,N,C,C,A,A,H,-,A,A,0,,,,,Y,,D,22,0,0,1,0,0,0,0,0,0,"- ","- ",34.173400000000001,-119.17755,VENTURA,OXNARD,-119.17752277,34.17229554
8401134,2016,2018-05-03,5604,2016-11-14,1900,5005,,1,5,6,5604,0,0,0,,0,024,"BAY BL","VENTURA RD",0.00,,Y,A,-,N,,,,,,,,,,Y,2,0,2,4,A,-,01,23153,A,N,D,C,A,A,H,-,C,A,0,,,,,Y,Y,A,08,1,0,1,0,0,0,0,0,0,"- ","- ",34.178229999999999,-119.19497,VENTURA,OXNARD,-119.1950901,34.178230110000001
8401149,2016,2018-05-01,5604,2016-10-08,1722,5294,,6,5,6,5604,0,0,0,,0,014,"FOREST PARK BL","RT 232",0.00,,Y,A,-,Y,VEN,7,232,-,-,1.110,H,-,S,Y,4,0,1,2,A,-,01,23152,A,F,D,C,A,A,H,-,A,A,0,,,,,Y,Y,A,01,0,0,1,0,0,0,0,0,0,"- ","- ",34.240169999999999,-119.16701,VENTURA,OXNARD,-119.16712292,34.240048559999998
8401152,2016,2018-05-03,5604,2016-10-22,1505,5433,,6,5,6,5604,0,0,0,,0,041,"CHANNEL ISLANDS BL","CLOYNE ST",0.00,,Y,A,-,N,,,,,,,,,,Y,4,0,2,2,A,-,12,21453,A,N,D,C,A,A,H,-,A,A,0,,,,,Y,,D,22,0,0,2,0,0,0,0,0,0,"- ","- ",34.173360000000002,-119.17265,VENTURA,OXNARD,-119.17267,34.17340008
8401163,2016,2018-05-03,5604,2016-10-30,0704,5160,,7,5,6,5604,0,0,0,,0,012,"CESAR CHAVEZ DR","ROSE AV",0.00,,Y,C,-,N,,,,,,,,,,N,3,0,1,2,A,-,12,21453,A,N,D,G,A,-,H,-,B,A,0,,Y,,,Y,,L,04,0,1,0,0,0,0,1,0,0,"- ","- ",34.213140000000003,-119.15958999999999,VENTURA,OXNARD,-119.1597,34.213150089999999
8401171,2016,2018-04-18,5604,2016-09-26,1812,5435,,1,5,6,5604,0,0,0,,0,031,"ROSE AV","CESAR CHAVEZ DR",50.00,N,N,A,-,N,,,,,,,,,,Y,4,0,1,3,A,-,03,22350,,N,C,C,A,A,H,-,A,D,0,,,,,Y,,A,01,0,0,1,0,0,0,0,0,0,"- ","- ",34.218899999999998,-119.15828,VENTURA,OXNARD,-119.15965301,34.213281559999999
8401177,2016,2018-04-18,5604,2016-03-13,1521,5412,,7,5,6,5604,0,0,0,,0,024,"C ST","WOOLEY RD",0.00,,Y,A,-,N,,,,,,,,,,Y,4,0,1,1,A,-,08,22107,,N,E,I,A,A,H,-,A,A,0,,,,,Y,,A,01,0,0,1,0,0,0,0,0,0,"- ","- ",34.19014,-119.18115,VENTURA,OXNARD,-119.18119014,34.190150090000003
8401181,2016,2018-04-17,5604,2016-03-13,2026,5342,,7,5,6,5604,0,0,0,,0,031,"ROSE AV","SANTA LUCIA AV",10.00,S,N,A,-,N,,,,,,,,,,Y,4,0,3,3,A,-,03,22350,,F,C,C,A,A,H,-,C,A,0,,,,,Y,,-,99,0,0,3,0,0,0,0,0,0,"- ","- ",34.202030000000001,-119.15971999999999,VENTURA,OXNARD,-119.15983,34.202030000000001
8401183,2017,2018-04-19,5604,2017-02-20,0630,5408,,1,5,6,5604,0,0,0,,0,011,"KENTWOOD DR","H ST",25.00,N,N,B,C,N,,,,,,,,,,N,4,0,1,3,A,-,03,22350,,N,C,E,A,B,H,-,A,D,0,,,,,Y,,-,,0,0,1,0,0,0,0,0,0,"- ","- ",34.217700000000001,-119.18640000000001,VENTURA,OXNARD,-119.18679,34.217599999999997
8401184,2016,2018-04-18,5604,2016-03-10,2155,5214,,4,5,6,5604,0,0,0,,0,014,"VINEYARD AV","ESPLANADE DR",0.00,,Y,A,-,N,,,,,,,,,,Y,4,0,2,2,A,-,12,21453,A,N,D,C,A,A,H,-,C,A,0,,,,,Y,,-,"- ",0,0,2,0,0,0,0,0,0,"- ","- ",34.229999999999997,-119.17465,VENTURA,OXNARD,-119.17466,34.230000009999998
8401190,2016,2018-04-18,5604,2016-09-30,1053,5208,,5,5,6,5604,0,0,0,,0,022,"J ST","JUNIPER ST",0.00,,Y,A,-,N,,,,,,,,,,Y,4,0,2,3,A,-,09,21802,A,N,D,C,A,A,H,-,A,D,0,,,,,Y,,A,01,0,0,2,0,0,0,0,0,0,"- ","- ",,,VENTURA,OXNARD,-119.18622999999999,34.179600049999998
8401195,2017,2018-04-19,5604,2017-02-20,0210,5005,,1,5,6,5604,0,0,0,,0,022,"HOBSON WY","5TH ST",0.00,,Y,C,-,N,,,,,,,,,,Y,3,0,1,1,A,-,03,22350,,N,E,I,A,B,H,-,C,A,0,,,,,Y,Y,A,01,0,1,0,0,0,0,0,0,0,"- ","- ",34.197740000000003,-119.1879,VENTURA,OXNARD,-119.18792003999999,34.1977501
8401202,2016,2018-05-02,5604,2016-07-23,0820,5430,,6,5,6,5604,0,0,0,,0,042,"FAIRBOURNE RD","COURTLAND ST",50.00,W,N,A,-,N,,,,,,,,,,Y,4,0,1,2,A,-,08,22107,,N,C,E,A,A,H,-,A,D,0,,,,,Y,,D,22,0,0,1,0,0,0,0,0,0,"- ","- ",34.161700000000003,-119.13616,VENTURA,OXNARD,-119.18015507,34.152030000000003
8401207,2016,2018-05-03,5604,2016-06-16,0614,5018,,4,5,6,5604,0,0,0,,0,022,"C ST","WOOLEY RD",300.00,S,N,A,-,N,,,,,,,,,,Y,3,0,1,3,A,-,09,21804,A,N,D,C,A,A,H,-,A,D,0,,,,,Y,,A,01,0,1,0,0,0,0,0,0,0,"- ","- ",34.19014,-119.18115,VENTURA,OXNARD,-119.18120159,34.18932667
8401214,2016,2018-05-02,5604,2016-07-19,1930,5005,,2,5,6,5604,0,0,0,,0,024,"VENTURA RD","WOOLEY RD",40.00,S,N,A,-,N,,,,,,,,,,Y,4,0,2,3,A,-,03,22350,,F,C,C,A,A,H,-,A,A,0,,,,,Y,,A,01,0,0,2,0,0,0,0,0,0,"- ","- ",34.19032,-119.19511,VENTURA,OXNARD,-119.19512,34.190300000000001
8401238,2016,2018-05-02,5604,2016-07-15,1042,REBOLLAR,,5,5,6,5604,0,0,0,,0,012,"ROSE AV","LOCKWOOD ST",427.00,S,N,A,-,N,,,,,,,,,,Y,4,0,2,3,A,-,04,21703,,N,C,C,A,A,H,-,A,D,0,,,,,Y,,I,11,0,0,2,0,0,0,0,0,0,"- ","- ",,,VENTURA,OXNARD,-119.15838522,34.22094517
8401254,2016,2018-05-03,5604,2016-02-28,2133,5396,,7,5,6,5604,0,0,0,,0,024,"HILL ST","C ST",75.00,W,N,A,-,N,,,,,,,,,,Y,4,0,1,2,A,-,01,23152,A,N,C,C,A,A,H,-,C,D,0,,,,,Y,Y,A,01,0,0,1,0,0,0,0,0,0,"- ","- ",34.18618,-119.18255000000001,VENTURA,OXNARD,-119.1814777,34.18664124
8401266,2016,2018-05-03,5604,2016-02-25,1700,5135,,4,5,6,5604,0,0,0,,0,014,"OXNARD BL","CITRUS GROVE",200.00,N,N,A,-,N,,,1,,,,,,,N,4,0,1,2,A,-,03,22350,,F,C,C,A,A,H,-,A,A,0,,,,,Y,,A,01,0,0,1,0,0,0,0,0,0,"- ","- ",34.219059999999999,-119.17718000000001,VENTURA,OXNARD,-119.17725228,34.21906165
8401272,2016,2018-05-03,5604,2016-06-23,1651,4950,,4,5,6,5604,0,0,0,,0,022,"VENTURA RD","9TH ST",10.00,S,N,B,-,N,,,,,,,,,,Y,4,0,2,3,A,-,03,22350,,N,C,C,A,A,H,-,A,A,0,,,,,Y,,A,01,0,0,2,0,0,0,0,0,0,"- ","- ",34.192390000000003,-119.19508,VENTURA,OXNARD,-119.19507,34.192362549999999
8401289,2016,2018-05-02,5604,2016-04-29,2155,4721,,5,5,6,5604,0,0,0,,0,041,"SAVIERS RD","BRYCE CANYON AV",100.00,N,N,A,-,N,,,,,,,,,,,4,0,2,2,A,-,03,22350,,F,C,C,A,A,H,-,C,A,0,,,,,Y,Y,A,08,0,0,2,0,0,0,0,0,0,"- ","- ",34.171469999999999,-119.17708,VENTURA,OXNARD,-119.17768624,34.170054450000002
8401290,2016,2018-05-03,5604,2016-04-27,1220,5497,,3,5,6,5604,0,0,0,,0,022,"C ST","7TH ST",0.00,,Y,A,-,N,,,,,,,,,,Y,4,0,1,2,A,-,12,21453,A,N,D,C,A,A,D,-,A,D,0,,,,,Y,,I,20,0,0,1,0,0,0,0,0,0,"- ","- ",34.195309999999999,-119.18133,VENTURA,OXNARD,-119.18112007000001,34.195070000000001
8401303,2016,2018-05-04,5604,2016-05-10,2500,5422,,2,5,6,5604,0,0,0,,0,011,"H ST","KENTWOOD AV",50.00,N,N,A,-,N,,,,,,,,,,Y,3,0,1,3,A,-,01,23152,A,N,B,E,A,A,H,-,C,D,0,,,,,Y,Y,D,73,0,1,0,0,0,0,0,0,0,"- ","- ",34.217599999999997,-119.18680000000001,VENTURA,OXNARD,-119.18669471,34.2177121
8401311,2016,2018-05-31,5604,2016-04-11,1735,4774,,1,5,6,5604,0,0,0,,0,014,"FOREST PARK BL","MOONLIGHT PARK AV",30.00,W,N,A,-,N,,,,,,,,,,Y,4,0,1,2,A,-,07,21658,A,N,C,C,A,A,H,-,A,D,0,,,,,Y,,D,82,0,0,1,0,0,0,0,0,0,"- ","- ",34.242649999999998,-119.17446,VENTURA,OXNARD,-119.17486125000001,34.242736499999999
8401324,2016,2018-05-03,5604,2016-09-19,0951,5215,,1,5,6,5604,0,0,0,,0,024,"VENTURA RD","WOOLEY RD",0.00,,Y,A,-,N,,,,,,,,,,Y,3,0,3,2,A,-,09,21801,A,N,D,C,A,A,-,-,A,A,0,,,,,Y,,A,07,0,2,1,0,0,0,0,0,0,"- ","- ",34.19032,-119.19511,VENTURA,OXNARD,-119.19512013000001,34.190300069999999
8401331,2016,2018-05-03,5604,2016-09-24,1838,5471,,6,5,6,5604,0,0,0,,0,032,"OLDS RD","E CHANNEL ISLANDS BL",50.00,S,N,A,-,N,,,,,,,,,,Y,2,0,1,2,A,-,01,23152,A,N,A,E,A,A,H,-,A,D,0,,,,,Y,Y,D,22,1,0,0,0,0,0,0,0,0,"- ","- ",34.173209999999997,-119.15119,VENTURA,OXNARD,-119.15121000000001,34.173112770000003
8401335,2016,2018-05-03,5604,2016-09-25,1325,5418,,7,5,6,5604,0,0,0,,0,024,"C ST","HEMLOCK ST",30.00,N,N,A,-,N,,,,,,,,,,N,4,0,1,3,A,-,01,23152,A,N,D,C,A,A,H,-,A,D,0,,,,,Y,Y,D,23,0,0,1,0,0,0,0,0,0,"- ","- ",34.181350000000002,-119.1815,VENTURA,OXNARD,-119.18128,34.181232340000001
8401337,2016,2018-05-03,5604,2016-10-03,0755,5338,,1,5,6,5604,0,0,0,,0,031,"CAMINO DEL SOL","ELEVAR ST",0.00,,Y,A,-,N,,,,,,,,,,Y,3,0,1,3,A,-,09,21802,A,N,D,C,A,A,H,-,A,D,0,,,,,Y,,D,22,0,1,0,0,0,0,0,0,0,"- ","- ",34.204790000000003,-119.13815,VENTURA,OXNARD,-119.13817003,34.204880019999997
8401343,2016,2018-05-02,5604,2016-03-28,1600,4774,,1,5,6,5604,0,0,0,,0,014,"GONZALES RD","OXNARD BL",0.00,,Y,A,-,N,,,1,,,,,,,Y,3,0,1,2,A,-,03,22350,,N,C,C,A,A,A,H,A,A,0,,,,Y,Y,,G,25,0,1,0,0,0,0,0,0,0,"- ","- ",34.219059999999999,-119.17718000000001,VENTURA,OXNARD,-119.17725228,34.21906165
8401344,2016,2018-05-02,5604,2016-03-29,1228,5065,,2,5,6,5604,0,0,0,,0,024,"C ST","WOOLEY RD",0.00,,Y,A,G,N,,,,,,,,,,Y,4,0,1,2,A,-,12,21453,A,N,D,C,A,A,H,-,A,A,0,,,,,Y,,D,22,0,0,1,0,0,0,0,0,0,"- ","- ",34.19014,-119.18115,VENTURA,OXNARD,-119.18119014,34.190150090000003
84019872,2024,2024-08-12,5600,2024-07-27,1256,5039,,6,5,6,5607,0,0,0,,0,9A01,"LYNN RD","MEDICAL CENTER DR",43.00,N,N,A,-,N,,,,,,,,,,Y,3,0,1,1,A,-,07,21658,A,N,E,I,A,A,H,-,A,D,0,,,,,Y,,A,01,0,1,0,0,0,0,0,0,0,"- ","- ",34.204978942871094,-118.88894653320312,VENTURA,"THOUSAND OAKS",-118.88530731201172,34.20806884765625
84019875,2024,2024-08-12,5600,2024-08-02,1212,5807,,5,5,6,5607,0,0,0,,0,9G01,"HILLCREST DR","HOUSTON DR",45.00,W,N,A,-,N,,,,,,,,,,Y,3,0,1,2,A,-,09,21801,A,N,A,C,A,A,H,-,A,D,0,,,,,Y,,D,22,0,1,0,0,0,0,0,0,0,"- ","- ",34.182830810546875,-118.85340118408203,VENTURA,"THOUSAND OAKS",-118.86451721191406,34.181491851806641
8403285,2017,2017-07-10,5608,2017-06-01,1921,443,VENTU,4,5,6,5608,0,0,0,,0,001,"CALIFORNIA ST","THOMPSON BL",65.00,S,N,A,-,N,,,,,,,,,,Y,4,0,1,3,A,-,03,22350,,F,C,C,A,A,H,-,A,A,0,,,,,Y,,-,,0,0,1,0,0,0,0,0,0,"- ","- ",,,VENTURA,VENTURA,-119.29304838,34.278071840000003
8403289,2017,2017-07-10,5608,2017-06-20,2127,459,5608,2,5,6,5608,0,0,0,,0,001,"SANTA CLARA ST E","CALIFORNIA ST",0.00,,Y,A,-,N,,,,,,,,,,Y,3,0,1,2,A,-,12,21453,A,N,D,C,A,A,H,-,C,A,0,,,,,Y,,-,,0,1,0,0,0,0,0,0,0,"- ","- ",,,VENTURA,VENTURA,-119.29310991,34.27953007
8403301,2017,2017-07-10,5608,2017-06-20,1213,417,,2,5,6,5608,0,0,0,,0,004,"WELLS RD","DARLING RD",0.00,,Y,A,-,N,,,,,,,,,,Y,4,0,3,3,A,-,12,21453,A,N,B,C,A,A,H,-,A,A,0,,,,,Y,,-,,0,0,3,0,0,0,0,0,0,"- ","- ",,,VENTURA,VENTURA,-119.15373011,34.286570089999998
8404131,2017,2017-11-15,5608,2017-06-27,1705,417,,2,5,6,5608,0,0,0,,0,004,"JOHNSON DR","CRESCENT ST",0.00,,N,A,-,N,,,,,,,,,,Y,4,0,3,2,A,-,03,22350,,N,C,C,A,A,H,-,A,D,0,,,,,Y,,-,,0,0,3,0,0,0,0,0,0,"- ","- ",34.251600000000003,-119.19670000000001,VENTURA,VENTURA,-119.19661010999999,34.250530009999999
8404783,2018,2020-05-22,5600,2018-02-12,1659,1929,9160,1,5,6,5607,0,0,0,,0,09D,"THOUSAND OAKS BL","MARMON AV",0.00,,Y,A,-,N,,,,,,,,,,Y,1,1,0,2,A,-,12,21453,A,N,H,C,A,A,H,-,A,A,0,,,Y,,Y,,C,02,0,0,0,0,0,0,0,1,0,"- ","- ",,,VENTURA,"THOUSAND OAKS",-118.82901000976562,34.164100646972656
8404891,2017,2018-06-20,5609,2017-01-10,0652,310,512,2,5,6,5609,0,0,0,,0,005,"TAPO ST","EILEEN ST",32.00,N,N,B,-,N,,,,,,,,,,Y,2,0,1,2,C,-,18,,,N,E,I,A,A,H,-,B,D,0,,,,,Y,,-,"- ",1,0,0,0,0,0,0,0,0,"- ","- ",,,VENTURA,"SIMI VALLEY",-118.70895052,34.275517790000002
8407646,2017,2017-07-19,5600,2017-07-10,1305,5270,9168,1,5,6,5607,0,0,0,,0,09D,"LAKEVIEW CANYON RD","100 LAKEVIEW CANYON RD",0.00,,-,A,-,N,,,,,,,,,,Y,4,0,1,1,B,-,22,,,N,E,I,A,A,H,-,A,D,0,,,,,Y,,A,01,0,0,1,0,0,0,0,0,0,"- ","- ",,,VENTURA,"THOUSAND OAKS",-118.81700993,34.155075330000003
8408286,2017,2017-07-25,5609,2017-06-08,1431,469,407,4,5,6,5609,0,0,0,,0,004,"ALAMO ST","SEQUOIA AV",66.00,E,N,B,-,N,,,,,,,,,,Y,4,0,1,2,A,-,05,21651,A,N,D,C,A,A,H,-,A,A,0,,,,,Y,,A,01,0,0,1,0,0,0,0,0,0,"- ","- ",34.286380000000001,-118.73072999999999,VENTURA,"SIMI VALLEY",-118.73066184,34.286439999999999
8408291,2017,2017-07-25,5609,2017-06-17,1630,437,,6,5,6,5609,0,0,0,,0,003,"E LOS ANGELES AV","ERRINGER RD",75.00,W,N,A,-,N,,,,,,,,,,Y,4,0,1,3,A,-,03,22350,,N,C,C,A,A,H,-,A,A,0,,,,,Y,,A,07,0,0,1,0,0,0,0,0,0,"- ","- ",,,VENTURA,"SIMI VALLEY",-118.76164787,34.271749999999997
8408300,2017,2017-07-25,5609,2017-06-12,1458,389,,1,5,6,5609,0,0,0,,0,002,"LONG BRANCH RD","SINALOA RD",319.00,W,N,A,-,N,,,,,,,,,,N,2,0,1,2,A,-,09,21804,A,N,H,G,A,A,H,-,A,D,0,,Y,,,Y,,L,04,1,0,0,0,0,0,1,0,0,"- ","- ",,,VENTURA,"SIMI VALLEY",-118.78867394,34.24394727
8408319,2017,2017-07-26,5609,2017-07-09,0935,445,,7,5,6,5609,0,0,0,,0,003,"ROYAL AV","HAVEN AV",442.00,W,N,A,-,N,,,,,,,,,,Y,3,0,1,2,A,-,01,23152,A,N,D,C,A,A,H,-,A,D,0,,,,,Y,Y,A,01,0,1,0,0,0,0,0,0,0,"- ","- ",34.260809999999999,-118.75628,VENTURA,"SIMI VALLEY",-118.75767876,34.261026489999999
8408960,2017,2017-08-17,5600,2017-07-01,1928,4703,8045,6,5,5,5601,0,0,0,,0,08A,"LAS POSAS RD","VENTURA BL",0.00,,Y,B,-,N,,,,,,,,,,Y,4,0,1,2,A,-,09,21453,C,N,H,C,A,A,H,-,A,A,0,,,,,Y,,A,01,0,0,1,0,0,0,0,0,0,"- ","- ",34.215820000000001,-119.06972,VENTURA,CAMARILLO,-119.06979004999999,34.215900060000003
8410394,2017,2017-07-26,5600,2017-07-16,1501,4615,8150,7,5,5,5601,0,0,0,,0,08B,"VENTURA BL","GENEIVE ST",0.00,,Y,A,-,N,,,101,,,,,,,Y,3,0,1,2,A,-,09,21802,A,N,D,C,A,A,H,-,A,A,0,,,,,Y,,A,01,0,1,0,0,0,0,0,0,0,"- ","- ",34.217280000000002,-119.04819000000001,VENTURA,CAMARILLO,-119.04818616999999,34.21748204
8410398,2017,2017-07-26,5600,2017-07-14,1358,4438,8250,5,5,5,5601,0,0,0,,0,8C1,"DAWSON DR","PETIT ST",0.00,,Y,A,-,N,,,,,,,,,,Y,3,0,1,2,A,-,09,21801,A,N,H,C,A,A,H,-,A,A,0,,,,,Y,,A,01,0,1,0,0,0,0,0,0,0,"- ","- ",34.215200000000003,-119.03381,VENTURA,CAMARILLO,-119.0338201,34.215270099999998
8411075,2017,2017-07-25,5608,2017-07-07,1045,493,VENTU,5,5,6,5608,0,0,0,,0,004,"SOUTH VICTORIA AV","VALENTINE RD",107.00,S,N,A,-,N,,,,,,,,,,Y,4,0,1,2,A,-,03,22350,,N,B,C,A,A,H,-,A,D,0,,,,,Y,,A,01,0,0,1,0,0,0,0,0,0,"- ","- ",,,VENTURA,VENTURA,-119.21191761999999,34.251269520000001
8412636,2017,2017-08-31,5608,2017-08-21,1304,440,5608,1,5,6,5608,0,0,0,,0,003,"TELEGRAPH RD","GLEN ELLEN DR",0.00,,Y,A,-,N,,,,,,,,,,N,4,0,1,2,A,-,09,21801,A,N,D,C,A,A,H,-,A,D,0,,,,,Y,,A,01,0,0,1,0,0,0,0,0,0,"- ","- ",,,VENTURA,VENTURA,-119.24583997000001,34.273390059999997
8414916,2018,2018-02-14,5600,2018-01-22,1425,2740,9122,1,5,6,5607,0,0,0,,0,09H,"BORCHARD RD","NEWBURY RD CONNECTOR",20.00,N,N,A,-,N,,,,,,,,,,N,4,0,1,2,A,-,03,22350,,F,C,C,A,A,H,-,A,A,0,,,,,Y,,D,22,0,0,1,0,0,0,0,0,0,"- ","- ",,,VENTURA,"THOUSAND OAKS",-118.92630004882812,34.182960510253906
8415802,2016,2018-04-25,5604,2016-05-05,1137,5497,,4,5,6,5604,0,0,0,,0,022,"SARATOGA ST","9TH ST",25.00,N,N,A,-,N,,,,,,,,,,Y,4,0,1,1,B,-,22,,,N,A,J,A,A,H,-,A,D,0,,,,,Y,,A,01,0,0,1,0,0,0,0,0,0,"- ","- ",34.19258,-119.19911999999999,VENTURA,OXNARD,-119.19888945,34.192488619999999
8415806,2016,2018-04-25,5604,2016-05-05,2025,5418,,4,5,6,5604,0,0,0,,0,032,"CHANNEL ISLANDS BL","SAVIORS RD",100.00,E,N,A,-,N,,,,,,,,,,N,4,0,1,2,A,-,03,22350,,F,C,C,A,A,H,-,C,A,0,,,,,Y,,-,99,0,0,1,0,0,0,0,0,0,"- ","- ",34.172350000000002,-119.22425,VENTURA,OXNARD,-119.17766,34.173439999999999
8415828,2016,2018-06-01,5604,2016-06-16,2130,5064,,4,5,6,5604,0,0,0,,0,012,"VENTURA BL","SANTA CLARA AV",0.00,,Y,A,-,N,,,,,,,,,,N,4,0,1,2,A,-,12,21453,A,N,D,C,A,A,H,-,-,A,0,,,,,Y,,-,"- ",0,0,1,0,0,0,0,0,0,"- ","- ",34.22504,-119.13992,VENTURA,OXNARD,-119.13995006,34.225070019999997
8415833,2016,2018-04-24,5604,2016-10-10,2110,5005,,1,5,6,5604,0,0,0,,0,031,"GONZALES RD","BAHIA ST",40.00,E,N,A,-,N,,,,,,,,,,N,4,0,1,2,A,-,11,21954,A,N,G,B,D,A,H,-,C,D,0,Y,,,,Y,,N,60,0,0,1,0,1,0,0,0,0,"- ","- ",34.21904,-119.17505,VENTURA,OXNARD,-119.17491791,34.219146330000001
8415838,2016,2018-04-26,5604,2016-06-24,1039,5051,,5,5,6,5604,0,0,0,,0,012,"PIER WALK","RIPPLE DR",0.00,,Y,B,-,N,,,,,,,,,,Y,4,0,2,2,A,-,08,22107,,N,D,C,A,A,H,-,A,A,0,,,,,Y,,A,01,0,0,2,0,0,0,0,0,0,"- ","- ",34.192709999999998,-119.21619,VENTURA,OXNARD,-119.21662997,34.192930009999998
8420824,2017,2018-03-21,5600,2017-06-20,1745,4407,1005,2,5,2,5603,0,0,0,,0,OJAI,"VENTURA ST","SADDLE LN",350.00,S,N,A,-,N,,,,,,,,,,Y,3,0,2,1,A,-,08,22107,,N,E,I,A,A,H,-,A,D,0,,,,,Y,,A,01,0,2,0,0,0,0,0,0,0,"- ","- ",,,VENTURA,OJAI,-119.24837350999999,34.436504759999998
8420906,2017,2018-04-24,5600,2017-04-28,1615,4880,5107,5,5,4,5690,0,0,0,,0,2A01,"RT 118","MAUREEN LN",630.00,W,N,A,-,Y,VEN,7,118,-,-,16.620,H,-,W,Y,4,0,5,4,A,-,03,22350,,N,C,C,A,A,H,-,A,A,0,,,,,Y,,A,08,0,0,5,0,0,0,0,0,0,"- ","- ",,,VENTURA,MOORPARK,-118.89809413,34.278987839999999
8421393,2017,2017-08-14,5605,2017-07-06,0925,14,PATRO,4,5,3,5605,0,0,0,,0,003,"CHANNEL ISLANDS BL","WHEELHOUSE AV",145.00,E,N,A,-,N,,,,,,,,,,Y,4,0,1,3,A,-,03,22350,,M,C,C,A,A,H,-,A,A,0,,,,,Y,,A,01,0,0,1,0,0,0,0,0,0,"- ","- ",,,VENTURA,"PORT HUENEME",-119.21224115,34.176009999999998
8421397,2017,2017-08-11,5600,2017-07-23,0656,2463,,7,5,5,5601,0,0,0,,0,08A,"LAS POSAS RD","PLEASANT VALLEY RD",0.00,,Y,A,-,N,,,,,,,,,,Y,3,0,1,1,A,-,01,23152,,N,E,I,A,A,H,-,A,D,0,,,Y,,Y,Y,C,02,0,1,0,0,0,0,0,0,1,"- ","- ",34.205849999999998,-119.06780000000001,VENTURA,CAMARILLO,-119.06968006,34.205590100000002