CASE_ID,ACCIDENT_YEAR,PROC_DATE,JURIS,COLLISION_DATE,COLLISION_TIME,OFFICER_ID,REPORTING_DISTRICT,DAY_OF_WEEK,CHP_SHIFT,POPULATION,CNTY_CITY_LOC,SPECIAL_COND,BEAT_TYPE,CHP_BEAT_TYPE,CITY_DIVISION_LAPD,CHP_BEAT_CLASS,BEAT_NUMBER,PRIMARY_RD,SECONDARY_RD,DISTANCE,DIRECTION,INTERSECTION,WEATHER_1,WEATHER_2,STATE_HWY_IND,CALTRANS_COUNTY,CALTRANS_DISTRICT,STATE_ROUTE,ROUTE_SUFFIX,POSTMILE_PREFIX,POSTMILE,LOCATION_TYPE,RAMP_INTERSECTION,SIDE_OF_HWY,TOW_AWAY,COLLISION_SEVERITY,NUMBER_KILLED,NUMBER_INJURED,PARTY_COUNT,PRIMARY_COLL_FACTOR,PCF_CODE_OF_VIOL,PCF_VIOL_CATEGORY,PCF_VIOLATION,PCF_VIOL_SUBSECTION,HIT_AND_RUN,TYPE_OF_COLLISION,MVIW,PED_ACTION,ROAD_SURFACE,ROAD_COND_1,ROAD_COND_2,LIGHTING,CONTROL_DEVICE,CHP_ROAD_TYPE,PEDESTRIAN_ACCIDENT,BICYCLE_ACCIDENT,MOTORCYCLE_ACCIDENT,TRUCK_ACCIDENT,NOT_PRIVATE_PROPERTY,ALCOHOL_INVOLVED,STWD_VEHTYPE_AT_FAULT,CHP_VEHTYPE_AT_FAULT,COUNT_SEVERE_INJ,COUNT_VISIBLE_INJ,COUNT_COMPLAINT_PAIN,COUNT_PED_KILLED,COUNT_PED_INJURED,COUNT_BICYCLIST_KILLED,COUNT_BICYCLIST_INJURED,COUNT_MC_KILLED,COUNT_MC_INJURED,PRIMARY_RAMP,SECONDARY_RAMP,LATITUDE,LONGITUDE,COUNTY,CITY,POINT_X,POINT_Y
8554708,2016,2018-04-27,5604,2016-08-04,1617,5486,,4,5,6,5604,0,0,0,,0,011,"VENTURA RD","GONZALES RD",36.00,N,N,A,-,N,,,,,,,,,,Y,4,0,1,2,A,-,03,22350,,N,C,C,A,A,H,-,A,A,0,,,,,Y,,A,01,0,0,1,0,0,0,0,0,0,"- ","- ",,,VENTURA,OXNARD,-119.19464253,34.219448790000001
8554714,2016,2018-04-27,5604,2016-02-22,1100,5215,,1,5,6,5604,0,0,0,,0,012,"LOCKWOOD ST","ROSE AV",300.00,E,N,A,-,N,,,,,,,,,,N,4,0,1,2,A,-,09,21801,A,N,D,C,A,A,H,-,A,A,0,,,,,Y,,A,01,0,0,1,0,0,0,0,0,0,"- ","- ",34.222839999999998,-119.15457000000001,VENTURA,OXNARD,-119.15729938,34.22213885
8554720,2016,2018-04-27,5604,2016-08-29,0540,4759,,1,5,6,5604,0,0,0,,0,012,"VINEYARD AV","SAINT MARYS DR",450.00,N,N,A,-,N,,,,,,,,,,Y,4,0,1,2,A,-,03,22350,,F,C,C,A,A,H,-,C,D,0,,,,,Y,,A,01,0,0,1,0,0,0,0,0,0,"- ","- ",34.228259999999999,-119.17551,VENTURA,OXNARD,-119.17563413000001,34.228523459999998
8554721,2016,2018-04-23,5604,2016-02-07,2000,5412,,7,5,6,5604,0,0,0,,0,024,"S C ST","JUNIPER ST",30.00,N,N,A,-,N,,,,,,,,,,Y,4,0,1,2,A,-,08,22107,,N,C,E,A,A,H,-,C,D,0,,,,,Y,,A,01,0,0,1,0,0,0,0,0,0,"- ","- ",34.179549999999999,-119.18129,VENTURA,OXNARD,-119.18129792000001,34.179642319999999
8554733,2016,2018-04-23,5604,2016-02-07,1838,5364,,7,5,6,5604,0,0,0,,0,032,"SAVIERS RD","WOLFF ST",100.00,N,N,A,-,N,,,,,,,,,,N,4,0,2,2,A,-,03,22350,,N,C,C,A,A,H,-,C,A,0,,,,,Y,,A,01,0,0,2,0,0,0,0,0,0,"- ","- ",34.188459999999999,-119.17658,VENTURA,OXNARD,-119.17755330999999,34.188574459999998
8554744,2016,2018-04-26,5604,2016-01-18,0835,5181,,1,5,6,5604,0,0,0,,0,012,"RICE AV","AUTO CENTER DR",0.00,,Y,B,-,N,,,,,,,,,,Y,4,0,2,2,D,-,00,,,N,D,C,A,A,H,-,A,A,0,,,,,Y,,-,"- ",0,0,2,0,0,0,0,0,0,"- ","- ",34.224310000000003,-119.1409,VENTURA,OXNARD,-119.14106002,34.22433006
8554747,2016,2018-05-04,5604,2016-01-17,2250,5390,,7,5,6,5604,0,0,0,,0,021,"HARBOR BL","WOOLEY RD",150.00,S,N,B,-,N,,,,,,,,,,Y,2,0,2,1,A,-,08,22107,,N,E,I,A,B,H,-,C,A,0,,,,,Y,Y,A,07,1,0,1,0,0,0,0,0,0,"- ","- ",34.189050000000002,-119.23793999999999,VENTURA,OXNARD,-119.23852032000001,34.190133189999997
8554764,2016,2018-04-24,5604,2016-02-24,1515,4750,,3,5,6,5604,0,0,0,,0,014,"OXNARD BL","TOWN CENTER DR",0.00,,Y,A,-,N,,,,,,,,,,N,4,0,1,3,A,-,10,21950,A,N,G,B,B,A,H,-,A,A,0,Y,,,,Y,,A,01,0,0,1,0,1,0,0,0,0,"- ","- ",,,VENTURA,OXNARD,-119.18025013,34.241530099999999
8554767,2016,2018-04-23,5604,2016-02-25,2500,5214,,4,5,6,5604,0,0,0,,0,031,"ROSE AV","SOCORRO WY",0.00,,Y,A,-,N,,,,,,,,,,Y,4,0,2,1,A,-,08,22107,,N,E,I,A,A,H,-,C,A,0,,,,,Y,,A,01,0,0,2,0,0,0,0,0,0,"- ","- ",34.214469999999999,-119.15934,VENTURA,OXNARD,-119.15931012,34.214470079999998
8554772,2016,2018-04-24,5604,2016-02-25,0750,5338,,4,5,6,5604,0,0,0,,0,041,"N ST","SPRUCE ST",370.00,S,N,A,-,N,,,,,,,,,,,3,0,1,2,A,-,11,21954,A,N,G,B,D,A,H,-,A,D,0,Y,,,,Y,,N,60,0,1,0,0,1,0,0,0,0,"- ","- ",34.17127,-119.19338,VENTURA,OXNARD,-119.19312444000001,34.171734520000001
8554774,2016,2018-04-23,5604,2016-02-17,0930,5242,,3,5,6,5604,0,0,0,,0,012,"GONZALES RD","WILLIAMS DR",208.00,E,N,A,-,N,,,,,,,,,,Y,4,0,2,2,A,-,03,22350,,N,C,C,A,A,H,-,A,A,0,,,,,Y,,A,07,0,0,2,0,0,0,0,0,0,"- ","- ",,,VENTURA,OXNARD,-119.15323278,34.218939640000002
8554784,2016,2018-04-23,5604,2016-02-24,0901,5241,,3,5,6,5604,0,0,0,,0,011,"VINEYARD AV","EDELWEISS ST",0.00,,Y,A,-,N,,,,,,,,,,Y,4,0,1,2,A,-,09,21804,A,N,D,C,A,A,H,-,A,D,0,,,,,Y,,A,01,0,0,1,0,0,0,0,0,0,"- ","- ",,,VENTURA,OXNARD,-119.18105011999999,34.226530080000003
8554806,2016,2018-04-27,5604,2016-01-30,2135,5396,,6,5,6,5604,0,0,0,,0,041,"VENTURA RD","CHANNEL ISLANDS BL",50.00,S,N,A,-,N,,,,,,,,,,Y,4,0,3,2,A,-,01,23152,A,N,A,C,A,A,H,-,C,A,0,,,,,Y,Y,A,01,0,0,3,0,0,0,0,0,0,"- ","- ",34.17568,-119.19499,VENTURA,OXNARD,-119.19491241,34.17556278
8554808,2016,2018-04-26,5604,2016-01-30,2500,5433,,6,5,6,5604,0,0,0,,0,042,"BARD RD","ROSE AV",0.00,,Y,B,-,N,,,,,,,,,,Y,2,0,2,2,A,-,09,21801,A,N,D,C,A,A,D,-,A,A,0,,,,,Y,,A,01,1,0,1,0,0,0,0,0,0,"- ","- ",34.162219999999998,-119.15943,VENTURA,OXNARD,-119.15950011,34.162230110000003
8554841,2016,2018-05-04,5604,2016-08-24,0656,4442,,3,5,6,5604,0,0,0,,0,022,"HOBSON TL","5TH ST",0.00,,Y,A,-,N,,,,,,,,,,Y,4,0,1,2,A,-,12,21453,A,N,D,C,A,A,H,-,A,A,0,,,,,Y,,A,01,0,0,1,0,0,0,0,0,0,"- ","- ",34.197740000000003,-119.1879,VENTURA,OXNARD,-119.18792003999999,34.1977501
8554844,2016,2018-04-25,5604,2016-08-14,1545,5311,,7,5,6,5604,0,0,0,,0,021,"SEABREEZE WY","HARBOR BL",0.00,,Y,A,-,N,,,,,,,,,,Y,2,0,2,2,A,-,08,22107,,N,D,C,A,A,H,-,A,D,0,,,Y,,Y,,A,07,1,1,0,0,0,0,0,0,0,"- ","- ",34.19314,-119.24016,VENTURA,OXNARD,-119.2401899,34.193160020000001
8554845,2016,2018-04-25,5604,2016-08-31,2057,4692,,3,5,6,5604,0,0,0,,0,021,"5TH ST","VICTORIA AV",700.00,W,N,A,-,N,,,,,,,,,,Y,3,0,3,2,A,-,05,21650,,N,A,C,A,A,H,-,C,D,0,,,Y,,Y,,C,02,0,1,2,0,0,0,0,0,1,"- ","- ",34.197789999999998,-119.2424,VENTURA,OXNARD,-119.22358084,34.197647549999999
8554847,2016,2018-04-25,5604,2016-08-20,1705,5294,,6,5,6,5604,0,0,0,,0,022,"HULL ST","L CT",50.00,W,N,A,-,N,,,,,,,,,,N,3,0,1,2,A,-,11,21950,B,N,G,B,D,A,H,-,A,D,0,Y,,,,Y,,N,60,0,1,0,0,1,0,0,0,0,"- ","- ",34.19699,-119.19284,VENTURA,OXNARD,-119.19268513999999,34.196852059999998
8554850,2016,2018-04-24,5604,2016-08-31,1742,5486,,3,5,6,5604,0,0,0,,0,032,"CHANNEL ISLANDS BL","ROSE AV",985.00,E,N,A,-,N,,,,,,,,,,Y,4,0,1,3,A,-,03,22350,,N,C,C,A,A,H,-,A,A,0,,,,,Y,,A,01,0,0,1,0,0,0,0,0,0,"- ","- ",,,VENTURA,OXNARD,-119.16067455,34.173227420000003
8554853,2016,2018-04-25,5604,2016-08-24,0604,5485,,3,5,6,5604,0,0,0,,0,031,"ROSE AV","GONZALES RD",0.00,,Y,A,-,N,,,,,,,,,,Y,4,0,2,2,A,-,07,21658,A,N,E,I,A,A,H,-,A,A,0,,,,,Y,,A,01,0,0,2,0,0,0,0,0,0,"- ","- ",,,VENTURA,OXNARD,-119.15843006999999,34.218990079999998
8554856,2016,2018-04-25,5604,2016-08-13,1548,5434,,6,5,6,5604,0,0,0,,0,014,"GONZALES RD","H ST",300.00,E,N,A,-,N,,,,,,,,,,Y,4,0,1,2,A,-,08,22107,,N,C,C,A,A,H,-,A,D,0,,,,,Y,,A,07,0,0,1,0,0,0,0,0,0,"- ","- ",34.21913,-119.18631000000001,VENTURA,OXNARD,-119.18531879,34.219209720000002
8554868,2016,2018-04-25,5604,2016-08-17,1734,4755,,3,5,6,5604,0,0,0,,0,014,"VINEYARD AV","OXNARD BL",30.00,W,N,A,-,N,,,,,,,,,,N,4,0,1,2,A,-,07,21658,A,F,B,C,A,A,H,-,A,A,0,,,,,Y,,-,99,0,0,1,0,0,0,0,0,0,"- ","- ",34.22645,-119.17748,VENTURA,OXNARD,-119.17764394,34.226483700000003
8554883,2016,2018-04-25,5604,2016-11-17,1720,4674,,4,5,6,5604,0,0,0,,0,031,"ROSE AV","1ST ST",50.00,N,N,A,-,N,,,,,,,,,,N,4,0,2,2,A,-,03,22350,,F,C,C,A,A,H,-,A,A,0,,,,,Y,,A,01,0,0,2,0,0,0,0,0,0,"- ","- ",34.173540000000003,-119.15473,VENTURA,OXNARD,-119.15977478000001,34.20297369
8554888,2016,2018-04-25,5604,2016-11-16,1557,5322,,3,5,6,5604,0,0,0,,0,014,"GONZALES RD","VENTURA RD",100.00,W,N,A,-,N,,,,,,,,,,Y,4,0,1,2,A,-,09,21804,A,N,D,C,A,A,H,-,A,D,0,,,,,Y,,A,01,0,0,1,0,0,0,0,0,0,"- ","- ",,,VENTURA,OXNARD,-119.19497041,34.219349999999999
8554893,2016,2018-04-24,5604,2016-11-18,2018,5392,,5,5,6,5604,0,0,0,,0,032,"WOOLEY RD","PACIFIC AV",3.00,W,N,A,-,N,,,,,,,,,,N,4,0,1,2,A,-,05,21650,1,N,D,G,A,A,H,-,C,A,0,,Y,,,Y,,L,04,0,0,1,0,0,0,1,0,0,"- ","- ",34.189909999999998,-119.16485,VENTURA,OXNARD,-119.16486990999999,34.189920000000001
8554898,2016,2018-06-20,5604,2016-11-18,1417,5403,,5,5,6,5604,0,0,0,,0,014,"OXNARD BL","RT 101",0.00,,Y,A,-,Y,VEN,7,1,-,-,21.074,I,5,N,N,3,0,1,1,A,-,03,22350,,N,H,A,A,A,H,-,A,A,0,,,Y,,Y,,C,02,0,1,0,0,0,0,0,0,1,"- ","- ",,,VENTURA,OXNARD,-119.1808529,34.239729420000003
8554916,2016,2018-04-23,5604,2016-11-29,1447,5189,,2,5,6,5604,0,0,0,,0,011,"VENTURA RD","STONE CREEK DR",50.00,N,N,A,-,N,,,,,,,,,,Y,4,0,1,2,A,-,03,22350,,N,C,C,A,A,H,-,A,A,0,,,,,Y,,A,01,0,0,1,0,0,0,0,0,0,"- ","- ",,,VENTURA,OXNARD,-119.19453808999999,34.232447229999998
8554929,2016,2018-04-25,5604,2016-11-01,1828,4954,,2,5,6,5604,0,0,0,,0,011,"VICTORIA AV",GONZALEZ,0.00,,Y,A,-,N,,,,,,,,,,Y,4,0,1,2,D,-,00,,,N,D,C,A,A,D,-,C,A,0,,,,,Y,,-,"- ",0,0,1,0,0,0,0,0,0,"- ","- ",,,VENTURA,OXNARD,-119.22128987000001,34.219450000000002
8554935,2016,2018-04-24,5604,2016-11-23,1140,4957,,3,5,6,5604,0,0,0,,0,022,"A ST","2ND ST",100.00,S,N,A,-,N,,,,,,,,,,N,4,0,1,2,A,-,17,22517,,N,B,G,A,A,H,-,A,D,0,,Y,,,Y,,A,01,0,0,1,0,0,0,1,0,0,"- ","- ",34.201180000000001,-119.17827,VENTURA,OXNARD,-119.17855216,34.201345539999998
8554940,2016,2018-04-25,5604,2016-11-08,1626,5306,,2,5,6,5604,0,0,0,,0,022,"MAGNOLIA AV","A ST",0.00,,Y,A,-,N,,,,,,,,,,,4,0,1,2,A,-,09,21801,A,N,B,C,A,A,-,-,B,D,0,,,,,Y,,A,01,0,0,1,0,0,0,0,0,0,"- ","- ",34.203960000000002,-119.1773,VENTURA,OXNARD,-119.17853006,34.20400008
8554951,2016,2018-04-23,5604,2016-11-21,1030,5357,,1,5,6,5604,0,0,0,,0,031,"3RD ST","ROSE AV",800.00,W,N,A,-,N,,,,,,,,,,Y,4,0,3,3,A,-,04,21703,,N,C,C,A,A,H,-,A,A,0,,,,,Y,,A,01,0,0,3,0,0,0,0,0,0,"- ","- ",34.20044,-119.15974,VENTURA,OXNARD,-119.16249252,34.200467289999999
8554952,2016,2018-04-25,5604,2016-11-09,0752,4907,,3,5,6,5604,0,0,0,,0,042,"PLEASANT VALLEY RD","SYRACUSE DR",0.00,,Y,A,-,N,,,,,,,,,,Y,4,0,1,2,A,-,09,21802,A,N,D,C,A,A,H,-,A,D,0,,,,,Y,,A,07,0,0,1,0,0,0,0,0,0,"- ","- ",34.15954,-119.15613,VENTURA,OXNARD,-119.15618006,34.159640080000003
8554953,2016,2018-04-25,5604,2016-11-03,1555,4945,,4,5,6,5604,0,0,0,,0,041,"SAVIERS RD","LARK ST",150.00,S,N,A,-,N,,,,,,,,,,N,4,0,2,2,A,-,03,22350,,N,C,C,A,A,H,-,A,A,0,,,,,Y,Y,A,01,0,0,2,0,0,0,0,0,0,"- ","- ",34.172559999999997,-119.17757,VENTURA,OXNARD,-119.17752416,34.17215831
8554957,2016,2018-04-25,5604,2016-11-10,1603,5176,,4,5,6,5604,0,0,0,,0,014,"GONZALES RD","C ST",0.00,,Y,A,-,N,,,,,,,,,,N,4,0,1,2,A,-,06,21755,A,N,B,G,A,A,H,-,A,A,0,,Y,,,Y,,L,04,0,0,1,0,0,0,1,0,0,"- ","- ",34.219090000000001,-119.18084,VENTURA,OXNARD,-119.18084013000001,34.219190009999998
8554959,2016,2018-04-24,5604,2016-11-21,1845,4692,,1,5,6,5604,0,0,0,,0,021,"KELP ST","WOOLEY RD",0.00,,Y,A,-,N,,,,,,,,,,Y,4,0,2,2,A,-,09,21802,A,N,D,C,A,A,H,-,C,A,0,,,,,Y,,A,07,0,0,2,0,0,0,0,0,0,"- ","- ",34.190280000000001,-119.2111,VENTURA,OXNARD,-119.21122001000001,34.190250040000002
8554972,2016,2018-05-02,5604,2016-12-19,1409,5359,,1,5,6,5604,0,0,0,,0,011,"GONZALES RD","C ST",100.00,E,N,A,-,N,,,,,,,,,,N,4,0,1,2,A,-,04,21703,,N,C,C,A,A,H,-,A,A,0,,,,,Y,,A,01,0,0,1,0,0,0,0,0,0,"- ","- ",34.219090000000001,-119.18083,VENTURA,OXNARD,-119.18050986999999,34.21920119
8554976,2016,2018-05-02,5604,2016-12-19,1717,5403,,1,5,6,5604,0,0,0,,0,012,"ROSE AV","GONZALES RD",355.00,N,N,A,-,N,,,,,,,,,,Y,4,0,1,2,A,-,03,22350,,N,C,C,A,A,H,-,B,A,0,,,,,Y,,A,01,0,0,1,0,0,0,0,0,0,"- ","- ",,,VENTURA,OXNARD,-119.1584,34.21996394
8554979,2016,2018-05-02,5604,2016-12-21,2120,5158,,3,5,6,5604,0,0,0,,0,031,"ROSE AV","1ST ST",20.00,N,N,C,-,N,,,,,,,,,,Y,3,0,1,2,A,-,03,22350,,F,C,C,A,B,H,-,C,A,0,,,,,Y,,A,01,0,1,0,0,0,0,0,0,0,"- ","- ",34.20261,-119.15971,VENTURA,OXNARD,-119.15980159999999,34.202809530000003
8554984,2016,2018-05-02,5604,2016-12-19,1900,5411,,1,5,6,5604,0,0,0,,0,023,"A ST","6TH ST",30.00,N,N,A,-,N,,,,,,,,,,N,4,0,1,2,A,-,04,21703,,N,C,C,A,A,H,-,C,A,0,,,,,Y,,A,07,0,0,1,0,0,0,0,0,0,"- ","- ",34.196359999999999,-119.17859,VENTURA,OXNARD,-119.17861938999999,34.196442339999997
8554986,2016,2018-05-02,5604,2016-10-03,0803,5341,,1,5,6,5604,0,0,0,,0,031,"GARFIELD AV","COOPER RD",10.00,S,N,A,-,N,,,,,,,,,,N,3,0,1,3,A,-,12,22450,A,N,G,B,B,A,H,-,A,D,0,Y,,,,Y,,A,01,0,1,0,0,1,0,0,0,0,"- ","- ",34.204529999999998,-119.17375,VENTURA,OXNARD,-119.17376,34.204512549999997
8554989,2016,2018-05-02,5604,2016-10-22,1423,5434,,6,5,6,5604,0,0,0,,0,014,"VINEYARD AV","ESPLANADE DR",10.00,S,N,A,-,N,,,,,,,,,,N,4,0,3,2,A,-,03,22350,,N,C,C,A,A,D,-,A,A,0,,,,Y,Y,,F,26,0,0,3,0,0,0,0,0,0,"- ","- ",34.231740000000002,-119.1733,VENTURA,OXNARD,-119.17468993,34.22998836
8555001,2016,2018-05-02,5604,2016-10-26,1639,4755,,3,5,6,5604,0,0,0,,0,011,"VICTORIA AV","GUM TREE ST",150.00,S,N,A,-,N,,,,,,,,,,N,4,0,2,3,A,-,03,22350,,N,C,C,A,A,H,-,A,D,0,,,,,Y,,A,01,0,0,2,0,0,0,0,0,0,"- ","- ",34.224960000000003,-119.22113,VENTURA,OXNARD,-119.22113836,34.224546349999997
8555002,2016,2018-05-02,5604,2016-10-26,1136,5151,,3,5,6,5604,0,0,0,,0,024,"WOOLEY RD","J ST",50.00,W,N,A,-,N,,,,,,,,,,Y,3,0,1,2,A,-,01,23152,A,N,C,C,A,A,H,-,A,D,0,,,,,Y,Y,A,01,0,1,0,0,0,0,0,0,0,"- ","- ",34.19023,-119.18951,VENTURA,OXNARD,-119.18968515,34.190040000000003
8555005,2016,2018-05-02,5604,2016-10-23,1403,5415,,7,5,6,5604,0,0,0,,0,041,"SAVIERS RD","CHANNEL ISLANDS BL",50.00,S,N,A,-,N,,,,,,,,,,N,4,0,1,2,A,-,04,21703,,N,C,C,A,A,H,-,A,A,0,,,,,Y,,A,08,0,0,1,0,0,0,0,0,0,"- ","- ",34.173090000000002,-119.77185,VENTURA,OXNARD,-119.17766,34.173302769999999
8555007,2016,2018-05-02,5604,2016-12-29,1322,5486,,4,5,6,5604,0,0,0,,0,024,"CHANNEL ISLANDS BL","MANZANITA DR",300.00,W,N,A,-,N,,,,,,,,,,N,4,0,1,2,A,-,"- ",,,N,G,B,D,A,H,-,A,D,0,Y,,,,Y,,A,01,0,0,1,0,1,0,0,0,0,"- ","- ",,,VENTURA,OXNARD,-119.19324057,34.175653920000002
8555008,2016,2018-05-02,5604,2016-12-27,1402,5189,,2,5,6,5604,0,0,0,,0,022,"OXNARD BL","WOODLEY RD",900.00,S,N,A,-,N,,,,,,,,,,Y,4,0,2,2,A,-,08,22107,,N,B,E,A,A,H,-,A,A,0,,,,,Y,,A,01,0,0,2,0,0,0,0,0,0,"- ","- ",,,VENTURA,OXNARD,-119.17749882,34.187417359999998
8555032,2016,2018-04-26,5604,2016-03-23,0833,5403,,3,5,6,5604,0,0,0,,0,022,"7TH ST","M ST",140.00,E,N,A,-,N,,,,,,,,,,Y,4,0,1,2,A,-,08,22107,,N,B,C,A,A,H,-,A,D,0,,,,,Y,,A,01,0,0,1,0,0,0,0,0,0,"- ","- ",,,VENTURA,OXNARD,-119.19287758999999,34.195236049999998
8555035,2016,2018-04-25,5604,2016-03-30,2000,5471,,3,5,6,5604,0,0,0,,0,041,"SAVIERS RD","BRYCE CANYON AV",0.00,,Y,A,-,N,,,,,,,,,,N,3,0,1,2,A,-,12,21453,A,F,D,G,A,A,H,-,C,A,0,,Y,,,Y,Y,A,01,0,1,0,0,0,0,1,0,0,"- ","- ",34.169750000000001,-119.17758000000001,VENTURA,OXNARD,-119.17769002,34.169780090000003
8555042,2016,2018-04-26,5604,2016-03-26,1933,5417,,6,5,6,5604,0,0,0,,0,031,"MCKINLEY AV","COLONIA AV",0.00,,Y,A,-,N,,,,,,,,,,N,4,0,1,2,A,-,09,21802,A,N,D,C,A,A,H,-,C,A,0,,,,,Y,,A,01,0,0,1,0,0,0,0,0,0,"- ","- ",34.206409999999998,-119.17164,VENTURA,OXNARD,-119.1716505,34.206408000000003
8555051,2016,2018-04-26,5604,2016-03-24,0900,5210,,4,5,6,5604,0,0,0,,0,024,"VENTURA RD","WOOLEY RD",50.00,S,N,A,-,N,,,,,,,,,,N,4,0,1,2,A,-,04,21703,,N,C,C,A,A,H,-,A,A,0,,,,,Y,,A,01,0,0,1,0,0,0,0,0,0,"- ","- ",34.19032,-119.19511,VENTURA,OXNARD,-119.19512,34.190300000000001
8555061,2016,2018-04-26,5604,2016-03-21,1000,5065,,1,5,6,5604,0,0,0,,0,024,"C ST","WOOLEY RD",30.00,S,N,A,-,N,,,,,,,,,,N,4,0,1,2,A,-,04,21703,,N,C,C,A,A,H,-,A,D,0,,,,,Y,,A,01,0,0,1,0,0,0,0,0,0,"- ","- ",34.189709999999998,-119.18176,VENTURA,OXNARD,-119.18119,34.190067659999997
8555081,2016,2018-04-30,5604,2016-04-04,0954,5317,,1,5,6,5604,0,0,0,,0,014,"OXNARD BL","FOREST PARK",0.00,,Y,A,-,N,,,,,,,,,,N,4,0,1,2,A,-,09,21800,A,N,B,G,A,A,H,-,-,D,0,,Y,,,Y,,A,07,0,0,1,0,0,0,1,0,0,"- ","- ",34.244689999999999,-119.17726999999999,VENTURA,OXNARD,-119.17693,34.244720999999998
8555084,2016,2018-04-30,5604,2016-04-20,0758,4578,,3,5,6,5604,0,0,0,,0,041,"CHANNEL ISLANDS BL","C ST",100.00,W,N,A,-,N,,,,,,,,,,N,4,0,1,2,A,-,04,21703,,N,C,C,A,A,H,-,A,A,0,,,,,Y,,A,01,0,0,1,0,0,0,0,0,0,"- ","- ",,,VENTURA,OXNARD,-119.18146023,34.173699999999997
8556430,2018,2018-08-07,5600,2018-02-01,0825,5234,9126,4,5,6,5607,0,0,0,,0,09B,"WENDY DR","RT 101",325.00,E,N,A,-,Y,VEN,7,101,-,-,7.920,R,4,S,Y,4,0,1,3,A,-,07,21658,A,N,C,C,A,A,H,-,A,D,0,,,,,Y,,A,08,0,0,1,0,0,0,0,0,0,"- ",SF,,,VENTURA,"THOUSAND OAKS",-118.93992614746094,34.189945220947266
8557457,2016,2018-05-03,5604,2016-09-01,0920,4957,,4,5,6,5604,0,0,0,,0,,"5TH ST","OXNARD BL",0.00,,Y,A,-,N,,,,,,,,,,,4,0,2,2,A,-,12,21453,A,N,D,C,A,A,G,-,A,A,0,,,,,Y,,A,01,0,0,2,0,0,0,0,0,0,"- ","- ",34.197679999999998,-119.17738,VENTURA,OXNARD,-119.17747005,34.197690110000003
8557466,2016,2018-05-03,5604,2016-12-07,1023,5342,,3,5,6,5604,0,0,0,,0,024,"HILL ST","C ST",5.00,E,N,A,-,N,,,,,,,,,,N,3,0,1,2,A,-,05,21650,1,N,A,G,A,A,H,-,A,A,0,,Y,,,Y,,L,04,0,1,0,0,0,0,1,0,0,"- ","- ",34.18665,-119.18123,VENTURA,OXNARD,-119.18121349,34.186639900000003
8557471,2016,2018-05-03,5604,2016-12-09,1714,5189,,5,5,6,5604,0,0,0,,0,012,"GONZALES RD","ENTRADA DR",100.00,W,N,A,-,N,,,,,,,,,,N,4,0,2,4,A,-,03,22350,,N,C,C,A,A,H,-,C,A,0,,,,,Y,,A,01,0,0,2,0,0,0,0,0,0,"- ","- ",,,VENTURA,OXNARD,-119.17260039999999,34.218969999999999
8557483,2016,2018-05-03,5604,2016-09-10,1210,5210,,6,5,6,5604,0,0,0,,0,042,"PLEASANT VALLEY RD","REFSING RD",0.00,,Y,A,-,N,,,,,,,,,,N,4,0,2,2,A,-,09,21802,A,N,D,C,A,A,H,-,A,D,0,,,,,Y,,A,01,0,0,2,0,0,0,0,0,0,"- ","- ",34.154690000000002,-119.17677999999999,VENTURA,OXNARD,-119.17680005,34.154730090000001
8557497,2016,2018-05-09,5604,2016-09-20,2056,4531,,2,5,6,5604,0,0,0,,0,012,"N ROSE AV","GONZALES RD",75.00,W,N,A,-,N,,,,,,,,,,N,3,0,1,2,A,-,10,21950,A,N,G,B,D,A,H,-,C,D,0,Y,,,,Y,,A,01,0,1,0,0,1,0,0,0,0,"- ","- ",34.219520000000003,-119.15884,VENTURA,OXNARD,-119.15843,34.218989999999998
8557505,2016,2018-05-03,5604,2016-09-21,1519,5486,,3,5,6,5604,0,0,0,,0,012,"ALMENDRA PL","LEON DR",117.00,W,N,A,-,N,,,,,,,,,,Y,4,0,1,2,A,-,06,21750,,N,D,C,A,A,H,-,A,D,0,,,,,Y,,A,01,0,0,1,0,0,0,0,0,0,"- ","- ",,,VENTURA,OXNARD,-119.16839656000001,34.221533379999997
8557548,2016,2018-04-30,5604,2016-04-26,2130,5471,,2,5,6,5604,0,0,0,,0,042,"CYPRESS RD","PLEASANT VALLEY RD",400.00,S,N,A,-,N,,,,,,,,,,N,3,0,2,2,A,-,09,21801,A,F,D,C,A,A,H,-,D,D,0,,,,,Y,,A,01,0,1,1,0,0,0,0,0,0,"- ","- ",34.153880000000001,-119.17314,VENTURA,OXNARD,-119.17301248,34.153622179999999
8557552,2016,2018-04-30,5604,2016-04-27,0809,4653,,3,5,6,5604,0,0,0,,0,041,"ROSE AV","BARD RD",32.00,S,N,A,-,N,,,,,,,,,,Y,3,0,2,2,A,-,09,21801,A,N,D,C,A,A,H,-,A,A,0,,,,,Y,,A,01,0,1,1,0,0,0,0,0,0,"- ","- ",,,VENTURA,OXNARD,-119.15949999999999,34.162142170000003
8557558,2016,2018-04-24,5604,2016-10-07,0220,5450,,5,5,6,5604,0,0,0,,0,012,"GONZALES AV","ROSE AV",1056.00,E,N,A,-,N,,,,,,,,,,Y,4,0,1,2,A,-,03,22350,,N,C,C,A,A,H,-,C,D,0,,,,,Y,,A,01,0,0,1,0,0,0,0,0,0,"- ","- ",34.219239999999999,-119.15777,VENTURA,OXNARD,-119.15494164,34.218947
8557560,2016,2018-04-30,5604,2016-04-27,1624,5151,,3,5,6,5604,0,0,0,,0,042,"PLEASANT VALLEY RD","CYPRESS RD",500.00,W,N,A,-,N,,,,,,,,,,N,4,0,1,2,A,-,03,22350,,N,C,C,A,A,H,-,A,D,0,,,,,Y,,A,01,0,0,1,0,0,0,0,0,0,"- ","- ",34.154670000000003,-119.17298,VENTURA,OXNARD,-119.17465075,34.154719999999998