CASE_ID,ACCIDENT_YEAR,PROC_DATE,JURIS,COLLISION_DATE,COLLISION_TIME,OFFICER_ID,REPORTING_DISTRICT,DAY_OF_WEEK,CHP_SHIFT,POPULATION,CNTY_CITY_LOC,SPECIAL_COND,BEAT_TYPE,CHP_BEAT_TYPE,CITY_DIVISION_LAPD,CHP_BEAT_CLASS,BEAT_NUMBER,PRIMARY_RD,SECONDARY_RD,DISTANCE,DIRECTION,INTERSECTION,WEATHER_1,WEATHER_2,STATE_HWY_IND,CALTRANS_COUNTY,CALTRANS_DISTRICT,STATE_ROUTE,ROUTE_SUFFIX,POSTMILE_PREFIX,POSTMILE,LOCATION_TYPE,RAMP_INTERSECTION,SIDE_OF_HWY,TOW_AWAY,COLLISION_SEVERITY,NUMBER_KILLED,NUMBER_INJURED,PARTY_COUNT,PRIMARY_COLL_FACTOR,PCF_CODE_OF_VIOL,PCF_VIOL_CATEGORY,PCF_VIOLATION,PCF_VIOL_SUBSECTION,HIT_AND_RUN,TYPE_OF_COLLISION,MVIW,PED_ACTION,ROAD_SURFACE,ROAD_COND_1,ROAD_COND_2,LIGHTING,CONTROL_DEVICE,CHP_ROAD_TYPE,PEDESTRIAN_ACCIDENT,BICYCLE_ACCIDENT,MOTORCYCLE_ACCIDENT,TRUCK_ACCIDENT,NOT_PRIVATE_PROPERTY,ALCOHOL_INVOLVED,STWD_VEHTYPE_AT_FAULT,CHP_VEHTYPE_AT_FAULT,COUNT_SEVERE_INJ,COUNT_VISIBLE_INJ,COUNT_COMPLAINT_PAIN,COUNT_PED_KILLED,COUNT_PED_INJURED,COUNT_BICYCLIST_KILLED,COUNT_BICYCLIST_INJURED,COUNT_MC_KILLED,COUNT_MC_INJURED,PRIMARY_RAMP,SECONDARY_RAMP,LATITUDE,LONGITUDE,COUNTY,CITY,POINT_X,POINT_Y
8600666,2017,2018-04-23,5604,2017-06-03,1622,5359,,6,5,6,5604,0,0,0,,0,032,"OXNARD BL","WOOLEY RD",50.00,S,N,A,-,N,,,1,,,,,,,N,3,0,1,2,A,-,05,21650,1,N,D,G,A,A,H,-,A,A,0,,Y,,,Y,,L,04,0,1,0,0,0,0,1,0,0,"- ","- ",34.189239999999998,-119.17631,VENTURA,OXNARD,-119.17646755,34.189044819999999
8600668,2017,2018-07-09,5604,2017-06-02,0836,5510,,5,5,6,5604,0,0,0,,0,014,"RT 232","ESPLANADE DR",273.00,N,N,A,-,Y,VEN,7,232,-,-,0.400,H,-,N,N,4,0,1,2,A,-,03,22350,,N,C,C,A,A,H,-,A,D,0,,,,,Y,,A,01,0,0,1,0,0,0,0,0,0,"- ","- ",,,VENTURA,OXNARD,-119.17554896,34.228795060000003
8600669,2017,2018-04-23,5604,2017-06-03,2330,5472,,6,5,6,5604,0,0,0,,0,024,"SAVIERS RD","BIRCH ST",0.00,,Y,B,-,N,,,,,,,,,,N,4,0,3,2,A,-,03,22350,,F,C,C,A,A,H,-,C,D,0,,,,,Y,,A,01,0,0,3,0,0,0,0,0,0,"- ","- ",34.185360000000003,-119.17748,VENTURA,OXNARD,-119.17756011,34.185360099999997
8600686,2017,2018-04-24,5604,2017-07-05,1837,5181,,3,5,6,5604,0,0,0,,0,031,"CAMINO DEL SOL","ROSE AV",0.00,,Y,A,-,N,,,,,,,,,,Y,4,0,1,2,A,-,09,21801,A,N,D,C,A,A,H,-,A,A,0,,,,,Y,,A,01,0,0,1,0,0,0,0,0,0,"- ","- ",34.206330000000001,-119.15967000000001,VENTURA,OXNARD,-119.15969014,34.206350069999999
8600688,2017,2018-04-23,5604,2017-07-07,1455,5490,,5,5,6,5604,0,0,0,,0,014,"GONZALES RD","H ST",200.00,E,N,A,-,N,,,,,,,,,,N,4,0,3,2,A,-,03,22350,,N,C,C,A,A,H,-,A,D,0,,,,,Y,,A,01,0,0,3,0,0,0,0,0,0,"- ","- ",,,VENTURA,OXNARD,-119.18564919000001,34.219209999999997
8600689,2017,2018-04-24,5604,2017-07-02,1800,4750,,7,5,6,5604,0,0,0,,0,014,"TOWN CENTER DR","OXNARD BL",70.00,E,N,A,-,N,,,,,,,,,,N,4,0,1,2,B,-,22,,,N,C,C,A,A,H,-,A,A,0,,,,,Y,,A,01,0,0,1,0,0,0,0,0,0,"- ","- ",34.243160000000003,-119.17789999999999,VENTURA,OXNARD,-119.18007317999999,34.241406130000001
8600696,2017,2018-04-23,5604,2017-07-12,1234,5208,,3,5,6,5604,0,0,0,,0,011,"M ST","DEVONSHIRE DR",50.00,N,N,A,-,N,,,,,,,,,,N,3,0,1,2,A,-,09,21801,A,N,G,G,A,A,H,-,A,D,0,,Y,,,Y,,L,04,0,1,0,0,0,0,1,0,0,"- ","- ",,,VENTURA,OXNARD,-119.19226688000001,34.211627210000003
8600698,2017,2018-04-24,5604,2017-07-03,1740,4750,,1,5,6,5604,0,0,0,,0,014,"TOWN CENTER DR","RIVERPARK BL",20.00,W,N,A,-,N,,,,,,,,,,Y,4,0,2,2,A,-,03,22350,,N,C,C,A,A,H,-,A,D,0,,,,,Y,,A,01,0,0,2,0,0,0,0,0,0,"- ","- ",34.238050000000001,-119.17547999999999,VENTURA,OXNARD,-119.17559036,34.238095549999997
8600704,2017,2018-05-02,5604,2017-08-04,2315,5360,,5,5,6,5604,0,0,0,,0,032,"S OXNARD BL","DATE ST",200.00,S,N,A,-,N,,,,,,,,,,N,3,0,1,2,B,-,22,,,F,G,B,E,A,H,-,C,A,0,Y,,,,Y,,A,01,0,1,0,0,1,0,0,0,0,"- ","- ",34.183840000000004,-119.17036,VENTURA,OXNARD,-119.16998658,34.183917260000001
8600709,2017,2018-05-02,5604,2017-08-11,0744,5294,,5,5,6,5604,0,0,0,,0,022,"2ND ST","A ST",0.00,,Y,A,-,N,,,,,,,,,,N,4,0,1,2,A,-,12,21453,A,N,D,C,A,A,H,-,B,A,0,,,,,Y,,-,"- ",0,0,1,0,0,0,0,0,0,"- ","- ",34.201639999999998,-119.17852999999999,VENTURA,OXNARD,-119.17855005,34.20162002
8600713,2017,2018-05-02,5604,2017-08-10,1408,5510,,4,5,6,5604,0,0,0,,0,012,"ROSE AV","LOCKWOOD ST",350.00,S,N,A,-,N,,,,,,,,,,Y,4,0,3,3,A,-,04,21703,,N,C,C,A,A,H,-,A,A,0,,,,,Y,,A,01,0,0,3,0,0,0,0,0,0,"- ","- ",,,VENTURA,OXNARD,-119.15838211000001,34.221156489999998
8600714,2017,2018-05-02,5604,2017-08-07,1251,5189,,1,5,6,5604,0,0,0,,0,023,"2ND ST","A ST",0.00,,Y,A,-,N,,,,,,,,,,Y,4,0,1,2,A,-,12,21453,A,N,D,C,A,A,H,-,A,A,0,,,,,Y,,A,01,0,0,1,0,0,0,0,0,0,"- ","- ",,,VENTURA,OXNARD,-119.17855005,34.20162002
8600716,2017,2018-05-04,5604,2017-08-01,1034,5508,,2,5,6,5604,0,0,0,,0,023,"S C ST","7TH ST",0.00,,Y,A,-,N,,,,,,,,,,Y,4,0,1,2,A,-,08,22107,,N,B,C,A,A,H,-,A,A,0,,,,,Y,,A,07,0,0,1,0,0,0,0,0,0,"- ","- ",34.195309999999999,-119.18133,VENTURA,OXNARD,-119.18112007000001,34.195070000000001
8600721,2017,2018-05-09,5604,2017-10-09,0718,5351,,1,5,6,5604,0,0,0,,0,031,"ROSE AV","CAMINO DE LA LUNA",150.00,N,N,G,-,N,,,,,,,,,,Y,4,0,1,1,C,-,18,,,N,E,J,A,A,C,-,A,D,0,,,,,Y,,-,"- ",0,0,1,0,0,0,0,0,0,"- ","- ",34.210009999999997,-119.15963000000001,VENTURA,OXNARD,-119.15971472,34.210421670000002
8600724,2017,2018-05-09,5604,2017-10-28,1902,5435,,6,5,6,5604,0,0,0,,0,041,"CHANNEL ISLANDS BL","JACKSON ST",0.00,,Y,B,-,N,,,,,,,,,,Y,4,0,2,3,A,-,03,22350,,F,C,C,A,A,H,-,C,D,0,,,,,Y,,A,01,0,0,2,0,0,0,0,0,0,"- ","- ",34.175539999999998,-119.18723,VENTURA,OXNARD,-119.18722012000001,34.175580099999998
8600728,2017,2018-05-07,5604,2017-10-28,1022,5403,,6,5,6,5604,0,0,0,,0,024,"N BIRCH ST","RIALTO ST",15.00,E,N,A,-,N,,,,,,,,,,N,4,0,1,2,A,-,11,21954,A,N,G,B,A,A,H,-,A,D,0,,,Y,,Y,,C,03,0,0,1,0,0,0,0,0,1,"- ","- ",,,VENTURA,OXNARD,-119.19768046,34.185300580000003
8600729,2017,2018-05-03,5604,2017-10-08,1830,5098,,7,5,6,5604,0,0,0,,0,012,"N ROSE AV","GONZALES RD",0.00,,Y,A,-,N,,,,,,,,,,Y,4,0,1,2,A,-,03,22350,,N,C,C,A,A,H,-,-,A,0,,,,,Y,Y,A,01,0,0,1,0,0,0,0,0,0,"- ","- ",34.218899999999998,-119.15828,VENTURA,OXNARD,-119.15843006999999,34.218990079999998
8600734,2017,2018-05-03,5604,2017-10-10,1248,5242,,2,5,6,5604,0,0,0,,0,012,"CAMINO DEL SOL","GRAVES AV",0.00,,Y,-,-,N,,,,,,,,,,Y,4,0,1,2,A,-,09,21802,A,N,D,C,A,A,H,-,A,A,0,,,,,Y,,A,01,0,0,1,0,0,0,0,0,0,"- ","- ",,,VENTURA,OXNARD,-119.1465501,34.206210040000002
8600739,2017,2018-05-03,5604,2017-10-27,1808,5360,,5,5,6,5604,0,0,0,,0,041,"OXNARD BL","PLEASANT VALLEY RD",500.00,N,N,A,-,N,,,1,,,,,,,Y,4,0,1,1,A,-,03,22350,,N,E,I,A,A,H,-,C,A,0,,,,,Y,,A,01,0,0,1,0,0,0,0,0,0,"- ","- ",34.167349999999999,-119.1484,VENTURA,OXNARD,-119.14817201,34.167746919999999
8600792,2017,2018-04-25,5604,2017-08-16,1129,4578,4031,3,5,6,5604,0,0,0,,0,042,"HUENEME RD","PERKINS RD",0.00,,Y,B,-,N,,,,,,,,,,Y,3,0,1,2,A,-,09,21801,A,N,A,C,A,-,H,-,A,A,0,,,,Y,Y,,A,01,0,1,0,0,0,0,0,0,0,"- ","- ",,,VENTURA,OXNARD,-119.18394000000001,34.147550099999997
8600803,2017,2018-05-04,5604,2017-06-05,1705,5469,,1,5,6,5604,0,0,0,,0,022,"VENTURA RD","5TH ST",500.00,N,N,B,-,N,,,,,,,,,,N,3,0,1,2,A,-,03,22350,,N,G,B,B,A,H,-,A,D,0,Y,,,,Y,,D,22,0,1,0,0,1,0,0,0,0,"- ","- ",34.197670000000002,-119.19473000000001,VENTURA,OXNARD,-119.19485063,34.199082140000002
8600804,2017,2018-04-25,5604,2017-09-08,1248,5243,,5,5,6,5604,0,0,0,,0,014,"HOLLY AV","HEATHER ST",700.00,W,N,A,-,N,,,,,,,,,,Y,4,0,1,2,A,-,08,22107,,N,C,E,A,A,H,-,A,D,0,,,,Y,Y,,A,01,0,0,1,0,0,0,0,0,0,"- ","- ",34.227989999999998,-119.18397,VENTURA,OXNARD,-119.18517550999999,34.227614410000001
8600813,2017,2018-05-04,5604,2017-08-03,0656,4692,,4,5,6,5604,0,0,0,,0,012,"RICE AV","CAMINO DEL SOL",0.00,,Y,A,-,N,,,,,,,,,,Y,4,0,1,2,A,-,09,21801,A,N,D,C,A,A,H,-,A,A,0,,,,Y,Y,,F,26,0,0,1,0,0,0,0,0,0,"- ","- ",34.206150000000001,-119.1421,VENTURA,OXNARD,-119.14227009,34.206159999999997
8600815,2017,2018-04-24,5604,2017-11-21,1717,5514,,2,5,6,5604,0,0,0,,0,011,"N VENTURA RD","ANNA WY",0.00,,Y,A,-,N,,,,,,,,,,Y,4,0,1,3,A,-,09,21801,A,N,B,C,A,A,H,-,C,A,0,,,,,Y,,A,01,0,0,1,0,0,0,0,0,0,"- ","- ",34.217289999999998,-119.19458,VENTURA,OXNARD,-119.19468006,34.217300029999997
8600851,2017,2018-04-25,5604,2017-06-13,0755,4774,,2,5,6,5604,0,0,0,,0,012,"GONZALES RD","RICE AV",0.00,,Y,A,-,N,,,,,,,,,,Y,4,0,4,3,A,-,03,22350,,N,D,C,A,A,H,-,A,A,0,,,,,Y,,A,08,0,0,4,0,0,0,0,0,0,"- ","- ",34.218760000000003,-119.14201,VENTURA,OXNARD,-119.14211009,34.218850080000003
8600863,2017,2018-04-25,5604,2017-06-06,2322,4907,,2,5,6,5604,0,0,0,,0,031,"5TH ST","ROSE AV",0.00,,Y,A,-,N,,,,,,,,,,Y,3,0,2,2,A,-,12,21453,A,N,D,C,A,B,H,-,C,A,0,,,,,Y,,A,01,0,1,1,0,0,0,0,0,0,"- ","- ",34.197029999999998,-119.15978,VENTURA,OXNARD,-119.15989005,34.197000029999998
8600867,2017,2018-04-25,5604,2017-06-07,0804,4442,,3,5,6,5604,0,0,0,,0,021,"VICTORIA AV","WOOLEY RD",150.00,N,N,B,-,N,,,,,,,,,,Y,3,0,1,2,A,-,03,22350,,N,C,C,A,A,H,-,A,A,0,,,,,Y,,A,01,0,1,0,0,0,0,0,0,0,"- ","- ",34.190359999999998,-119.2212,VENTURA,OXNARD,-119.22134,34.190801610000001
8600926,2017,2018-04-24,5604,2017-09-23,0823,5135,,6,5,6,5604,0,0,0,,0,021,"HARBOR BL","CHANNEL ISLANDS BL",0.00,,Y,A,-,N,,,,,,,,,,N,4,0,1,2,A,-,08,22100,5,N,D,C,A,A,H,-,A,A,0,,,,,Y,,A,01,0,0,1,0,0,0,0,0,0,"- ","- ",34.175220000000003,-119.23133,VENTURA,OXNARD,-119.23163999000001,34.174870069999997
8600933,2017,2018-04-24,5604,2017-12-19,1142,4919,,2,5,6,5604,0,0,0,,0,024,"SAVIERS RD","ELM ST",0.00,,Y,A,-,N,,,,,,,,,,N,3,0,1,2,A,-,08,22107,,N,D,G,A,A,H,-,A,A,0,,Y,,,Y,,D,82,0,1,0,0,0,0,1,0,0,"- ","- ",,,VENTURA,OXNARD,-119.17755006,34.182800010000001
8600973,2017,2018-04-24,5604,2017-10-13,2026,5401,,5,5,6,5604,0,0,0,,0,024,"SAVIERS RD","HILL ST",40.00,N,N,A,-,N,,,,,,,,,,N,4,0,4,2,A,-,03,22350,,N,C,C,A,A,H,-,C,D,0,,,,,Y,Y,D,22,0,0,4,0,0,0,0,0,0,"- ","- ",34.184289999999997,-119.18276,VENTURA,OXNARD,-119.17756885999999,34.186719779999997
8600994,2017,2018-05-01,5604,2017-04-28,0740,5393,,5,5,6,5604,0,0,0,,0,014,"OXNARD BL","VINEYARD AV",0.00,,Y,A,-,N,,,1,,,,,,,N,4,0,1,2,A,-,12,21453,A,N,B,C,A,A,H,-,A,A,0,,,,,Y,,D,22,0,0,1,0,0,0,0,0,0,"- ","- ",34.226260000000003,-119.17819,VENTURA,OXNARD,-119.17753707,34.226456689999999
8601014,2017,2018-05-01,5604,2017-04-18,0941,5360,,2,5,6,5604,0,0,0,,0,041,"SAVIERS RD","JOHNSON RD",300.00,N,N,A,B,N,,,,,,,,,,N,4,0,1,2,A,-,08,22100,A,N,C,C,A,A,H,-,A,A,0,,,,,Y,,A,01,0,0,1,0,0,0,0,0,0,"- ","- ",34.162239999999997,-119.17728,VENTURA,OXNARD,-119.17775324,34.162883280000003
8601016,2017,2018-05-01,5604,2017-04-05,1158,5252,,3,5,6,5604,0,0,0,,0,021,"WOOLEY RD","VENTURA RD",20.00,W,N,A,-,N,,,,,,,,,,N,4,0,1,2,A,-,03,22350,,N,C,C,A,A,H,-,A,A,0,,,,,Y,,D,72,0,0,1,0,0,0,0,0,0,"- ","- ",34.19032,-119.19511,VENTURA,OXNARD,-119.19518562,34.19030635
8601033,2017,2018-04-25,5604,2017-06-26,1602,5160,,1,5,6,5604,0,0,0,,0,014,"OXNARD BL","VINEYARD AV",600.00,S,N,A,-,N,,,1,,,,,,,Y,4,0,1,2,A,-,09,21801,A,N,D,C,A,A,H,-,A,A,0,,,Y,,Y,,-,,0,0,1,0,0,0,0,0,1,"- ","- ",34.22645,-119.17748,VENTURA,OXNARD,-119.17753046999999,34.2264348
8601035,2017,2018-04-25,5604,2017-06-23,1207,5208,,5,5,6,5604,0,0,0,,0,032,"CHANNEL ISLANDS BL","ALBANY DR",50.00,E,N,A,-,N,,,,,,,,,,Y,4,0,2,3,A,-,03,22350,,N,C,C,A,A,H,-,A,B,0,,,,,Y,,A,01,0,0,2,0,0,0,0,0,0,"- ","- ",,,VENTURA,OXNARD,-119.16739489,34.173439999999999
8601053,2017,2018-05-01,5604,2017-02-05,1710,4950,,7,5,6,5604,0,0,0,,0,032,"MOUNTAIN VIEW AV","PACIFIC AV",1.00,W,N,B,-,N,,,,,,,,,,N,4,0,2,2,A,-,03,22350,,F,C,C,A,A,H,-,B,A,0,,,,,Y,,-,99,0,0,2,0,0,0,0,0,0,"- ","- ",34.19708,-119.16477,VENTURA,OXNARD,-119.16481330000001,34.193460039999998
8601064,2017,2018-05-09,5604,2017-02-13,2235,5474,,1,5,6,5604,0,0,0,,0,024,"WOOLEY RD","J ST",0.00,,Y,A,-,N,,,,,,,,,,Y,3,0,2,2,A,-,12,21453,A,N,D,C,A,A,H,-,C,A,0,,,,Y,Y,,-,"- ",0,1,1,0,0,0,0,0,0,"- ","- ",34.189999999999998,-119.18951,VENTURA,OXNARD,-119.18952002,34.19004004
8601075,2017,2018-05-01,5604,2017-01-16,0645,5458,,1,5,6,5604,0,0,0,,0,032,"LAUREL ST","SAVIERS RD",0.00,,Y,A,-,N,,,,,,,,,,N,4,0,1,2,A,-,10,21950,A,N,G,B,B,A,H,-,A,A,0,Y,,,,Y,,D,22,0,0,1,0,1,0,0,0,0,"- ","- ",34.177329999999998,-119.17752,VENTURA,OXNARD,-119.1776,34.17735004
8601109,2017,2018-05-01,5604,2017-03-04,0127,4531,,6,5,6,5604,0,0,0,,0,024,"HEMLOCK ST","TEHAMA ST",100.00,E,N,A,-,N,,,,,,,,,,Y,3,0,1,3,A,-,03,22350,,N,B,E,A,A,H,-,C,D,0,,,,,Y,,A,01,0,1,0,0,0,0,0,0,0,"- ","- ",34.181139999999999,-119.19804999999999,VENTURA,OXNARD,-119.19839979,34.181155279999999
8601119,2017,2018-05-01,5604,2017-02-19,0841,5338,,7,5,6,5604,0,0,0,,0,032,"WOOLEY RD","ROSE AV",0.00,,Y,B,-,N,,,,,,,,,,Y,4,0,3,3,A,-,01,23152,A,N,D,C,A,B,H,-,A,A,0,,,,,Y,Y,A,01,0,0,3,0,0,0,0,0,0,"- ","- ",34.189839999999997,-119.15985999999999,VENTURA,OXNARD,-119.15997012,34.189850020000002
8601192,2017,2018-05-01,5604,2017-01-01,1900,5306,,7,5,6,5604,0,0,0,,0,022,"VENTURA RD","9TH ST",0.00,,Y,A,-,N,,,,,,,,,,Y,4,0,1,2,A,-,03,22350,,N,D,C,A,A,H,-,C,A,0,,,,Y,Y,,A,01,0,0,1,0,0,0,0,0,0,"- ","- ",34.192390000000003,-119.19508,VENTURA,OXNARD,-119.19507005,34.19239005
8601314,2017,2018-07-02,5604,2017-02-23,1710,4945,,4,5,6,5604,0,0,0,,0,022,"5TH ST","HOBSON WY",0.00,,Y,A,-,N,,,,,,,,,,Y,3,0,2,3,A,-,09,21801,A,N,D,C,A,A,H,-,A,A,0,,,,,Y,,A,01,0,1,1,0,0,0,0,0,0,"- ","- ",34.197740000000003,-119.1879,VENTURA,OXNARD,-119.18792003999999,34.1977501
8601322,2017,2018-07-03,5604,2017-11-23,1659,5360,,4,5,6,5604,0,0,0,,0,032,"S OXNARD BL","SUNKIST DR",200.00,N,N,A,-,N,,,,,,,,,,Y,4,0,1,2,A,-,03,22350,,F,C,C,A,A,H,-,C,A,0,,,,,Y,,A,01,0,0,1,0,0,0,0,0,0,"- ","- ",34.18338,-119.1696,VENTURA,OXNARD,-119.16681826,34.181408810000001
8601327,2017,2018-04-26,5604,2017-04-09,2215,5005,,7,5,6,5604,0,0,0,,0,032,"7TH ST","META ST",0.00,E,N,A,-,N,,,,,,,,,,,2,0,1,2,A,-,10,21950,A,N,G,B,D,A,H,-,C,D,0,Y,,,,Y,,A,01,1,0,0,0,1,0,0,0,0,"- ","- ",34.195010000000003,-119.17597000000001,VENTURA,OXNARD,-119.17598009,34.195030029999998
8601335,2017,2018-04-26,5604,2017-04-01,1847,5472,,6,5,6,5604,0,0,0,,0,041,"BRYCE CANYON AV","F ST",25.00,E,N,A,-,N,,,,,,,,,,N,2,0,1,2,A,-,03,22350,,N,G,B,D,A,H,-,B,D,0,Y,,,,Y,,A,01,1,0,0,0,1,0,0,0,0,"- ","- ",34.170009999999998,-119.18364,VENTURA,OXNARD,-119.18395744999999,34.169809999999998
8601341,2017,2018-04-26,5604,2017-10-15,1215,4945,,7,5,6,5604,0,0,0,,0,024,"SAVIERS RD","W BIRCH ST W",0.00,,Y,A,-,N,,,,,,,,,,Y,4,0,2,2,A,-,09,21801,A,F,D,C,A,A,H,-,A,A,0,,,,,Y,,A,01,0,0,2,0,0,0,0,0,0,"- ","- ",34.185360000000003,-119.17748,VENTURA,OXNARD,-119.17756011,34.185360099999997
8601345,2017,2018-04-27,5604,2017-12-05,1320,5322,,2,5,6,5604,0,0,0,,0,014,"VINEYARD AV","FOREST PARK BL",0.00,,Y,A,-,N,,,,,,,,,,Y,3,0,4,2,A,-,12,21453,A,N,D,C,A,A,H,-,A,A,0,,,,,Y,,A,01,0,1,3,0,0,0,0,0,0,"- ","- ",,,VENTURA,OXNARD,-119.1670101,34.240220039999997
8601352,2017,2018-04-26,5604,2017-06-22,1237,4653,,4,5,6,5604,0,0,0,,0,021,"VICTORIA AV","5TH ST",265.00,N,N,A,-,N,,,,,,,,,,Y,3,0,1,2,A,-,09,21804,A,N,B,C,A,A,H,-,A,D,0,,,,,Y,,A,01,0,1,0,0,0,0,0,0,0,"- ","- ",,,VENTURA,OXNARD,-119.22126,34.198307319999998
8601368,2017,2018-04-30,5604,2017-12-18,1728,5434,,1,5,6,5604,0,0,0,,0,012,"ROSE AV","AUTO CENTER DR",1000.00,S,N,A,-,N,,,101,,,,,,,Y,4,0,2,3,A,-,03,22350,,N,C,C,A,A,H,-,C,A,0,,,,Y,Y,,A,01,0,0,2,0,0,0,0,0,0,"- ","- ",34.225050000000003,-119.15876,VENTURA,OXNARD,-119.15875868000001,34.225054919999998
8601403,2017,2018-04-30,5604,2017-06-26,2040,5492,,1,5,6,5604,0,0,0,,0,022,"DORIS AVE","VENTURA RD",0.00,,Y,A,-,N,,,,,,,,,,Y,3,0,2,3,A,-,09,21801,A,F,A,C,A,A,H,-,C,A,0,,,,Y,Y,,-,99,0,1,1,0,0,0,0,0,0,"- ","- ",34.208329999999997,-119.19467,VENTURA,OXNARD,-119.1946401,34.208360069999998
8601536,2017,2018-05-01,5604,2017-06-13,0646,4610,,2,5,6,5604,0,0,0,,0,011,"VINEYARD AV","PINE RIDGE RD",300.00,E,N,A,-,N,,,,,,,,,,Y,3,0,2,1,A,-,08,22107,,N,E,I,A,A,H,-,A,D,0,,,,,Y,,A,01,0,2,0,0,0,0,0,0,0,"- ","- ",34.229419999999998,-119.19668,VENTURA,OXNARD,,
8601538,2017,2018-05-01,5604,2017-05-18,2310,5065,,4,5,6,5604,0,0,0,,0,014,"VINEYARD BL","OXNARD AV",30.00,N,N,A,-,N,,,,,,,,,,N,3,0,1,2,A,-,03,22350,,F,C,G,A,A,H,-,C,A,0,,Y,,,Y,,-,99,0,1,0,0,0,0,1,0,0,"- ","- ",34.225850000000001,-119.17769,VENTURA,OXNARD,-119.17755,34.226509999999998
8601544,2017,2018-05-02,5604,2017-09-20,1715,5486,,3,5,6,5604,0,0,0,,0,032,"5TH ST","RICHMOND AV",0.00,,Y,A,-,N,,,,,,,,,,Y,3,0,3,3,A,-,03,22350,,N,C,C,A,A,H,-,A,D,0,,,,,Y,,A,01,0,1,2,0,0,0,0,0,0,"- ","- ",,,VENTURA,OXNARD,-119.16956005,34.196890089999997
8601561,2017,2018-04-30,5604,2017-06-24,1823,5473,,6,5,6,5604,0,0,0,,0,041,"SAVIERS RD","YUCCA ST",0.00,,Y,A,-,N,,,,,,,,,,N,4,0,1,2,A,-,12,21453,A,F,G,B,B,A,A,H,A,A,0,Y,,,,Y,,A,01,0,0,1,0,1,0,0,0,0,"- ","- ",34.171210000000002,-119.17128,VENTURA,OXNARD,-119.17773010000001,34.1659401
8601567,2017,2018-04-30,5604,2017-06-19,1516,5242,,1,5,6,5604,0,0,0,,0,042,"PLEASANT VALLEY RD","J ST",0.00,,Y,A,-,N,,,,,,,,,,N,3,0,1,2,A,-,10,21950,A,N,G,B,B,A,H,-,A,A,0,Y,,,,Y,,A,01,0,1,0,0,1,0,0,0,0,"- ","- ",,,VENTURA,OXNARD,-119.18611007,34.154780090000003
8601569,2017,2018-04-30,5604,2017-06-23,0840,5459,,5,5,6,5604,0,0,0,,0,041,"C ST","CHANNEL ISLANDS BL",0.00,,Y,B,-,N,,,,,,,,,,Y,3,0,1,2,A,-,09,21801,A,N,D,C,A,A,H,-,A,A,0,,,,,Y,,A,01,0,1,0,0,0,0,0,0,0,"- ","- ",34.173679999999997,-119.18111,VENTURA,OXNARD,-119.18113002,34.17370004
8601583,2017,2018-04-20,5604,2017-11-27,1430,5005,,1,5,6,5604,0,0,0,,0,014,"H ST","BLUEBELL ST",0.00,,Y,A,-,N,,,,,,,,,,Y,3,0,2,2,A,-,09,21801,A,N,D,C,A,A,H,-,A,D,0,,,,,Y,,A,01,0,1,1,0,0,0,0,0,0,"- ","- ",34.221530000000001,-119.18628,VENTURA,OXNARD,-119.18629007,34.221540040000001
8601586,2017,2018-04-20,5604,2017-10-10,0715,5496,,2,5,6,5604,0,0,0,,0,012,"SONATA DR","GONZALES RD",0.00,,Y,A,-,N,,,,,,,,,,N,4,0,1,2,A,-,05,21650,1,N,D,G,A,A,H,-,A,D,0,,Y,,,Y,,L,04,0,0,1,0,0,0,1,0,0,"- ","- ",34.21866,-119.16209000000001,VENTURA,OXNARD,-119.16211002,34.219010009999998
8601592,2017,2018-04-20,5604,2017-06-27,1242,4950,,2,5,6,5604,0,0,0,,0,032,"GONZALES RD","ROSE AV",20.00,W,N,A,-,N,,,,,,,,,,Y,4,0,4,3,A,-,03,22350,,N,C,C,A,A,H,-,A,A,0,,,,,Y,,A,01,0,0,4,0,0,0,0,0,0,"- ","- ",34.218899999999998,-119.15828,VENTURA,OXNARD,-119.15849607,34.218991000000003
8601595,2017,2018-04-20,5604,2017-11-25,1926,5508,,6,5,6,5604,0,0,0,,0,012,"E ESPLANADE DR","VINEYARD AV",0.00,,Y,A,-,N,,,,,,,,,,Y,3,0,5,2,A,-,09,21453,C,N,D,C,A,A,H,-,C,A,0,,,,,Y,,A,01,0,1,4,0,0,0,0,0,0,"- ","- ",34.229999999999997,-119.17465,VENTURA,OXNARD,-119.17466,34.230000009999998
8601616,2017,2018-04-26,5604,2017-07-07,2500,5450,,5,5,6,5604,0,0,0,,0,041,"CHANNEL ISLANDS BL","ROSE AV",100.00,E,N,A,-,N,,,,,,,,,,Y,4,0,1,2,A,-,05,21651,A,F,A,C,A,A,H,-,D,D,0,,,,,Y,,A,01,0,0,1,0,0,0,0,0,0,"- ","- ",34.173279999999998,-119.16004,VENTURA,OXNARD,-119.15983978,34.173369999999998
8602193,2018,2018-05-16,5600,2018-04-30,1917,5013,9122,1,5,6,5607,0,0,0,,0,09C,"RANCHO CONEJO BL","HILLCREST DR",378.00,S,N,A,-,N,,,,,,,,,,Y,3,0,2,2,A,-,12,21453,A,N,H,C,A,A,H,-,A,A,0,,,,,Y,,A,01,0,2,0,0,0,0,0,0,0,"- ","- ",,,VENTURA,"THOUSAND OAKS",-118.92530059814453,34.186031341552734
8603291,2018,2018-05-04,5600,2018-04-13,2128,4438,8215,5,5,5,5601,0,0,0,,0,8D1,"UPLAND RD","SAN ONOFRE DR",788.00,E,N,A,-,N,,,,,,,,,,Y,3,0,2,2,A,-,09,21804,A,N,D,C,A,A,H,-,C,A,0,,,,,Y,,A,08,0,1,1,0,0,0,0,0,0,"- ","- ",34.142551422119141,-118.58570098876953,VENTURA,CAMARILLO,-118.982421875,34.240413665771484