CASE_ID,ACCIDENT_YEAR,PROC_DATE,JURIS,COLLISION_DATE,COLLISION_TIME,OFFICER_ID,REPORTING_DISTRICT,DAY_OF_WEEK,CHP_SHIFT,POPULATION,CNTY_CITY_LOC,SPECIAL_COND,BEAT_TYPE,CHP_BEAT_TYPE,CITY_DIVISION_LAPD,CHP_BEAT_CLASS,BEAT_NUMBER,PRIMARY_RD,SECONDARY_RD,DISTANCE,DIRECTION,INTERSECTION,WEATHER_1,WEATHER_2,STATE_HWY_IND,CALTRANS_COUNTY,CALTRANS_DISTRICT,STATE_ROUTE,ROUTE_SUFFIX,POSTMILE_PREFIX,POSTMILE,LOCATION_TYPE,RAMP_INTERSECTION,SIDE_OF_HWY,TOW_AWAY,COLLISION_SEVERITY,NUMBER_KILLED,NUMBER_INJURED,PARTY_COUNT,PRIMARY_COLL_FACTOR,PCF_CODE_OF_VIOL,PCF_VIOL_CATEGORY,PCF_VIOLATION,PCF_VIOL_SUBSECTION,HIT_AND_RUN,TYPE_OF_COLLISION,MVIW,PED_ACTION,ROAD_SURFACE,ROAD_COND_1,ROAD_COND_2,LIGHTING,CONTROL_DEVICE,CHP_ROAD_TYPE,PEDESTRIAN_ACCIDENT,BICYCLE_ACCIDENT,MOTORCYCLE_ACCIDENT,TRUCK_ACCIDENT,NOT_PRIVATE_PROPERTY,ALCOHOL_INVOLVED,STWD_VEHTYPE_AT_FAULT,CHP_VEHTYPE_AT_FAULT,COUNT_SEVERE_INJ,COUNT_VISIBLE_INJ,COUNT_COMPLAINT_PAIN,COUNT_PED_KILLED,COUNT_PED_INJURED,COUNT_BICYCLIST_KILLED,COUNT_BICYCLIST_INJURED,COUNT_MC_KILLED,COUNT_MC_INJURED,PRIMARY_RAMP,SECONDARY_RAMP,LATITUDE,LONGITUDE,COUNTY,CITY,POINT_X,POINT_Y
8604120,2018,2018-08-17,5608,2018-04-24,2305,469,,2,5,6,5608,0,0,0,,0,002,"MAIN ST","RT 101",0.00,,Y,A,-,Y,VEN,7,101,-,-,26.677,R,4,N,Y,3,0,1,1,A,-,03,22350,,N,H,J,A,A,H,-,C,A,0,,,Y,,Y,,C,02,0,1,0,0,0,0,0,0,1,"- ","- ",,,VENTURA,VENTURA,-119.24269866943359,34.264606475830078
8605093,2018,2018-05-14,5609,2018-03-05,0150,452,,1,5,6,5609,0,0,0,,0,006,"YOSEMITE AV","ALAMO ST",0.00,,-,A,-,N,,,,,,,,,,Y,2,0,2,1,A,-,01,23152,A,N,E,I,A,A,H,-,C,A,0,,,Y,,Y,Y,C,02,2,0,0,0,0,0,0,0,2,"- ","- ",,,VENTURA,"SIMI VALLEY",-118.68106842041016,34.28607177734375
8605341,2018,2018-05-17,5609,2018-04-18,1422,310,108,3,5,6,5609,0,0,0,,0,001,"SIMI TOWN CENTER WY","JEFFERSON WY",1584.00,W,N,A,-,N,,,,,,,,,,Y,3,0,1,2,A,-,09,21802,A,N,D,C,A,A,H,-,A,A,0,,,,,Y,,A,01,0,1,0,0,0,0,0,0,0,"- ","- ",,,VENTURA,"SIMI VALLEY",-118.77873229980469,34.284561157226562
8605345,2018,2018-05-17,5609,2018-04-04,1744,389,,3,5,6,5609,0,0,0,,0,003,"MORLEY ST","ALVA CIR",0.00,,Y,A,-,N,,,,,,,,,,Y,4,0,1,2,A,-,08,22103,,N,B,C,A,A,H,-,A,D,0,,,,,Y,,D,22,0,0,1,0,0,0,0,0,0,"- ","- ",34.265960693359375,-118.74990081787109,VENTURA,"SIMI VALLEY",-118.74990844726562,34.266040802001953
8606812,2018,2018-05-09,5608,2018-04-20,1115,308,,5,5,6,5608,0,0,0,,0,002,"LOMA VISTA RD","BRENT ST",0.00,,Y,A,-,N,,,,,,,,,,N,4,0,1,2,A,-,03,22350,,N,C,C,A,A,H,-,A,A,0,,,,,Y,,A,01,0,0,1,0,0,0,0,0,0,"- ","- ",,,VENTURA,VENTURA,-119.25771331787109,34.275371551513672
8607076,2018,2018-05-16,5604,2018-05-01,1255,5510,,2,5,6,5604,0,0,0,,0,011,"OXNARD BL","VINEYARD AV",200.00,S,N,A,-,N,,,,,,,,,,N,4,0,2,4,A,-,03,22350,,N,C,C,A,A,H,-,A,A,0,,,,,Y,,D,82,0,0,2,0,0,0,0,0,0,"- ","- ",,,VENTURA,OXNARD,-119.17738342285156,34.225978851318359
8607092,2018,2018-05-17,5604,2018-04-29,2125,5393,,7,5,6,5604,0,0,0,,0,041,"J ST","CHANNEL ISLANDS BL",0.00,,Y,A,-,N,,,,,,,,,,Y,3,0,2,2,A,-,09,21801,A,N,D,C,A,A,H,-,C,A,0,,,,,Y,,D,22,0,1,1,0,0,0,0,0,0,"- ","- ",34.175540924072266,-119.1861572265625,VENTURA,OXNARD,-119.18617248535156,34.175579071044922
8607495,2017,2018-05-11,5604,2017-12-21,1530,5151,,4,5,6,5604,0,0,0,,0,021,"CHANNEL ISLANDS BL","VICTORIA AV",0.00,,Y,A,-,N,,,,,,,,,,N,3,0,1,2,A,-,12,21453,A,N,G,G,A,A,H,-,A,A,0,,Y,,,Y,Y,L,04,0,1,0,0,0,0,1,0,0,"- ","- ",34.175829999999998,-119.22145999999999,VENTURA,OXNARD,-119.22154989000001,34.175890000000003
8607824,2018,2018-05-18,5600,2018-05-04,1822,5388,9126,5,5,6,5607,0,0,0,,0,09H,"CAMINO DOS RIOS","HILLCREST DR",0.00,,Y,A,-,N,,,,,,,,,,Y,4,0,2,2,A,-,12,21453,A,N,D,D,A,A,H,-,A,A,0,,,,,Y,,A,01,0,0,2,0,0,0,0,0,0,"- ","- ",,,VENTURA,"THOUSAND OAKS",-118.93514251708984,34.189380645751953
8608180,2018,2018-04-30,5604,2018-01-11,0806,5135,,4,5,6,5604,0,0,0,,0,022,"DORIS AV","VENTURA RD",0.00,,Y,A,-,N,,,,,,,,,,N,3,0,1,2,A,-,10,21950,A,N,G,B,-,A,H,-,A,A,0,Y,,,,Y,,E,22,0,1,0,0,1,0,0,0,0,"- ","- ",34.208328247070312,-119.19467163085938,VENTURA,OXNARD,-119.19464111328125,34.208358764648438
8608216,2018,2018-04-30,5604,2018-01-03,2037,5378,3015,3,5,6,5604,0,0,0,,0,014,"TOWN CENTER DR","RIVERPARK BL",0.00,,Y,A,-,N,,,,,,,,,,Y,3,0,1,2,A,-,09,21801,,N,D,C,A,A,H,-,D,A,0,,,,,Y,,A,01,0,1,0,0,0,0,0,0,0,"- ","- ",34.238048553466797,-119.17548370361328,VENTURA,OXNARD,-119.175537109375,34.238059997558594
8608224,2018,2018-04-30,5604,2018-01-03,0808,5208,,3,5,6,5604,0,0,0,,0,032,"CHANNEL ISLAND BL","STATHAM BL",0.00,,Y,A,-,N,,,,,,,,,,Y,4,0,2,2,A,-,09,21801,A,N,A,C,A,A,H,-,A,A,0,,,,,Y,,A,01,0,0,2,0,0,0,0,0,0,"- ","- ",,,VENTURA,OXNARD,-119.1656494140625,34.173431396484375
8608228,2018,2018-04-30,5604,2018-01-03,0743,5490,,3,5,6,5604,0,0,0,,0,024,"SAVIERS RD","LAUREL ST",0.00,,Y,A,-,N,,,,,,,,,,N,4,0,2,2,A,-,12,21453,A,N,D,C,A,A,H,-,A,A,0,,,,,Y,,A,01,0,0,2,0,0,0,0,0,0,"- ","- ",,,VENTURA,OXNARD,-119.17759704589844,34.177349090576172
8608257,2018,2018-04-30,5604,2018-01-15,1418,5521,,1,5,6,5604,0,0,0,,0,024,"CHANNEL ISLANDS AV","J ST",0.00,,Y,A,-,N,,,,,,,,,,Y,4,0,1,2,A,-,09,21801,A,N,A,C,A,A,H,-,A,A,0,,,,,Y,,A,08,0,0,1,0,0,0,0,0,0,"- ","- ",,,VENTURA,OXNARD,-119.18617248535156,34.175579071044922
8608289,2018,2018-04-30,5604,2018-01-18,2125,5396,,4,5,6,5604,0,0,0,,0,024,"CHANNEL ISLANDS BL","M ST",0.00,,Y,A,-,N,,,,,,,,,,Y,4,0,1,2,A,-,09,21801,A,N,D,C,A,A,H,-,A,A,0,,,,,Y,,A,07,0,0,1,0,0,0,0,0,0,"- ","- ",34.175579071044922,-119.19126129150391,VENTURA,OXNARD,-119.19127655029297,34.175609588623047
8608301,2018,2018-04-30,5604,2018-01-20,2011,5471,,6,5,6,5604,0,0,0,,0,012,GONZALEZ,"ROSE AV",15.00,E,N,A,-,N,,,,,,,,,,N,4,0,1,2,A,-,03,22350,,N,C,C,A,A,H,-,C,A,0,,,,,Y,,A,01,0,0,1,0,0,0,0,0,0,"- ","- ",34.219398498535156,-119.15834045410156,VENTURA,OXNARD,-119.15837860107422,34.218990325927734
8608305,2018,2018-04-30,5604,2018-01-22,1124,5485,,1,5,6,5604,0,0,0,,0,031,"ROSE AV","EASTMAN AV",20.00,S,N,A,-,N,,,,,,,,,,N,4,0,1,2,A,-,03,22350,,M,C,C,A,A,H,-,D,A,0,,,,,Y,,A,01,0,0,1,0,0,0,0,0,0,"- ","- ",34.198291778564453,-119.15975952148438,VENTURA,OXNARD,-119.15988159179688,34.198246002197266
8608313,2018,2018-04-30,5604,2018-01-23,1514,5317,,2,5,6,5604,0,0,0,,0,022,"OXNARD BL","2ND ST",0.00,,Y,A,-,N,,,1,,,,,,,N,4,0,1,2,A,-,12,21453,A,N,D,C,A,A,H,-,A,A,0,,,,,Y,,A,01,0,0,1,0,0,0,0,0,0,"- ","- ",34.201629638671875,-119.17732238769531,VENTURA,OXNARD,-119.17729949951172,34.201629638671875
8609289,2018,2018-05-04,5600,2018-03-28,1558,2877,8045,3,5,5,5601,0,0,0,,0,8A01,"LAS POSAS RD","VENTURA BL",30.00,N,N,A,-,N,,,,,,,,,,Y,3,0,4,2,A,-,08,22100,A,N,B,C,A,A,H,-,A,A,0,,,,,Y,,A,07,0,1,3,0,0,0,0,0,0,"- ","- ",34.125778198242188,-119.04107666015625,VENTURA,CAMARILLO,-119.06979370117188,34.215980529785156
8609331,2018,2018-05-01,5609,2018-03-21,1639,389,,3,5,6,5609,0,0,0,,0,005,"LOS ANGELES AV","TAPO ST",173.00,E,N,C,-,N,,,,,,,,,,Y,4,0,1,2,A,-,03,22350,,N,C,C,A,B,H,-,A,A,0,,,,,Y,,A,01,0,0,1,0,0,0,0,0,0,"- ","- ",34.271560668945312,-118.70900726318359,VENTURA,"SIMI VALLEY",-118.70838165283203,34.271690368652344
8609567,2018,2018-04-30,5609,2018-03-24,2355,389,,6,5,6,5609,0,0,0,,0,004,"ELMDALE AV","COCHRAN ST",2.00,S,N,A,-,N,,,,,,,,,,Y,2,0,1,1,A,-,01,23152,A,N,E,I,A,A,H,-,C,D,0,,,,,Y,Y,A,01,1,0,0,0,0,0,0,0,0,"- ","- ",34.279129028320312,-118.75087738037109,VENTURA,"SIMI VALLEY",-118.75090789794922,34.279014587402344
8610538,2018,2018-05-16,5605,2018-04-19,0554,75,PATRO,4,5,3,5605,0,0,0,,0,CITY,"VENTURA RD","CHANNEL ISLANDS BL",100.00,S,N,C,-,N,,,,,,,,,,Y,4,0,1,3,A,-,03,22350,,N,-,C,A,B,H,-,C,A,0,,,,,Y,,A,01,0,0,1,0,0,0,0,0,0,"- ","- ",,,VENTURA,"PORT HUENEME",-119.195068359375,34.175769805908203
8610796,2018,2018-05-08,5609,2018-02-19,1638,435,,1,5,6,5609,0,0,0,,0,,"EASY ST","WARD AV",0.00,,Y,A,-,N,,,,,,,,,,Y,4,0,1,2,A,-,12,22450,A,N,D,C,A,A,H,-,A,D,0,,,,,Y,,A,01,0,0,1,0,0,0,0,0,0,"- ","- ",34.273780822753906,-118.78536224365234,VENTURA,"SIMI VALLEY",-118.785400390625,34.273891448974609
8612580,2018,2018-04-27,5608,2018-04-14,1239,471,,6,5,6,5608,0,0,0,,0,004,"VENTURA BL","NORTH BANK DR",1200.00,E,N,A,-,N,,,,,,,,,,N,4,0,1,2,A,-,03,22350,,N,C,C,A,A,H,-,A,A,0,,,,,Y,,-,"- ",0,0,1,0,0,0,0,0,0,"- ","- ",,,VENTURA,VENTURA,-119.1959228515625,34.245620727539062
8612596,2018,2018-04-27,5608,2018-04-19,0200,442,,4,5,6,5608,0,0,0,,0,001,"EAST THOMPSON BL","ANN ST",0.00,,Y,A,-,N,,,,,,,,,,Y,3,0,1,1,A,-,01,23152,A,M,E,I,A,A,H,-,C,D,0,,,,,Y,Y,-,,0,1,0,0,0,0,0,0,0,"- ","- ",,,VENTURA,VENTURA,-119.28395080566406,34.277328491210938
8612882,2018,2018-05-10,5604,2018-04-11,2024,5360,,3,5,6,5604,0,0,0,,0,032,"CHANNEL ISLANDS BL","STATHAM BL",0.00,,Y,A,-,N,,,,,,,,,,Y,4,0,2,2,A,-,01,23153,G,N,D,C,A,A,H,-,C,A,0,,,,,Y,Y,A,01,0,0,2,0,0,0,0,0,0,"- ","- ",34.173370361328125,-119.16562652587891,VENTURA,OXNARD,-119.1656494140625,34.173431396484375
8612947,2018,2018-05-17,5604,2018-04-13,1539,5490,,5,5,6,5604,0,0,0,,0,012,"AUTO CENTER DR","LOS OLIVOS",0.00,,Y,A,-,N,,,,,,,,,,Y,3,0,2,2,A,-,09,21801,A,N,D,C,A,A,H,-,A,D,0,,,,,Y,,I,11,0,1,1,0,0,0,0,0,0,"- ","- ",,,VENTURA,OXNARD,-119.14649200439453,34.226261138916016
8613075,2018,2018-05-14,5604,2018-04-11,0938,5263,,3,5,6,5604,0,0,0,,0,032,"STATHAM BL","PACIFIC AV",0.00,,Y,A,-,N,,,,,,,,,,Y,3,0,1,2,A,-,09,21804,A,N,D,C,A,A,H,-,A,D,0,,,,,Y,,A,07,0,1,0,0,0,0,0,0,0,"- ","- ",34.180648803710938,-119.16429138183594,VENTURA,OXNARD,-119.164306640625,34.180660247802734
8613095,2018,2018-05-14,5604,2018-04-15,1830,5431,,7,5,6,5604,0,0,0,,0,011,"PATTERSON RD","GONZALES RD",0.00,,Y,A,-,N,,,,,,,,,,Y,4,0,1,2,A,-,09,21802,B,N,A,C,A,A,H,-,A,A,0,,,,,Y,,A,07,0,0,1,0,0,0,0,0,0,"- ","- ",34.2193603515625,-119.20702362060547,VENTURA,OXNARD,-119.20716094970703,34.219451904296875
8613498,2018,2018-05-03,5604,2018-02-11,1755,5412,,7,5,6,5604,0,0,0,,0,041,"C ST","BRYCE CANYON",25.00,N,N,A,-,N,,,,,,,,,,N,4,0,1,2,A,-,01,23152,A,N,C,C,A,A,H,-,B,D,0,,,,,Y,Y,A,01,0,0,1,0,0,0,0,0,0,"- ","- ",34.169998168945312,-119.18138885498047,VENTURA,OXNARD,-119.18116760253906,34.169857025146484
8614422,2018,2018-04-27,5606,2018-02-23,1723,1096,5606,5,5,4,5606,0,0,0,,0,001,"MAIN ST","STECKEL DR",0.00,,Y,A,-,N,,,,,,,,,,N,2,0,1,2,A,-,10,21950,A,N,G,B,B,A,H,-,A,D,0,Y,,,,Y,,A,01,1,0,0,0,1,0,0,0,0,"- ","- ",,,VENTURA,"SANTA PAULA",-119.08061981201172,34.347389221191406
8615124,2018,2018-05-03,5604,2018-02-02,2200,5359,,5,5,6,5604,0,0,0,,0,024,"S C ST","WOOLEY RD",100.00,S,N,A,-,N,,,,,,,,,,N,4,0,1,2,A,-,03,22350,,F,C,C,A,A,H,-,C,A,0,,,,,Y,,A,01,0,0,1,0,0,0,0,0,0,"- ","- ",34.190139770507812,-119.18115234375,VENTURA,OXNARD,-119.18119049072266,34.189876556396484
8615128,2018,2018-05-09,5604,2018-02-10,1430,5431,,6,5,6,5604,0,0,0,,0,011,"N VENTURA RD","W GONZALES RD",0.00,,Y,A,-,N,,,,,,,,,,N,4,0,1,2,A,-,03,22350,,N,C,C,A,A,H,-,A,A,0,,,,,Y,,A,07,0,0,1,0,0,0,0,0,0,"- ","- ",34.219268798828125,-119.19454956054688,VENTURA,OXNARD,-119.19464111328125,34.219348907470703
8615779,2018,2018-06-20,5604,2018-01-20,1152,5407,,6,5,6,5604,0,0,0,,0,021,"W WOOLEY RD","KELP LN",450.00,W,N,A,G,N,,,,,,,,,,N,3,0,1,2,A,-,07,21658,A,N,A,G,A,A,H,-,A,D,0,,Y,,,Y,,L,04,0,1,0,0,0,0,1,0,0,"- ","- ",34.190280914306641,-119.21118927001953,VENTURA,OXNARD,-119.21270751953125,34.19036865234375
8615783,2018,2018-06-20,5604,2018-01-20,1827,5300,,6,5,6,5604,0,0,0,,0,032,"S OXNARD BL","WOOLEY RD",50.00,S,N,A,-,N,,,,,,,,,,Y,4,0,1,2,D,-,00,,,N,D,C,A,A,H,-,C,B,0,,,,,Y,,-,"- ",0,0,1,0,0,0,0,0,0,"- ","- ",34.188461303710938,-119.17658233642578,VENTURA,OXNARD,-119.17754364013672,34.190059661865234
8615815,2018,2018-06-28,5604,2018-02-24,2353,5135,,6,5,6,5604,0,0,0,,0,012,"RT 1","GONZALES RD",20.00,S,N,A,-,N,,,,,,,,,,N,4,0,1,2,A,-,03,22350,,F,C,C,A,A,H,-,C,A,0,,,,,Y,,-,,0,0,1,0,0,0,0,0,0,"- ","- ",34.218761444091797,-119.14201354980469,VENTURA,OXNARD,-119.17726135253906,34.218914031982422
8615946,2018,2018-08-22,5600,2018-04-11,1445,4550,9010,3,5,6,5607,0,0,0,,0,09A,"SUNSET HILLS BL","RT 23",0.00,,Y,A,-,Y,VEN,7,23,-,R,6.943,R,4,N,Y,3,0,2,2,A,-,09,21802,A,N,D,D,A,A,H,-,A,A,0,,,,,Y,,A,01,0,2,0,0,0,0,0,0,0,"- ",NF,,,VENTURA,"THOUSAND OAKS",-118.84834289550781,34.224468231201172
8616002,2018,2018-05-17,5609,2018-05-08,1340,310,217,2,5,6,5609,0,0,0,,0,002,"LONG CANYON RD","CANYON VIEW DR WEST",446.00,W,N,A,-,N,,,,,,,,,,Y,4,0,1,1,A,-,01,23152,A,N,E,I,A,A,H,-,A,D,0,,,,,Y,Y,A,01,0,0,1,0,0,0,0,0,0,"- ","- ",34.230400085449219,-118.79622650146484,VENTURA,"SIMI VALLEY",-118.79611968994141,34.230430603027344
8616460,2018,2018-05-24,5605,2018-05-03,0825,100,PATRO,4,5,3,5605,0,0,0,,0,002,"CHANNEL ISLANDS BL","UKIAH ST",0.00,,Y,A,-,N,,,,,,,,,,N,4,0,1,2,A,-,05,21650,,N,D,G,A,A,H,-,A,D,0,,Y,,,Y,,L,04,0,0,1,0,0,0,1,0,0,"- ","- ",34.175750732421875,-119.20005798339844,VENTURA,"PORT HUENEME",-119.20036315917969,34.175918579101562
8616688,2018,2018-05-16,5608,2018-05-02,1731,429,,3,5,6,5608,0,0,0,,0,001,"PORTER LN","LEMON GROVE AV",35.00,E,N,A,-,N,,,,,,,,,,Y,4,0,1,2,A,-,08,22107,A,N,A,E,A,A,H,-,A,A,0,,,,,Y,,-,,0,0,1,0,0,0,0,0,0,"- ","- ",,,VENTURA,VENTURA,-119.249267578125,34.265644073486328
8616890,2018,2018-05-17,5604,2018-04-30,0630,5065,,1,5,6,5604,0,0,0,,0,032,"SAVIERS RD","CEDAR ST",60.00,N,N,A,-,N,,,,,,,,,,N,3,0,1,3,A,-,08,22107,,N,C,E,A,A,H,-,A,D,0,,,,,Y,,A,01,0,1,0,0,0,0,0,0,0,"- ","- ",34.184490203857422,-119.17746734619141,VENTURA,OXNARD,-119.17755889892578,34.184665679931641
8616981,2018,2018-05-17,5604,2018-04-20,2055,5435,,5,5,6,5604,0,0,0,,0,032,"OXNARD BL","STATHAM BL",0.00,,Y,A,-,N,,,1,,,,,,,N,4,0,1,2,A,-,03,22350,,N,C,C,A,A,H,-,C,A,0,,,,,Y,,A,07,0,0,1,0,0,0,0,0,0,"- ","- ",34.179878234863281,-119.16523742675781,VENTURA,OXNARD,-119.16525268554688,34.179866790771484
8617005,2018,2018-05-17,5604,2018-04-22,1218,5158,,7,5,6,5604,0,0,0,,0,042,"SAVIERS RD","CLARA ST",100.00,S,N,A,-,N,,,,,,,,,,Y,4,0,1,3,A,-,09,21802,A,F,C,C,A,A,H,-,A,D,0,,,,,Y,Y,-,,0,0,1,0,0,0,0,0,0,"- ","- ",34.151229858398438,-119.17778778076172,VENTURA,OXNARD,-119.17788696289062,34.150966644287109
8617263,2018,2018-05-18,5608,2018-05-06,1544,403,,7,5,6,5608,0,0,0,,0,001,"PALM ST","POLI ST",50.00,S,N,A,-,N,,,,,,,,,,N,4,0,1,2,A,-,08,22107,,N,C,E,A,A,H,-,A,A,0,,,,,Y,,-,,0,0,1,0,0,0,0,0,0,"- ","- ",,,VENTURA,VENTURA,-119.29618835449219,34.281993865966797
8617267,2018,2018-05-21,5608,2018-05-03,0543,442,,4,5,6,5608,0,0,0,,0,002,"HARBOR BL","SAN PEDRO",1056.00,W,N,A,-,N,,,,,,,,,,Y,4,0,1,1,A,-,01,23152,F,N,H,A,A,A,H,-,A,D,0,,,,,Y,Y,-,,0,0,1,0,0,0,0,0,0,"- ","- ",,,VENTURA,VENTURA,-119.27632141113281,34.271343231201172
8618289,2018,2018-06-22,5608,2018-05-14,1239,476,,1,5,6,5608,0,0,0,,0,004,"WESTINGHOUSE ST","EASTMAN AV",100.00,W,N,A,-,N,,,,,,,,,,Y,4,0,1,2,A,-,09,21804,A,N,D,C,A,A,H,-,A,A,0,,,,,Y,,-,,0,0,1,0,0,0,0,0,0,"- ","- ",34.258998870849609,-119.23090362548828,VENTURA,VENTURA,-119.23061370849609,34.259025573730469
8618431,2018,2018-05-29,5608,2018-05-17,1109,499,,4,5,6,5608,0,0,0,,0,001,"BARNETT ST","SNOW CT",7.00,W,N,A,-,N,,,,,,,,,,Y,4,0,1,2,A,-,03,22350,,M,D,E,A,A,-,-,A,D,0,,,,,Y,,-,,0,0,1,0,0,0,0,0,0,"- ","- ",,,VENTURA,VENTURA,-119.30129241943359,34.292774200439453
8618685,2018,2018-08-17,5609,2018-04-06,1158,374,,5,5,6,5609,0,0,0,,0,,"TAPO CANYON RD","RT 118",0.00,,Y,A,-,Y,VEN,7,118,-,R,27.111,R,4,E,Y,3,0,2,2,A,-,12,21453,A,N,D,C,A,A,H,-,A,A,0,,,,,Y,,A,01,0,2,0,0,0,0,0,0,0,"- ",EF,,,VENTURA,"SIMI VALLEY",-118.72142028808594,34.282020568847656
8620976,2018,2018-06-14,5608,2018-05-09,1456,462,VTA,3,5,6,5608,0,0,0,,0,002,"CHRISMAN AV","SANTA BARBARA",138.00,S,N,A,-,N,,,,,,,,,,N,4,0,1,2,A,-,17,22517,,N,B,C,A,A,H,-,A,D,0,,,,,Y,,-,,0,0,1,0,0,0,0,0,0,"- ","- ",34.116428375244141,-119.16410064697266,VENTURA,VENTURA,-119.2779541015625,34.278270721435547
8623345,2018,2018-06-13,5600,2018-05-19,0842,5022,9072,6,5,6,5607,0,0,0,,0,09A,"HILLCREST DR","RANCHO RD",577.00,W,-,A,-,N,,,,,,,,,,Y,4,0,1,2,A,-,01,23152,A,N,C,C,A,A,H,-,A,A,0,,,,,Y,Y,A,01,0,0,1,0,0,0,0,0,0,"- ","- ",,,VENTURA,"THOUSAND OAKS",-118.86028289794922,34.181400299072266
8624261,2018,2018-05-30,5604,2018-05-11,1738,4945,,5,5,6,5604,0,0,0,,0,042,"BRADFIELD PL","DOLLIE ST",0.00,,Y,B,-,N,,,,,,,,,,Y,4,0,1,3,A,-,09,21801,A,F,D,C,A,A,H,-,A,A,0,,,,,Y,,A,01,0,0,1,0,0,0,0,0,0,"- ","- ",34.157310485839844,-119.17552947998047,VENTURA,OXNARD,-119.17555999755859,34.157341003417969
8624297,2018,2018-05-30,5604,2018-05-12,0223,5485,,6,5,6,5604,0,0,0,,0,014,"FOREST PARK BL","MOONLIGHT PARK PL",0.00,,Y,B,-,N,,,,,,,,,,Y,3,0,1,1,A,-,03,22350,,N,A,I,A,A,H,-,C,D,0,,,,,Y,,A,01,0,1,0,0,0,0,0,0,0,"- ","- ",34.244060516357422,-119.1640625,VENTURA,OXNARD,-119.17485991,34.242735029999999
8625142,2018,2018-05-31,5604,2018-05-16,1659,4514,,3,5,6,5604,0,0,0,,0,041,"C ST","YUCCA ST",20.00,N,N,A,-,N,,,,,,,,,,Y,4,0,1,2,A,-,03,22350,,N,C,C,A,A,H,-,A,D,0,,,,,Y,,A,01,0,0,1,0,0,0,0,0,0,"- ","- ",34.165950775146484,-119.18121337890625,VENTURA,OXNARD,-119.18122100830078,34.166015625
8625197,2018,2018-05-31,5604,2018-05-07,2104,4514,,1,5,6,5604,0,0,0,,0,041,"CHANNEL ISLANDS BL","CIRCLE DR",70.00,W,N,A,-,N,,,,,,,,,,Y,3,0,1,3,A,-,01,23152,A,M,B,E,A,A,H,-,C,D,0,,,,,Y,Y,D,22,0,1,0,0,0,0,0,0,0,"- ","- ",34.173351287841797,-119.17101287841797,VENTURA,OXNARD,-119.17127990722656,34.173381805419922
8625396,2018,2018-05-29,5604,2018-04-21,2151,4945,,6,5,6,5604,0,0,0,,0,032,"ROSE AV","OXNARD BL",50.00,N,N,A,-,N,,,,,,,,,,Y,4,0,1,2,A,-,03,22350,,F,C,C,A,A,H,-,C,A,0,,,,,Y,Y,A,01,0,0,1,0,0,0,0,0,0,"- ","- ",34.175228118896484,-119.15998077392578,VENTURA,OXNARD,-119.16000366210938,34.175640106201172
8625535,2018,2018-05-30,5604,2018-05-15,0915,5536,,2,5,6,5604,0,0,0,,0,002,"CHANNEL ISLANDS BL","J ST",0.00,,Y,A,-,N,,,,,,,,,,N,3,0,2,2,A,-,12,21453,A,N,D,C,A,A,H,-,A,A,0,,,,,Y,,A,01,0,1,1,0,0,0,0,0,0,"- ","- ",,,VENTURA,OXNARD,-119.18617248535156,34.175579071044922
8625539,2018,2018-05-31,5604,2018-05-19,1521,5243,,6,5,6,5604,0,0,0,,0,042,"PLEASANT VALLEY RD","OXNARD BL",25.00,E,N,A,-,N,,,,,,,,,,Y,4,0,3,2,A,-,01,23153,F,N,C,C,A,A,H,-,D,A,0,,,,,Y,,A,01,0,0,3,0,0,0,0,0,0,"- ","- ",34.165439605712891,-119.14412689208984,VENTURA,OXNARD,-119.14383697509766,34.165596008300781
8625551,2018,2018-05-31,5604,2018-05-14,1050,5504,,1,5,6,5604,0,0,0,,0,041,"F ST","BRYCE CANYON",200.00,S,N,A,-,N,,,,,,,,,,Y,3,0,1,2,A,-,08,22107,,N,F,E,A,A,H,-,A,D,0,,,,,Y,,A,07,0,1,0,0,0,0,0,0,0,"- ","- ",34.1697998046875,-119.18402099609375,VENTURA,OXNARD,-119.18404388427734,34.169261932373047
8625596,2018,2018-05-31,5604,2018-05-15,1610,5555,,2,5,6,5604,0,0,0,,0,022,"9TH ST","F ST",0.00,,Y,A,-,N,,,,,,,,,,N,4,0,3,2,A,-,09,21802,A,N,D,C,A,A,H,-,A,D,0,,,,,Y,,A,07,0,0,3,0,0,0,0,0,0,"- ","- ",,,VENTURA,OXNARD,-119.18495178222656,34.192428588867188
8625844,2018,2018-05-31,5600,2018-05-01,1657,2740,9132,2,5,6,5607,0,0,0,,0,09C,"VENTU PARK RD","NEWBURY RD",0.00,,Y,B,-,N,,,,,,,,,,Y,4,0,1,4,D,-,00,,,N,D,D,A,B,H,-,A,A,0,,,,,Y,,-,"- ",0,0,1,0,0,0,0,0,0,"- ","- ",,,VENTURA,"THOUSAND OAKS",-118.91123962402344,34.182281494140625
8626597,2018,2018-06-05,5600,2018-05-10,1628,4785,8153,4,5,5,5601,0,0,0,,0,08B,"PLEASANT VALLEY RD","CALLE SAN PABLO",236.00,W,N,A,-,N,,,,,,,,,,Y,4,0,1,2,A,-,05,21651,A,N,A,C,A,A,H,-,A,D,0,,,,,Y,,A,01,0,0,1,0,0,0,0,0,0,"- ","- ",34.205501556396484,-119.04042053222656,VENTURA,CAMARILLO,-119.03987884521484,34.205478668212891
8626601,2018,2018-06-05,5600,2018-05-06,0329,5110,8104,7,5,5,5601,0,0,0,,0,08B,"DAILY DR","LANTANA ST",0.00,,Y,A,-,N,,,,,,,,,,Y,4,0,2,2,A,-,09,21802,A,N,D,C,A,A,H,-,C,A,0,,,,,Y,Y,A,01,0,0,2,0,0,0,0,0,0,"- ","- ",34.218238830566406,-119.05481719970703,VENTURA,CAMARILLO,-119.05487060546875,34.21826171875