CASE_ID,ACCIDENT_YEAR,PROC_DATE,JURIS,COLLISION_DATE,COLLISION_TIME,OFFICER_ID,REPORTING_DISTRICT,DAY_OF_WEEK,CHP_SHIFT,POPULATION,CNTY_CITY_LOC,SPECIAL_COND,BEAT_TYPE,CHP_BEAT_TYPE,CITY_DIVISION_LAPD,CHP_BEAT_CLASS,BEAT_NUMBER,PRIMARY_RD,SECONDARY_RD,DISTANCE,DIRECTION,INTERSECTION,WEATHER_1,WEATHER_2,STATE_HWY_IND,CALTRANS_COUNTY,CALTRANS_DISTRICT,STATE_ROUTE,ROUTE_SUFFIX,POSTMILE_PREFIX,POSTMILE,LOCATION_TYPE,RAMP_INTERSECTION,SIDE_OF_HWY,TOW_AWAY,COLLISION_SEVERITY,NUMBER_KILLED,NUMBER_INJURED,PARTY_COUNT,PRIMARY_COLL_FACTOR,PCF_CODE_OF_VIOL,PCF_VIOL_CATEGORY,PCF_VIOLATION,PCF_VIOL_SUBSECTION,HIT_AND_RUN,TYPE_OF_COLLISION,MVIW,PED_ACTION,ROAD_SURFACE,ROAD_COND_1,ROAD_COND_2,LIGHTING,CONTROL_DEVICE,CHP_ROAD_TYPE,PEDESTRIAN_ACCIDENT,BICYCLE_ACCIDENT,MOTORCYCLE_ACCIDENT,TRUCK_ACCIDENT,NOT_PRIVATE_PROPERTY,ALCOHOL_INVOLVED,STWD_VEHTYPE_AT_FAULT,CHP_VEHTYPE_AT_FAULT,COUNT_SEVERE_INJ,COUNT_VISIBLE_INJ,COUNT_COMPLAINT_PAIN,COUNT_PED_KILLED,COUNT_PED_INJURED,COUNT_BICYCLIST_KILLED,COUNT_BICYCLIST_INJURED,COUNT_MC_KILLED,COUNT_MC_INJURED,PRIMARY_RAMP,SECONDARY_RAMP,LATITUDE,LONGITUDE,COUNTY,CITY,POINT_X,POINT_Y
90506071,2017,2017-07-24,9765,2017-07-12,1725,017603,,3,2,6,5608,0,1,2,,2,301,"US-101 S/B","VICTORIA AVENUE",1584.00,S,N,A,-,Y,,,101,,,,,,S,N,4,0,1,2,A,-,03,22350,,N,C,C,A,A,H,-,A,D,0,,,,,Y,,A,01,0,0,1,0,0,0,0,0,0,"- ","- ",34.25029,-119.20757999999999,VENTURA,VENTURA,-119.2075664,34.250319189999999
90507582,2017,2017-07-25,9765,2017-07-16,0140,020187,,7,3,9,5600,0,3,5,,2,005,"ROSE AVENUE","CENTRAL AVENUE",5808.00,N,N,A,-,N,,,,,,,,,,Y,3,0,1,1,A,-,01,23152,A,N,E,I,A,A,H,-,D,D,0,,,,,Y,Y,D,22,0,1,0,0,0,0,0,0,0,"- ","- ",34.26285,-119.12927999999999,VENTURA,UNINCORPORATED,-119.12972612,34.262551729999998
9050965,2020,2020-05-20,5600,2020-02-11,1450,5176,8135,2,5,5,5601,0,0,0,,0,08C,"LAS POSAS RD","PONDEROSA DR",508.00,E,N,A,-,N,,,,,,,,,,Y,4,0,1,3,A,-,09,21801,A,N,H,C,A,A,H,-,A,D,0,,,,,Y,,D,22,0,0,1,0,0,0,0,0,0,"- ","- ",34.241020202636719,-119.0206298828125,VENTURA,CAMARILLO,-119.06977081298828,34.223709106445312
90509672,2017,2017-07-27,9770,2017-07-20,1735,020238,,4,2,6,5607,0,1,2,,2,073,"US-101 S/B (VENTURA FREEWAY)","LYNN ROAD",1000.00,S,N,A,-,Y,,,101,,,,,,S,Y,4,0,2,3,A,-,03,22350,,N,C,C,A,A,H,-,A,D,0,,,,,Y,,A,01,0,0,2,0,0,0,0,0,0,"- ","- ",34.184269999999998,-118.90654000000001,VENTURA,"THOUSAND OAKS",-118.90653988,34.184314030000003
9051062,2020,2020-05-18,5600,2020-02-12,1101,5244,9127,3,5,6,5607,0,0,0,,0,9H01,"HILLCREST DR","SHADY OAKS DR",0.00,,Y,A,-,N,,,,,,,,,,,4,0,1,2,A,-,08,22107,,N,H,C,A,A,H,-,A,D,0,,,,,Y,,A,01,0,0,1,0,0,0,0,0,0,"- ","- ",,,VENTURA,"THOUSAND OAKS",-118.91999053955078,34.187629699707031
9051170,2020,2020-05-22,5600,2020-02-27,1019,5302,8004,4,5,5,5601,0,0,0,,0,8A01,"CRESTVIEW AV","CALLE TIERRA VISTA",0.00,,Y,A,-,N,,,,,,,,,,Y,3,0,2,2,A,-,09,21802,A,N,D,C,A,A,H,-,A,A,0,,,,,Y,,A,01,0,1,1,0,0,0,0,0,0,"- ","- ",34.228538513183594,-119.091552734375,VENTURA,CAMARILLO,-119.09156036376953,34.228530883789062
90513648,2017,2017-08-01,9770,2017-07-27,0930,016383,,4,1,6,5607,0,1,2,,2,072,"US-101 N/B TO WENDY DRIVE","WENDY DRIVE",300.00,S,N,A,-,Y,,,101,,,,R,,N,N,4,0,1,2,A,-,03,22350,,N,C,C,A,A,H,-,A,D,0,,,,,Y,,A,07,0,0,1,0,0,0,0,0,0,"- ","- ",34.188429999999997,-118.93559,VENTURA,"THOUSAND OAKS",-118.93559,34.188429999999997
90514396,2017,2017-08-01,9770,2017-07-23,2010,021306,,7,2,6,5607,0,1,2,,2,073,"US-101 S/B (VENTURA FREEWAY)","VENTU PARK ROAD",2640.00,S,N,A,-,Y,,,101,,,,,,S,Y,3,0,3,3,A,-,01,23152,A,N,C,C,A,A,H,-,B,D,0,,,,,Y,Y,A,01,0,2,1,0,0,0,0,0,0,"- ","- ",34.184370000000001,-118.9067,VENTURA,"THOUSAND OAKS",-118.90670016,34.184314489999998
90515447,2017,2017-08-03,9765,2017-08-03,0020,014736,,4,3,9,5600,0,3,5,,2,004,"BRIGGS ROAD","SANTA PAULA STREET",0.00,,Y,A,-,N,,,,,,,,,,Y,3,0,3,2,A,-,09,21802,A,N,D,C,A,A,H,-,C,A,0,,,,,Y,Y,A,01,0,1,2,0,0,0,0,0,0,"- ","- ",34.333710000000004,-119.11096000000001,VENTURA,UNINCORPORATED,-119.11087009000001,34.333660020000003
90519408,2017,2017-08-09,9770,2017-08-01,1425,017409,,2,2,6,5607,0,1,2,,2,072,"US-101 N/B TO LYNN ROAD","LYNN ROAD",5.00,S,N,A,-,Y,,,101,,,,R,,N,N,3,0,1,2,A,-,09,21804,A,N,H,G,A,A,H,-,A,A,0,,Y,,,Y,,L,04,0,1,0,0,0,0,1,0,0,"- ","- ",34.184089999999998,-118.89122999999999,VENTURA,"THOUSAND OAKS",-118.89122999999999,34.184089999999998
90519882,2017,2017-08-09,9770,2017-08-03,1430,016561,,4,2,6,5607,0,1,2,,2,072,"US-101 N/B (VENTURA FREEWAY)","LYNN ROAD",0.00,S,N,A,-,Y,,,101,,,,,,N,Y,4,0,2,4,A,-,03,22350,,N,C,C,A,A,H,-,A,D,0,,,,,Y,,A,01,0,0,2,0,0,0,0,0,0,"- ","- ",34.18338,-118.89122,VENTURA,"THOUSAND OAKS",-118.89117865,34.183460320000002
9052125,2020,2020-03-02,5609,2020-01-03,1543,443,316,5,5,6,5609,0,0,0,,0,003,"HEYWOOD ST","ERRINGER RD",15.00,E,N,A,-,N,,,,,,,,,,N,2,0,1,2,A,-,09,21801,A,N,H,G,A,A,H,-,A,A,0,,Y,,,Y,,A,01,1,0,0,0,0,0,1,0,0,"- ","- ",34.268421173095703,-118.76132202148438,VENTURA,"SIMI VALLEY",-118.76136016845703,34.268428802490234
90522144,2017,2017-08-14,9765,2017-07-21,0720,018490,,5,1,9,5600,0,1,3,,1,020,SR-33,"PARKVIEW DRIVE",600.00,S,N,A,-,Y,,,,,,,,,,Y,2,0,2,5,A,-,01,23152,F,N,B,C,A,A,H,-,A,D,0,,,Y,,Y,,D,22,1,1,0,0,0,0,0,0,1,"- ","- ",34.214100000000002,-119.1835,VENTURA,UNINCORPORATED,,
90522506,2017,2017-08-14,9770,2017-08-10,1545,016383,,4,2,5,5601,0,1,2,,2,070,"US-101 N/B (VENTURA FREEWAY)","CAMARILLO SPRINGS ROAD",1056.00,S,N,A,-,Y,,,101,,,,,,N,Y,4,0,1,2,A,-,03,22350,,N,C,C,A,A,H,-,A,D,0,,,,,Y,,D,22,0,0,1,0,0,0,0,0,0,"- ","- ",34.203650000000003,-118.98086000000001,VENTURA,CAMARILLO,-118.98078879000001,34.203725560000002
90523365,2017,2017-08-15,9770,2017-08-07,1145,021738,,1,1,5,5601,0,1,2,,2,070,"US-101 N/B (VENTURA FREEWAY)","CAMARILLO SPRINGS ROAD",1460.00,N,N,A,-,Y,,,,,,,,,,Y,2,0,1,2,A,-,03,22350,,N,C,C,A,A,H,-,A,D,0,,,Y,,Y,,C,02,1,0,0,0,0,0,0,0,1,"- ","- ",34.203200000000002,-118.97872,VENTURA,CAMARILLO,-118.98827061,34.205462079999997
9052391,2020,2020-03-05,5600,2020-01-10,1520,4550,9102,5,5,6,5607,0,0,0,,0,9G01,"PARKER AV","THOUSAND OAKS BL",8.00,S,N,A,-,N,,,,,,,,,,N,4,0,1,2,A,-,10,21950,A,N,G,B,B,A,H,-,A,D,0,Y,,,,Y,,A,01,0,0,1,0,1,0,0,0,0,"- ","- ",34.179050445556641,-118.87191772460938,VENTURA,"THOUSAND OAKS",-118.87184143066406,34.179088592529297
9052710,2020,2020-02-28,5604,2020-01-08,0523,4795,,3,5,6,5604,0,0,0,,0,041,"SAVIERS RD","HUGHES DR",500.00,N,N,A,C,N,,,,,,,,,,Y,4,0,2,2,A,-,03,22350,,N,C,D,A,A,H,-,C,D,0,,,,,Y,,A,01,0,0,2,0,0,0,0,0,0,"- ","- ",34.171760559082031,-119.17710113525391,VENTURA,OXNARD,-119.17766571044922,34.171882629394531
90528588,2017,2017-08-22,9765,2017-08-12,1115,020912,,6,1,9,5600,0,3,5,,2,006,"PLEASANT VALLEY ROAD","DODGE ROAD",198.00,E,N,B,-,N,,,,,,,,,,Y,3,0,1,1,A,-,01,23152,A,M,E,I,A,A,H,-,A,D,0,,,,,Y,Y,A,01,0,1,0,0,0,0,0,0,0,"- ","- ",34.169640000000001,-119.13566,VENTURA,UNINCORPORATED,-119.13575453,34.169502739999999
90529035,2017,2017-08-23,9765,2017-08-13,0620,018019,,7,1,9,5600,0,3,5,,2,003,"GONZALES ROAD","HARBOR BLVD.",2700.00,E,N,A,-,N,,,,,,,,,,Y,3,0,1,1,A,-,01,23152,F,M,E,I,A,A,H,-,B,D,0,,,,,Y,,D,22,0,1,0,0,0,0,0,0,0,"- ","- ",34.219670000000001,-119.24683,VENTURA,UNINCORPORATED,-119.24497679,34.219540010000003
90529190,2017,2017-08-23,9765,2017-08-11,0800,018490,,5,1,9,5600,0,1,3,,1,021,SR-33,"ROSE VALLEY ROAD",9451.00,S,N,A,-,Y,,,33,,,,,,,Y,3,0,1,1,A,-,01,23152,A,N,E,I,A,A,H,-,A,D,0,,,,,Y,Y,A,01,0,1,0,0,0,0,0,0,0,"- ","- ",34.53002,-119.25132000000001,VENTURA,UNINCORPORATED,-119.25130798000001,34.529969729999998
90530092,2017,2017-08-24,9770,2017-08-16,1530,014675,,3,2,9,5600,0,1,3,,1,053,"SR-118 E/B (LOS ANGELES AVENUE)","HITCH BOULEVARD",0.00,,Y,A,-,Y,,,118,,,,,,E,Y,3,0,2,2,A,-,09,21802,A,N,D,C,A,A,H,-,A,D,0,,,,,Y,,A,01,0,2,0,0,0,0,0,0,0,"- ","- ",34.275590000000001,-118.9273,VENTURA,UNINCORPORATED,-118.92724945000001,34.275488680000002
9053046,2019,2020-03-03,5609,2019-12-27,1324,452,512,5,5,6,5609,0,0,0,,0,005,"TAPO ST","COCHRAN ST",0.00,,Y,A,-,N,,,,,,,,,,Y,4,0,1,2,A,-,12,21453,A,N,D,C,A,A,H,-,A,A,0,,,,,Y,,A,01,0,0,1,0,0,0,0,0,0,"- ","- ",34.278999328613281,-118.70906829833984,VENTURA,"SIMI VALLEY",-118.70896148681641,34.279010772705078
90537964,2017,2017-08-31,9765,2017-08-06,0734,018490,,7,1,9,5600,0,3,5,,2,004,"FOOTHILL ROAD","WELLS ROAD",1584.00,E,N,A,-,N,,,,,,,,,,Y,2,0,4,4,A,-,08,22107,,N,C,G,A,A,H,-,A,D,0,,Y,,,Y,,A,01,1,2,1,0,0,0,3,0,0,"- ","- ",34.188000000000002,-119.94499999999999,VENTURA,UNINCORPORATED,-119.16159516,34.302729030000002
90541112,2017,2017-09-05,9770,2017-08-29,0735,018332,,2,1,9,5600,0,1,3,,1,050,"SR-118 W/B (LOS ANGELES AVENUE)","SAND CANYON ROAD",1056.00,E,N,A,-,Y,,,118,,,,,,W,Y,4,0,1,2,A,-,03,22350,,N,C,C,A,A,H,-,A,D,0,,,,,Y,,A,01,0,0,1,0,0,0,0,0,0,"- ","- ",34.265799999999999,-118.97515,VENTURA,UNINCORPORATED,-118.97515276999999,34.265818170000003
90542366,2017,2017-09-07,9770,2017-08-31,1420,016383,,4,2,6,5607,0,1,2,,2,072,"US-101 N/B (VENTURA FREEWAY)","WENDY DRIVE",1584.00,N,N,A,-,Y,,,101,,,,,,N,Y,4,0,2,2,A,-,03,22350,,N,C,C,A,A,H,-,A,D,0,,,,,Y,,A,07,0,0,2,0,0,0,0,0,0,"- ","- ",34.192720000000001,-118.94542,VENTURA,"THOUSAND OAKS",-118.94545038,34.192654429999997
90542961,2017,2017-09-07,9770,2017-09-02,1406,020917,,6,2,9,5600,0,1,3,,1,050,"SR-118 (LOS ANGELES AVENUE)","BALCOM CANYON ROAD",2640.00,W,N,A,-,Y,,,118,,,,,,,Y,4,0,1,2,A,-,03,22350,,N,C,C,A,A,H,-,A,D,0,,,,,Y,,A,01,0,0,1,0,0,0,0,0,0,"- ","- ",34.26755,-118.96420000000001,VENTURA,UNINCORPORATED,-118.96419034,34.267485899999997
90545011,2017,2017-09-11,9770,2017-08-28,1459,018332,,1,2,9,5600,0,2,4,,1,086,"TIERRA REJADA ROAD","LAPEYRE ROAD (PRIVATE)",25.00,E,N,A,-,N,,,,,,,,,,Y,2,0,1,2,A,-,09,21804,A,N,D,C,A,A,H,-,A,D,0,,,,,Y,,D,22,1,0,0,0,0,0,0,0,0,"- ","- ",34.268909999999998,-118.83722,VENTURA,UNINCORPORATED,-118.83715754000001,34.268534340000002
90545988,2017,2017-09-12,9765,2017-08-31,1140,020912,,4,1,6,5608,0,1,3,,2,030,"SR-126 E/B FROM S/B VICTORIA AVENUE","VICTORIA AVE.",179.00,W,N,A,-,Y,,,126,,,,R,,E,Y,3,0,1,1,A,-,03,22350,,N,F,A,A,A,H,-,A,D,0,,,Y,,Y,,C,02,0,1,0,0,0,0,0,0,1,"- ","- ",34.270440000000001,-119.21371000000001,VENTURA,VENTURA,-119.21371000000001,34.270440000000001
90547588,2017,2017-09-14,9770,2017-09-06,0820,017973,,3,1,6,5607,0,1,2,,2,073,"US-101 S/B (VENTURA FREEWAY)","MOORPARK ROAD",2000.00,N,N,A,-,Y,,,101,,,,,,S,N,4,0,1,3,A,-,03,22350,,N,C,C,A,A,H,-,A,D,0,,,,,Y,,A,01,0,0,1,0,0,0,0,0,0,"- ","- ",34.179510000000001,-118.88373,VENTURA,"THOUSAND OAKS",-118.88371047,34.179549309999999
90548057,2017,2017-09-14,9770,2017-09-02,2320,021082,,6,3,6,5607,0,1,2,,2,075,"US-101 S/B (VENTURA FREEWAY)","LAKEVIEW CANYON ROAD",534.00,N,N,A,-,Y,,,101,,,,,,S,Y,4,0,1,1,A,-,08,22107,,N,E,I,A,A,H,-,C,D,0,,,,,Y,,A,01,0,0,1,0,0,0,0,0,0,"- ","- ",34.153669999999998,-118.81941,VENTURA,"THOUSAND OAKS",-118.8193531,34.153784020000003
90550246,2017,2017-09-18,9765,2017-09-06,0950,016592,,3,1,6,5608,0,1,2,,2,301,"US-101 S/B","VICTORIA AVENUE",3168.00,S,N,A,-,Y,,,101,,,,,,S,Y,3,0,1,1,A,-,08,22107,,N,E,I,A,A,H,-,A,D,0,,,,,Y,,A,01,0,1,0,0,0,0,0,0,0,"- ","- ",34.249679999999998,-119.20623000000001,VENTURA,VENTURA,-119.20620726999999,34.249734269999998
9055124,2019,2020-03-09,5600,2019-12-12,1806,4787,5100,4,5,4,5690,0,0,0,,0,2B01,"2ND ST","FLORY AV",203.00,E,N,A,-,N,,,,,,,,,,N,4,0,1,2,D,-,00,,,N,B,C,A,A,H,-,C,D,0,,,,,Y,,-,"- ",0,0,1,0,0,0,0,0,0,"- ","- ",,,VENTURA,MOORPARK,,
90552739,2017,2017-09-21,9770,2017-09-16,0805,018572,,6,1,9,5600,0,3,5,,2,005,"BROADWAY ROAD","HAPPY CAMP ROAD",0.00,,Y,A,-,Y,,,,,,,,,,Y,4,0,1,2,A,-,09,21802,A,N,D,C,A,A,H,-,A,A,0,,,,,Y,,A,08,0,0,1,0,0,0,0,0,0,"- ","- ",34.315150000000003,-118.88017000000001,VENTURA,UNINCORPORATED,-118.88018008,34.315160040000002
90552961,2017,2017-09-21,9765,2017-09-11,1945,017253,,1,2,9,5600,0,3,5,,2,004,"TELEGRAPH ROAD","TODD ROAD",40.00,W,N,A,-,N,,,,,,,,,,N,4,0,3,2,A,-,17,21805,C,F,E,I,A,A,H,-,D,D,0,,,,,Y,,-,99,0,0,3,0,0,0,0,0,0,"- ","- ",34.319040000000001,-119.12107,VENTURA,UNINCORPORATED,-119.12091794,34.319016509999997
90553333,2017,2017-09-21,9765,2017-09-13,1742,017469,,3,2,9,5600,0,3,5,,2,006,"PLEASANT VALLEY ROAD",SR-34,570.00,S,N,A,-,N,,,,,,,,,,Y,4,0,2,4,A,-,03,22350,,N,C,C,A,A,H,-,A,D,0,,,,,Y,,A,01,0,0,2,0,0,0,0,0,0,"- ","- ",34.195279999999997,-119.10572000000001,VENTURA,UNINCORPORATED,-119.10572000000001,34.195279999999997
90555527,2017,2017-09-26,9765,2017-07-07,1300,020906,,5,1,9,5600,0,1,3,,1,023,SR-150,"SULPHUR MOUNTAIN ROAD",890.00,W,N,A,-,Y,,,150,,,,,,,N,3,0,1,1,A,-,08,22107,,N,F,A,A,A,H,-,A,D,0,,,Y,,Y,,C,02,0,1,0,0,0,0,0,0,1,"- ","- ",34.43676,-119.15826,VENTURA,UNINCORPORATED,-119.15829257,34.436845660000003
90555711,2017,2017-09-26,9770,2017-09-21,1710,020169,,4,2,6,5609,0,1,3,,2,081,"SR-118 E/B (RONALD REAGAN FREEWAY)","MADERA ROAD",2000.00,W,N,A,-,Y,,,118,,,,,,E,N,4,0,2,2,A,-,03,22350,,N,C,C,A,A,H,-,A,D,0,,,,,Y,,A,01,0,0,2,0,0,0,0,0,0,"- ","- ",34.288260000000001,-118.80186,VENTURA,"SIMI VALLEY",-118.80185434000001,34.288270390000001
90555810,2017,2017-09-26,9770,2017-09-23,1720,020169,,6,2,9,5600,0,2,4,,1,031,"SANTA ROSA ROAD","GERRY ROAD",4483.00,W,N,A,-,N,,,,,,,,,,N,4,0,3,2,A,-,03,22350,,N,C,C,A,A,H,-,A,D,0,,,,,Y,,A,07,0,0,3,0,0,0,0,0,0,"- ","- ",34.237169999999999,-118.95972999999999,VENTURA,UNINCORPORATED,-118.95938466,34.237179259999998
90556859,2017,2017-09-27,9770,2017-09-25,1520,019849,,1,2,9,5600,0,3,5,,2,004,"CENTER STREET","ORCHARD STREET",40.00,W,N,A,-,N,,,,,,,,,,N,4,0,1,2,A,-,11,21954,A,N,G,B,E,A,H,-,A,D,0,Y,,,,Y,,N,60,0,0,1,0,1,0,0,0,0,"- ","- ",34.415489999999998,-118.79259,VENTURA,UNINCORPORATED,-118.79169226,34.41538559
9055695,2020,2020-06-11,5604,2020-02-12,1716,5609,,3,5,6,5604,0,0,0,,0,031,"E 1ST ST","S ROOSEVELT AV",0.00,,Y,A,-,N,,,,,,,,,,Y,4,0,1,2,A,-,09,21802,A,N,D,C,A,A,H,-,A,A,0,,,,,Y,,A,01,0,0,1,0,0,0,0,0,0,"- ","- ",34.202919006347656,-119.1727294921875,VENTURA,OXNARD,-119.1727294921875,34.202911376953125
9055798,2020,2020-10-13,5604,2020-02-14,1255,5285,,5,5,6,5604,0,0,0,,0,012,"N ROSE AV","RT 101",0.00,,Y,A,-,Y,VEN,7,101,-,-,20.852,R,4,N,Y,3,0,1,2,A,-,12,21453,A,N,D,C,A,A,H,-,A,A,0,,,,,Y,,A,01,0,1,0,0,0,0,0,0,0,"- ",NO,34.228050231933594,-119.15795135498047,VENTURA,OXNARD,-119.15594482421875,34.224456787109375
90558224,2017,2017-09-28,9765,2017-09-19,0630,015117,,2,1,9,5600,0,1,2,,1,102,"US-101 N/B (VENTURA FREEWAY)",SR-1(SEACLIFF),528.00,N,N,A,-,Y,,,101,,,,,,N,Y,4,0,1,4,A,-,03,22350,,N,C,C,A,A,H,-,B,D,0,,,,,Y,,A,01,0,0,1,0,0,0,0,0,0,"- ","- ",34.346940000000004,-119.42222,VENTURA,UNINCORPORATED,-119.42225628,34.346911849999998
9055826,2020,2020-05-20,5604,2020-02-05,1645,4691,,3,5,6,5604,0,0,0,,0,021,"VICTORIA AV","ALEE LN",0.00,,Y,A,-,N,,,,,,,,,,Y,3,0,2,2,A,-,03,22350,,N,C,C,A,A,H,-,A,D,0,,,,,Y,,A,07,0,2,0,0,0,0,0,0,0,"- ","- ",34.187408447265625,-119.22126770019531,VENTURA,OXNARD,-119.22138214111328,34.187431335449219
90560830,2017,2017-10-02,9765,2017-09-21,0030,014736,,4,3,9,5600,0,3,5,,2,004,"TELEGRAPH ROAD","BRIGGS ROAD",1056.00,W,N,B,-,N,,,,,,,,,,Y,4,0,1,1,A,-,08,22107,,N,E,I,A,A,H,-,D,D,0,,,,,Y,,D,22,0,0,1,0,0,0,0,0,0,"- ","- ",34.326070000000001,-119.10917999999999,VENTURA,UNINCORPORATED,-119.10880636,34.326230180000003
9056127,2020,2020-03-13,5604,2020-01-25,0157,5596,,6,5,6,5604,0,0,0,,0,001,"VICTORIA AV","GONZALES RD",5.00,S,N,E,-,N,,,,,,,,,,Y,4,0,3,2,A,-,04,21703,,N,C,C,A,A,H,-,C,A,0,,,,,Y,,A,01,0,0,3,0,0,0,0,0,0,"- ","- ",34.219440460205078,-119.22113800048828,VENTURA,OXNARD,-119.22129058837891,34.219436645507812
90562170,2017,2017-10-03,9765,2017-09-14,1812,017469,,4,2,9,5600,0,3,5,,2,006,"POTRERO ROAD","OXNARD STREET",3300.00,E,N,A,-,N,,,,,,,,,,Y,3,0,1,3,A,-,01,23152,A,N,A,C,A,A,H,-,A,D,0,,,,,Y,Y,A,01,0,1,0,0,0,0,0,0,0,"- ","- ",34.160629999999998,-119.06491,VENTURA,UNINCORPORATED,-119.03768372,34.160553180000001
90562446,2017,2017-10-04,9765,2017-09-24,1450,020906,,7,2,9,5600,0,1,3,,1,021,SR-33,"ROSE VALLEY ROAD",4224.00,N,N,A,-,Y,,,33,,,,,,,Y,4,0,1,1,A,-,03,22350,,N,F,A,A,A,H,-,A,D,0,,,Y,,Y,,C,02,0,0,1,0,0,0,0,0,1,"- ","- ",34.540509999999998,-119.23935,VENTURA,UNINCORPORATED,-119.23936291,34.540451650000001
90564147,2017,2017-10-05,9765,2017-09-26,1810,016420,,2,2,9,5600,0,1,3,,1,022,"SR-150 (BALDWIN RD.)","MACDONALD DR.",0.00,,Y,A,-,Y,,,150,,,,,,,Y,4,0,1,2,A,-,09,21801,A,N,D,C,A,A,H,-,B,D,0,,,,,Y,,A,01,0,0,1,0,0,0,0,0,0,"- ","- ",34.4251,-119.31054,VENTURA,UNINCORPORATED,-119.31054487,34.425064499999998
90564472,2017,2017-10-06,9765,2017-09-26,0954,016592,,2,1,6,5608,0,1,3,,1,031,"SR-126 W/B","SATICOY AVENUE",235.00,W,N,A,-,Y,,,126,,,,,,W,Y,3,0,5,3,A,-,03,22350,,N,C,C,A,A,H,-,A,D,0,,,,,Y,,A,08,0,1,4,0,0,0,0,0,0,"- ","- ",34.284680000000002,-119.16477999999999,VENTURA,VENTURA,-119.1647923,34.284700710000003
90564559,2017,2017-10-06,9765,2017-09-27,0725,014967,,3,1,5,5601,0,1,2,,2,502,"US-101 N/B (VENTURA FWY)","SRINGVILLE DRIVE",2112.00,S,N,A,-,Y,,,101,,,,,,N,N,4,0,1,2,A,-,03,22350,,N,C,C,A,A,H,-,A,D,0,,,,,Y,,A,01,0,0,1,0,0,0,0,0,0,"- ","- ",34.219999999999999,-119.08,VENTURA,CAMARILLO,-119.07999393,34.220070149999998
90565660,2017,2017-10-09,9765,2017-09-27,0630,016234,,3,1,5,5601,0,1,2,,2,503,"US-101 S/B TO PLEASANT VALLEY ROAD","PLEASANT VALLEY ROAD",310.00,N,N,A,-,Y,,,101,,,,R,,S,N,3,0,1,1,A,-,03,22350,,N,F,A,A,A,H,-,A,A,0,,,Y,,Y,,C,02,0,1,0,0,0,0,0,0,1,"- ","- ",34.213679999999997,-119.00899,VENTURA,CAMARILLO,-119.00899,34.213679999999997
90568871,2017,2017-10-12,9765,2017-10-05,2300,013206,,4,3,9,5600,0,3,5,,2,004,"ALISO CANYON ROAD","FOOTHILL ROAD",5808.00,N,N,A,-,N,,,,,,,,,,Y,4,0,1,1,A,-,08,22107,,N,F,A,A,A,H,-,D,D,0,,,,,Y,,A,01,0,0,1,0,0,0,0,0,0,"- ","- ",34.33052,-119.15306,VENTURA,UNINCORPORATED,-119.15262908,34.330031099999999
90572975,2017,2017-10-18,9765,2017-10-07,0945,019057,,6,1,9,5600,0,1,3,,1,062,SR-1,"SYCAMORE CANYON ROAD",2112.00,S,N,A,-,Y,,,1,,,,,,,Y,3,0,1,1,A,-,08,22107,,N,E,I,A,A,H,-,A,D,0,,Y,,,Y,,L,04,0,1,0,0,0,0,1,0,0,"- ","- ",34.066760000000002,-119.00785999999999,VENTURA,UNINCORPORATED,-119.00786528,34.066745470000001
90573064,2017,2017-10-18,9765,2017-10-07,1013,018490,,6,1,9,5600,0,1,3,,1,023,SR-150,"OLD WALNUT RD.",2640.00,W,N,A,-,Y,,,,,,,,,,Y,2,0,3,2,A,-,08,22107,,N,A,C,A,A,H,-,A,D,0,,,,,Y,,A,07,3,0,0,0,0,0,0,0,0,"- ","- ",34.268999999999998,-119.111,VENTURA,UNINCORPORATED,-119.17925,34.436070000000001
90574450,2017,2017-10-19,9765,2017-10-10,0720,018019,,2,1,9,5600,0,3,5,,2,004,"SOUTH MOUNTAIN RD.","PETIT RD.",409.00,W,N,A,-,N,,,,,,,,,,N,4,0,1,2,A,-,03,22350,,N,D,C,A,A,H,-,A,D,0,,,Y,,Y,,C,02,0,0,1,0,0,0,0,0,1,"- ","- ",34.35557,-118.97098,VENTURA,UNINCORPORATED,-118.97500277,34.355589029999997
90576082,2017,2017-10-23,9765,2017-10-11,1605,020691,,3,2,9,5600,0,1,3,,1,062,SR-1,"LA JOLLA CANYON ROAD",6864.00,N,N,A,-,Y,,,1,,,,,,,Y,2,0,3,2,A,-,09,21804,A,N,D,C,A,A,H,-,A,A,0,,,,,Y,,A,01,1,2,0,0,0,0,0,0,0,"- ","- ",34.08634,-119.05895,VENTURA,UNINCORPORATED,-119.05894779,34.08635383
90576755,2017,2017-10-24,9765,2017-10-12,0745,016712,,4,1,6,5608,0,1,2,,2,302,"US-101 N/B","NORTHBANK DRIVE",528.00,N,N,A,-,Y,,,101,,,,,,N,Y,4,0,1,2,A,-,03,22350,,N,C,C,A,A,H,-,A,D,0,,,,,Y,,D,22,0,0,1,0,0,0,0,0,0,"- ","- ",34.247810000000001,-119.20142,VENTURA,VENTURA,-119.20142941,34.247790760000001