CASE_ID,ACCIDENT_YEAR,PROC_DATE,JURIS,COLLISION_DATE,COLLISION_TIME,OFFICER_ID,REPORTING_DISTRICT,DAY_OF_WEEK,CHP_SHIFT,POPULATION,CNTY_CITY_LOC,SPECIAL_COND,BEAT_TYPE,CHP_BEAT_TYPE,CITY_DIVISION_LAPD,CHP_BEAT_CLASS,BEAT_NUMBER,PRIMARY_RD,SECONDARY_RD,DISTANCE,DIRECTION,INTERSECTION,WEATHER_1,WEATHER_2,STATE_HWY_IND,CALTRANS_COUNTY,CALTRANS_DISTRICT,STATE_ROUTE,ROUTE_SUFFIX,POSTMILE_PREFIX,POSTMILE,LOCATION_TYPE,RAMP_INTERSECTION,SIDE_OF_HWY,TOW_AWAY,COLLISION_SEVERITY,NUMBER_KILLED,NUMBER_INJURED,PARTY_COUNT,PRIMARY_COLL_FACTOR,PCF_CODE_OF_VIOL,PCF_VIOL_CATEGORY,PCF_VIOLATION,PCF_VIOL_SUBSECTION,HIT_AND_RUN,TYPE_OF_COLLISION,MVIW,PED_ACTION,ROAD_SURFACE,ROAD_COND_1,ROAD_COND_2,LIGHTING,CONTROL_DEVICE,CHP_ROAD_TYPE,PEDESTRIAN_ACCIDENT,BICYCLE_ACCIDENT,MOTORCYCLE_ACCIDENT,TRUCK_ACCIDENT,NOT_PRIVATE_PROPERTY,ALCOHOL_INVOLVED,STWD_VEHTYPE_AT_FAULT,CHP_VEHTYPE_AT_FAULT,COUNT_SEVERE_INJ,COUNT_VISIBLE_INJ,COUNT_COMPLAINT_PAIN,COUNT_PED_KILLED,COUNT_PED_INJURED,COUNT_BICYCLIST_KILLED,COUNT_BICYCLIST_INJURED,COUNT_MC_KILLED,COUNT_MC_INJURED,PRIMARY_RAMP,SECONDARY_RAMP,LATITUDE,LONGITUDE,COUNTY,CITY,POINT_X,POINT_Y
91616528,2021,2021-11-04,9765,2021-10-27,1728,020729,,3,2,6,5608,0,1,2,,2,301,"US-101 S/B","VICTORIA AVENUE",1320.00,N,N,A,-,Y,,,101,,,,,,S,Y,3,0,1,2,A,-,03,22350,,N,E,8,A,A,H,-,A,D,0,,,,,Y,,A,01,0,1,0,0,0,0,0,0,0,"- ","- ",34.254608154296875,-119.21456909179688,VENTURA,VENTURA,-119.21460723876953,34.254531860351562
91620162,2021,2021-11-09,9770,2021-11-06,0135,021475,,6,3,6,5609,0,1,3,,2,083,"SR-118 EASTBOUND (RONALD REAGAN FWY)","FIRST ST.",1320.00,E,N,B,-,Y,,,118,,,,,,E,Y,4,0,1,1,A,-,01,23152,A,N,E,I,A,A,H,-,C,D,0,,,,,Y,Y,A,07,0,0,1,0,0,0,0,0,0,"- ","- ",34.282180786132812,-118.77409362792969,VENTURA,"SIMI VALLEY",-118.77409362792969,34.282119750976562
91620796,2021,2021-11-09,9765,2021-11-04,0330,022446,,4,3,6,5608,0,3,5,,2,006,"PLEASANT VALLEY ROAD","WOLFF ROAD",1584.00,N,N,A,-,N,,,,,,,,,,Y,3,0,1,2,A,-,03,22350,,N,C,C,A,A,H,-,D,D,0,,,,Y,Y,,A,01,0,1,0,0,0,0,0,0,0,"- ","- ",34.189231872558594,-119.11150360107422,VENTURA,VENTURA,-119.11099243164062,34.189674377441406
91622443,2021,2021-11-11,9765,2021-11-04,1300,019884,,4,1,9,5600,0,3,5,,2,002,"TICO ROAD","MAXANA DRIVE",430.00,S,N,A,-,N,,,,,,,,,,Y,3,0,2,2,A,-,08,22107,,N,E,I,A,A,H,-,A,D,0,,,,,Y,,A,07,0,2,0,0,0,0,0,0,0,"- ","- ",34.437038421630859,-119.28466033935547,VENTURA,UNINCORPORATED,,
91622677,2021,2021-11-11,9765,2021-10-31,1205,020334,,7,1,6,5608,0,1,3,,1,031,"SR-126 W/B TO VICTORIA AVE","VICTORIA AVE",35.00,W,N,B,-,Y,,,126,,,,R,,W,N,4,0,1,4,A,-,04,21703,,N,C,C,A,A,H,-,A,D,0,,,,,Y,,D,22,0,0,1,0,0,0,0,0,0,"- ","- ",34.272369384765625,-119.21434783935547,VENTURA,VENTURA,-119.21434783935547,34.272369384765625
9163025,2020,2020-11-25,5608,2020-09-21,2310,517,,1,5,6,5608,0,0,0,,0,001,"S CHESTNUT","E MAIN ST",13.00,W,N,A,-,N,,,,,,,,,,N,3,0,1,2,A,-,08,22107,,F,D,C,A,A,H,-,C,A,0,,,,,Y,,A,01,0,1,0,0,0,0,0,0,0,"- ","- ",,,VENTURA,VENTURA,-119.29154968261719,34.280830383300781
9163028,2020,2020-11-25,5608,2020-09-23,2203,513,VENTU,3,5,6,5608,0,0,0,,0,003,"SOUTH WELL RD","TELEPHONE RD",0.00,,Y,A,-,N,,,,,,,,,,Y,4,0,1,2,A,-,09,21453,C,N,D,C,A,A,H,-,C,A,0,,,,,Y,,A,01,0,0,1,0,0,0,0,0,0,"- ","- ",,,VENTURA,VENTURA,-119.15120697021484,34.283748626708984
91630640,2021,2021-11-19,9765,2021-11-07,1445,021167,,7,2,9,5600,0,1,3,,1,020,SR-33,"RANCHO ARNAZ RD",265.00,S,N,A,-,Y,,,33,,,,,,,Y,4,0,1,2,A,-,01,23152,A,N,C,C,A,A,H,-,A,D,0,,,Y,,Y,Y,C,02,0,0,1,0,0,0,0,0,1,"- ","- ",34.381889343261719,-119.30362701416016,VENTURA,UNINCORPORATED,-119.30365753173828,34.381904602050781
91632520,2021,2021-11-22,9770,2021-11-05,2325,022408,,5,3,4,5690,0,1,2,,2,073,"US-101 S/B TO SR-23 N/B","THOUSAND OAKS BOULEVARD",1056.00,S,N,A,-,Y,,,,,,,,,,Y,3,0,1,1,A,-,01,23152,A,N,E,I,A,A,H,-,D,D,0,,,,,Y,Y,A,01,0,1,0,0,0,0,0,0,0,"- ","- ",34.176071166992188,-118.86174774169922,VENTURA,MOORPARK,-118.88112640380859,34.178524017333984
91634692,2021,2021-11-24,9765,2021-11-14,0715,016549,,7,1,6,5608,0,1,2,,2,302,"US-101 N/B (VENTURA FWY)","CHANNEL DR. U/C",1584.00,N,N,A,-,Y,,,101,,,,,,N,Y,3,0,1,1,A,-,08,22107,,N,E,8,A,A,H,-,A,D,0,,,,,Y,,D,22,0,1,0,0,0,0,0,0,0,"- ","- ",34.259979248046875,-119.25679016113281,VENTURA,VENTURA,-119.25681304931641,34.259914398193359
91636133,2021,2021-11-29,9770,2021-11-18,2025,021306,,4,2,9,5600,0,2,4,,1,086,"TIERRA REJADA ROAD","ESPERANCE DRIVE",2640.00,E,N,E,-,N,,,,,,,,,,Y,4,0,2,2,A,-,09,21801,A,N,B,C,A,A,H,-,D,D,0,,,,,Y,,A,01,0,0,2,0,0,0,0,0,0,"- ","- ",34.272361755371094,-118.82240295410156,VENTURA,UNINCORPORATED,-118.82289123535156,34.272262573242188
91642620,2021,2021-12-03,9765,2021-11-22,1130,019884,,1,1,9,5600,0,3,5,,2,006,"SR-34 (EAST 5TH STREET)","PLEASANT VALLEY ROAD",0.00,,Y,A,-,Y,,,34,,,,,,,Y,4,0,2,2,A,-,12,22450,A,N,D,C,A,A,G,-,A,B,0,,,,,Y,,A,01,0,0,2,0,0,0,0,0,0,"- ","- ",34.196578979492188,-119.10453796386719,VENTURA,UNINCORPORATED,-119.10453796386719,34.196617126464844
91645769,2021,2021-12-07,9770,2021-12-01,1725,017662,,3,2,6,5607,0,1,3,,2,076,"SR-23 N/B (MOORPARK FREEWAY)","JANSS ROAD",2640.00,S,N,A,-,Y,,,23,,,,,,N,N,4,0,1,1,A,-,08,22107,,N,E,J,A,A,D,-,C,D,0,,,,,Y,,A,01,0,0,1,0,0,0,0,0,0,"- ","- ",34.192489624023438,-118.86115264892578,VENTURA,"THOUSAND OAKS",-118.86122894287109,34.192520141601562
91646218,2021,2021-12-08,9770,2021-12-04,1713,016383,,6,2,6,5607,0,1,2,,2,074,"US-101 N/B TO SR-23 N/B","THOUSAND OAKS BLVD",75.00,S,N,A,-,Y,,,,,,,,,,Y,4,0,1,1,A,-,08,22107,,N,E,I,A,A,H,-,C,D,0,,,,,Y,,A,01,0,0,1,0,0,0,0,0,0,"- ","- ",34.179069519042969,-118.86003112792969,VENTURA,"THOUSAND OAKS",-118.88109588623047,34.178604125976562
91648645,2021,2021-12-10,9765,2021-11-14,0218,022296,,7,3,9,5600,0,1,3,,2,040,"SR-126 E/B","CLOW RD",77.00,E,N,A,-,Y,,,126,,,,,,E,Y,3,0,1,2,C,-,18,,,N,D,C,A,A,H,-,D,D,0,,,,,Y,,-,"- ",0,1,0,0,0,0,0,0,0,"- ","- ",34.326930999755859,-119.09446716308594,VENTURA,UNINCORPORATED,-119.09447479248047,34.326930999755859
91649518,2021,2021-12-13,9765,2021-12-02,1045,019884,,4,1,9,5600,0,1,3,,1,020,SR-33,"SANTA ANA BLVD.",0.00,,Y,A,-,Y,,,33,,,,,,,Y,4,0,1,2,A,-,09,21801,A,N,D,C,A,A,H,-,A,A,0,,,,Y,Y,,F,55,0,0,1,0,0,0,0,0,0,"- ","- ",34.400260925292969,-119.29985809326172,VENTURA,UNINCORPORATED,-119.29981231689453,34.400253295898438
91652245,2021,2021-12-14,9765,2021-12-08,1605,021167,,3,2,9,5600,0,1,3,,1,020,"WOODLAND AVE",SR-33,0.00,,Y,A,-,N,,,,,,,,,,N,4,0,1,2,A,-,12,22450,A,N,D,G,A,A,H,-,A,A,0,,Y,,,Y,,L,04,0,0,1,0,0,0,1,0,0,"- ","- ",34.422210693359375,-119.29017639160156,VENTURA,UNINCORPORATED,-119.29000854492188,34.422237396240234
91655712,2021,2021-12-20,9765,2021-12-09,0825,019721,,4,1,6,5604,0,1,2,,2,501,"US-101 S/B (VENTURA FREEWAY)","VINEYARD AVE",400.00,S,N,B,C,Y,,,101,,,,,,S,Y,4,0,1,2,A,-,08,22107,,N,B,C,A,B,H,-,A,D,0,,,,Y,Y,,D,22,0,0,1,0,0,0,0,0,0,"- ","- ",34.230331420898438,-119.17243957519531,VENTURA,OXNARD,-119.17230987548828,34.230449676513672
9165688,2020,2020-10-29,5604,2020-09-04,2038,5435,,5,5,6,5604,0,0,0,,0,024,"SAVIERS RD","CHANNEL ISLANDS BL",20.00,N,N,A,-,N,,,,,,,,,,Y,4,0,1,2,A,-,03,22350,,N,C,C,A,A,H,-,C,A,0,,,,,Y,,A,01,0,0,1,0,0,0,0,0,0,"- ","- ",34.17340087890625,-119.17755126953125,VENTURA,OXNARD,-119.17765808105469,34.173496246337891
9165742,2020,2020-11-25,5600,2020-10-03,1901,4965,8023,6,5,5,5601,0,0,0,,0,8A01,"RT 101","LAS POSAS CIR",0.00,,Y,A,-,Y,VEN,7,101,-,-,15.653,R,4,N,Y,4,0,2,2,A,-,12,21453,A,F,D,C,A,A,H,-,B,A,0,,,,,Y,Y,D,22,0,0,2,0,0,0,0,0,0,NF,"- ",34.131301879882812,-119.04109954833984,VENTURA,CAMARILLO,-119.06563568115234,34.218910217285156
91663620,2021,2021-12-28,9770,2021-12-23,1313,017409,,4,1,6,5607,0,1,3,,2,077,"SR23 S/B TO US101 S/B","THOUSAND OAKS BOULEVARD",35.00,S,N,B,C,Y,,,23,,,,R,,S,Y,4,0,1,2,A,-,08,22107,,N,B,C,A,B,H,-,A,D,0,,,,,Y,,A,01,0,0,1,0,0,0,0,0,0,"- ","- ",34.179031372070312,-118.86093139648438,VENTURA,"THOUSAND OAKS",-118.86093139648438,34.179031372070312
91663679,2021,2021-12-28,9765,2021-12-15,1750,020001,,3,2,6,5604,0,1,2,,2,501,"US-101 S/B","ROSE AVENUE",1870.00,N,N,A,-,Y,,,101,,,,,,S,N,4,0,1,2,A,-,03,22350,,N,C,C,A,A,H,-,D,D,0,,,,,Y,,A,01,0,0,1,0,0,0,0,0,0,"- ","- ",34.226718902587891,-119.16584777832031,VENTURA,OXNARD,-119.16580200195312,34.226890563964844
91673302,2021,2022-01-07,9765,2021-12-26,1255,022182,,7,1,6,5604,0,1,2,,2,301,"US-101 S/B TO VINEYARD AVENUE OFF-RAMP","VINEYARD AVENUE",150.00,N,N,A,-,Y,,,101,,,,R,,S,Y,3,0,1,1,A,-,01,23152,A,N,E,I,A,A,H,-,A,A,0,,,,,Y,Y,A,01,0,1,0,0,0,0,0,0,0,"- ","- ",34.231178283691406,-119.17458343505859,VENTURA,OXNARD,-119.17458343505859,34.231178283691406
91673445,2021,2022-01-07,9765,2021-12-25,2212,020873,,6,3,9,5600,0,1,3,,2,040,"SR-126 EB","BRIGGS ROAD",5174.00,W,N,B,-,Y,,,126,,,,,,E,Y,2,0,1,1,A,-,08,22107,,N,E,I,A,B,H,-,D,D,0,,,,,Y,,A,01,1,0,0,0,0,0,0,0,0,"- ","- ",34.314319610595703,-119.11477661132812,VENTURA,UNINCORPORATED,-119.11475372314453,34.31427001953125
91675950,2022,2022-01-11,9765,2022-01-04,1600,019988,,2,2,9,5600,0,1,3,,2,040,"SR-126 E/B (SANTA PAULA FREEWAY)","WELLS RD",2841.00,E,N,A,-,Y,VEN,,126,,R,5.578,H,,R,Y,4,0,1,2,A,-,03,22350,,N,C,C,A,A,H,-,A,D,0,,,,,Y,,D,22,0,0,1,0,0,0,0,0,0,"- ","- ",34.294200897216797,-119.14859771728516,VENTURA,UNINCORPORATED,-119.14856719970703,34.294166564941406
91676649,2022,2022-01-12,9770,2022-01-10,1935,016383,,1,2,5,5601,0,1,2,,2,071,"US-101 S/B (VENTURA FREEWAY)","CAMARILLO SPRINGS ROAD",528.00,S,N,A,-,Y,VEN,,101,,,10.662,H,,L,N,4,0,1,1,C,-,18,,,N,E,J,A,A,H,-,D,A,0,,,,,Y,,-,"- ",0,0,1,0,0,0,0,0,0,"- ","- ",34.204620361328125,-118.98222351074219,VENTURA,CAMARILLO,-118.98223114013672,34.204608917236328
91679079,2022,2022-01-17,9765,2022-01-14,0930,022296,,5,1,9,5600,0,1,3,,2,010,"SR-33 N/B (OJAI FREEWAY)","CROOKED PALM UNDERCROSS",7.00,N,N,A,-,Y,VEN,,33,,R,3.299,H,,R,Y,4,0,1,1,A,-,08,22107,,N,E,I,A,A,H,-,A,D,0,,,,,Y,,A,01,0,0,1,0,0,0,0,0,0,"- ","- ",34.324241638183594,-119.29241180419922,VENTURA,UNINCORPORATED,-119.29238891601562,34.324237823486328
91681125,2022,2022-01-19,9770,2022-01-17,1325,017732,,1,1,9,5600,0,1,3,,1,052,"SR-118 W/B (LOS ANGELES AVENUE)","HITCH BOULEVARD",2050.00,E,N,B,-,Y,VEN,,118,,,15.292,H,,L,N,4,0,1,1,A,-,03,22350,,N,E,I,A,B,H,-,A,D,0,,,,,Y,,A,07,0,0,1,0,0,0,0,0,0,"- ","- ",34.278388977050781,-118.92146301269531,VENTURA,UNINCORPORATED,-118.92146301269531,34.278388977050781
91681142,2022,2022-01-20,9770,2022-01-17,1625,017732,,1,2,6,5609,0,1,3,,2,082,"SR-118 W/B (RONALD REAGAN FREEWAY)","ARROYO DEL TAPO CHANNEL",520.00,E,N,B,C,Y,VEN,,118,,R,26.924,H,,L,Y,4,0,1,2,A,-,03,22350,,N,E,I,A,B,H,-,A,D,0,,,,,Y,,A,01,0,0,1,0,0,0,0,0,0,"- ","- ",34.282390594482422,-118.72467041015625,VENTURA,"SIMI VALLEY",-118.72467041015625,34.282428741455078
9168184,2020,2020-12-05,5604,2020-09-02,2342,5535,,3,5,6,5604,0,0,0,,0,012,"CALIENTE WY","LEON DR",50.00,E,N,A,-,N,,,,,,,,,,Y,3,0,1,2,A,-,03,22350,,N,E,E,A,A,H,-,C,D,0,,,,,Y,,A,01,0,1,0,0,0,0,0,0,0,"- ","- ",34.220539093017578,-119.16790771484375,VENTURA,OXNARD,-119.1678466796875,34.220775604248047
91683487,2022,2022-01-24,9765,2022-01-15,1710,015696,,6,2,9,5600,0,3,5,,2,006,"POTRERO ROAD","TERRY ROAD",4224.00,E,N,B,C,N,,,,,,,,,,Y,3,0,1,1,A,-,03,22350,,N,F,A,A,B,H,-,D,D,0,,,,,Y,,A,01,0,1,0,0,0,0,0,0,0,"- ","- ",34.158988952636719,-119.02899932861328,VENTURA,UNINCORPORATED,,
91684934,2021,2022-01-25,9770,2021-12-31,1850,021738,,5,2,4,5690,0,1,3,,2,081,"SR-118 E/B (RONALD REAGAN FREEWAY)","COLLINS DRIVE OVERCROSSING",4752.00,E,N,A,-,Y,,,118,,,,,,E,Y,3,0,1,2,A,-,03,22350,,N,C,C,A,A,H,-,D,D,0,,,,Y,Y,,A,01,0,1,0,0,0,0,0,0,0,"- ","- ",34.291828155517578,-118.82689666748047,VENTURA,MOORPARK,-118.82689666748047,34.291831970214844
91686647,2022,2022-01-27,9770,2022-01-16,2152,020832,,7,2,6,5607,0,1,2,,2,075,"US-101 S/B (VENTURA FREEWAY)","HAMPSHIRE ROAD",990.00,S,N,A,-,Y,VEN,,101,,,1.445,H,,L,Y,4,0,1,2,A,-,01,23152,A,N,C,C,A,A,H,-,C,D,0,,,,,Y,Y,A,01,0,0,1,0,0,0,0,0,0,"- ","- ",34.164180755615234,-118.83525085449219,VENTURA,"THOUSAND OAKS",-118.83523559570312,34.164199829101562
91686735,2022,2022-01-27,9770,2022-01-16,2154,021341,,7,2,6,5607,0,1,2,,2,075,"US-101 S/B (VENTURA FREEWAY)","HAMPSHIRE ROAD",1214.00,S,N,A,-,Y,VEN,,101,,,1.404,H,,L,Y,4,0,1,3,A,-,03,22350,,N,C,C,A,A,H,-,C,D,0,,,,,Y,Y,A,07,0,0,1,0,0,0,0,0,0,"- ","- ",34.163810729980469,-118.83468627929688,VENTURA,"THOUSAND OAKS",-118.83467102050781,34.163829803466797
91686743,2022,2022-01-27,9770,2022-01-20,0208,020353,,4,3,6,5607,0,1,2,,2,073,"US-101 S/B (VENTURA FREEWAY)","VENTU PARK ROAD",1890.00,S,N,A,-,Y,VEN,,101,,,5.815,H,,L,Y,2,0,1,1,A,-,08,22107,,N,E,9,A,A,H,-,D,D,0,,,,Y,Y,,G,25,1,0,0,0,0,0,0,0,0,"- ","- ",34.184200286865234,-118.90471649169922,VENTURA,"THOUSAND OAKS",-118.90471649169922,34.184303283691406
9168688,2020,2020-10-22,5605,2020-08-23,0136,5586,,7,5,3,5605,0,0,0,,0,,"W CHANNEL ISLAND BL","PATTERSON RD",200.00,E,N,A,-,N,,,,,,,,,,Y,4,0,1,2,A,-,04,21703,,N,C,C,A,A,H,-,C,D,0,,,,,Y,,J,48,0,0,1,0,0,0,0,0,0,"- ","- ",,,VENTURA,"PORT HUENEME",-119.20775604248047,34.175979614257812
91688505,2022,2022-01-28,9765,2022-01-20,1530,021167,,4,2,9,5600,0,1,3,,1,055,SR-118,"WALNUT AVENUE",1800.00,W,N,A,-,Y,VEN,,118,,,5.788,H,,R,N,4,0,2,2,A,-,04,21703,,N,C,C,A,A,H,-,A,D,0,,,,,Y,,-,"- ",0,0,2,0,0,0,0,0,0,"- ","- ",34.263618469238281,-119.08405303955078,VENTURA,UNINCORPORATED,-119.08405303955078,34.263664245605469
91688515,2022,2022-01-28,9765,2022-01-21,1745,020187,,5,2,9,5600,0,3,5,,2,006,"WOOLEY ROAD","ROSE AVENUE",2734.00,E,N,A,-,N,,,,,,,,,,Y,2,0,1,2,A,-,08,22107,,N,D,C,A,A,H,-,D,D,0,,,Y,,Y,,D,22,1,0,0,0,0,0,0,0,1,"- ","- ",34.189788818359375,-119.15062713623047,VENTURA,UNINCORPORATED,-119.15093994140625,34.189785003662109
91691031,2022,2022-02-01,9765,2022-01-29,0300,022506,,6,3,9,5600,0,3,5,,2,004,"SANTA PAULA STREET","PECK ROAD",1373.00,W,N,A,-,N,,,,,,,,,,N,4,0,1,1,A,-,08,22107,,N,E,I,A,A,H,-,C,D,0,,,,,Y,,-,"- ",0,0,1,0,0,0,0,0,0,"- ","- ",34.343730926513672,-119.09381866455078,VENTURA,UNINCORPORATED,-119.09375762939453,34.343852996826172
9169116,2020,2020-11-17,5608,2020-09-15,1740,514,VENTU,2,5,6,5608,0,0,0,,0,004,"JOHNSON DR","NORTHBANK DR",200.00,N,N,A,-,N,,,,,,,,,,N,4,0,2,2,A,-,08,22107,,N,B,C,A,A,H,-,A,A,0,,,,,Y,,A,01,0,0,2,0,0,0,0,0,0,"- ","- ",,,VENTURA,VENTURA,-119.195376,34.247317000000002
9169176,2020,2020-11-19,5604,2020-09-02,0642,4795,,3,5,6,5604,0,0,0,,0,031,"ROSE AV","SAN GORGONIO AV",80.00,N,N,A,-,N,,,,,,,,,,Y,4,0,2,2,A,-,03,22350,,N,C,C,A,A,H,-,A,A,0,,,,,Y,,A,01,0,0,2,0,0,0,0,0,0,"- ","- ",34.204830169677734,-119.15969085693359,VENTURA,OXNARD,-119.15977478027344,34.205059051513672
9169187,2020,2020-11-19,5604,2020-09-18,1135,5555,,5,5,6,5604,0,0,0,,0,021,"5TH ST","PATTERSON RD",800.00,W,N,A,-,N,,,,,,,,,,Y,4,0,1,2,A,-,04,21703,,N,D,C,A,A,H,-,A,D,0,,,,,Y,,A,01,0,0,1,0,0,0,0,0,0,"- ","- ",,,VENTURA,OXNARD,-119.21063995361328,34.19744873046875
9169191,2020,2020-11-19,5604,2020-09-10,1309,5623,,4,5,6,5604,0,0,0,,0,031,"GONZALES RD","ENTRADA DR",0.00,,Y,B,-,N,,,,,,,,,,N,4,0,1,2,A,-,12,21453,A,N,G,G,A,A,H,-,A,A,0,,Y,,,Y,,L,04,0,0,1,0,0,0,1,0,0,"- ","- ",,,VENTURA,OXNARD,-119.17227172851562,34.218971252441406
9169293,2020,2020-12-18,5604,2020-10-01,0356,5534,,4,5,6,5604,0,0,0,,0,042,"SQUIRES DR","BERKSHIRE PL",30.00,N,N,A,-,N,,,,,,,,,,Y,4,0,1,2,A,-,08,22107,,N,B,E,A,A,H,-,C,D,0,,,,,Y,,A,07,0,0,1,0,0,0,0,0,0,"- ","- ",34.155109405517578,-119.17032623291016,VENTURA,OXNARD,-119.17032623291016,34.155250549316406
9169299,2020,2020-12-18,5604,2020-10-03,1146,5623,,6,5,6,5604,0,0,0,,0,021,"W CHANNEL ISLANDS BL","HARBOR BL",750.00,W,N,A,-,N,,,,,,,,,,Y,4,0,1,2,A,-,04,21703,,N,C,C,A,A,H,-,A,A,0,,,,,Y,,A,08,0,0,1,0,0,0,0,0,0,"- ","- ",,,VENTURA,OXNARD,-119.23375701904297,34.173961639404297
9169357,2020,2020-10-22,5604,2020-08-22,0000,5526,,6,5,6,5604,0,0,0,,0,032,"S ROSE AV","EMERSON RD",0.00,,Y,A,-,N,,,,,,,,,,Y,3,0,1,2,A,-,12,21453,A,N,D,D,A,A,H,-,C,A,0,,,,,Y,,A,01,0,1,0,0,0,0,0,0,0,"- ","- ",34.182571411132812,-119.15995025634766,VENTURA,OXNARD,-119.16004943847656,34.182548522949219
91693635,2022,2022-02-04,9765,2022-01-30,1355,020187,,7,1,9,5600,0,1,3,,1,062,"STATE ROUTE 1 (PACIFIC COAST HIGHWAY)","CALLEGUAS CREEK",1572.00,S,N,A,-,Y,VEN,,1,,,9.532,H,,R,N,4,0,1,1,A,-,08,22107,,N,E,I,A,A,H,-,A,D,0,,,Y,,Y,,C,02,0,0,1,0,0,0,0,0,1,"- ","- ",34.108001708984375,-119.07935333251953,VENTURA,UNINCORPORATED,-119.07944488525391,34.107982635498047
91694587,2022,2022-02-07,9770,2022-01-31,1550,021420,,1,2,6,5607,0,1,2,,2,073,"US-101 S/B TO VENTU PARK ROAD","VENTU PARK ROAD",250.00,N,N,A,-,Y,,,,,,,,,,Y,3,0,1,1,A,-,03,22350,,N,F,A,A,A,H,-,A,D,0,,,Y,,Y,,C,02,0,1,0,0,0,0,0,0,1,"- ","- ",34.183280944824219,-118.91213226318359,VENTURA,"THOUSAND OAKS",-118.91213226318359,34.183280944824219
91695354,2022,2022-02-07,9765,2022-02-03,1307,022182,,4,1,6,5608,0,1,2,,2,302,"US-101 N/B (VENTURA FREEWAY)","SEAWARD AVENUE",4224.00,S,N,A,-,Y,VEN,,101,,,27.607,H,,R,Y,3,0,1,1,A,-,08,22107,,N,E,8,A,A,H,-,A,D,0,,,,,Y,,A,07,0,1,0,0,0,0,0,0,0,"- ","- ",34.259620666503906,-119.25620269775391,VENTURA,VENTURA,-119.25617218017578,34.259674072265625
91696053,2022,2022-02-08,9770,2022-02-05,2348,021911,,6,3,6,5609,0,1,3,,2,082,"SR-118 W/B (RONALD REAGAN FREEWAY)","KUEHNER DR",3696.00,E,N,A,-,Y,VEN,,118,,R,31.262,H,,L,Y,3,0,1,2,A,-,07,21658,A,N,B,C,A,A,H,-,D,D,0,,,,,Y,,A,01,0,1,0,0,0,0,0,0,0,"- ","- ",34.271419525146484,-118.65409851074219,VENTURA,"SIMI VALLEY",-118.65407562255859,34.271457672119141
91696250,2021,2022-02-08,9770,2021-11-17,0630,017409,,3,1,9,5600,0,1,3,,1,051,"SR-118 E/B (LOS ANGELES AVENUE)","SAND CANYON ROAD",633.00,E,N,B,-,Y,,,118,,,,,,E,Y,1,1,1,2,A,-,01,23152,F,N,D,C,A,A,H,-,B,D,0,,,Y,,Y,,C,02,0,0,1,0,0,0,0,1,0,"- ","- ",34.265968322753906,-118.97434997558594,VENTURA,UNINCORPORATED,-118.97434234619141,34.265941619873047
91696325,2022,2022-02-09,9765,2022-01-30,2030,022337,,7,2,9,5600,0,1,3,,1,020,"SR-33 (N. VENTURA AVE.)","WILLEY ST",10.00,N,N,A,-,N,,,,,,,,,,N,4,0,2,2,A,-,03,22350,,N,C,C,A,A,H,-,D,D,0,,,,,Y,,A,01,0,0,2,0,0,0,0,0,0,"- ","- ",34.414661407470703,-119.29428100585938,VENTURA,UNINCORPORATED,-119.29427337646484,34.414657592773438
91697813,2022,2022-02-10,9770,2022-02-03,0440,020641,,4,3,9,5600,0,2,4,,1,031,"SANTA ROSA ROAD","MOORPARK ROAD",185.00,W,N,A,-,N,,,,,,,,,,Y,4,0,1,2,A,-,08,22107,,N,B,C,A,A,H,-,C,D,0,,,,,Y,,A,07,0,0,1,0,0,0,0,0,0,"- ","- ",34.246040344238281,-118.86959838867188,VENTURA,UNINCORPORATED,-118.86918640136719,34.246143341064453
91700407,2022,2022-02-14,9770,2022-02-07,0225,021909,,1,3,6,5607,0,1,2,,2,072,"N/B US-101 (VENTURA FREEWAY)","LYNN ROAD",2640.00,N,N,A,-,Y,VEN,,101,,,5.648,H,,R,Y,3,0,3,2,A,-,07,21658,A,N,B,C,A,A,H,-,C,D,0,,,,Y,Y,,A,01,0,1,2,0,0,0,0,0,0,"- ","- ",34.184318542480469,-118.90178680419922,VENTURA,"THOUSAND OAKS",-118.90178680419922,34.184513092041016
91700570,2022,2022-02-14,9770,2022-02-03,1615,019057,,4,2,9,5600,0,2,4,,2,078,"JENNY DR","FRANKIE DR",10.00,S,N,A,-,N,,,,,,,,,,N,3,0,1,2,A,-,10,21950,A,N,G,B,D,A,H,-,A,D,0,Y,,,,Y,,A,01,0,1,0,0,1,0,0,0,0,"- ","- ",34.190910339355469,-118.95017242431641,VENTURA,UNINCORPORATED,-118.95013427734375,34.190971374511719
91702115,2022,2022-02-16,9770,2022-02-14,1510,020353,,1,2,6,5609,0,1,3,,2,081,"SR-118 E/B FROM MADERA ROAD N/B","MADERA ROAD",480.00,E,N,A,-,Y,VEN,,118,,R,23.099,H,,R,N,4,0,1,2,A,-,03,22350,,N,C,C,A,A,H,-,A,A,0,,,,,Y,,A,01,0,0,1,0,0,0,0,0,0,"- ","- ",34.282981872558594,-118.79151916503906,VENTURA,"SIMI VALLEY",-118.79141235351562,34.283206939697266