CASE_ID,ACCIDENT_YEAR,PROC_DATE,JURIS,COLLISION_DATE,COLLISION_TIME,OFFICER_ID,REPORTING_DISTRICT,DAY_OF_WEEK,CHP_SHIFT,POPULATION,CNTY_CITY_LOC,SPECIAL_COND,BEAT_TYPE,CHP_BEAT_TYPE,CITY_DIVISION_LAPD,CHP_BEAT_CLASS,BEAT_NUMBER,PRIMARY_RD,SECONDARY_RD,DISTANCE,DIRECTION,INTERSECTION,WEATHER_1,WEATHER_2,STATE_HWY_IND,CALTRANS_COUNTY,CALTRANS_DISTRICT,STATE_ROUTE,ROUTE_SUFFIX,POSTMILE_PREFIX,POSTMILE,LOCATION_TYPE,RAMP_INTERSECTION,SIDE_OF_HWY,TOW_AWAY,COLLISION_SEVERITY,NUMBER_KILLED,NUMBER_INJURED,PARTY_COUNT,PRIMARY_COLL_FACTOR,PCF_CODE_OF_VIOL,PCF_VIOL_CATEGORY,PCF_VIOLATION,PCF_VIOL_SUBSECTION,HIT_AND_RUN,TYPE_OF_COLLISION,MVIW,PED_ACTION,ROAD_SURFACE,ROAD_COND_1,ROAD_COND_2,LIGHTING,CONTROL_DEVICE,CHP_ROAD_TYPE,PEDESTRIAN_ACCIDENT,BICYCLE_ACCIDENT,MOTORCYCLE_ACCIDENT,TRUCK_ACCIDENT,NOT_PRIVATE_PROPERTY,ALCOHOL_INVOLVED,STWD_VEHTYPE_AT_FAULT,CHP_VEHTYPE_AT_FAULT,COUNT_SEVERE_INJ,COUNT_VISIBLE_INJ,COUNT_COMPLAINT_PAIN,COUNT_PED_KILLED,COUNT_PED_INJURED,COUNT_BICYCLIST_KILLED,COUNT_BICYCLIST_INJURED,COUNT_MC_KILLED,COUNT_MC_INJURED,PRIMARY_RAMP,SECONDARY_RAMP,LATITUDE,LONGITUDE,COUNTY,CITY,POINT_X,POINT_Y
91848599,2022,2022-08-25,9765,2022-08-18,1620,021999,,4,2,5,5601,0,1,2,,2,502,"US-101 N/B (VENTURA FREEWAY)","SPRINGVILLE DRIVE",1800.00,S,N,A,-,Y,VEN,,101,,,16.452,H,,R,N,4,0,1,2,A,-,03,22350,,N,C,C,A,A,H,-,A,D,0,,,,,Y,,A,01,0,0,1,0,0,0,0,0,0,"- ","- ",34.220008850097656,-119.07955932617188,VENTURA,CAMARILLO,-119.07955932617188,34.22003173828125
9185018,2020,2021-02-17,5600,2020-12-17,0230,4771,9020,4,5,6,5607,0,0,0,,0,9A01,"AVENIDA DE LOS ARBOLES","RT 23",38.00,W,N,A,-,Y,VEN,7,23,-,R,6.262,R,4,S,Y,3,0,1,1,A,-,08,22107,,N,E,I,A,A,H,-,C,A,0,,,,,Y,,-,"- ",0,1,0,0,0,0,0,0,0,"- ",SF,34.211631774902344,-118.84915161132812,VENTURA,"THOUSAND OAKS",-118.84963226318359,34.214820861816406
91852336,2022,2022-12-12,9770,2022-08-20,0110,021306,,6,3,9,5600,0,2,4,,2,047,"SR-126 W/B (EAST TELEGRAPH ROAD)","PENA RANCH ROAD",100.00,E,N,A,-,Y,VEN,,126,,R,34.135,H,,L,Y,3,0,1,1,A,-,08,22107,,N,F,J,A,A,H,-,D,D,0,,,,,Y,,A,01,0,1,0,0,0,0,0,0,0,"- ","- ",34.405361175537109,-118.70156097412109,VENTURA,UNINCORPORATED,-118.70153045654297,34.405288696289062
91854094,2022,2022-08-31,9765,2022-08-19,1310,019988,,5,1,9,5600,0,1,3,,1,046,"SR-118 W/B","NARDO ST",360.00,S,N,A,-,Y,VEN,,118,,R,1.346,H,,L,Y,4,0,1,3,A,-,08,22107,,N,A,C,A,A,H,-,A,A,0,,,,,Y,,A,07,0,0,1,0,0,0,0,0,0,"- ","- ",34.281890869140625,-119.14600372314453,VENTURA,UNINCORPORATED,-119.14607238769531,34.281757354736328
91854105,2022,2022-08-31,9770,2022-08-20,1700,019930,,6,2,6,5607,0,1,2,,2,074,"US-101 N/B (VENTURA FREEWAY)","WESTLAKE BOULEVARD",2000.00,S,N,A,-,Y,VEN,,101,,,0.311,H,,R,Y,4,0,4,2,A,-,07,21658,A,N,B,C,A,A,H,-,A,D,0,,,,,Y,,A,01,0,0,4,0,0,0,0,0,0,"- ","- ",34.154201507568359,-118.81974792480469,VENTURA,"THOUSAND OAKS",-118.81972503662109,34.154228210449219
91854113,2022,2022-08-31,9770,2022-08-28,0950,017732,,7,1,9,5600,0,1,3,,1,053,"SR-118 E/B (LOS ANGELES AVENUE)","TERNEX RAILROAD CROSSING",500.00,E,N,A,-,Y,VEN,,118,,,14.271,H,,R,Y,4,0,1,1,A,-,08,22107,,N,E,I,A,A,H,-,A,D,0,,,,,Y,,A,07,0,0,1,0,0,0,0,0,0,"- ","- ",34.271678924560547,-118.93739318847656,VENTURA,UNINCORPORATED,-118.93740081787109,34.271724700927734
91854118,2022,2022-08-31,9770,2022-08-25,1800,016383,,4,2,6,5607,0,1,2,,2,072,"US-101 N/B (VENTURA FREEWAY)","LYNN ROAD",200.00,S,N,A,-,Y,VEN,,101,,,4.980,H,,R,N,4,0,1,3,A,-,03,22350,,N,C,C,A,A,H,-,A,D,0,,,,,Y,,A,07,0,0,1,0,0,0,0,0,0,"- ","- ",34.183151245117188,-118.89055633544922,VENTURA,"THOUSAND OAKS",-118.89056396484375,34.183147430419922
9185477,2020,2021-02-23,5604,2020-11-03,1104,5490,,2,5,6,5604,0,0,0,,0,021,"VICTORIA AV","WOOLEY RD",75.00,S,N,A,-,N,,,,,,,,,,N,4,0,1,2,A,-,04,21703,,N,C,C,A,A,H,-,A,A,0,,,,,Y,,-,,0,0,1,0,0,0,0,0,0,"- ","- ",,,VENTURA,OXNARD,-119.22135925292969,34.190185546875
91855243,2022,2022-09-01,9770,2022-08-30,1718,016383,,2,2,6,5607,0,1,2,,2,074,"US-101 N/B (VENTURA FREEWAY)","RANCHO ROAD",3168.00,N,N,A,-,Y,VEN,,101,,,3.616,H,,R,Y,4,0,2,2,A,-,03,22350,,N,C,C,A,A,H,-,A,D,0,,,,,Y,,A,01,0,0,2,0,0,0,0,0,0,"- ","- ",34.176929473876953,-118.86844635009766,VENTURA,"THOUSAND OAKS",-118.86845397949219,34.176883697509766
91855546,2022,2022-09-01,9765,2022-08-17,2046,022872,,3,2,4,5606,0,1,3,,1,042,"SR-126 W/B TO PALM AVENUE","PALM AVENUE",43.00,E,N,A,-,Y,VEN,,126,,R,11.391,H,,L,N,4,0,2,3,A,-,03,22350,,F,C,C,A,A,H,-,D,A,0,,,,,Y,,D,22,0,0,2,0,0,0,0,0,0,"- ","- ",34.345920562744141,-119.06857299804688,VENTURA,"SANTA PAULA",-119.06841278076172,34.345718383789062
9185576,2020,2021-02-11,5600,2020-11-05,1218,5007,9085,4,5,6,5607,0,0,0,,0,9G01,"THOUSAND OAKS BL","LONG CT",260.00,E,N,A,-,N,,,,,,,,,,Y,3,0,1,2,A,-,09,21804,A,N,D,C,A,A,H,-,A,D,0,,,,,Y,,A,01,0,1,0,0,0,0,0,0,0,"- ","- ",34.180149078369141,-118.85613250732422,VENTURA,"THOUSAND OAKS",-118.86637115478516,34.178997039794922
91857797,2022,2022-09-06,9765,2022-08-27,1725,022345,,6,2,9,5600,0,1,2,,2,504,"US-101 N/B TO SANTA CLARA AVE","SANTA CLARA AVENUE",320.00,S,N,A,-,Y,,,,,,,,,,Y,4,0,1,1,A,-,01,23152,A,N,E,8,A,A,H,-,A,D,0,,,,,Y,Y,A,01,0,0,1,0,0,0,0,0,0,"- ","- ",34.223281860351562,-119.14037322998047,VENTURA,UNINCORPORATED,-119.14037322998047,34.223281860351562
91858043,2022,2022-09-06,9765,2022-08-28,2130,022472,,7,2,9,5600,0,3,5,,2,001,"N. VENTURA AVE","LOS CABOS LANE",8449.00,N,N,A,-,N,,,,,,,,,,N,2,0,1,1,A,-,01,23152,A,N,F,I,A,A,H,-,D,A,0,,,Y,,Y,Y,C,02,1,0,0,0,0,0,0,0,1,"- ","- ",34.331901550292969,-119.29216766357422,VENTURA,UNINCORPORATED,-119.300048828125,34.349613189697266
91859968,2022,2022-09-08,9765,2022-09-06,1630,020334,,2,2,5,5601,0,1,2,,2,504,"US-101 NB (VENTURA FREEWAY)","CAMARILLO SPRINGS ROAD",2112.00,N,N,A,-,Y,VEN,,101,,,11.186,H,,R,Y,4,0,1,2,A,-,04,21703,,N,C,C,A,A,H,-,A,D,0,,,,,Y,,A,01,0,0,1,0,0,0,0,0,0,"- ","- ",34.206459045410156,-118.99066925048828,VENTURA,CAMARILLO,-118.99065399169922,34.206470489501953
91860326,2022,2022-09-08,9765,2022-09-07,1420,022453,,3,2,9,5600,0,1,3,,1,020,SR-33,"NYE ROAD",600.00,S,N,A,-,Y,VEN,,33,,,7.085,H,,R,Y,3,0,1,2,A,-,03,22350,,N,C,C,A,A,H,-,A,D,0,,,,,Y,,A,07,0,1,0,0,0,0,0,0,0,"- ","- ",34.372978210449219,-119.30638885498047,VENTURA,UNINCORPORATED,-119.30631256103516,34.372974395751953
91862162,2022,2022-09-12,9765,2022-08-30,1730,022345,,2,2,9,5600,0,1,3,,1,055,"SR-118 (LOS ANGELES AVE)","ROSE AVENUE",3696.00,E,N,A,-,Y,VEN,,118,,,3.620,H,,R,N,3,0,1,1,A,-,01,23152,A,N,E,I,A,A,H,-,A,D,0,,,,,Y,Y,A,07,0,1,0,0,0,0,0,0,0,"- ","- ",34.261051177978516,-119.11625671386719,VENTURA,UNINCORPORATED,-119.11634826660156,34.260963439941406
91863654,2022,2022-09-13,9765,2022-09-07,0545,023043,,3,3,9,5600,0,1,2,,1,101,"US-101 S/B (VENTURA FREEWAY)","MOBIL PIER RD",1499.00,N,N,A,-,Y,VEN,,101,,R,39.973,H,,L,N,4,0,1,2,A,-,03,22350,,N,C,C,A,A,D,-,B,D,0,,,,Y,Y,,F,26,0,0,1,0,0,0,0,0,0,"- ","- ",34.353248596191406,-119.42771148681641,VENTURA,UNINCORPORATED,-119.42781829833984,34.353153228759766
91863711,2022,2022-09-13,9765,2022-09-09,1722,022337,,5,2,6,5608,0,1,3,,1,031,"SR-126 E/B (SANTA PAULA FREEWAY)","KIMBALL ROAD",5280.00,E,N,B,-,Y,VEN,,126,,,3.916,H,,R,Y,3,0,2,1,A,-,08,22107,,N,E,J,A,A,H,-,A,D,0,,,,,Y,,A,01,0,1,1,0,0,0,0,0,0,"- ","- ",34.280269622802734,-119.17228698730469,VENTURA,VENTURA,-119.17218017578125,34.280143737792969
91867637,2022,2022-09-19,9765,2022-09-12,0750,019988,,1,1,5,5601,0,1,2,,2,301,"US-101 S/B (VENTURA FREEWAY)","LAS POSAS RD.",358.00,S,N,A,-,Y,VEN,,101,,,15.963,H,,L,N,4,0,1,3,A,-,03,22350,,N,C,C,A,A,H,-,A,D,0,,,,,Y,,A,01,0,0,1,0,0,0,0,0,0,"- ","- ",34.219261169433594,-119.07108306884766,VENTURA,CAMARILLO,-119.07109069824219,34.219131469726562
91867963,2022,2022-09-19,9765,2022-09-16,0850,019884,,5,1,9,5600,0,1,3,,1,046,"SR118 (W. LOS ANGELES AVE.)","EAST EDGE OF THE SANTA CLARA RIVER BRIDGE",230.00,W,N,A,-,Y,VEN,,118,,,2.013,H,,R,Y,3,0,1,2,A,-,03,22350,,N,C,C,A,A,H,-,A,D,0,,,,Y,Y,,A,01,0,1,0,0,0,0,0,0,0,"- ","- ",34.275821685791016,-119.13774871826172,VENTURA,UNINCORPORATED,-119.13780975341797,34.275764465332031
91868101,2021,2022-09-19,9765,2021-07-12,0328,022408,,1,3,6,5608,0,1,2,,1,102,"US-101 S/B TO WEST MAIN STREET","WEST MAIN STREET",400.00,N,N,A,-,Y,,,101,,,,R,,S,N,1,1,2,1,A,-,01,23152,,N,E,I,A,A,H,-,D,D,0,,,,,Y,Y,A,01,0,2,0,0,0,0,0,0,0,"- ","- ",34.282360076904297,-119.31759643554688,VENTURA,VENTURA,-119.31759643554688,34.282360076904297
91869244,2022,2022-09-20,9765,2022-09-18,1235,019277,,7,1,9,5600,0,1,2,,1,102,"US-101 N/B (VENTURA FREEWAY)","MOBIL PIER RD.",2112.00,S,N,A,-,Y,VEN,,101,,R,39.432,H,,R,N,4,0,1,2,A,-,03,22350,,N,C,C,A,A,D,-,A,D,0,,,,,Y,,-,"- ",0,0,1,0,0,0,0,0,0,"- ","- ",34.346939086914062,-119.42214965820312,VENTURA,UNINCORPORATED,-119.4222412109375,34.346889495849609
91870769,2022,2022-09-22,9765,2022-09-11,1555,022345,,7,2,9,5600,0,3,5,,2,006,"LEWIS ROAD","UNIVERSITY DRIVE",0.00,,Y,A,-,N,,,,,,,,,,Y,4,0,2,2,A,-,12,21453,A,N,D,C,A,A,H,-,A,A,0,,,,,Y,,A,07,0,0,2,0,0,0,0,0,0,"- ","- ",34.171638488769531,-119.05494689941406,VENTURA,UNINCORPORATED,-119.05500793457031,34.171649932861328
9187253,2020,2021-02-03,5608,2020-11-13,1310,506,,5,5,6,5608,0,0,0,,0,003,"LOMA VISTA RD","MILLS RD",10.00,W,N,A,-,N,,,,,,,,,,N,4,0,2,2,A,-,03,22350,,N,C,C,A,A,H,-,A,A,0,,,,,Y,,A,01,0,0,2,0,0,0,0,0,0,"- ","- ",,,VENTURA,VENTURA,-119.24858093261719,34.276706695556641
9187255,2020,2021-02-03,5608,2020-11-14,1255,498,,6,5,6,5608,0,0,0,,0,002,"THOMPSON BL",MACMILLAN,180.00,E,N,A,-,N,,,,,,,,,,Y,3,0,1,2,A,-,03,22350,,N,C,E,A,A,H,-,A,D,0,,,,,Y,,A,01,0,1,0,0,0,0,0,0,0,"- ","- ",,,VENTURA,VENTURA,-119.27648162841797,34.27557373046875
9187264,2020,2021-02-24,5608,2020-11-01,0937,505,,7,5,6,5608,0,0,0,,0,004,"VICTORIA AV","8TH ST",18.00,S,N,A,-,N,,,,,,,,,,Y,2,0,1,4,A,-,03,22350,,N,C,C,A,A,H,-,A,D,0,,,,,Y,,A,01,1,0,0,0,0,0,0,0,0,"- ","- ",,,VENTURA,VENTURA,-119.21054840087891,34.256759643554688
91873414,2022,2022-10-17,9765,2022-09-20,0815,016234,,2,1,9,5600,0,3,5,,2,005,"E. COLLINS STREET","BALBOA STREET",0.00,,Y,B,C,N,,,,,,,,,,Y,4,0,1,2,A,-,09,21802,A,N,D,C,A,B,H,-,A,D,0,,,,,Y,,D,22,0,0,1,0,0,0,0,0,0,"- ","- ",34.234508514404297,-119.16201782226562,VENTURA,UNINCORPORATED,-119.16197204589844,34.2344970703125
91873415,2022,2022-09-26,9770,2022-09-18,0245,021911,,7,3,6,5607,0,1,3,,2,077,"SR-23 S/B (MOORPARK FREEWAY)","AVENIDA DE LOS ARBOLES",1584.00,N,N,A,-,Y,VEN,,23,,R,6.415,H,,L,N,4,0,1,2,A,-,03,22350,,N,C,D,A,A,H,-,D,D,0,,,,,Y,,A,01,0,0,1,0,0,0,0,0,0,"- ","- ",34.217029571533203,-118.84977722167969,VENTURA,"THOUSAND OAKS",-118.84983062744141,34.217025756835938
91874237,2022,2022-10-17,9765,2022-09-13,1750,022083,,2,2,9,5600,0,3,5,,2,002,"SANTA ANA ROAD","SKYHIGH DR.",580.00,S,N,A,-,N,,,,,,,,,,N,2,0,1,2,A,-,08,22107,,F,B,G,A,A,H,-,A,D,0,,Y,,,Y,,L,04,1,0,0,0,0,0,1,0,0,"- ","- ",34.360980987548828,-119.31472778320312,VENTURA,UNINCORPORATED,-119.31474304199219,34.361083984375
91874848,2022,2022-09-29,9765,2022-09-24,1755,023043,,6,2,6,5608,0,1,3,,1,031,"SR126 W/B (SANTA PAULA FREEWAY)",KIMBALL,4224.00,E,N,A,-,Y,VEN,,126,,,3.569,H,,L,Y,3,0,1,1,A,-,08,22107,,N,E,I,A,A,H,-,A,D,0,,,,,Y,,D,22,0,1,0,0,0,0,0,0,0,"- ","- ",34.277488708496094,-119.17736053466797,VENTURA,VENTURA,-119.17731475830078,34.277416229248047
91876932,2022,2022-09-29,9765,2022-04-22,0447,022408,,5,3,6,5604,0,1,2,,2,502,"US-101 NB (VENTURA FREEWAY)","ROSE AVENUE",2112.00,S,N,A,-,Y,VEN,,101,,,20.654,H,,R,N,1,1,0,1,A,-,03,22350,,N,E,I,A,A,H,-,D,D,0,,,,,Y,,A,01,0,0,0,0,0,0,0,0,0,"- ","- ",34.223651885986328,-119.15242767333984,VENTURA,OXNARD,-119.15242767333984,34.223659515380859
9187874,2020,2021-02-03,5604,2020-11-16,1721,5403,,1,5,6,5604,0,0,0,,0,041,"SAMUEL AVE","LA CANADA AV",340.00,S,N,A,-,N,,,,,,,,,,N,4,0,1,2,A,-,11,21954,A,N,G,B,E,A,H,-,C,D,0,Y,,,,Y,,N,60,0,0,1,0,1,0,0,0,0,"- ","- ",34.166919708251953,-119.17656707763672,VENTURA,OXNARD,-119.17672729492188,34.166847229003906
9187878,2020,2021-02-03,5604,2020-11-19,1629,5231,,4,5,6,5604,0,0,0,,0,021,"VICTORIA AV","FIFTH ST",200.00,S,N,B,-,N,,,,,,,,,,N,4,0,1,2,A,-,01,23152,A,N,C,C,A,A,H,-,A,A,0,,,,,Y,Y,A,01,0,0,1,0,0,0,0,0,0,"- ","- ",34.190879821777344,-119.23935699462891,VENTURA,OXNARD,-119.22127532958984,34.197032928466797
91880384,2022,2022-10-03,9765,2022-09-25,1445,022453,,7,2,9,5600,0,3,5,,2,006,"LAS POSAS ROAD","LAGUNA ROAD",0.00,,Y,A,-,N,,,,,,,,,,Y,3,0,1,2,A,-,09,21802,A,N,D,C,A,A,H,-,A,D,0,,,Y,,Y,,A,01,0,1,0,0,0,0,0,0,1,"- ","- ",34.176010131835938,-119.07125854492188,VENTURA,UNINCORPORATED,-119.07134246826172,34.176025390625
91882216,2022,2022-10-04,9765,2022-09-28,1455,023043,,3,2,6,5604,0,1,2,,2,501,"US-101 SB (VENTURA FREEWAY)","RICE AVENUE",1584.00,N,N,A,-,Y,VEN,,101,,,20.418,H,,L,Y,4,0,2,2,A,-,07,21658,A,N,C,C,A,A,H,-,A,D,0,,,,,Y,,A,07,0,0,2,0,0,0,0,0,0,"- ","- ",34.223121643066406,-119.14823913574219,VENTURA,OXNARD,-119.14823913574219,34.223106384277344
9188612,2020,2021-02-03,5604,2020-11-09,2012,5485,,1,5,6,5604,0,0,0,,0,032,"SAVIERS RD","BIRCH ST",0.00,,Y,A,-,N,,,,,,,,,,Y,4,0,1,2,A,-,09,21802,A,N,C,C,A,A,H,-,C,D,0,,,,,Y,,A,01,0,0,1,0,0,0,0,0,0,"- ","- ",34.184490203857422,-119.17746734619141,VENTURA,OXNARD,-119.17755889892578,34.185359954833984
9188614,2020,2021-02-03,5604,2020-11-10,1434,5490,,2,5,6,5604,0,0,0,,0,024,"C ST","W BIRCH ST",200.00,N,N,A,-,N,,,,,,,,,,N,4,0,2,2,A,-,03,22350,,N,C,C,A,A,H,-,A,D,0,,,,,Y,,A,01,0,0,2,0,0,0,0,0,0,"- ","- ",,,VENTURA,OXNARD,-119.18123626708984,34.185859680175781
9188671,2020,2020-12-07,5604,2020-10-30,0934,5555,,5,5,6,5604,0,0,0,,0,022,"S VENTURA RD","WEST 5TH ST",210.00,S,N,A,-,N,,,,,,,,,,N,4,0,1,2,A,-,04,21703,,N,C,C,A,A,H,-,A,A,0,,,,,Y,,A,01,0,0,1,0,0,0,0,0,0,"- ","- ",,,VENTURA,OXNARD,-119.19487762451172,34.197132110595703
91889838,2022,2022-10-13,9430,2022-10-09,1210,018631,,7,1,9,5600,0,1,3,,1,030,"SR-33 N/B","LOCKWOOD VALLEY ROAD",0.00,,N,A,-,Y,VEN,,33,,,43.467,H,,R,N,2,0,1,1,A,-,03,22350,,N,F,0,A,A,H,-,A,D,0,,,Y,,Y,,C,02,1,0,0,0,0,0,0,0,1,"- ","- ",34.656719207763672,-119.38272857666016,VENTURA,UNINCORPORATED,-119.38272857666016,34.656719207763672
91891432,2022,2022-10-17,9765,2022-10-04,0539,022872,,2,3,9,5600,0,1,3,,2,053,"VINEYARD AVE","CENTRAL AVENUE",265.00,S,N,A,-,N,,,,,,,,,,Y,3,0,1,2,A,-,09,21804,A,N,D,C,A,A,H,-,B,D,0,,,,Y,Y,,G,27,0,1,0,0,0,0,0,0,0,"- ","- ",34.257369995117188,-119.15381622314453,VENTURA,UNINCORPORATED,-119.15367126464844,34.257431030273438
9189188,2020,2021-01-26,5604,2020-11-05,2328,5585,,4,5,6,5604,0,0,0,,0,042,"S C ST","E PLEASANT VALLEY RD",0.00,,Y,A,-,N,,,,,,,,,,N,4,0,1,1,A,-,03,22350,,N,A,I,A,A,H,-,C,A,0,,,,Y,Y,,F,25,0,0,1,0,0,0,0,0,0,"- ","- ",34.154720306396484,-119.18058776855469,VENTURA,OXNARD,-119.18060302734375,34.154720306396484
91892534,2022,2022-10-18,9770,2022-10-10,2026,021738,,1,2,6,5609,0,1,3,,2,082,"SR-118 W/B (RONALD REAGAN FREEWAY)","MADERA ROAD",345.00,W,N,A,-,Y,,,,,,,,,,N,2,0,1,1,A,-,03,22350,,N,E,8,A,A,H,-,C,D,0,,,,,Y,,A,01,1,0,0,0,0,0,0,0,0,"- ","- ",34.285091400146484,-118.79393005371094,VENTURA,"SIMI VALLEY",-118.79411315917969,34.284732818603516
9189398,2020,2020-12-15,5604,2020-09-20,0137,5563,,7,5,6,5604,0,0,0,,0,022,"7TH ST","D ST",30.00,W,N,A,-,N,,,,,,,,,,N,3,0,1,3,A,-,08,22107,,M,B,B,E,-,H,-,C,D,0,Y,,,,Y,,-,99,0,1,0,0,1,0,0,0,0,"- ","- ",,,VENTURA,OXNARD,-119.18248748779297,34.195079803466797
9189401,2020,2020-12-15,5604,2020-09-23,1709,5135,,3,5,6,5604,0,0,0,,0,011,"GONZALES RD","GALLATIN PL",0.00,,Y,A,-,N,,,,,,,,,,N,3,0,1,2,A,-,12,21453,A,F,D,C,A,A,H,-,A,A,0,,,,,Y,,-,99,0,1,0,0,0,0,0,0,0,"- ","- ",34.219318389892578,-119.20198822021484,VENTURA,OXNARD,-119.20201873779297,34.219398498535156
91894155,2022,2022-10-19,9770,2022-10-08,0155,020849,,6,3,6,5609,0,1,3,,2,082,"SR-118 W/B (RONALD REAGAN FREEWAY)","KUEHNER DRIVE",6336.00,E,N,A,-,Y,VEN,,118,,R,31.690,H,,L,N,2,0,1,1,A,-,08,22107,,N,E,I,A,A,H,-,D,D,0,,,,,Y,,D,22,1,0,0,0,0,0,0,0,0,"- ","- ",34.269748687744141,-118.64694976806641,VENTURA,"SIMI VALLEY",-118.64704895019531,34.269611358642578
91894564,2022,2022-10-19,9770,2022-10-07,1905,018332,,5,2,6,5607,0,1,3,,2,077,"US-101 S/B (VENTURA FREEWAY)","MOORPARK RD",150.00,N,N,A,-,Y,VEN,,101,,,4.122,H,,L,N,3,0,1,2,A,-,07,21658,A,M,E,C,A,A,H,-,D,D,0,,,,,Y,,A,07,0,1,0,0,0,0,0,0,0,"- ","- ",34.177360534667969,-118.87735748291016,VENTURA,"THOUSAND OAKS",-118.87736511230469,34.177349090576172
91898931,2022,2022-10-25,9770,2022-10-17,0605,016198,,1,1,6,5607,0,1,2,,2,073,"US-101 S/B (VENTURA FREEWAY)","VENTU PARK ROAD",250.00,N,N,A,-,Y,VEN,,101,,,6.235,H,,L,Y,3,0,1,1,A,-,08,22107,,N,E,I,A,A,H,-,D,D,0,,,,,Y,,A,01,0,1,0,0,0,0,0,0,0,"- ","- ",34.184280395507812,-118.91204071044922,VENTURA,"THOUSAND OAKS",-118.91204071044922,34.184276580810547
91899084,2022,2022-10-25,9765,2022-10-18,0930,017253,,2,1,9,5600,0,1,3,,1,020,"SR-33 (VENTURA AVE)","SANTA ANA BLVD",0.00,,Y,A,-,Y,VEN,,33,,,9.049,H,,R,N,3,0,1,2,A,-,09,21800,D,F,G,B,B,A,H,-,A,B,0,Y,,,,Y,,-,99,0,1,0,0,1,0,0,0,0,"- ","- ",34.40032958984375,-119.29981231689453,VENTURA,UNINCORPORATED,-119.29969024658203,34.400321960449219
91900358,2022,2022-10-27,9430,2022-10-16,1705,020255,,7,2,9,5600,0,3,5,,2,003,"BOY SCOUT CAMP RD.","LOCKWOOD VALLEY RD",6442.00,N,N,A,-,N,,,,,,,,,,Y,3,0,1,2,A,-,17,22109,,F,F,A,A,A,H,-,A,D,0,,,,,Y,,-,"- ",0,1,0,0,0,0,0,0,0,"- ","- ",34.825710296630859,-118.87870025634766,VENTURA,UNINCORPORATED,-119.10623931884766,34.746311187744141
9190103,2020,2021-01-26,5600,2020-11-25,1505,4501,8260,3,5,5,5601,0,0,0,,0,8D01,"ADOHR LN","PANCHO RD",100.00,E,N,A,-,N,,,,,,,,,,,4,0,1,2,A,-,21,22106,,N,C,C,A,A,H,-,A,A,0,,,,,Y,,D,22,0,0,1,0,0,0,0,0,0,"- ","- ",34.2052001953125,-119.01181793212891,VENTURA,CAMARILLO,-119.01145172119141,34.205303192138672
91902543,2022,2022-10-28,9765,2022-10-21,0945,019277,,5,1,6,5608,0,1,2,,2,103,"US-101 S/B (VENTURA FREEWAY)","VENTURA RIVER",1056.00,N,N,A,-,Y,VEN,,101,,,31.180,H,,L,Y,3,0,1,1,A,-,08,22107,,N,E,I,A,A,H,-,A,D,0,,,,,Y,,A,01,0,1,0,0,0,0,0,0,0,"- ","- ",34.280330657958984,-119.31069946289062,VENTURA,VENTURA,-119.31069183349609,34.280342102050781
91906951,2022,2022-11-01,9770,2022-10-23,2141,020832,,7,2,9,5600,0,1,3,,1,052,"HITCH BOULEVARD","SR-118 E/B (LOS ANGELES AVENUE)",35.00,S,N,A,-,Y,,,,,,,,,,Y,4,0,1,1,A,-,01,23152,A,N,E,I,A,A,H,-,C,A,0,,,,,Y,Y,A,07,0,0,1,0,0,0,0,0,0,"- ","- ",34.275928497314453,-118.9273681640625,VENTURA,UNINCORPORATED,-118.92726898193359,34.275386810302734
91908464,2022,2022-11-03,9770,2022-10-28,1955,017662,,5,2,6,5607,0,1,3,,2,084,"SR-23 N/B (MOORPARK FREEWAY)","ERBES ROAD U/C",200.00,N,N,A,-,Y,VEN,,23,,R,7.801,H,,R,Y,4,0,1,1,A,-,03,22350,,N,E,I,A,A,H,-,D,D,0,,,,,Y,,B,07,0,0,1,0,0,0,0,0,0,"- ","- ",34.235679626464844,-118.84188842773438,VENTURA,"THOUSAND OAKS",-118.84194183349609,34.235694885253906
91908500,2022,2022-11-03,9770,2022-11-02,1310,017627,,3,1,4,5690,0,1,3,,2,080,"SR-118 WB (RONALD REAGAN FREEWAY)","PRINCETON AVENUE",1320.00,W,N,A,-,Y,VEN,,118,,T,19.000,H,,L,Y,3,0,1,1,C,-,18,,,N,E,I,A,A,H,-,A,A,0,,,,,Y,,-,"- ",0,1,0,0,0,0,0,0,0,"- ","- ",34.292751312255859,-118.8602294921875,VENTURA,MOORPARK,-118.86017608642578,34.2926025390625
9190933,2020,2021-02-10,5600,2020-11-25,1350,5246,9128,3,5,6,5607,0,0,0,,0,9H01,"PASEO GRANDE","HILLCREST DR",329.00,N,N,A,-,N,,,,,,,,,,Y,4,0,1,1,A,-,03,22350,,N,E,I,A,A,H,-,A,D,0,,,,,Y,,D,22,0,0,1,0,0,0,0,0,0,"- ","- ",,,VENTURA,"THOUSAND OAKS",-118.90419006347656,34.185813903808594