CASE_ID,ACCIDENT_YEAR,PROC_DATE,JURIS,COLLISION_DATE,COLLISION_TIME,OFFICER_ID,REPORTING_DISTRICT,DAY_OF_WEEK,CHP_SHIFT,POPULATION,CNTY_CITY_LOC,SPECIAL_COND,BEAT_TYPE,CHP_BEAT_TYPE,CITY_DIVISION_LAPD,CHP_BEAT_CLASS,BEAT_NUMBER,PRIMARY_RD,SECONDARY_RD,DISTANCE,DIRECTION,INTERSECTION,WEATHER_1,WEATHER_2,STATE_HWY_IND,CALTRANS_COUNTY,CALTRANS_DISTRICT,STATE_ROUTE,ROUTE_SUFFIX,POSTMILE_PREFIX,POSTMILE,LOCATION_TYPE,RAMP_INTERSECTION,SIDE_OF_HWY,TOW_AWAY,COLLISION_SEVERITY,NUMBER_KILLED,NUMBER_INJURED,PARTY_COUNT,PRIMARY_COLL_FACTOR,PCF_CODE_OF_VIOL,PCF_VIOL_CATEGORY,PCF_VIOLATION,PCF_VIOL_SUBSECTION,HIT_AND_RUN,TYPE_OF_COLLISION,MVIW,PED_ACTION,ROAD_SURFACE,ROAD_COND_1,ROAD_COND_2,LIGHTING,CONTROL_DEVICE,CHP_ROAD_TYPE,PEDESTRIAN_ACCIDENT,BICYCLE_ACCIDENT,MOTORCYCLE_ACCIDENT,TRUCK_ACCIDENT,NOT_PRIVATE_PROPERTY,ALCOHOL_INVOLVED,STWD_VEHTYPE_AT_FAULT,CHP_VEHTYPE_AT_FAULT,COUNT_SEVERE_INJ,COUNT_VISIBLE_INJ,COUNT_COMPLAINT_PAIN,COUNT_PED_KILLED,COUNT_PED_INJURED,COUNT_BICYCLIST_KILLED,COUNT_BICYCLIST_INJURED,COUNT_MC_KILLED,COUNT_MC_INJURED,PRIMARY_RAMP,SECONDARY_RAMP,LATITUDE,LONGITUDE,COUNTY,CITY,POINT_X,POINT_Y
92274947,2023,2023-12-29,9765,2023-12-26,"915 ",020983,,2,1,9,5600,0,1,3,,2,040,"SR-126 E/B (SANTA PAULA FREEWAY)","BRIGGS ROAD",1000.00,W,N,A,-,Y,VEN,,126," ",R,7.125,H,,R,N,4,0,1,1,A,-,01,23152,F,N,E,I,A,A,H,-,A,D,0,,,,,Y,,A,01,0,0,1,0,0,0,0,0,0,"- ","- ",34.307140350341797,-119.12657928466797,VENTURA,UNINCORPORATED,-119.12663269042969,34.307201385498047
92275081,2023,2023-12-29,9765,2023-12-28,"935 ",021349,,4,1,9,5600,0,3,5,,2,002,"SR-33 N/B","CREEK LANE",0.00,,Y,A,-,N,,,,,,,,,,Y,4,0,2,2,A,-,09,21802,A,N,D,C,A,A,H,-,A,D,0,,,,,Y,,A,07,0,0,2,0,0,0,0,0,0,"- ","- ",34.387699127197266,-119.30129241943359,VENTURA,UNINCORPORATED,-119.30133819580078,34.38775634765625
92275281,2023,2023-12-29,9765,2023-12-22,1632,020832,,5,2,9,5600,0,3,5,,2,006,SR-34,"PLEASANT VALLEY ROAD",2640.00,S,N,B,-,N,,,,,,,,,,Y,2,0,3,2,A,-,01,23152,A,N,A,C,A,B,H,-,A,D,0,,,,,Y,Y,A,01,3,0,0,0,0,0,0,0,0,"- ","- ",34.196731567382812,-119.04694366455078,VENTURA,UNINCORPORATED,-119.04695129394531,34.196758270263672
92276759,2023,2024-01-02,9770,2023-12-22,1530,023088,,5,2,5,5601,0,1,2,,2,071,"US-101 S/B (VENTURA FREEWAY)","CAMARILLO SPRINGS ROAD",1000.00,S,N,A,-,Y,VEN,,101," "," ",10.562,H,,L,N,3,0,2,1,A,-,03,22350,,N,F,A,A,B,H,-,A,D,0,,,Y,,Y,,C,02,0,2,0,0,0,0,0,0,2,"- ","- ",34.203639984130859,-118.98091888427734,VENTURA,CAMARILLO,-118.98097229003906,34.203605651855469
9227938,2021,2021-04-20,5600,2021-03-08,1815,3147,9050,1,5,6,5607,0,0,0,,0,9B01,"JANSS RD","WINDSOR DR",12.00,W,N,A,-,N,,,,,,,,,,Y,3,0,2,2,A,-,08,22107,,N,B,C,A,A,H,-,B,A,0,,,,,Y,,A,01,0,1,1,0,0,0,0,0,0,"- ","- ",34.199199676513672,-118.61136627197266,VENTURA,"THOUSAND OAKS",-118.86119079589844,34.199264526367188
9227942,2021,2021-04-21,5600,2021-03-09,1441,4527,9050,2,5,6,5607,0,0,0,,0,9B01,"JANSS RD","MONTGOMERY RD",21.00,E,N,A,-,N,,,,,,,,,,,3,0,1,2,A,-,09,21801,A,N,H,J,A,A,H,-,A,A,0,,,,,Y,,A,07,0,1,0,0,0,0,0,0,0,"- ","- ",34.19940185546875,-118.864013671875,VENTURA,"THOUSAND OAKS",-118.86396026611328,34.199436187744141
92280177,2023,2024-01-05,9770,2023-12-27,1615,016561,,3,2,9,5600,0,1,3,,1,050,"SR-118 W/B (LOS ANGELES AVENUE)","LA CUMBRE RD.",528.00,W,N,B,-,Y,VEN,,118," "," ",11.492,H,,L,Y,4,0,1,3,A,-,03,22350,,N,C,C,A,A,H,-,A,D,0,,,,,Y,,A,01,0,0,1,0,0,0,0,0,0,"- ","- ",34.264358520507812,-118.98483276367188,VENTURA,UNINCORPORATED,-118.98482513427734,34.264331817626953
92280214,2024,2024-01-05,9770,2024-01-04,"705 ",018942,,4,1,6,5609,0,1,3,,2,082,"SR-118 W/B (RONALD REAGAN FREEWAY)","TAPO CANYON ROAD",528.00,E,N,A,-,Y,VEN,,118," ",R,27.678,H,,L,Y,4,0,1,2,A,-,08,22107,,N,B,C,A,A,H,-,A,D,0,,,,Y,Y,,E,22,0,0,1,0,0,0,0,0,0,"- ","- ",34.281829833984375,-118.71150207519531,VENTURA,"SIMI VALLEY",-118.71150207519531,34.281814575195312
92282573,2023,2024-01-09,9765,2023-12-25,1112,019930,,1,1,6,5604,0,1,2,,2,502,"US-101 N/B","DEL NORTE BOULEVARD",3500.00,S,N,A,-,Y,VEN,,101," "," ",18.394,H,,R,Y,3,0,2,2,A,-,01,23153,B,F,C,C,A,A,H,-,A,D,0,,,,,Y,Y,A,07,0,1,1,0,0,0,0,0,0,"- ","- ",34.222141265869141,-119.11540985107422,VENTURA,OXNARD,-119.11540985107422,34.222145080566406
92283753,2024,2024-01-10,9770,2024-01-05,1245,017662,,5,1,6,5607,0,1,2,,2,072,"US-101 N/B (VENTURA FREEWAY)","WENDY DRIVE",100.00,S,N,B,-,Y,VEN,,101," "," ",7.850,H,,R,Y,4,0,1,2,A,-,08,22107,,N,E,I,A,A,H,-,A,D,0,,,,,Y,,A,01,0,0,1,0,0,0,0,0,0,"- ","- ",34.189559936523438,-118.938720703125,VENTURA,"THOUSAND OAKS",-118.93868255615234,34.189624786376953
92285808,2024,2024-01-12,9765,2024-01-05,1630,022318,,5,2,5,5601,0,1,2,,2,502,"US 101 N/B (VENTURA FREEWAY)","SPRINGVILLE DRIVE",211.00,N,N,A,-,Y,VEN,,101," "," ",17.164,H,,R,N,3,0,1,2,A,-,03,22350,,N,C,C,A,D,H,-,A,D,0,,,,,Y,,D,22,0,1,0,0,0,0,0,0,0,"- ","- ",34.22100830078125,-119.09188842773438,VENTURA,CAMARILLO,-119.09188842773438,34.22100830078125
92288084,2024,2024-01-16,9765,2024-01-09,"925 ",019930,,2,1,9,5600,0,3,5,,2,005,"BRADLEY ROAD","BALCON CANYON ROAD",2080.00,W,N,A,-,N,,,,,,,,,,Y,4,0,1,2,A,-,21,22106,,N,C,C,A,A,H,-,A,D,0,,,,Y,Y,,F,27,0,0,1,0,0,0,0,0,0,"- ","- ",34.311119079589844,-118.97872924804688,VENTURA,UNINCORPORATED,-118.9786376953125,34.311138153076172
92288299,2024,2024-01-16,9770,2024-01-05,"855 ",018942,,5,1,6,5609,0,1,3,,2,083,"SR-118 E/B (RONALD REAGAN FREEWAY)","ROCKY PEAK ROAD",1584.00,W,N,A,-,Y,VEN,,118," ",R,31.787,H,,R,Y,3,0,1,2,A,-,07,21658,A,N,B,C,A,A,H,-,A,D,0,,,Y,,Y,,A,01,0,1,0,0,0,0,0,0,1,"- ","- ",34.268569946289062,-118.64555358886719,VENTURA,"SIMI VALLEY",-118.64559936523438,34.268516540527344
9228923,2020,2021-03-03,5600,2020-12-26,1401,5104,5101,6,5,4,5690,0,0,0,,0,2B01,"LOS ANGELES AV","RT 23",0.00,,Y,A,-,N,,,,,,,,,,,4,0,1,2,A,-,03,22350,,N,C,C,A,A,H,-,A,A,0,,,,,Y,,-,,0,0,1,0,0,0,0,0,0,"- ","- ",34.282379150390625,-118.86305999755859,VENTURA,MOORPARK,-118.86334991455078,34.282150268554688
92290589,2024,2024-01-18,9765,2024-01-13,1645,021485,,6,2,6,5604,0,1,2,,2,502,"US-101 N/B (VENTURA FREEWAY) TO ROSE AVENUE","ROSE AVENUE",310.00,S,N,A,-,Y,,,,,,,,,,Y,3,0,1,1,A,-,08,22107,,N,E,9,A,A,H,-,A,D,0,,,,,Y,,A,01,0,1,0,0,0,0,0,0,0,"- ","- ",34.225738525390625,-119.15738677978516,VENTURA,OXNARD,-119.15738677978516,34.225738525390625
92291006,2024,2024-01-18,9770,2024-01-06,1415,023577,,6,2,6,5609,0,1,3,,2,083,"SR-118 E/B FROM SYCAMORE DRIVE N/B","SYCAMORE DRIVE",528.00,E,N,A,-,Y,VEN,,118," ",R,25.972,H,,R,Y,3,0,1,1,A,-,08,22107,,N,E,I,A,A,H,-,A,D,0,,,,,Y,,A,01,0,1,0,0,0,0,0,0,0,"- ","- ",34.281959533691406,-118.74127960205078,VENTURA,"SIMI VALLEY",-118.74127960205078,34.282131195068359
9229197,2021,2021-04-12,5600,2021-02-20,1017,5586,9020,6,5,6,5607,0,0,0,,0,9A01,"OLSEN RD","MOORPARK RD",0.00,,Y,A,-,N,,,,,,,,,,Y,3,0,1,1,A,-,03,22350,,N,E,I,A,A,H,-,A,A,0,,Y,,,Y,,L,04,0,1,0,0,0,0,1,0,0,"- ","- ",34.227550506591797,-118.86985015869141,VENTURA,"THOUSAND OAKS",-118.86988830566406,34.227630615234375
92293140,2024,2024-01-22,9765,2024-01-12,"555 ",020983,,5,3,6,5604,0,1,2,,2,502,"US-101 N/B (VENTURA FREEWAY)","CENTRAL AVE",1584.00,N,N,A,-,Y,VEN,,101," "," ",17.991,H,,R,N,3,0,1,1,A,-,08,22107,,N,E,I,A,A,H,-,C,D,0,,,,,Y,,A,07,0,1,0,0,0,0,0,0,0,"- ","- ",34.222179412841797,-119.10704040527344,VENTURA,OXNARD,-119.10704040527344,34.222095489501953
92293588,2024,2024-01-22,9770,2024-01-12,1855,023577,,5,2,6,5607,0,1,2,,2,072,"US-101 N/B (VENTURA FREEWAY) TO MOORPARK ROAD","MOORPARK ROAD",528.00,S,N,A,-,Y,VEN,,101," "," ",3.938,H,,R,Y,3,0,1,2,A,-,08,22107,,N,C,C,A,A,H,-,B,D,0,,,,,Y,,A,07,0,1,0,0,0,0,0,0,0,"- ","- ",34.177478790283203,-118.87406921386719,VENTURA,"THOUSAND OAKS",-118.87409973144531,34.177257537841797
92293887,2024,2024-01-22,9765,2024-01-18,1030,020983,,4,1,9,5600,0,3,5,,2,002,"RICE ROAD","PEGASUS ST",20.00,N,N,A,-,N,,,,,,,,,,N,4,0,1,1,A,-,08,22107,,N,E,I,A,A,H,-,A,D,0,,,,,Y,,A,01,0,0,1,0,0,0,0,0,0,"- ","- ",34.424640655517578,-119.29393005371094,VENTURA,UNINCORPORATED,-119.29176330566406,34.426166534423828
9230062,2021,2021-03-24,5600,2021-02-08,1630,4045,9128,1,5,6,5607,0,0,0,,0,9H01,"HILLCREST DR","CITATION WY",0.00,,Y,A,-,N,,,,,,,,,,Y,3,0,1,1,A,-,01,23152,A,N,E,I,A,A,H,-,A,D,0,,,Y,,Y,Y,C,02,0,1,0,0,0,0,0,0,1,"- ","- ",34.184940338134766,-118.90647888183594,VENTURA,"THOUSAND OAKS",-118.90646362304688,34.184906005859375
9230063,2021,2021-03-24,5600,2021-02-04,1322,4045,9170,4,5,6,5607,0,0,0,,0,9D01,"LAKEVIEW CANYON RD","TOWNSGATE RD",0.00,,Y,A,-,N,,,,,,,,,,Y,3,0,2,2,A,-,12,21453,A,N,D,C,A,A,H,-,A,A,0,,,,,Y,Y,A,01,0,1,1,0,0,0,0,0,0,"- ","- ",34.148338317871094,-118.81864929199219,VENTURA,"THOUSAND OAKS",-118.81864166259766,34.150291442871094
92300876,2024,2024-01-30,9770,2024-01-20,"334 ",023088,,6,3,6,5609,0,1,3,,2,082,"SR-118 W/B (RONALD REAGAN FREEWAY)","FIRST STREET",200.00,E,N,C,-,Y,VEN,,118," ",R,23.868,H,,L,Y,3,0,1,2,C,-,18,,,N,E,C,A,B,H,-,C,D,0,,,,,Y,,-,"- ",0,1,0,0,0,0,0,0,0,"- ","- ",34.282421112060547,-118.77805328369141,VENTURA,"SIMI VALLEY",-118.77805328369141,34.282421112060547
92302742,2024,2024-02-01,9770,2024-01-29,1300,018942,,1,1,4,5690,0,1,3,,2,080,"SR-118 W/B FROM COLLINS DRIVE","COLLINS DRIVE",340.00,W,N,A,-,Y,VEN,,118," ",T,19.922,H,,L,Y,3,0,1,1,A,-,08,22107,,N,E,I,A,A,H,-,A,D,0,,,Y,,Y,,C,02,0,1,0,0,0,0,0,0,1,"- ","- ",34.293609619140625,-118.84382629394531,VENTURA,MOORPARK,-118.84381866455078,34.293453216552734
9230753,2021,2021-02-22,5600,2021-01-15,1111,5007,9128,5,5,6,5607,0,0,0,,0,9H01,"HILLCREST DR","RANCHO CONEJO BL",0.00,,Y,A,-,N,,,,,,,,,,Y,4,0,1,2,A,-,09,21806,A,N,D,C,A,A,H,-,A,A,0,,,,,Y,,A,01,0,0,1,0,0,0,0,0,0,"- ","- ",34.187068939208984,-118.92523956298828,VENTURA,"THOUSAND OAKS",-118.92515563964844,34.187057495117188
92307667,2024,2024-02-07,9770,2024-02-06,"840 ",017662,,2,1,5,5601,0,1,2,,2,071,"US-101 S/B (VENTURA FREEWAY)","WENDY DRIVE",7392.00,N,N,B,C,Y,VEN,,101," "," ",9.294,H,,L,Y,4,0,1,2,A,-,03,22350,,N,C,C,A,B,H,-,A,D,0,,,,,Y,,A,01,0,0,1,0,0,0,0,0,0,"- ","- ",34.200248718261719,-118.96006011962891,VENTURA,CAMARILLO,-118.96005249023438,34.200222015380859
92309231,2024,2024-02-08,9765,2024-02-02,1300,020187,,5,1,6,5608,0,1,2,,2,302,"US-101 N/B","JOHNSON DRIVE",209.00,N,N,A,-,Y,VEN,,101," ",R,23.486,H,,R,N,4,0,2,2,D,-,00,,,N,C,C,A,A,H,-,A,D,0,,,,,Y,,-,"- ",0,0,2,0,0,0,0,0,0,"- ","- ",34.243869781494141,-119.19329071044922,VENTURA,VENTURA,-119.19327545166016,34.243892669677734
92310393,2024,2024-02-09,9765,2024-02-03,2100,021015,,6,2,5,5601,0,1,2,,2,504,"US-101 N/B","CAMARILLO SPRINGS ROAD",1109.00,N,N,C,-,Y,VEN,,101," "," ",10.968,H,,R,N,4,0,3,2,A,-,07,21658,A,F,B,C,A,B,H,-,C,D,0,,,,,Y,,-,99,0,0,3,0,0,0,0,0,0,"- ","- ",34.205371856689453,-118.98724365234375,VENTURA,CAMARILLO,-118.98724365234375,34.205406188964844
92311730,2024,2024-02-12,9770,2024-02-04,1358,023391,,7,1,9,5600,0,1,2,,2,071,"US-101 S/B (VENTURA FREEWAY)","CONEJO INSPECTION FACILITY",3400.00,N,N,B,C,Y,VEN,,101," "," ",9.640,H,,L,Y,3,0,1,1,A,-,03,22350,,N,E,I,A,B,H,-,A,D,0,,,,,Y,,D,22,0,1,0,0,0,0,0,0,0,"- ","- ",34.201000213623047,-118.9659423828125,VENTURA,UNINCORPORATED,-118.96595001220703,34.200916290283203
92311811,2024,2024-02-12,9770,2024-02-04,1441,023391,,7,2,6,5607,0,1,3,,2,077,"SR-23 S/B (MOORPARK FREEWAY)","JANSS RD",600.00,S,N,B,C,Y,VEN,,23," ",R,4.946,H,,L,N,4,0,1,2,A,-,03,22350,,N,D,C,A,B,H,-,A,D,0,,,,,Y,,A,01,0,0,1,0,0,0,0,0,0,"- ","- ",34.198341369628906,-118.85823822021484,VENTURA,"THOUSAND OAKS",-118.85829162597656,34.198360443115234
92312090,2024,2024-02-12,9765,2024-02-04,"215 ",022488,,7,3,6,5608,0,1,2,,2,301,"US-101 S/B","VICTORIA AVENUE",1848.00,S,N,B,-,Y,VEN,,101," ",R,24.294,H,,L,Y,3,0,1,1,A,-,01,23152,A,N,E,I,A,B,H,-,D,D,0,,,,,Y,Y,A,07,0,1,0,0,0,0,0,0,0,"- ","- ",34.249458312988281,-119.20570373535156,VENTURA,VENTURA,-119.20567321777344,34.249507904052734
92320754,2024,2024-02-22,9765,2024-02-10,1941,021015,,6,2,9,5600,0,3,5,,2,006,"PLEASANT VALLEY ROAD","STURGIS ROAD",900.00,E,N,A,-,N,,,,,,,,,,Y,3,0,3,3,A,-,01,23152,A,N,B,C,A,A,H,-,C,D,0,,,,,Y,Y,A,01,0,1,2,0,0,0,0,0,0,"- ","- ",34.203300476074219,-119.097412109375,VENTURA,UNINCORPORATED,-119.09755706787109,34.203231811523438
92321518,2024,2024-02-23,9765,2024-02-18,2326,022488,,7,3,6,5604,0,1,2,,2,501,"US-101 S/B (VENTURA FREEWAY)","RICE AVENUE",2380.00,N,N,C,-,Y,VEN,,101," "," ",20.535,H,,L,Y,3,0,1,1,A,-,01,23152,A,N,E,I,A,B,H,-,D,D,0,,,,,Y,Y,A,01,0,1,0,0,0,0,0,0,0,"- ","- ",34.223159790039062,-119.15036010742188,VENTURA,OXNARD,-119.15033721923828,34.223320007324219
9232345,2021,2021-03-24,5608,2021-02-02,1250,515,,2,5,6,5608,0,0,0,,0,002,"MAIN ST","CALLENS DR",0.00,,Y,A,-,N,,,,,,,,,,N,4,0,1,2,A,-,08,22107,,N,-,G,A,A,H,-,A,A,0,,Y,,,Y,,A,01,0,0,1,0,0,0,1,0,0,"- ","- ",,,VENTURA,VENTURA,-119.23946380615234,34.263431549072266
9232346,2021,2021-03-24,5608,2021-02-04,1649,370,,4,5,6,5608,0,0,0,,0,001,"CALIFORNIA ST","THOMPSON BL",122.00,S,N,A,-,N,,,,,,,,,,N,3,0,1,1,C,-,18,,,N,E,I,A,A,A,-,A,D,0,,Y,,,Y,,-,"- ",0,1,0,0,0,0,1,0,0,"- ","- ",,,VENTURA,VENTURA,-119.29303741455078,34.277915954589844
92326717,2024,2024-02-29,9770,2024-02-22,1618,019849,,4,2,4,5690,0,1,3,,2,081,"SR-118 E/B (RONALD REAGAN FREEWAY)","ARROYO SIMI OVERHEAD",75.00,E,N,A,-,Y,VEN,,118," ",T,18.760,H,,R,Y,4,0,2,5,A,-,01,23152,A,N,B,C,A,A,H,-,A,D,0,,,,,Y,Y,A,07,0,0,2,0,0,0,0,0,0,"- ","- ",34.289840698242188,-118.86309051513672,VENTURA,MOORPARK,-118.86311340332031,34.289852142333984
92327426,2024,2024-12-04,9765,2024-02-22,1340,023509,,4,1,4,5606,0,1,3,,2,041,"SR-126 W/B","TODD LANE",675.00,E,N,A,-,Y,VEN,,126," ",R,10.154,H,,L,Y,2,0,4,2,A,-,00,23153,F,N,C,2,A,A,H,-,A,D,0,,,,Y,Y,,A,01,2,2,0,0,0,0,0,0,0,"- ","- ",34.335170745849609,-119.08587646484375,VENTURA,"SANTA PAULA",-119.08589172363281,34.335178375244141
92329374,2024,2024-03-04,9770,2024-03-01,"442 ",023147,,5,3,9,5600,0,1,3,,1,044,"SR-126 W/B (E. TELEGRAPH ROAD)","FISH HATCHERY ROAD",4224.00,E,N,A,-,Y,VEN,,126," ",R,23.931,H,,L,Y,4,0,1,1,A,-,08,22107,,N,E,I,A,A,H,-,D,D,0,,,,,Y,,A,07,0,0,1,0,0,0,0,0,0,"- ","- ",34.395828247070312,-118.870361328125,VENTURA,UNINCORPORATED,-118.87035369873047,34.395778656005859
9232942,2021,2021-03-08,5600,2021-01-20,1318,5481,9006,3,5,6,5607,0,0,0,,0,9A01,"OLSEN RD","ERBES RD",0.00,,Y,A,-,,,,,,,,,,,,4,0,2,2,A,-,09,21800,D,N,D,C,A,A,H,-,A,B,0,,,,,Y,,A,01,0,0,2,0,0,0,0,0,0,"- ","- ",,,VENTURA,"THOUSAND OAKS",-118.84797668457031,34.238620758056641
92329903,2024,2024-03-05,9765,2024-03-01,1545,022472,,5,2,9,5600,0,3,5,,2,001,"US 101 N/B (VENTURA FREEWAY)","BATES ROAD",2615.00,S,N,B,C,Y,VEN,,101," "," ",43.082,H,,R,Y,3,0,1,1,A,-,08,22107,,N,E,I,A,B,H,-,A,D,0,,,,,Y,,A,07,0,1,0,0,0,0,0,0,0,"- ","- ",34.376338958740234,-119.46885681152344,VENTURA,UNINCORPORATED,-119.46885681152344,34.376377105712891
92331001,2024,2024-03-06,9765,2024-02-28,"528 ",022453,,3,3,6,5608,0,1,2,,2,302,"US-101 N/B TO SR-126 E/B","US-101 N/B",320.00,E,N,A,-,Y,,,,,,,,,,Y,4,0,1,1,A,-,03,22350,,N,F,J,A,A,H,-,D,D,0,,,,,Y,,A,01,0,0,1,0,0,0,0,0,0,"- ","- ",34.265270233154297,-119.23477172851562,VENTURA,VENTURA,-119.23477172851562,34.265270233154297
92331291,2024,2024-03-06,9765,2024-02-23,"615 ",018332,,5,1,9,5600,0,3,5,,2,006,"PLEASANT VALLEY RD.","WOLFF RD.",0.00,,Y,A,-,N,,,,,,,,,,N,4,0,1,2,A,-,09,21801,A,N,D,C,A,A,H,-,B,D,0,,,,,Y,,A,07,0,0,1,0,0,0,0,0,0,"- ","- ",34.186271667480469,-119.11422729492188,VENTURA,UNINCORPORATED,-119.11419677734375,34.186237335205078
9233211,2021,2021-03-23,5600,2021-02-04,1158,5481,9104,4,5,6,5607,0,0,0,,0,9C01,"REINO RD","CALLE CLARA VISTA",0.00,,Y,A,-,N,,,,,,,,,,Y,3,0,1,2,A,-,09,21802,A,N,D,C,A,A,H,-,A,A,0,,,,,Y,,A,01,0,1,0,0,0,0,0,0,0,"- ","- ",,,VENTURA,"THOUSAND OAKS",-118.95433044433594,34.189281463623047
92332119,2024,2024-03-07,9770,2024-02-26,"253 ",023131,,1,3,6,5607,0,1,2,,2,074,"US-101 N/B (VENTURA FREEWAY)","WESTLAKE BOULVARD OVERCROSSING",1500.00,S,N,A,-,Y,VEN,,101," "," ",0.451,H,,R,Y,3,0,1,2,C,-,18,,,N,C,C,A,A,H,-,D,D,0,,,,Y,Y,,-,"- ",0,1,0,0,0,0,0,0,0,"- ","- ",34.155441284179688,-118.82167053222656,VENTURA,"THOUSAND OAKS",-118.82164764404297,34.155464172363281
92334836,2024,2024-03-11,9770,2024-03-06,1720,020169,,3,2,9,5600,0,2,4,,1,087,"SANTA SUSANA PASS ROAD","BOX CANYON ROAD",740.00,W,N,C,-,N,,,,,,,,,,N,4,0,1,2,A,-,03,22350,,N,C,C,A,B,H,-,B,A,0,,,,,Y,,D,22,0,0,1,0,0,0,0,0,0,"- ","- ",34.263111114501953,-118.64644622802734,VENTURA,UNINCORPORATED,-118.64630126953125,34.26312255859375
92334936,2024,2024-03-11,9770,2024-02-26,"251 ",023089,,1,3,6,5607,0,1,2,,2,074,"US-101 N/B (VENTURA FREEWAY)","WESTLAKE BLVD",1375.00,S,N,A,-,Y,VEN,,101," "," ",0.407,H,,R,Y,2,0,1,2,D,-,00,,,N,C,C,A,A,H,-,D,D,0,,,,,Y,,-,"- ",1,0,0,0,0,0,0,0,0,"- ","- ",34.155048370361328,-118.82106018066406,VENTURA,"THOUSAND OAKS",-118.821044921875,34.155063629150391
92335794,2024,2024-03-12,9765,2024-03-08,1205,019277,,5,1,9,5600,0,3,5,,2,002,"CREEK ROAD","OAK KNOLL RD.",10.00,S,N,A,-,N,,,,,,,,,,Y,4,0,1,2,A,-,03,22350,,N,C,C,A,A,H,-,A,D,0,,,,,Y,,A,07,0,0,1,0,0,0,0,0,0,"- ","- ",34.406509399414062,-119.28015899658203,VENTURA,UNINCORPORATED,-119.28012084960938,34.406593322753906
92337983,2024,2024-03-14,9770,2024-03-06,2230,021799,,3,3,9,5600,0,1,3,,1,057,"SR-23 S/B (GRIMES CANYON RD)","WAYNES WAY",6336.00,N,N,B,-,Y,VEN,,23," "," ",19.644,H,,L,N,4,0,1,1,A,-,01,23152,A,M,E,I,A,A,H,-,D,D,0,,,,,Y,Y,A,01,0,0,1,0,0,0,0,0,0,"- ","- ",34.344081878662109,-118.90785980224609,VENTURA,UNINCORPORATED,-118.90784454345703,34.344043731689453
92338184,2024,2024-03-14,9770,2024-03-09,1205,018942,,6,1,9,5600,0,2,4,,1,088,"BOX CANYON ROAD","SANTA SUSANA PASS ROAD",1056.00,S,N,A,-,N,,,,,,,,,,Y,4,0,1,2,A,-,05,21460,A,M,B,C,A,A,H,-,A,D,0,,,,,Y,,D,22,0,0,1,0,0,0,0,0,0,"- ","- ",34.26129150390625,-118.64507293701172,VENTURA,UNINCORPORATED,-118.64490509033203,34.261650085449219
92338294,2024,2024-03-14,9770,2024-03-08,1530,016383,,5,2,6,5607,0,1,2,,2,072,"US-101 N/B (VENTURA FWY)","MOORPARK ROAD",300.00,N,N,A,-,Y,VEN,,101," "," ",4.116,H,,R,Y,3,0,1,2,A,-,01,23152,A,N,B,C,A,A,H,-,A,D,0,,,Y,,Y,Y,A,01,0,1,0,0,0,0,0,0,1,"- ","- ",34.177478790283203,-118.87722015380859,VENTURA,"THOUSAND OAKS",-118.87722015380859,34.177497863769531
92340486,2024,2024-03-18,9765,2024-03-10,"415 ",022461,,7,3,5,5601,0,1,2,,2,503,"US-101 S/B","PLEASANT VALLEY ROAD",2800.00,N,N,A,-,Y,VEN,,101," "," ",12.836,H,,L,Y,4,0,1,1,A,-,01,23152,A,N,E,I,A,A,H,-,C,D,0,,,,,Y,Y,D,22,0,0,1,0,0,0,0,0,0,"- ","- ",34.215721130371094,-119.01679229736328,VENTURA,CAMARILLO,-119.01679229736328,34.215690612792969
9234284,2021,2021-03-20,5604,2021-01-13,1519,5465,,3,5,6,5604,0,0,0,,0,022,"N C ST","MAGNOLIA AV",0.00,,Y,A,-,N,,,,,,,,,,Y,3,0,2,2,A,-,09,21801,A,N,D,C,A,A,H,-,A,A,0,,,,,Y,,A,07,0,1,1,0,0,0,0,0,0,"- ","- ",,,VENTURA,OXNARD,-119.18102264404297,34.204013824462891
9234286,2021,2021-03-20,5604,2021-01-16,0846,5459,,6,5,6,5604,0,0,0,,0,024,"CHANNEL ISLANDS BL","VENTURA RD",36.00,E,N,A,-,N,,,,,,,,,,N,4,0,1,2,A,-,21,22106,,F,H,C,A,A,H,-,A,A,0,,,,,Y,,A,01,0,0,1,0,0,0,0,0,0,"- ","- ",34.169380187988281,-119.15904235839844,VENTURA,OXNARD,-119.19479370117188,34.175697326660156
9234290,2021,2021-03-20,5604,2021-01-23,0540,5474,,6,5,6,5604,0,0,0,,0,031,"E 3RD ST","ROSE AV",0.00,,Y,A,-,N,,,,,,,,,,Y,4,0,2,3,D,-,00,,,N,A,C,A,A,H,-,C,A,0,,,,,Y,,-,"- ",0,0,2,0,0,0,0,0,0,"- ","- ",34.200439453125,-119.15973663330078,VENTURA,OXNARD,-119.15985107421875,34.200450897216797