CASE_ID,ACCIDENT_YEAR,PROC_DATE,JURIS,COLLISION_DATE,COLLISION_TIME,OFFICER_ID,REPORTING_DISTRICT,DAY_OF_WEEK,CHP_SHIFT,POPULATION,CNTY_CITY_LOC,SPECIAL_COND,BEAT_TYPE,CHP_BEAT_TYPE,CITY_DIVISION_LAPD,CHP_BEAT_CLASS,BEAT_NUMBER,PRIMARY_RD,SECONDARY_RD,DISTANCE,DIRECTION,INTERSECTION,WEATHER_1,WEATHER_2,STATE_HWY_IND,CALTRANS_COUNTY,CALTRANS_DISTRICT,STATE_ROUTE,ROUTE_SUFFIX,POSTMILE_PREFIX,POSTMILE,LOCATION_TYPE,RAMP_INTERSECTION,SIDE_OF_HWY,TOW_AWAY,COLLISION_SEVERITY,NUMBER_KILLED,NUMBER_INJURED,PARTY_COUNT,PRIMARY_COLL_FACTOR,PCF_CODE_OF_VIOL,PCF_VIOL_CATEGORY,PCF_VIOLATION,PCF_VIOL_SUBSECTION,HIT_AND_RUN,TYPE_OF_COLLISION,MVIW,PED_ACTION,ROAD_SURFACE,ROAD_COND_1,ROAD_COND_2,LIGHTING,CONTROL_DEVICE,CHP_ROAD_TYPE,PEDESTRIAN_ACCIDENT,BICYCLE_ACCIDENT,MOTORCYCLE_ACCIDENT,TRUCK_ACCIDENT,NOT_PRIVATE_PROPERTY,ALCOHOL_INVOLVED,STWD_VEHTYPE_AT_FAULT,CHP_VEHTYPE_AT_FAULT,COUNT_SEVERE_INJ,COUNT_VISIBLE_INJ,COUNT_COMPLAINT_PAIN,COUNT_PED_KILLED,COUNT_PED_INJURED,COUNT_BICYCLIST_KILLED,COUNT_BICYCLIST_INJURED,COUNT_MC_KILLED,COUNT_MC_INJURED,PRIMARY_RAMP,SECONDARY_RAMP,LATITUDE,LONGITUDE,COUNTY,CITY,POINT_X,POINT_Y
9241068,2021,2021-03-27,5604,2021-02-26,1631,5354,,5,5,6,5604,0,0,0,,0,042,"PLEASANT VALLEY RD","J ST",0.00,,Y,A,-,N,,,,,,,,,,Y,3,0,2,2,A,-,09,21801,A,N,D,C,A,A,H,-,A,A,0,,,,,Y,,-,,0,1,1,0,0,0,0,0,0,"- ","- ",,,VENTURA,OXNARD,-119.18584442138672,34.15478515625
9241076,2021,2021-03-27,5604,2021-02-14,1004,5459,,7,5,6,5604,0,0,0,,0,031,"CAMINO DEL SOL","RICE AV",0.00,,Y,A,-,N,,,,,,,,,,Y,4,0,2,2,A,-,12,21453,A,N,D,-,A,A,H,-,A,A,0,,,,,Y,,A,01,0,0,2,0,0,0,0,0,0,"- ","- ",34.206119537353516,-119.14215850830078,VENTURA,OXNARD,-119.14227294921875,34.206157684326172
9241080,2021,2021-03-27,5604,2021-02-09,1330,5623,,2,5,6,5604,0,0,0,,0,031,"SAN GORGONIO AV","FEATHERSTONE ST",74.00,W,N,B,-,N,,,,,,,,,,N,3,0,1,3,A,-,21,22106,,N,G,B,E,A,H,-,A,D,0,Y,,,,Y,,A,07,0,1,0,0,1,0,0,0,0,"- ","- ",,,VENTURA,OXNARD,-119.15531158447266,34.204788208007812
92411636,2024,2024-06-11,9765,2024-06-01,"605 ",019930,,6,1,9,5600,0,1,3,,1,021,"SR-33 (MARICOPA HIGHWAY)","MILE POST MARKER 33 VEN 24.80",30.00,S,N,E,-,Y,VEN,,33," "," ",24.793,H,,R,Y,3,0,1,1,A,-,03,22350,,N,H,J,A,A,H,-,A,D,0,,,,,Y,,D,22,0,1,0,0,0,0,0,0,0,"- ","- ",34.531681060791016,-119.25150299072266,VENTURA,UNINCORPORATED,-119.25150299072266,34.531669616699219
92412785,2024,2024-06-12,9765,2024-06-02,2300,023024,,7,3,5,5601,0,1,2,,2,301,"US-101 S/B TO PLEASANT VALLEY OFF-RAMP","SANTA ROSA ROAD",246.00,N,N,A,-,Y,,,,,,,,,,N,4,0,1,1,A,-,03,22350,,N,E,8,A,A,H,-,D,A,0,,,,,Y,Y,D,22,0,0,1,0,0,0,0,0,0,"- ","- ",34.213550567626953,-119.00888824462891,VENTURA,CAMARILLO,-119.00859832763672,34.213890075683594
92413699,2024,2024-06-13,9765,2024-06-06,1615,023703,,4,2,9,5600,0,1,3,,1,023,"SR-150 (N OJAI RD)","BLACK MOUNTAIN FIRE ROAD",95.00,S,N,A,-,N,,,,,,,,,,Y,4,0,1,2,A,-,05,21460,A,N,B,C,A,A,H,-,A,D,0,,,,,Y,Y,A,01,0,0,1,0,0,0,0,0,0,"- ","- ",34.434440612792969,-119.20147705078125,VENTURA,UNINCORPORATED,,
92416440,2024,2024-06-17,9770,2024-06-11,"820 ",023849,,2,1,6,5609,0,1,3,,2,083,"E/B 118 FROM N/B FIRST ST.","FIRST ST.",33.00,E,N,A,-,Y,VEN,,118," ",R,23.834,H,,R,N,4,0,1,2,A,-,08,22107,,N,B,C,A,A,H,-,A,D,0,,,,,Y,,A,01,0,0,1,0,0,0,0,0,0,"- ","- ",34.281871795654297,-118.77864074707031,VENTURA,"SIMI VALLEY",-118.77864074707031,34.282131195068359
92418174,2024,2024-06-19,9765,2024-06-13,1603,021015,,4,2,6,5604,0,1,2,,2,501,"US-101 S/B (VENTURA FREEWAY)","ROSE AVENUE",100.00,N,N,A,-,Y,VEN,,101," "," ",21.050,H,,L,Y,4,0,2,2,A,-,03,22350,,N,C,C,A,A,H,-,A,D,0,,,,,Y,,A,01,0,0,2,0,0,0,0,0,0,"- ","- ",34.225151062011719,-119.15924835205078,VENTURA,OXNARD,-119.15924072265625,34.225181579589844
92418191,2024,2024-06-19,9765,2024-06-10,1745,021485,,1,2,9,5600,0,3,5,,2,006,"POTRERO ROAD","RANCHO DOS VIENTOS",5280.00,W,N,B,-,N,,,,,,,,,,Y,3,0,1,1,A,-,03,22350,,N,E,J,A,A,H,-,A,D,0,,,,,Y,,A,01,0,1,0,0,0,0,0,0,0,"- ","- ",34.15863037109375,-119.00215911865234,VENTURA,UNINCORPORATED,,
92420278,2024,2024-07-15,9765,2024-06-15,1920,023498,,6,2,9,5600,0,3,5,,2,004,"OLD TELEGRAPH ROAD","GRAND AVE",25.00,W,N,A,-,N,,,,,,,,,,Y,3,0,1,2,A,-,03,22350,,N,C,C,A,A,H,-,A,D,0,,,,,Y,,A,01,0,1,0,0,0,0,0,0,0,"- ","- ",34.407730102539062,-118.93511199951172,VENTURA,UNINCORPORATED,-118.93508911132812,34.407726287841797
92420562,2024,2024-06-21,9765,2024-06-19,1500,023509,,3,2,9,5600,0,3,5,,2,006,"LEWIS ROAD","PLEASANT VALLEY ROAD",45.00,S,N,A,-,N,,,,,,,,,,N,4,0,1,2,A,-,21,22106,,N,C,C,A,A,H,-,A,A,0,,,,,Y,,D,22,0,0,1,0,0,0,0,0,0,"- ","- ",34.205169677734375,-119.03444671630859,VENTURA,UNINCORPORATED,-119.03456878662109,34.205421447753906
92422985,2024,2024-06-25,9765,2024-06-20,1831,023498,,4,2,6,5604,0,1,2,,2,502,"US-101 N/B (VENTURA FREEWAY)","ROSE AVENUE",1742.00,N,N,A,-,Y,VEN,,101," "," ",21.336,H,,R,Y,3,0,3,3,A,-,03,22350,,N,C,C,A,A,H,-,A,D,0,,,,,Y,,A,01,0,3,0,0,0,0,0,0,0,"- ","- ",34.226619720458984,-119.16398620605469,VENTURA,OXNARD,-119.16400146484375,34.226596832275391
92426173,2024,2024-06-28,9770,2024-06-27,2305,021522,,4,3,6,5607,0,1,2,,2,072,"US-101 N/B (VENTURA FREEWAY)","LYNN ROAD",0.40,S,N,A,-,Y,VEN,,101," "," ",4.529,H,,R,Y,4,0,1,1,A,-,08,22107,,N,E,I,A,A,H,-,C,D,0,,,,,Y,,A,01,0,0,1,0,0,0,0,0,0,"- ","- ",34.179649353027344,-118.88375091552734,VENTURA,"THOUSAND OAKS",-118.88368988037109,34.179729461669922
92426853,2024,2024-07-01,9765,2024-06-20,1645,022318,,4,2,6,5608,0,1,3,,2,030,"SR-126 E/B (SANTA PAULA FREEWAY)","WELLS ROAD",1660.00,W,N,A,-,Y,VEN,,126," "," ",4.709,H,,R,Y,3,0,2,1,A,-,01,23153,A,N,E,I,A,A,H,-,A,D,0,,,,,Y,Y,D,22,0,2,0,0,0,0,0,0,0,"- ","- ",34.286918640136719,-119.16091918945312,VENTURA,VENTURA,-119.16087341308594,34.286861419677734
92427493,2024,2024-07-01,9765,2024-06-23,1040,022443,,7,1,9,5600,0,3,5,,2,002,"SR-33 N/B","POTRERO JOHN TRAILHEAD",3115.00,S,N,A,-,Y,VEN,,33," "," ",31.416,H,,R,N,4,0,1,1,A,-,03,22350,,N,E,I,A,A,H,-,A,D,0,,,Y,,Y,,C,02,0,0,1,0,0,0,0,0,1,"- ","- ",34.580299377441406,-119.25991058349609,VENTURA,UNINCORPORATED,-119.25990295410156,34.580307006835938
92427597,2024,2024-07-01,9765,2024-06-22,1900,022318,,6,2,6,5604,0,1,2,,2,501,"US-101 S/B (VENTURA FREEWAY)","CENTRAL AVE",700.00,N,N,A,-,Y,VEN,,101," "," ",18.179,H,,L,N,4,0,1,2,A,-,03,22350,,N,E,C,A,A,H,-,A,D,0,,,,,Y,,A,01,0,0,1,0,0,0,0,0,0,"- ","- ",34.222049713134766,-119.11093139648438,VENTURA,OXNARD,-119.11093139648438,34.221878051757812
92427655,2024,2024-07-01,9765,2024-06-23,1745,022472,,7,2,9,5600,0,3,5,,2,001,"SR-1 (PACIFIC COAST HIGHWAY)","SOLIMAR BEACH DRIVE",2737.00,S,N,B,-,Y,VEN,,1," "," ",22.662,H,,R,N,3,0,3,2,A,-,01,23152,A,N,D,C,A,A,H,-,A,D,0,,,Y,,Y,Y,C,02,0,3,0,0,0,0,0,0,2,"- ","- ",34.306270599365234,-119.35109710693359,VENTURA,UNINCORPORATED,-119.35109710693359,34.306270599365234
92430822,2024,2024-07-04,9770,2024-06-24,1700,019276,,1,2,6,5609,0,1,3,,2,082,"SR-118 W/B (RONALD REAGAN FREEWAY)","KUEHNER DRIVE",4224.00,E,N,A,-,Y,VEN,,118," ",R,31.375,H,,L,N,3,0,1,1,A,-,08,22107,,N,E,I,A,A,H,-,A,D,0,,,,,Y,,-,"- ",0,1,0,0,0,0,0,0,0,"- ","- ",34.270618438720703,-118.65236663818359,VENTURA,"SIMI VALLEY",-118.65233612060547,34.270706176757812
92432980,2024,2024-07-08,9765,2024-06-27,1545,023498,,4,2,5,5601,0,1,2,,2,503,"US-101 S/B (VENTURA FREEWAY)","CARMEN DRIVE",2059.00,N,N,A,-,Y,VEN,,101," "," ",15.186,H,,L,Y,3,0,1,2,A,-,03,22350,,N,C,C,A,A,H,-,A,D,0,,,,,Y,,D,22,0,1,0,0,0,0,0,0,0,"- ","- ",34.218090057373047,-119.05741119384766,VENTURA,CAMARILLO,-119.05741119384766,34.218048095703125
92433026,2024,2024-07-08,9765,2024-06-28,1905,021015,,5,2,5,5601,0,1,2,,2,503,"US-101 S/B (VENTURA FREEWAY)","CARMEN DRIVE",1426.00,S,N,A,-,Y,VEN,,101," "," ",14.515,H,,L,N,4,0,1,2,A,-,01,23152,A,F,C,C,A,A,H,-,A,D,0,,,,,Y,Y,A,01,0,0,1,0,0,0,0,0,0,"- ","- ",34.217460632324219,-119.04563140869141,VENTURA,CAMARILLO,-119.04563140869141,34.217430114746094
92433034,2024,2024-07-08,9770,2024-06-28,"806 ",023812,,5,1,6,5607,0,1,2,,2,073,"US 101 S/B (VENTURA FREEWAY)","MOORPARK ROAD",20.00,S,N,A,-,Y,VEN,,101," "," ",4.065,H,,L,Y,3,0,1,2,A,-,07,21658,A,N,B,C,A,A,H,-,A,D,0,,,,Y,Y,,F,25,0,1,0,0,0,0,0,0,0,"- ","- ",34.177280426025391,-118.87635040283203,VENTURA,"THOUSAND OAKS",-118.87635040283203,34.177276611328125
92434885,2024,2024-07-10,9770,2024-06-27,1506,017409,,4,2,6,5607,0,1,2,,2,074,"US-101 N/B (VENTURA FREEWAY)","LAKEVIEW CANYON ROAD",125.00,N,N,A,-,Y,VEN,,101," "," ",0.193,H,,R,Y,4,0,1,2,A,-,03,22350,,N,C,C,A,A,H,-,A,D,0,,,,,Y,,A,01,0,0,1,0,0,0,0,0,0,"- ","- ",34.153518676757812,-118.81787109375,VENTURA,"THOUSAND OAKS",-118.81790161132812,34.153450012207031
92436476,2024,2024-08-14,9770,2024-07-03,"340 ",023812,,3,3,6,5607,0,1,2,,2,073,"US-101 S/B (VENTURA FREEWAY)","MOORPARK ROAD PROLONGATION",600.00,N,N,A,-,Y,VEN,,101," "," ",4.198,H,,L,N,3,0,1,1,A,-,01,23152,A,N,E,I,A,A,H,-,D,D,0,,,,,Y,Y,A,01,0,1,0,0,0,0,0,0,0,"- ","- ",34.177448272705078,-118.87867736816406,VENTURA,"THOUSAND OAKS",-118.878662109375,34.177513122558594
92438708,2024,2024-07-15,9765,2024-07-04,"935 ",016549,,4,1,6,5608,0,1,2,,2,302,"US-101 N/B (VENTURA FWY)","EAST MAIN STREET",450.00,N,N,B,-,Y,VEN,,101," "," ",26.856,H,,R,N,4,0,2,2,A,-,03,22350,,N,C,C,A,A,H,-,A,D,0,,,,,Y,,A,07,0,0,2,0,0,0,0,0,0,"- ","- ",34.263568878173828,-119.24519348144531,VENTURA,VENTURA,-119.24516296386719,34.263534545898438
92438709,2024,2024-07-15,9765,2024-07-03,1305,018884,,3,1,9,5600,0,1,3,,1,020,"SR-33 (VENTURA AVENUE)","LOMA DRIVE",250.00,S,N,A,-,Y,VEN,,150," "," ",14.979,H,,R,Y,4,0,1,3,A,-,03,22350,,N,C,C,A,A,H,-,A,D,0,,,,,Y,,A,01,0,0,1,0,0,0,0,0,0,"- ","- ",34.432159423828125,-119.28101348876953,VENTURA,UNINCORPORATED,-119.281005859375,34.432151794433594
92440955,2024,2024-07-17,9770,2024-07-09,"805 ",019849,,2,1,6,5607,0,1,2,,2,074,"US-101 N/B (VENTURA FREEWAY)","WESTLAKE BOULEVARD",528.00,S,N,A,-,Y,VEN,,101," "," ",0.605,H,,R,N,3,0,1,1,C,-,18,,,N,E,J,A,A,B,-,A,A,0,,,,,Y,,-,"- ",0,1,0,0,0,0,0,0,0,"- ","- ",34.156780242919922,-118.82379913330078,VENTURA,"THOUSAND OAKS",-118.82373046875,34.156848907470703
92442563,2024,2024-07-18,9770,2024-07-10,1751,023849,,3,2,6,5607,0,1,2,,2,074,"US-101 N/B (VENTURA FREEWAY)","WEST LAKE",1617.00,S,N,A,-,Y,VEN,,101," "," ",0.388,H,,R,Y,3,0,1,2,A,-,07,21658,A,N,B,C,A,A,H,-,A,D,0,,,,,Y,,A,01,0,1,0,0,0,0,0,0,0,"- ","- ",34.154918670654297,-118.82076263427734,VENTURA,"THOUSAND OAKS",-118.82078552246094,34.154891967773438
92442633,2024,2024-07-18,9770,2024-07-11,"905 ",023853,,4,1,6,5607,0,1,2,,2,074,"US-101 N/B (VENTURA FREEWAY)","MOORPARK ROAD",2640.00,S,N,A,-,Y,VEN,,101," "," ",3.579,H,,R,N,4,0,1,4,A,-,03,22350,,N,C,C,A,A,H,-,A,D,0,,,,,Y,,D,22,0,0,1,0,0,0,0,0,0,"- ","- ",34.176898956298828,-118.8677978515625,VENTURA,"THOUSAND OAKS",-118.86780548095703,34.176834106445312
92444361,2024,2024-07-22,9430,2024-07-17,1030,018627,,3,1,9,5600,0,2,4,,1,031,"LOCKWOOD VALLEY RD",SR-33,11088.00,E,N,A,-,N,,,,,,,,,,N,2,0,1,1,A,-,03,22350,,N,F,A,A,B,H,-,A,D,0,,,Y,,Y,,C,02,1,0,0,0,0,0,0,0,1,"- ","- ",34.695911407470703,-119.3214111328125,VENTURA,UNINCORPORATED,-119.32176208496094,34.695484161376953
92444803,2024,2024-07-22,9765,2024-07-11,1659,023509,,4,2,9,5600,0,3,5,,2,006,"LAS POSAS ROAD","HUENEME ROAD",7392.00,S,N,A,-,N,,,,,,,,,,Y,3,0,2,1,A,-,08,22107,,N,E,I,A,A,H,-,A,D,0,,,,,Y,,A,07,0,1,1,0,0,0,0,0,0,"- ","- ",34.13262939453125,-119.07763671875,VENTURA,UNINCORPORATED,-119.07695007324219,34.1370849609375
92481005,2024,2024-08-14,9770,2024-07-21,1015,022823,,7,1,9,5600,0,1,3,,1,054,"SR-34 (SOMIS ROAD)","LOS ANGELES AVENUE",135.00,S,N,A,-,Y,VEN,,34," "," ",17.632,H,,R,N,4,0,2,2,A,-,03,22350,,N,C,C,A,A,H,-,A,A,0,,,,,Y,,A,01,0,0,2,0,0,0,0,0,0,"- ","- ",34.263309478759766,-118.99465179443359,VENTURA,UNINCORPORATED,-118.99465179443359,34.263309478759766
9248914,2021,2021-04-26,5600,2021-03-10,1808,4844,5100,3,5,4,5690,0,0,0,,0,2B01,"FLORY AV","3RD ST",350.00,S,N,B,-,N,,,,,,,,,,N,4,0,2,2,A,-,09,21804,A,N,D,C,A,B,H,-,C,D,0,,,,,Y,,A,01,0,0,2,0,0,0,0,0,0,"- ","- ",34.281909942626953,-118.88104248046875,VENTURA,MOORPARK,-118.88099670410156,34.280941009521484
9250041,2021,2021-04-28,5608,2021-03-16,1612,377,,2,5,6,5608,0,0,0,,0,001,"S PALM AV","SANTA CLARA ST",165.00,S,N,A,-,N,,,,,,,,,,N,3,0,1,2,A,-,17,22517,,N,D,G,A,A,H,-,A,D,0,,Y,,,Y,,-,,0,1,0,0,0,0,1,0,0,"- ","- ",,,VENTURA,VENTURA,-119.29618835449219,34.279075622558594
9250043,2021,2021-04-28,5608,2021-03-20,1828,483,VENTU,6,5,6,5608,0,0,0,,0,003,"TELEPHONE RD","JOHNSON DR",19.00,W,N,A,-,N,,,,,,,,,,Y,2,0,4,2,A,-,12,21453,A,N,D,C,A,A,H,-,A,D,0,,,,,Y,,-,,1,3,0,0,0,0,0,0,0,"- ","- ",,,VENTURA,VENTURA,-119.20085144042969,34.267120361328125
92508861,2024,2024-07-23,9765,2024-07-13,"527 ",022488,,6,3,6,5604,0,1,2,,2,502,"US-101 N/B","DEL NORTE BLVD.",2165.00,S,N,A,-,Y,VEN,,101," "," ",18.592,H,,R,Y,3,0,1,1,A,-,08,22107,,N,E,I,A,A,H,-,D,D,0,,,,,Y,Y,-,"- ",0,1,0,0,0,0,0,0,0,"- ","- ",34.222221374511719,-119.11952209472656,VENTURA,OXNARD,-119.11952209472656,34.222156524658203
9252424,2021,2021-04-20,5604,2021-03-19,1348,5624,,5,5,6,5604,0,0,0,,0,014,"N OXNARD BL","ESPLANADE DR",45.00,N,N,A,-,N,,,,,,,,,,Y,4,0,2,2,A,-,08,22107,,N,B,C,A,A,H,-,A,A,0,,,Y,,Y,,A,01,0,0,2,0,0,0,0,0,1,"- ","- ",34.235748291015625,-119.18018341064453,VENTURA,OXNARD,-119.18025207519531,34.235881805419922
9252428,2021,2021-04-20,5604,2021-03-17,1111,5615,,3,5,6,5604,0,0,0,,0,021,"N VICTORIA AV","DORIS AV",200.00,N,N,A,-,N,,,,,,,,,,Y,4,0,1,2,A,-,04,21703,,N,C,C,A,A,H,-,A,A,0,,,,,Y,,A,01,0,0,1,0,0,0,0,0,0,"- ","- ",,,VENTURA,OXNARD,-119.22099304199219,34.209060668945312
9252433,2021,2021-04-20,5604,2021-03-15,1944,5512,,1,5,6,5604,0,0,0,,0,022,"WEST 5TH ST","C ST S",0.00,,Y,A,-,N,,,,,,,,,,N,4,0,1,2,A,-,10,21950,A,N,G,B,B,A,H,-,C,A,0,Y,,,,Y,,A,01,0,0,1,0,1,0,0,0,0,"- ","- ",34.197521209716797,-119.18109893798828,VENTURA,OXNARD,-119.18110656738281,34.197517395019531
9252437,2021,2021-04-20,5604,2021-03-14,1559,5534,,7,5,6,5604,0,0,0,,0,022,"HOBSON WY","9TH ST",30.00,S,N,-,-,N,,,,,,,,,,,4,0,2,2,A,-,03,22350,,N,C,C,A,A,H,-,-,A,0,,,,,Y,,A,01,0,0,2,0,0,0,0,0,0,"- ","- ",34.192451477050781,-119.18916320800781,VENTURA,OXNARD,-119.18917083740234,34.192459106445312
9252525,2021,2021-04-23,5604,2021-02-21,1637,5502,,7,5,6,5604,0,0,0,,0,042,"E CLARA ST","SAVIERS RD",0.00,,Y,A,-,N,,,,,,,,,,Y,4,0,1,2,A,-,03,22350,,N,D,C,A,A,H,-,A,D,0,,,,,Y,,A,01,0,0,1,0,0,0,0,0,0,"- ","- ",34.151229858398438,-119.17778778076172,VENTURA,OXNARD,-119.17787933349609,34.151237487792969
9252861,2021,2021-04-28,5604,2021-03-11,1827,5458,,4,5,6,5604,0,0,0,,0,011,"N VENTURA RD","DORIS AV",0.00,,Y,A,-,N,,,,,,,,,,Y,4,0,2,3,A,-,09,21801,A,N,D,C,A,A,H,-,C,A,0,,,,,Y,,A,07,0,0,2,0,0,0,0,0,0,"- ","- ",34.208328247070312,-119.19467163085938,VENTURA,OXNARD,-119.19464111328125,34.208362579345703
9252873,2021,2021-04-30,5604,2021-03-02,1530,5521,,2,5,6,5604,0,0,0,,0,012,"N RICE AV","E GONZALEZ RD",0.00,,Y,A,-,N,,,,,,,,,,Y,4,0,1,3,A,-,12,21453,A,N,D,C,A,A,H,-,A,A,0,,,,,Y,,A,01,0,0,1,0,0,0,0,0,0,"- ","- ",34.218761444091797,-119.14201354980469,VENTURA,OXNARD,-119.14210510253906,34.218727111816406
9254005,2021,2021-05-04,5600,2021-04-07,1540,4527,9158,3,5,6,5607,0,0,0,,0,9D01,"TOWNSGATE RD","HAMPSHIRE RD",365.00,E,N,A,-,N,,,,,,,,,,N,4,0,1,2,A,-,09,21801,A,N,D,C,A,A,H,-,A,A,0,,,,,Y,,A,07,0,0,1,0,0,0,0,0,0,"- ","- ",34.160938262939453,-118.83786773681641,VENTURA,"THOUSAND OAKS",-118.8367919921875,34.161151885986328
9254021,2021,2021-05-03,5608,2021-04-11,1711,499,7,7,5,6,5608,0,0,0,,0,004,"RALSTON ST","VICTORIA AV",0.00,,Y,A,-,N,,,,,,,,,,N,4,0,1,2,A,-,04,21703,,N,C,C,A,A,H,-,A,A,0,,,,,Y,,-,,0,0,1,0,0,0,0,0,0,"- ","- ",,,VENTURA,VENTURA,-119.21165466308594,34.261054992675781
9254024,2021,2021-05-03,5608,2021-04-19,1725,535,,1,5,6,5608,0,0,0,,0,004,"TANGER ST","ROBIN AV",150.00,E,N,A,-,N,,,,,,,,,,Y,3,0,1,2,A,-,21,22106,,N,D,C,A,A,H,-,A,D,0,,,,,Y,,A,01,0,1,0,0,0,0,0,0,0,"- ","- ",,,VENTURA,VENTURA,-119.20510864257812,34.259906768798828
9254204,2021,2021-05-05,5604,2021-04-03,1528,5458,,6,5,6,5604,0,0,0,,0,011,"N VICTORIA AV","GONZALES RD",800.00,S,N,A,-,N,,,,,,,,,,Y,4,0,2,3,A,-,03,22350,I,N,C,C,A,A,H,-,A,A,0,,,,Y,Y,,D,22,0,0,2,0,0,0,0,0,0,"- ","- ",34.219440460205078,-119.22113800048828,VENTURA,OXNARD,-119.22126770019531,34.217254638671875
9254335,2021,2021-05-05,5604,2021-04-12,0547,5586,,1,5,6,5604,0,0,0,,0,032,"E WOOLEY RD","PACIFIC AV",0.00,,Y,A,-,N,,,,,,,,,,,3,0,1,2,A,-,12,21453,A,N,D,C,A,A,H,-,C,A,0,,,,Y,Y,,A,01,0,1,0,0,0,0,0,0,0,"- ","- ",34.189910888671875,-119.16484832763672,VENTURA,OXNARD,-119.16486358642578,34.189918518066406
9255649,2021,2021-05-19,5604,2021-04-24,1006,5563,,6,5,6,5604,0,0,0,,0,032,"S ROSE AV","MOUNTAIN VIEW AV",0.00,,Y,A,-,N,,,,,,,,,,N,4,0,2,2,A,-,09,21801,A,N,E,C,A,A,H,-,A,D,0,,,,,Y,,A,01,0,0,2,0,0,0,0,0,0,"- ","- ",34.19342041015625,-119.15982055664062,VENTURA,OXNARD,-119.15990447998047,34.193431854248047
9255654,2021,2021-05-19,5604,2021-04-20,1521,5490,,2,5,6,5604,0,0,0,,0,024,"SAVIERS RD","CHANNEL ISLANDS BL",200.00,N,N,A,-,N,,,,,,,,,,N,4,0,1,2,A,-,03,22350,,N,C,C,A,A,H,-,A,D,0,,,,,Y,,A,01,0,0,1,0,0,0,0,0,0,"- ","- ",,,VENTURA,OXNARD,-119.17764282226562,34.173988342285156
9256640,2021,2021-06-02,5600,2021-04-15,0928,2962,6020,4,5,3,5602,0,0,0,,0,6B01,"RT 126","SANTA CLARA ST",368.00,W,N,A,-,Y,VEN,7,126,-,-,21.870,H,-,W,Y,3,0,1,2,A,-,08,22107,,N,C,E,A,A,H,-,A,D,0,,,,Y,Y,,A,01,0,1,0,0,0,0,0,0,0,"- ","- ",,,VENTURA,FILLMORE,-118.90531158447266,34.39892578125
92571940,2024,2024-07-23,9765,2024-07-15,1320,018884,,1,1,5,5601,0,1,2,,2,504,"NB US 101 (VENTURA FREEWAY)","CARMEN DRIVE",350.00,N,N,A,-,Y,VEN,,101," "," ",14.872,H,,R,N,4,0,1,3,A,-,03,22350,,N,C,C,A,A,H,-,A,D,0,,,,,Y,,A,07,0,0,1,0,0,0,0,0,0,"- ","- ",34.217849731445312,-119.05181121826172,VENTURA,CAMARILLO,-119.05181121826172,34.217830657958984
92596191,2024,2024-10-30,9765,2024-07-14,1953,021485,,7,2,6,5608,0,1,3,,1,062,SR-1,"LA JOLLA CANYON",500.00,N,N,A,-,Y,VEN,,1," "," ",6.154,H,,R,Y,2,0,6,3,A,-,01,23152,F,N,A,C,A,A,H,-,A,D,0,,,,,Y,,A,01,1,3,2,0,0,0,0,0,0,"- ","- ",34.083919525146484,-119.03778839111328,VENTURA,VENTURA,-119.03778839111328,34.083946228027344
92596670,2024,2024-07-24,9765,2024-07-11,1651,023498,,4,2,6,5604,0,1,2,,2,501,"US-101 S/B","RICE AVENUE",0.96,N,N,A,-,Y,VEN,,101," "," ",21.011,H,,L,Y,3,0,1,2,A,-,03,22350,,F,C,C,A,A,H,-,A,D,0,,,,,Y,,D,22,0,1,0,0,0,0,0,0,0,"- ","- ",34.225040435791016,-119.15856170654297,VENTURA,OXNARD,-119.15857696533203,34.225006103515625
92596945,2024,2024-07-24,9765,2024-07-16,"852 ",022106,,2,1,6,5604,0,1,2,,2,301,"US-101 S/B","VINEYARD AVE.",40.00,N,N,A,-,Y,VEN,,101," "," ",22.020,H,,L,Y,3,0,2,2,A,-,03,22350,,N,C,C,A,A,H,-,A,D,0,,,,,Y,,A,01,0,1,1,0,0,0,0,0,0,"- ","- ",34.231941223144531,-119.17357635498047,VENTURA,OXNARD,-119.17353057861328,34.231967926025391
92602109,2024,2024-07-25,9765,2024-07-16,2329,021869,,2,3,6,5604,0,3,5,,2,003,"US-101 S/B TO VENTURA RD.","WAGON WHEEL RD.",0.00,,Y,A,-,Y,,,,,,,,,,Y,4,0,1,1,A,-,03,22350,,N,E,I,A,A,H,-,C,A,0,,,,,Y,,A,01,0,0,1,0,0,0,0,0,0,"- ","- ",34.24066162109375,-119.18611907958984,VENTURA,OXNARD,-119.18552398681641,34.240711212158203
9261128,2021,2021-05-05,5600,2021-04-05,0612,4965,8127,1,5,5,5601,0,0,0,,0,8C01,"LEWIS RD","TEMPLE AV",250.00,E,N,A,-,Y,VEN,7,34,-,-,14.090,H,-,E,Y,3,0,1,2,A,-,08,22107,,N,C,C,A,A,H,-,C,D,0,,,,Y,Y,,A,01,0,1,0,0,0,0,0,0,0,"- ","- ",34.2216796875,-119.02938079833984,VENTURA,CAMARILLO,-119.02875518798828,34.222122192382812