CASE_ID,ACCIDENT_YEAR,PROC_DATE,JURIS,COLLISION_DATE,COLLISION_TIME,OFFICER_ID,REPORTING_DISTRICT,DAY_OF_WEEK,CHP_SHIFT,POPULATION,CNTY_CITY_LOC,SPECIAL_COND,BEAT_TYPE,CHP_BEAT_TYPE,CITY_DIVISION_LAPD,CHP_BEAT_CLASS,BEAT_NUMBER,PRIMARY_RD,SECONDARY_RD,DISTANCE,DIRECTION,INTERSECTION,WEATHER_1,WEATHER_2,STATE_HWY_IND,CALTRANS_COUNTY,CALTRANS_DISTRICT,STATE_ROUTE,ROUTE_SUFFIX,POSTMILE_PREFIX,POSTMILE,LOCATION_TYPE,RAMP_INTERSECTION,SIDE_OF_HWY,TOW_AWAY,COLLISION_SEVERITY,NUMBER_KILLED,NUMBER_INJURED,PARTY_COUNT,PRIMARY_COLL_FACTOR,PCF_CODE_OF_VIOL,PCF_VIOL_CATEGORY,PCF_VIOLATION,PCF_VIOL_SUBSECTION,HIT_AND_RUN,TYPE_OF_COLLISION,MVIW,PED_ACTION,ROAD_SURFACE,ROAD_COND_1,ROAD_COND_2,LIGHTING,CONTROL_DEVICE,CHP_ROAD_TYPE,PEDESTRIAN_ACCIDENT,BICYCLE_ACCIDENT,MOTORCYCLE_ACCIDENT,TRUCK_ACCIDENT,NOT_PRIVATE_PROPERTY,ALCOHOL_INVOLVED,STWD_VEHTYPE_AT_FAULT,CHP_VEHTYPE_AT_FAULT,COUNT_SEVERE_INJ,COUNT_VISIBLE_INJ,COUNT_COMPLAINT_PAIN,COUNT_PED_KILLED,COUNT_PED_INJURED,COUNT_BICYCLIST_KILLED,COUNT_BICYCLIST_INJURED,COUNT_MC_KILLED,COUNT_MC_INJURED,PRIMARY_RAMP,SECONDARY_RAMP,LATITUDE,LONGITUDE,COUNTY,CITY,POINT_X,POINT_Y
9368426,2021,2021-12-15,5604,2021-11-01,1203,5623,,1,5,6,5604,0,0,0,,0,021,"SOUTH VICTORIA AV","VIA MARINA AV",0.00,,Y,B,-,N,,,,,,,,,,Y,4,0,5,3,A,-,09,21802,A,N,D,C,A,A,H,-,A,A,0,,,,,Y,,A,01,0,0,5,0,0,0,0,0,0,"- ","- ",,,VENTURA,OXNARD,-119.22135925292969,34.188083648681641
9368615,2021,2021-12-07,5604,2021-10-25,0651,5403,,1,5,6,5604,0,0,0,,0,041,"E PLEASANT VALLEY RD","OXNARD BL",0.00,,Y,C,-,N,,,,,,,,,,N,4,0,1,2,A,-,08,22107,,F,D,C,A,B,H,-,C,A,0,,,,,Y,,E,22,0,0,1,0,0,0,0,0,0,"- ","- ",34.165439605712891,-119.14412689208984,VENTURA,OXNARD,-119.14414215087891,34.165439605712891
9368630,2021,2021-12-07,5604,2021-10-27,1418,4795,,3,5,6,5604,0,0,0,,0,012,"E GONZALES RD","BAHA DR",0.00,,Y,A,-,N,,,,,,,,,,Y,4,0,2,3,A,-,09,21801,A,N,D,C,A,A,H,-,A,A,0,,,,,Y,,A,01,0,0,2,0,0,0,0,0,0,"- ","- ",,,VENTURA,OXNARD,-119.175048828125,34.218990325927734
9369123,2021,2021-12-09,5606,2021-02-17,0737,1131,5606,3,5,4,5606,0,0,0,,0,001,"HARVARD W BL","PECK PL",143.00,E,N,A,-,N,,,,,,,,,,Y,2,0,1,1,A,-,03,22350,,N,F,A,A,A,A,B,A,A,0,,,Y,,Y,,O,05,1,0,0,0,0,0,0,0,1,"- ","- ",,,VENTURA,"SANTA PAULA",-119.08465576171875,34.340518951416016
9370696,2021,2021-12-24,5604,2021-11-16,1640,5285,,2,5,6,5604,0,0,0,,0,022,"9TH ST","VENTURA RD",0.00,,Y,A,-,N,,,,,,,,,,N,3,0,1,2,A,-,06,21755,A,N,D,G,A,A,H,-,A,A,0,,Y,,,Y,,L,04,0,1,0,0,0,0,1,0,0,"- ","- ",34.192390441894531,-119.19508361816406,VENTURA,OXNARD,-119.195068359375,34.192386627197266
9370816,2021,2021-12-28,5604,2021-11-22,0635,4919,,1,5,6,5604,0,0,0,,0,041,"ALBANY DR","DENVER PL",25.00,S,N,A,-,N,,,,,,,,,,Y,4,0,1,2,A,-,01,23152,A,N,C,E,A,A,H,-,A,D,0,,,,,Y,Y,A,01,0,0,1,0,0,0,0,0,0,"- ","- ",,,VENTURA,OXNARD,-119.16660308837891,34.170204162597656
9371063,2021,2021-12-17,5608,2021-10-27,0914,451,,3,5,6,5608,0,0,0,,0,002,"ALESSANDRO DR","SEAWARD AV",121.00,E,N,A,-,N,,,,,,,,,,Y,4,0,1,1,A,-,03,22350,,N,E,J,A,A,B,-,A,D,0,,,,,Y,,J,49,0,0,1,0,0,0,0,0,0,"- ","- ",,,VENTURA,VENTURA,-119.26791381835938,34.266239166259766
9372618,2021,2021-12-20,5604,2021-11-15,0959,5231,,1,5,6,5604,0,0,0,,0,031,"ROSE AV","CESAR CHAVEZ DR",600.00,S,N,A,-,N,,,,,,,,,,Y,3,0,1,2,A,-,03,22350,,N,C,C,A,A,H,-,A,A,0,,,,,Y,,A,01,0,1,0,0,0,0,0,0,0,"- ","- ",34.213138580322266,-119.15959167480469,VENTURA,OXNARD,-119.15970611572266,34.211502075195312
9372623,2021,2021-12-13,5604,2021-10-27,0620,5039,,3,5,6,5604,0,0,0,,0,031,"EAST 5TH ST","S RICE AV S",0.00,,Y,B,-,N,,,,,,,,,,Y,4,0,2,2,A,-,08,22107,,N,D,C,A,A,H,-,B,A,0,,,,,Y,,A,08,0,0,2,0,0,0,0,0,0,"- ","- ",34.196868896484375,-119.14228057861328,VENTURA,OXNARD,-119.14239501953125,34.196842193603516
9372628,2021,2021-12-13,5604,2021-10-21,2215,5458,,4,5,6,5604,0,0,0,,0,014,"OXNARD BL","101 OVERPAS",5.00,E,N,A,-,N,,,1,,,,,,,N,3,0,1,2,A,-,10,21950,A,N,A,B,B,A,H,-,C,A,0,Y,,,Y,Y,,F,26,0,1,0,0,1,0,0,0,0,"- ","- ",34.238998413085938,-119.18084716796875,VENTURA,OXNARD,-119.18091583251953,34.239002227783203
9372755,2021,2021-12-22,5604,2021-11-05,1650,5641,,5,5,6,5604,0,0,0,,0,022,"WEST 2ND ST","SOUTH K ST",400.00,E,N,A,-,N,,,,,,,,,,Y,4,0,1,2,A,-,08,22107,,N,C,E,A,A,D,E,A,D,0,,,,,Y,,A,01,0,0,1,0,0,0,0,0,0,"- ","- ",34.201728820800781,-119.191650390625,VENTURA,OXNARD,-119.1903076171875,34.201736450195312
9372758,2021,2021-12-21,5604,2021-11-08,0740,4919,,1,5,6,5604,0,0,0,,0,024,"WEST JUNIPER ST","J ST",180.00,W,N,A,-,N,,,,,,,,,,,4,0,2,2,A,-,21,22106,,N,C,C,A,A,H,-,A,D,0,,,,,Y,,A,01,0,0,2,0,0,0,0,0,0,"- ","- ",,,VENTURA,OXNARD,-119.18682098388672,34.179603576660156
9373083,2021,2021-12-13,5604,2021-10-14,1050,5490,,4,5,6,5604,0,0,0,,0,041,"SAN JUAN AV","BARD RD",0.00,,Y,A,-,N,,,,,,,,,,N,3,0,2,2,A,-,"- ",,,N,D,C,A,A,H,-,A,D,0,,,,,Y,,-,"- ",0,1,1,0,0,0,0,0,0,"- ","- ",,,VENTURA,OXNARD,-119.17005157470703,34.162010192871094
9373084,2021,2021-12-13,5604,2021-10-04,1008,5242,,1,5,6,5604,0,0,0,,0,014,"VINEYARD AV","SIMON WY",500.00,N,N,A,-,N,,,,,,,,,,Y,3,0,1,2,A,-,03,22350,,N,F,A,A,A,H,-,A,A,0,,,Y,,Y,,C,02,0,1,0,0,0,0,0,0,1,"- ","- ",,,VENTURA,OXNARD,-119.16317749023438,34.245262145996094
9373088,2021,2021-12-13,5604,2021-10-21,1744,4755,,4,5,6,5604,0,0,0,,0,024,"S PATTERSON RD","HEMLOCK ST",0.00,,Y,A,-,N,,,,,,,,,,Y,4,0,1,2,A,-,08,22107,,N,D,C,A,A,H,-,A,A,0,,,,,Y,,A,01,0,0,1,0,0,0,0,0,0,"- ","- ",34.181228637695312,-119.20832061767578,VENTURA,OXNARD,-119.20838165283203,34.181243896484375
9373089,2021,2021-12-13,5604,2021-10-21,1940,5585,,4,5,6,5604,0,0,0,,0,041,"CHANNEL ISLANDS BL","PAULA ST",30.00,E,N,A,-,N,,,,,,,,,,Y,4,0,1,2,A,-,03,22350,,N,C,C,A,A,H,-,C,D,0,,,,,Y,Y,A,01,0,0,1,0,0,0,0,0,0,"- ","- ",34.173130035400391,-119.16893768310547,VENTURA,OXNARD,-119.16912078857422,34.173374176025391
9374270,2021,2021-12-21,5608,2021-11-23,1529,448,,2,5,6,5608,0,0,0,,0,004,"VICTORIA AV","AVOCET DR",202.00,N,N,A,-,N,,,,,,,,,,N,3,0,2,2,A,-,08,22107,,N,D,G,A,A,D,E,A,D,0,,Y,,,Y,,A,01,0,2,0,0,0,0,2,0,0,"- ","- ",,,VENTURA,VENTURA,-119.21116638183594,34.258960723876953
9374276,2021,2021-12-21,5608,2021-11-30,0550,527,,2,5,6,5608,0,0,0,,0,004,"TELEPHONE RD","CYPRESS POINT LN",28.00,E,N,E,-,N,,,,,,,,,,N,3,0,1,2,A,-,03,22350,,F,G,B,D,A,H,-,C,D,0,Y,,,,Y,,-,,0,1,0,0,1,0,0,0,0,"- ","- ",,,VENTURA,VENTURA,-119.21580505371094,34.264942169189453
9374662,2021,2021-12-14,5608,2021-11-08,1347,483,VENTU,1,5,6,5608,0,0,0,,0,003,"TELEGRAPH RD","HILL RD",0.00,,Y,A,-,N,,,,,,,,,,Y,4,0,1,2,A,-,09,21801,,N,D,C,A,-,H,-,A,A,0,,,,,Y,,-,,0,0,1,0,0,0,0,0,0,"- ","- ",,,VENTURA,VENTURA,-119.20903778076172,34.278804779052734
9376756,2021,2022-01-07,5608,2021-12-13,2327,525,,1,5,6,5608,0,0,0,,0,001,"VENTURA AV","EAST SIMPSON AV",0.00,,Y,C,-,N,,,,,,,,,,Y,3,0,2,3,A,-,12,22450,,F,D,C,A,B,H,-,D,D,0,,,,,Y,Y,A,01,0,2,0,0,0,0,0,0,0,"- ","- ",,,VENTURA,VENTURA,-119.29865264892578,34.288543701171875
9376759,2021,2022-01-07,5608,2021-12-08,1730,397,VENTU,3,5,6,5608,0,0,0,,0,002,"HARBOR BL","MONMOUTH WY",25.00,E,N,A,-,N,,,,,,,,,,N,4,0,1,2,A,-,09,21804,A,F,D,C,A,A,H,-,B,D,0,,,,,Y,,-,,0,0,1,0,0,0,0,0,0,"- ","- ",,,VENTURA,VENTURA,-119.2728271484375,34.267421722412109
93768002,2024,2024-08-07,9765,2024-07-29,"254 ",021869,,1,3,9,5600,0,1,2,,2,301,"US-101 S/B TO SR-126 E/B","TELEPHONE RD.",3168.00,N,N,A,-,Y,VEN,,101," "," ",26.672,H,,L,Y,3,0,1,1,A,-,08,22107,,N,E,I,A,A,H,-,C,D,0,,,,,Y,,A,01,0,1,0,0,0,0,0,0,0,"- ","- ",34.264450073242188,-119.24208068847656,VENTURA,UNINCORPORATED,-119.24214172363281,34.264617919921875
93768923,2024,2024-08-08,9765,2024-07-31,1743,021015,,3,2,6,5608,0,1,2,,2,103,"US-101 S/B (VENTURA FREEWAY)","FIGUEROA STREET",134.00,N,N,A,-,Y,VEN,,101," "," ",30.443,H,,L,N,4,0,3,2,A,-,03,22350,,F,C,C,A,A,H,-,A,D,0,,,,,Y,Y,-,99,0,0,3,0,0,0,0,0,0,"- ","- ",34.277301788330078,-119.29824066162109,VENTURA,VENTURA,-119.29824066162109,34.277336120605469
9377828,2021,2022-01-10,5604,2021-11-04,1402,5586,,4,5,6,5604,0,0,0,,0,042,"PERKINS RD","E PLEASANT VALLEY RD",0.00,,Y,A,-,N,,,,,,,,,,N,3,0,1,2,A,-,05,21650,,F,D,G,A,A,H,-,A,A,0,,Y,,,Y,Y,L,04,0,1,0,0,0,0,1,0,0,"- ","- ",34.152839660644531,-119.183837890625,VENTURA,OXNARD,-119.18386077880859,34.154739379882812
9377848,2021,2022-02-24,5604,2021-12-13,2338,5485,,1,5,6,5604,0,0,0,,0,014,"RT 232","ESPLANADE DR",0.00,,Y,C,-,N,,,232,,,,,,,Y,4,0,2,2,A,-,12,21453,A,N,D,C,A,B,H,-,C,A,0,,,,,Y,,-,"- ",0,0,2,0,0,0,0,0,0,"- ","- ",34.229999542236328,-119.17465209960938,VENTURA,OXNARD,-119.17465972900391,34.230010986328125
9377852,2021,2022-01-13,5604,2021-12-12,0738,5529,,7,5,6,5604,0,0,0,,0,014,"W RT 232","EDIELWIESS ST",0.00,,Y,A,-,N,,,,,,,,,,Y,3,0,2,2,A,-,09,21804,A,N,-,C,A,A,H,-,A,D,0,,,,,Y,,A,01,0,1,1,0,0,0,0,0,0,"- ","- ",34.226558685302734,-119.18100738525391,VENTURA,OXNARD,-119.18105,34.226525000000002
9377854,2021,2022-01-13,5604,2021-12-11,1509,5655,,6,5,6,5604,0,0,0,,0,024,"W CHANNEL ISLANDS BL","VENTURA RD",300.00,E,N,A,-,N,,,,,,,,,,N,4,0,1,2,A,-,09,21801,A,N,D,C,A,A,H,-,A,D,0,,,,,Y,,A,01,0,0,1,0,0,0,0,0,0,"- ","- ",34.176860809326172,-119.19338989257812,VENTURA,OXNARD,-119.19392395019531,34.175666809082031
9377859,2021,2022-02-02,5604,2021-12-06,1941,5614,,1,5,6,5604,0,0,0,,0,042,"SAVIERS RD","PLEASANT VALLEY RD",0.00,,Y,A,-,N,,,,,,,,,,N,4,0,1,2,A,-,11,21456,C,N,G,B,B,A,H,-,C,A,0,Y,,,,Y,,N,60,0,0,1,0,1,0,0,0,0,"- ","- ",34.154708862304688,-119.17774963378906,VENTURA,OXNARD,-119.17784881591797,34.154731750488281
9377860,2021,2022-01-13,5604,2021-12-06,1712,5451,,1,5,6,5604,0,0,0,,0,023,"S OXNARD BL","4TH ST",25.00,S,N,B,-,N,,,,,,,,,,N,4,0,2,3,A,-,03,22350,,N,C,C,A,A,H,-,C,A,0,,,,,Y,,A,01,0,0,2,0,0,0,0,0,0,"- ","- ",34.198970794677734,-119.17735290527344,VENTURA,OXNARD,-119.17745971679688,34.198932647705078
9377861,2021,2022-01-13,5604,2021-12-05,1735,5641,,7,5,6,5604,0,0,0,,0,011,"GLENWOOD DR","N OXNARD BL",50.00,W,N,A,-,N,,,,,,,,,,Y,4,0,1,2,A,-,09,21801,A,N,D,C,A,A,H,-,C,D,0,,,,,Y,,A,07,0,0,1,0,0,0,0,0,0,"- ","- ",34.214088439941406,-119.17768859863281,VENTURA,OXNARD,-119.17764282226562,34.214340209960938
9378010,2021,2022-01-19,5604,2021-12-03,1000,5172,,5,5,6,5604,0,0,0,,0,022,"W 1ST ST","A ST",0.00,,Y,A,-,N,,,,,,,,,,Y,3,0,1,2,A,-,09,21802,A,N,D,C,A,A,H,-,A,D,0,,,,,Y,,D,22,0,1,0,0,0,0,0,0,0,"- ","- ",34.202960968017578,-119.17852020263672,VENTURA,OXNARD,-119.17855072021484,34.202960968017578
9378026,2021,2022-03-14,5604,2021-11-08,2000,5018,,1,5,6,5604,0,0,0,,0,014,"RT 232","RT 101",25.00,E,N,A,-,Y,VEN,7,232,-,-,0.530,H,-,S,Y,4,0,1,2,A,-,03,22350,,N,C,C,A,A,H,-,C,A,0,,,,,Y,,A,01,0,0,1,0,0,0,0,0,0,"- ",NO,34.231739044189453,-119.17330169677734,VENTURA,OXNARD,-119.17299652099609,34.232158660888672
9378047,2021,2022-01-19,5604,2021-12-15,2240,5654,,3,5,6,5604,0,0,0,,0,042,"ARCTURUS AV","HUENEME RD",1700.00,S,N,A,-,N,,,,,,,,,,Y,3,0,1,2,-,-,"- ",,,M,C,E,A,A,H,-,C,D,0,,,,Y,Y,,-,"- ",0,1,0,0,0,0,0,0,0,"- ","- ",34.167499542236328,-119.17127227783203,VENTURA,OXNARD,-119.17230224609375,34.142684936523438
9378107,2021,2022-01-13,5604,2021-09-03,1501,5538,,5,5,6,5604,0,0,0,,0,024,"S VENTURA RD","WOOLEY RD",300.00,S,N,A,-,N,,,,,,,,,,Y,3,0,1,3,A,-,03,22350,,N,C,C,A,A,H,-,A,D,0,,,,,Y,,A,01,0,1,0,0,0,0,0,0,0,"- ","- ",34.190319061279297,-119.19510650634766,VENTURA,OXNARD,-119.19512176513672,34.190299987792969
9380170,2021,2022-01-12,5608,2021-12-10,1630,432,,5,5,6,5608,0,0,0,,0,002,"EAST THOMPSON BL","S BORCHARD",254.00,E,N,A,-,N,,,,,,,,,,N,3,0,1,2,A,-,08,22107,,N,A,G,A,A,-,-,A,A,0,,Y,,,Y,,A,07,0,1,0,0,0,0,1,0,0,"- ","- ",,,VENTURA,VENTURA,-119.25949096679688,34.272205352783203
9381093,2022,2022-01-26,5608,2022-01-06,1358,370,,4,5,6,5608,0,0,0,,0,003,"TELEGRAPH RD","WELLS RD",0.00,,Y,A,-,N,,,,,,,,,,Y,3,0,2,2,A,-,09,21801,A,N,D,C,A,A,H,-,A,A,0,,,,,Y,,A,01,0,2,0,0,0,0,0,0,0,"- ","- ",,,VENTURA,VENTURA,-119.16130828857422,34.295013427734375
9381541,2022,2022-02-14,5608,2022-01-12,1621,446,,3,5,6,5608,0,0,0,,0,003,"WELLS  RD","TELEGRAPH RD",0.00,,Y,A,-,N,,,,,,,,,,Y,3,0,2,2,A,-,09,21801,A,N,D,C,A,A,H,-,A,A,0,,,,,Y,,A,01,0,2,0,0,0,0,0,0,0,"- ","- ",,,VENTURA,VENTURA,-119.16130828857422,34.295013427734375
9381543,2022,2022-02-14,5608,2022-01-20,1542,503,,4,5,6,5608,0,0,0,,0,001,"SHORELINE DR","FIGUEROA ST",1320.00,W,N,A,-,N,,,,,,,,,,Y,2,0,1,2,A,-,08,22107,,N,D,C,A,A,H,-,A,D,0,,,Y,,Y,,A,07,1,0,0,0,0,0,0,0,1,"- ","- ",,,VENTURA,VENTURA,,
9382743,2021,2022-01-06,5604,2021-11-10,1512,5285,,3,5,6,5604,0,0,0,,0,022,"W WOOLEY RD","ESCALON DR",0.00,,Y,-,-,N,,,,,,,,,,Y,4,0,1,2,A,-,09,21800,A,N,D,C,A,A,H,-,A,A,0,,,,,Y,,D,22,0,0,1,0,0,0,0,0,0,"- ","- ",34.190410614013672,-119.19980621337891,VENTURA,OXNARD,-119.1998291015625,34.190189361572266
9382748,2021,2021-12-23,5604,2021-11-17,1235,5064,,3,5,6,5604,0,0,0,,0,021,"SOUTH VICTORIA AV","HEMLOCK AV",0.00,,Y,-,-,N,,,,,,,,,,Y,4,0,1,2,A,-,12,21453,A,N,D,C,A,A,H,-,A,A,0,,,,,Y,,A,01,0,0,1,0,0,0,0,0,0,"- ","- ",34.181331634521484,-119.22164916992188,VENTURA,OXNARD,-119.22168731689453,34.181316375732422
9382754,2021,2022-01-06,5604,2021-11-17,0539,5401,,3,5,6,5604,0,0,0,,0,021,"WEST 5TH ST","HARBOR BL",1500.00,E,N,B,-,N,,,,,,,,,,Y,3,0,2,2,A,-,09,21804,A,N,D,C,A,A,H,-,D,D,0,,,,,Y,,A,08,0,1,1,0,0,0,0,0,0,"- ","- ",34.197788238525391,-119.24246978759766,VENTURA,OXNARD,-119.237548828125,34.197769165039062
9383185,2021,2022-01-06,5604,2021-11-21,2200,5572,,7,5,6,5604,0,0,0,,0,031,"N ROSE AV","CAMINO DEL SOL",0.00,,Y,A,-,N,,,,,,,,,,Y,4,0,1,2,A,-,08,22107,,N,D,C,A,A,H,-,C,A,0,,,,,Y,,A,01,0,0,1,0,0,0,0,0,0,"- ","- ",34.206119537353516,-119.15923309326172,VENTURA,OXNARD,-119.15969085693359,34.206352233886719
9383186,2021,2022-01-03,5604,2021-11-20,0250,5434,,6,5,6,5604,0,0,0,,0,032,"E CHANNEL ISLANDS BL","STATHAM BL",0.00,,Y,A,-,N,,,,,,,,,,Y,4,0,1,2,A,-,08,22107,,N,D,C,A,A,H,-,C,A,0,,,,,Y,,A,07,0,0,1,0,0,0,0,0,0,"- ","- ",34.173370361328125,-119.16562652587891,VENTURA,OXNARD,-119.1656494140625,34.173324584960938
9383199,2021,2022-01-03,5604,2021-11-15,0627,5252,,1,5,6,5604,0,0,0,,0,031,"S RICE AV","EAST 5TH ST",0.00,,Y,A,-,N,,,,,,,,,,Y,3,0,2,2,A,-,12,21453,A,N,D,C,A,A,H,-,A,A,0,,,,,Y,,A,01,0,2,0,0,0,0,0,0,0,"- ","- ",34.196868896484375,-119.14228057861328,VENTURA,OXNARD,-119.14239501953125,34.196842193603516
9383217,2021,2022-01-05,5604,2021-11-28,1621,5539,,7,5,6,5604,0,0,0,,0,011,"N OXNARD BL","ROBERT AV",300.00,S,N,A,-,N,,,,,,,,,,Y,3,0,2,2,A,-,04,21703,,N,C,C,A,A,H,-,A,D,0,,,,,Y,,A,01,0,1,1,0,0,0,0,0,0,"- ","- ",34.209201812744141,-119.1773681640625,VENTURA,OXNARD,-119.17733001708984,34.210376739501953
9384039,2021,2021-12-28,5604,2021-10-21,2036,5641,,4,5,6,5604,0,0,0,,0,022,"KING ST","W 9TH ST",0.00,,Y,A,-,N,,,,,,,,,,Y,4,0,1,5,A,-,00,20001,A,F,C,C,A,-,H,-,-,D,0,,,,,Y,,A,01,0,0,1,0,0,0,0,0,0,"- ","- ",34.192409515380859,-119.18553161621094,VENTURA,OXNARD,-119.18553161621094,34.192432403564453
9384304,2021,2022-01-14,5608,2021-12-15,1453,503,,3,5,6,5608,0,0,0,,0,003,"TELEGRAPH PL","NELLS RD",39.00,N,N,A,-,N,,,,,,,,,,Y,4,0,2,3,A,-,03,22350,,N,C,C,A,A,D,-,A,D,0,,,,,Y,,-,,0,0,2,0,0,0,0,0,0,"- ","- ",,,VENTURA,VENTURA,,
9384306,2021,2022-01-14,5608,2021-12-14,2021,529,,2,5,6,5608,0,0,0,,0,003,"SCANDIA AV","TELEPHONE RD",291.00,N,N,A,-,N,,,,,,,,,,Y,3,0,1,3,A,-,01,23152,F,M,B,E,A,A,H,-,C,D,0,,,,,Y,Y,A,01,0,1,0,0,0,0,0,0,0,"- ","- ",,,VENTURA,VENTURA,-119.16094970703125,34.278945922851562
9385458,2021,2022-01-12,5608,2021-12-16,0854,499,105,4,5,6,5608,0,0,0,,0,004,"JOHNSON DR","NORTH BANK DR",496.00,N,N,B,-,N,,,,,,,,,,Y,4,0,1,2,A,-,08,22107,,N,D,C,A,A,H,-,A,D,0,,,,,Y,,A,01,0,0,1,0,0,0,0,0,0,"- ","- ",,,VENTURA,VENTURA,-119.19589233398438,34.248004913330078
9390093,2021,2022-01-21,5600,2021-12-21,1140,4527,9173,2,5,6,5607,0,0,0,,0,9D01,"VILLAGE GLEN AV","AGOURA RD",12.00,N,N,A,-,N,,,,,,,,,,N,4,0,1,2,A,-,05,21650,1,N,H,G,A,A,H,-,A,A,0,,Y,,,Y,,L,04,0,0,1,0,0,0,1,0,0,"- ","- ",34.154518127441406,-118.830322265625,VENTURA,"THOUSAND OAKS",-118.82532501220703,34.150478363037109
9390569,2021,2022-02-18,5604,2021-12-18,1828,5561,,6,5,6,5604,0,0,0,,0,011,"N H ST","RODERICK AV",0.00,,Y,A,-,N,,,,,,,,,,Y,4,0,1,2,A,-,09,21801,B,N,D,C,A,A,H,-,C,D,0,,,,,Y,,D,22,0,0,1,0,0,0,0,0,0,"- ","- ",34.209819793701172,-119.18801116943359,VENTURA,OXNARD,-119.18801116943359,34.2098388671875
9390577,2021,2022-01-24,5604,2021-12-21,1525,5637,,2,5,6,5604,0,0,0,,0,012,"N RICE AV","LATIGO AV",0.00,,Y,A,-,N,,,,,,,,,,Y,4,0,2,2,A,-,04,21703,,N,C,C,A,A,H,-,A,A,0,,,,,Y,,A,01,0,0,2,0,0,0,0,0,0,"- ","- ",,,VENTURA,OXNARD,-119.14221954345703,34.210960388183594
9390924,2021,2022-01-24,5604,2021-12-13,1800,5642,,1,5,6,5604,0,0,0,,0,031,"N ROOSEVELT AV","COLONIA RD",0.00,,Y,C,-,N,,,,,,,,,,Y,4,0,1,3,A,-,09,21802,A,N,D,C,A,B,H,-,C,D,0,,,,,Y,,A,01,0,0,1,0,0,0,0,0,0,"- ","- ",,,VENTURA,OXNARD,-119.17269897460938,34.206417083740234
9390925,2021,2022-01-24,5604,2021-12-08,1310,5540,,3,5,6,5604,0,0,0,,0,042,"W PLEASANT VALLEY RD","J ST",0.00,,Y,A,-,N,,,,,,,,,,N,3,0,1,2,A,-,11,21456,A,N,G,B,B,A,H,-,A,A,0,Y,,,,Y,,N,60,0,1,0,0,1,0,0,0,0,"- ","- ",34.154758453369141,-119.18611145019531,VENTURA,OXNARD,-119.18584442138672,34.15478515625
9390932,2021,2022-01-28,5604,2021-12-19,1339,5532,,7,5,6,5604,0,0,0,,0,012,"ROSE AV","RT 101",100.00,S,N,A,-,Y,VEN,7,101,-,-,20.941,R,4,S,Y,4,0,3,4,A,-,04,21703,,N,C,C,A,A,H,-,A,A,0,,,,,Y,,A,01,0,0,3,0,0,0,0,0,0,"- ","- ",34.224048614501953,-119.15506744384766,VENTURA,OXNARD,-119.15744781494141,34.224704742431641
9390938,2021,2022-01-24,5604,2021-12-17,1348,5555,,5,5,6,5604,0,0,0,,0,023,"S OXNARD BL","5TH ST",15.00,S,N,A,-,N,,,,,,,,,,N,4,0,1,2,A,-,08,22107,,N,C,C,A,A,H,-,A,A,0,,,,,Y,,A,01,0,0,1,0,0,0,0,0,0,"- ","- ",,,VENTURA,OXNARD,-119.17746734619141,34.197650909423828
9390940,2021,2022-01-24,5604,2021-12-16,1449,5172,,4,5,6,5604,0,0,0,,0,011,"N VENTURA RD","W ANNA ST",0.00,,Y,C,-,N,,,,,,,,,,Y,4,0,1,3,A,-,09,21801,A,N,D,C,A,B,H,-,A,D,0,,,,,Y,,A,07,0,0,1,0,0,0,0,0,0,"- ","- ",34.217288970947266,-119.194580078125,VENTURA,OXNARD,-119.19467926025391,34.217296600341797
9391619,2022,2022-02-03,5608,2022-01-07,1836,507,,5,5,6,5608,0,0,0,,0,003,"TELEPHONE RD","RUBICON AV",0.00,,Y,A,-,N,,,,,,,,,,Y,3,0,3,2,A,-,08,22107,,N,D,C,A,A,H,-,C,D,0,,,,,Y,,A,01,0,3,0,0,0,0,0,0,0,"- ","- ",,,VENTURA,VENTURA,-119.16448974609375,34.275852203369141
9392041,2021,2022-01-28,5608,2021-12-22,1505,530,,3,5,6,5608,0,0,0,,0,004,"VALENTINE RD","RT 101",100.00,E,N,A,-,Y,VEN,7,101,-,R,24.712,R,4,S,N,4,0,1,2,A,-,03,22350,A,N,C,C,A,A,H,-,A,A,0,,,,,Y,,A,01,0,0,1,0,0,0,0,0,0,"- ",SO,34.252159118652344,-119.21314239501953,VENTURA,VENTURA,-119.21188354492188,34.2529296875
9392042,2021,2022-01-24,5608,2021-12-21,1701,406,,2,5,6,5608,0,0,0,,0,004,"RALSTON ST","GAVIOTA LN",243.00,E,N,A,-,N,,,,,,,,,,Y,2,0,2,2,A,-,08,22107,,N,D,C,A,A,H,-,C,D,0,,,,,Y,,-,,1,0,1,0,0,0,0,0,0,"- ","- ",,,VENTURA,VENTURA,-119.21315002441406,34.260826110839844
9395545,2022,2022-01-28,5605,2022-01-15,0347,220,PATRO,6,5,3,5605,0,0,0,,0,003,"PORT HUENEME RD","WILLOWBROOK DR",0.00,,Y,A,-,N,,,,,,,,,,,4,0,1,1,A,-,08,22107,,N,E,I,A,A,H,-,C,D,0,,,,,Y,,A,01,0,0,1,0,0,0,0,0,0,"- ","- ",,,VENTURA,"PORT HUENEME",-119.19232940673828,34.147701263427734
93983557,2024,2024-08-09,9765,2024-08-01,"5   ",021349,,4,3,9,5600,0,3,5,,2,005,"CENTRAL AVE N/B","STRICKLAND DR",528.00,S,N,B,-,N,,,,,,,,,,Y,2,0,2,3,A,-,01,23152,A,N,E,8,A,A,H,-,D,D,0,,,,,Y,Y,A,01,1,1,0,0,0,0,0,0,0,"- ","- ",34.254680633544922,-119.14826202392578,VENTURA,UNINCORPORATED,-119.14834594726562,34.254653930664062