CASE_ID,ACCIDENT_YEAR,PROC_DATE,JURIS,COLLISION_DATE,COLLISION_TIME,OFFICER_ID,REPORTING_DISTRICT,DAY_OF_WEEK,CHP_SHIFT,POPULATION,CNTY_CITY_LOC,SPECIAL_COND,BEAT_TYPE,CHP_BEAT_TYPE,CITY_DIVISION_LAPD,CHP_BEAT_CLASS,BEAT_NUMBER,PRIMARY_RD,SECONDARY_RD,DISTANCE,DIRECTION,INTERSECTION,WEATHER_1,WEATHER_2,STATE_HWY_IND,CALTRANS_COUNTY,CALTRANS_DISTRICT,STATE_ROUTE,ROUTE_SUFFIX,POSTMILE_PREFIX,POSTMILE,LOCATION_TYPE,RAMP_INTERSECTION,SIDE_OF_HWY,TOW_AWAY,COLLISION_SEVERITY,NUMBER_KILLED,NUMBER_INJURED,PARTY_COUNT,PRIMARY_COLL_FACTOR,PCF_CODE_OF_VIOL,PCF_VIOL_CATEGORY,PCF_VIOLATION,PCF_VIOL_SUBSECTION,HIT_AND_RUN,TYPE_OF_COLLISION,MVIW,PED_ACTION,ROAD_SURFACE,ROAD_COND_1,ROAD_COND_2,LIGHTING,CONTROL_DEVICE,CHP_ROAD_TYPE,PEDESTRIAN_ACCIDENT,BICYCLE_ACCIDENT,MOTORCYCLE_ACCIDENT,TRUCK_ACCIDENT,NOT_PRIVATE_PROPERTY,ALCOHOL_INVOLVED,STWD_VEHTYPE_AT_FAULT,CHP_VEHTYPE_AT_FAULT,COUNT_SEVERE_INJ,COUNT_VISIBLE_INJ,COUNT_COMPLAINT_PAIN,COUNT_PED_KILLED,COUNT_PED_INJURED,COUNT_BICYCLIST_KILLED,COUNT_BICYCLIST_INJURED,COUNT_MC_KILLED,COUNT_MC_INJURED,PRIMARY_RAMP,SECONDARY_RAMP,LATITUDE,LONGITUDE,COUNTY,CITY,POINT_X,POINT_Y
94019652,2024,2024-08-09,9765,2024-07-29,1813,022472,,1,2,9,5600,0,1,2,,1,101,"US 101 S/B (VENTURA FREEWAY)","SEACLIFF / SR-1",1336.00,N,N,A,-,Y,VEN,,101," ",R,39.235,H,,L,N,3,0,1,1,A,-,01,23152,A,N,F,I,A,A,H,-,A,D,0,,,,,Y,Y,D,22,0,1,0,0,0,0,0,0,0,"- ","- ",34.344661712646484,-119.42014312744141,VENTURA,UNINCORPORATED,-119.42018890380859,34.344608306884766
94020918,2024,2024-08-12,9765,2024-07-29,1547,023911,,1,2,9,5600,0,3,5,,2,001,"SHELL ROAD","NORTH VENTURA AVENUE",140.00,W,N,A,-,N,,,,,,,,,,N,3,0,1,2,A,-,12,22450,A,N,D,G,A,A,H,-,A,A,0,,Y,,Y,Y,,L,04,0,1,0,0,0,0,1,0,0,"- ","- ",34.316909790039062,-119.29119110107422,VENTURA,UNINCORPORATED,-119.29113006591797,34.316902160644531
9404165,2021,2022-02-07,5604,2021-12-24,1400,5630,,5,5,6,5604,0,0,0,,0,042,"S VENTURA RD","W WOOLEY RD",0.00,,Y,A,-,N,,,,,,,,,,N,4,0,1,2,A,-,12,21457,A,N,D,D,A,A,H,-,A,B,0,,,Y,,Y,,A,01,0,0,1,0,0,0,0,0,1,"- ","- ",34.190319061279297,-119.19509887695312,VENTURA,OXNARD,-119.19512176513672,34.190296173095703
9404295,2021,2022-02-16,5604,2021-12-24,1734,5392,,5,5,6,5604,0,0,0,,0,012,"N ROSE AV","GONZALES RD",100.00,S,N,A,-,N,,,,,,,,,,Y,4,0,2,2,A,-,01,23152,A,F,C,C,A,A,H,-,C,A,0,,,,,Y,Y,A,08,0,0,2,0,0,0,0,0,0,"- ","- ",,,VENTURA,OXNARD,-119.15841674804688,34.218715667724609
9404311,2022,2022-02-14,5604,2022-01-09,1152,5514,,7,5,6,5604,0,0,0,,0,032,"S OXNARD BL","E DATE ST E",0.00,,Y,A,-,N,,,,,,,,,,Y,3,0,3,2,A,-,09,21801,A,N,D,C,A,A,H,-,A,A,0,,,,,Y,,D,82,0,1,2,0,0,0,0,0,0,"- ","- ",34.184280395507812,-119.17044067382812,VENTURA,OXNARD,-119.17045593261719,34.184303283691406
94053248,2024,2024-08-12,9765,2024-08-04,1752,023498,,7,2,5,5601,0,1,2,,2,503,"US-101 S/B TO SPRINGVILLE DRIVE","SPRINGVILLE DRIVE",20.00,S,N,A,-,Y,,,,,,,,,,Y,3,0,2,2,A,-,01,23153,A,N,C,C,A,A,H,-,A,D,0,,,,,Y,Y,A,01,0,2,0,0,0,0,0,0,0,"- ","- ",34.219390869140625,-119.08580780029297,VENTURA,CAMARILLO,-119.08546447753906,34.220272064208984
9405480,2022,2022-02-10,5608,2022-01-27,1914,539,,4,5,6,5608,0,0,0,,0,003,"SOUTH WELLS RD","TELEGRAPH RD",0.00,,Y,A,-,N,,,,,,,,,,N,3,0,1,1,A,-,01,23152,A,M,E,I,A,A,H,-,C,A,0,,,,,Y,Y,A,01,0,1,0,0,0,0,0,0,0,"- ","- ",,,VENTURA,VENTURA,-119.16130828857422,34.295013427734375
9406743,2022,2022-03-10,5608,2022-02-17,1600,390,,4,5,6,5608,0,0,0,,0,004,"TELEPHONE RD",PORTOLA,0.00,,Y,A,-,N,,,,,,,,,,Y,4,0,2,2,D,-,00,,,N,D,C,A,A,-,-,A,A,0,,,,,Y,,-,"- ",0,0,2,0,0,0,0,0,0,"- ","- ",,,VENTURA,VENTURA,-119.22515106201172,34.263595581054688
9406922,2022,2022-03-09,5608,2022-02-10,1800,390,,4,5,6,5608,0,0,0,,0,002,"E MAIN ST","MILLS RD",200.00,W,N,A,-,N,,,,,,,,,,N,3,0,1,2,A,-,08,22107,,N,C,C,A,A,-,-,B,A,0,,,,,Y,,A,,0,1,0,0,0,0,0,0,0,"- ","- ",,,VENTURA,VENTURA,-119.24668121337891,34.265094757080078
9406924,2022,2022-03-21,5608,2022-02-13,2152,519,,7,5,6,5608,0,0,0,,0,003,"TELEGRAPH RD","S ASHWOOD AV",200.00,W,N,A,-,N,,,,,,,,,,Y,3,0,1,1,A,-,01,23152,A,N,E,I,A,A,H,-,C,D,0,,,,,Y,Y,A,01,0,1,0,0,0,0,0,0,0,"- ","- ",,,VENTURA,VENTURA,-119.23980712890625,34.274269104003906
9406925,2022,2022-03-09,5608,2022-02-12,1440,520,,6,5,6,5608,0,0,0,,0,002,"DONLON ST","BESSEMER ST",130.00,N,N,A,-,N,,,,,,,,,,N,3,0,1,2,A,-,08,22107,,N,D,C,A,A,H,-,A,D,0,,,,,Y,,A,01,0,1,0,0,0,0,0,0,0,"- ","- ",,,VENTURA,VENTURA,-119.23572540283203,34.260704040527344
9407601,2022,2022-03-04,5604,2022-01-07,0156,5514,,5,5,6,5604,0,0,0,,0,014,"CITRUS GROVE LN","OXNARD BL",20.00,W,N,E,-,N,,,,,,,,,,N,4,0,2,2,A,-,03,22350,,F,C,C,A,A,H,-,C,A,0,,,,,Y,,-,99,0,0,2,0,0,0,0,0,0,"- ","- ",34.221141815185547,-119.17755889892578,VENTURA,OXNARD,-119.17762756347656,34.221111297607422
9407602,2022,2022-03-04,5604,2022-01-28,2300,5655,,5,5,6,5604,0,0,0,,0,014,"ESPLANADE DR","VINEYARD AV",0.00,,Y,A,-,N,,,,,,,,,,Y,4,0,2,2,A,-,01,23152,A,N,A,C,A,A,H,-,C,A,0,,,,,Y,Y,A,01,0,0,2,0,0,0,0,0,0,"- ","- ",34.229999542236328,-119.17465209960938,VENTURA,OXNARD,-119.17465972900391,34.229995727539062
9407661,2022,2022-03-08,5604,2022-02-20,1535,5563,,7,5,6,5604,0,0,0,,0,012,"GONZALES RD","SONATA DR",0.00,,Y,A,-,N,,,,,,,,,,N,3,0,1,1,D,-,00,,,N,A,I,A,A,H,-,A,D,0,,,,,Y,,-,"- ",0,1,0,0,0,0,0,0,0,"- ","- ",34.218929290771484,-119.16200256347656,VENTURA,OXNARD,-119.162109375,34.218883514404297
9407663,2022,2022-03-08,5604,2022-02-19,1913,5567,,6,5,6,5604,0,0,0,,0,042,"E PLEASANT VALLEY RD","N ROSE AVE N",0.00,,Y,A,-,N,,,,,,,,,,Y,4,0,1,2,A,-,01,23152,A,N,A,C,A,A,H,-,C,A,0,,,,,Y,Y,A,01,0,0,1,0,0,0,0,0,0,"- ","- ",34.157928466796875,-119.15944671630859,VENTURA,OXNARD,-119.15953063964844,34.157852172851562
9407668,2022,2022-03-08,5604,2022-02-18,1240,5285,,5,5,6,5604,0,0,0,,0,014,"N H ST","W GONZALES RD W",0.00,,Y,A,-,N,,,,,,,,,,Y,4,0,1,2,A,-,12,21453,A,N,D,C,A,A,H,-,A,A,0,,,,,Y,,A,01,0,0,1,0,0,0,0,0,0,"- ","- ",34.219131469726562,-119.18630981445312,VENTURA,OXNARD,-119.18630981445312,34.219097137451172
9407672,2022,2022-03-08,5604,2022-02-13,1642,5521,,7,5,6,5604,0,0,0,,0,041,"E BARD RD","ANCHORAGE ST",5.00,W,N,A,-,N,,,,,,,,,,Y,2,0,1,2,A,-,12,22450,A,N,G,G,A,A,H,-,A,A,0,,Y,,,Y,,A,01,1,0,0,0,0,0,1,0,0,"- ","- ",34.162258148193359,-119.16288757324219,VENTURA,OXNARD,-119.16291809082031,34.162261962890625
9407673,2022,2022-03-08,5604,2022-02-11,1806,5377,,5,5,6,5604,0,0,0,,0,031,"A ROSE AV","THIRD ST",75.00,S,N,A,-,N,,,,,,,,,,Y,4,0,2,2,A,-,03,22350,,N,C,C,A,A,H,-,A,A,0,,,,,Y,,A,01,0,0,2,0,0,0,0,0,0,"- ","- ",34.200439453125,-119.15973663330078,VENTURA,OXNARD,-119.15985870361328,34.200244903564453
9407674,2022,2022-03-08,5604,2022-02-11,1600,5401,,5,5,6,5604,0,0,0,,0,023,"S VENTURA RD","HILL ST",10.00,S,N,A,-,N,,,,,,,,,,N,4,0,1,2,A,-,03,22350,,F,C,C,A,A,H,-,A,A,0,,,,,Y,,-,99,0,0,1,0,0,0,0,0,0,"- ","- ",34.1864013671875,-119.19523620605469,VENTURA,OXNARD,-119.19569396972656,34.186370849609375
9407678,2022,2022-03-08,5604,2022-02-15,1705,4925,,2,5,6,5604,0,0,0,,0,042,"E BARD RD","SAVIERS RD",0.00,,Y,A,-,N,,,,,,,,,,Y,4,0,1,3,A,-,12,21453,A,N,D,C,A,A,H,-,A,A,0,,,,,Y,,A,07,0,0,1,0,0,0,0,0,0,"- ","- ",34.160999298095703,-119.17768859863281,VENTURA,OXNARD,-119.17762756347656,34.161003112792969
9407680,2022,2022-03-08,5604,2022-02-12,1400,5609,,6,5,6,5604,0,0,0,,0,024,"S K ST","W HILL ST",0.00,,Y,A,-,N,,,,,,,,,,N,4,0,1,2,A,-,09,21801,A,N,D,C,A,-,H,-,A,D,0,,,,,Y,,A,01,0,0,1,0,0,0,0,0,0,"- ","- ",34.186359405517578,-119.19062805175781,VENTURA,OXNARD,-119.19064331054688,34.186355590820312
9407722,2022,2022-03-07,5604,2022-02-10,1921,5431,,4,5,6,5604,0,0,0,,0,021,"SOUTH VICTORIA AV","W CHANNEL ISLANDS BL",0.00,,Y,A,-,N,,,,,,,,,,Y,4,0,3,2,A,-,12,21453,A,N,A,C,A,A,H,-,C,A,0,,,,,Y,,A,01,0,0,3,0,0,0,0,0,0,"- ","- ",34.175830841064453,-119.22145843505859,VENTURA,OXNARD,-119.22154998779297,34.175888061523438
9410483,2022,2022-02-16,5608,2022-01-27,1435,440,,4,5,6,5608,0,0,0,,0,004,"CYPRESS POINT LN","TELEPHONE RD",429.00,S,N,A,-,N,,,,,,,,,,Y,3,0,2,2,A,-,09,21801,A,N,A,C,A,A,H,-,A,D,0,,,,,Y,,A,01,0,2,0,0,0,0,0,0,0,"- ","- ",,,VENTURA,VENTURA,-119.21564483642578,34.263771057128906
9412807,2022,2022-03-22,5604,2022-01-23,1848,5563,,7,5,6,5604,0,0,0,,0,012,"BALBOA ST","VENTURA BL",0.00,,Y,A,-,N,,,,,,,,,,N,4,0,1,2,A,-,08,22107,,N,D,C,A,A,H,-,C,D,0,,,,,Y,,A,01,0,0,1,0,0,0,0,0,0,"- ","- ",34.2281494140625,-119.16826629638672,VENTURA,OXNARD,-119.16828155517578,34.228168487548828
9412808,2022,2022-03-17,5604,2022-01-22,2227,5459,,6,5,6,5604,0,0,0,,0,021,"WOOLEY RD","HARBOR BL",0.00,,Y,A,-,N,,,,,,,,,,Y,4,0,5,3,D,-,00,,,N,D,C,A,A,H,-,C,A,0,,,,Y,Y,Y,-,"- ",0,0,5,0,0,0,0,0,0,"- ","- ",34.19049072265625,-119.23872375488281,VENTURA,OXNARD,-119.23871612548828,34.190513610839844
9413204,2022,2022-03-09,5604,2022-01-18,0637,4759,,2,5,6,5604,0,0,0,,0,021,"W HEMLOCK ST","S PATTERSON RD S",0.00,,Y,B,-,N,,,,,,,,,,Y,4,0,2,2,A,-,09,21801,A,N,A,C,A,A,H,-,A,A,0,,,,,Y,,A,01,0,0,2,0,0,0,0,0,0,"- ","- ",34.181228637695312,-119.20832061767578,VENTURA,OXNARD,-119.20838165283203,34.181243896484375
9413349,2022,2022-03-10,5604,2022-02-04,2035,4914,,5,5,6,5604,0,0,0,,0,021,"W WOOLEY RD","PATTERSON RD",20.00,E,N,A,-,N,,,,,,,,,,Y,4,0,2,2,A,-,08,22107,,F,B,C,A,-,H,-,C,A,0,,,,,Y,,A,01,0,0,2,0,0,0,0,0,0,"- ","- ",34.190288543701172,-119.2080078125,VENTURA,OXNARD,-119.20803070068359,34.19036865234375
9414036,2022,2022-03-16,5604,2022-01-30,2239,5630,,7,5,6,5604,0,0,0,,0,032,"SAVIERS RD","E LAUREL RD E",0.00,,Y,A,-,N,,,,,,,,,,Y,4,0,2,2,A,-,09,21801,A,N,A,C,A,A,H,-,C,A,0,,,,,Y,,A,01,0,0,2,0,0,0,0,0,0,"- ","- ",34.177730560302734,-119.17752075195312,VENTURA,OXNARD,-119.177490234375,34.177345275878906
9414531,2022,2022-04-07,5606,2022-01-12,1403,1101,5606,3,5,4,5606,0,0,0,,0,002,"HARVARD E BL","RT 150",0.00,,Y,A,-,N,,,,,,,,,,Y,4,0,2,2,A,-,12,21453,A,N,D,C,A,A,H,-,A,A,0,,,,,Y,,A,01,0,0,2,0,0,0,0,0,0,"- ","- ",,,VENTURA,"SANTA PAULA",-119.05843353271484,34.350551605224609
9414802,2022,2022-03-03,5605,2022-01-31,1449,230,PATRO,1,5,3,5605,0,0,0,,0,002,"BARD RD","8TH PL",86.00,W,N,A,-,N,,,,,,,,,,,2,0,4,4,C,-,18,,,N,G,B,F,A,H,-,A,D,0,Y,,,,Y,,-,"- ",2,2,0,0,3,0,0,0,0,"- ","- ",34.161018371582031,-119.18699645996094,VENTURA,"PORT HUENEME",-119.18722534179688,34.161079406738281
9416070,2022,2022-03-23,5606,2022-02-07,0743,1101,5606,1,5,4,5606,0,0,0,,0,001,"ACACIA RD","ACACIA WY",307.00,S,N,A,-,N,,,,,,,,,,N,3,0,1,2,A,-,09,21804,A,N,D,G,A,A,H,-,A,D,0,,Y,,,Y,,L,04,0,1,0,0,0,0,1,0,0,"- ","- ",,,VENTURA,"SANTA PAULA",-119.08065795898438,34.336463928222656
9417780,2021,2022-03-28,5606,2021-08-01,1512,1132,5606,7,5,4,5606,0,0,0,,0,002,"BLOCKMAIN E ST","10TH S ST",2.00,S,N,A,-,N,,,,,,,,,,N,4,0,1,2,A,-,12,22450,A,N,G,B,B,A,H,-,A,A,0,Y,,,,Y,,A,01,0,0,1,0,1,0,0,0,0,"- ","- ",,,VENTURA,"SANTA PAULA",,
9417781,2021,2022-03-28,5606,2021-08-28,1753,1126,5606,6,5,4,5606,0,0,0,,0,002,"OJAI N RD","BEDFORD ST",0.00,,Y,A,-,N,,,,,,,,,,Y,4,0,1,2,A,-,04,21703,,N,C,C,A,A,H,-,A,D,0,,,,,Y,,A,01,0,0,1,0,0,0,0,0,0,"- ","- ",,,VENTURA,"SANTA PAULA",-119.06221771240234,34.365772247314453
9419350,2022,2022-04-22,5604,2022-03-30,0715,4919,,3,5,6,5604,0,0,0,,0,042,"PLEASANT VALLEY RD","SAVIERS RD",0.00,,Y,A,-,N,,,,,,,,,,N,3,0,1,2,A,-,10,21950,A,F,G,B,B,A,H,-,A,A,0,Y,,,,Y,,D,22,0,1,0,0,1,0,0,0,0,"- ","- ",,,VENTURA,OXNARD,-119.17784881591797,34.154731750488281
9419356,2022,2022-04-22,5604,2022-03-26,1945,5654,,6,5,6,5604,0,0,0,,0,031,"N RICE AV","STURGIS RD",20.00,N,N,A,-,N,,,,,,,,,,Y,4,0,3,3,A,-,03,22350,,F,C,C,A,A,H,-,C,A,0,,,,,Y,,D,22,0,0,3,0,0,0,0,0,0,"- ","- ",34.201930999755859,-119.14221954345703,VENTURA,OXNARD,-119.14232635498047,34.202003479003906
9421534,2022,2022-03-22,5608,2022-01-21,2226,539,,5,5,6,5608,0,0,0,,0,003,"LAFAYETTE ST","S WAFE FOREST AV",0.00,,Y,A,-,N,,,,,,,,,,N,3,0,1,1,A,-,03,22350,,N,E,I,A,A,H,-,C,D,0,,,Y,,Y,,-,"- ",0,1,0,0,0,0,0,0,1,"- ","- ",34.271530151367188,-119.21749114990234,VENTURA,VENTURA,-119.21760559082031,34.271495819091797
9421545,2022,2022-03-25,5606,2022-01-20,1000,1127,5606,4,5,4,5606,0,0,0,,0,001,"SANTA PAULA W ST","CEMETERY RD",84.00,W,N,A,-,N,,,,,,,,,,Y,4,0,1,3,A,-,08,22107,,N,H,E,A,A,H,-,A,D,0,,,,,Y,,A,07,0,0,1,0,0,0,0,0,0,"- ","- ",,,VENTURA,"SANTA PAULA",-119.07979583740234,34.351535797119141
9421739,2022,2022-03-22,5605,2022-02-15,2224,126,PATRO,2,5,3,5605,0,0,0,,0,002,"NORTH 7TH ST","PARK AV",627.00,N,N,A,-,N,,,,,,,,,,Y,3,0,1,3,A,-,01,23152,A,N,A,E,A,A,H,-,C,D,0,,,,,Y,Y,D,22,0,1,0,0,0,0,0,0,0,"- ","- ",,,VENTURA,"PORT HUENEME",-119.19109344482422,34.159442901611328
9421977,2022,2022-05-17,5608,2022-04-12,1637,521,,2,5,6,5608,0,0,0,,0,002,"E MAIN ST","EVERGREEN DR",6.00,W,N,A,-,N,,,,,,,,,,Y,3,0,2,2,A,-,09,21804,A,N,D,C,A,A,H,-,A,D,0,,,,,Y,,A,01,0,1,1,0,0,0,0,0,0,"- ","- ",,,VENTURA,VENTURA,-119.26349639892578,34.275657653808594
9421978,2022,2022-05-16,5608,2022-04-12,0733,442,,2,5,6,5608,0,0,0,,0,003,"TELEGRAPH RD","WELLS RD",88.00,W,N,A,-,N,,,,,,,,,,Y,4,0,1,2,A,-,09,21803,A,N,B,C,A,A,H,-,A,A,0,,,,,Y,,A,01,0,0,1,0,0,0,0,0,0,"- ","- ",,,VENTURA,VENTURA,-119.16155242919922,34.294876098632812
9423310,2022,2022-03-29,5608,2022-02-22,1510,503,2,2,5,6,5608,0,0,0,,0,001,"SOUTH VICTORIA AV","RT 126",0.00,,-,A,-,Y,VEN,7,126,-,-,1.436,R,4,E,N,3,0,1,2,A,-,03,22350,,N,H,G,A,A,H,-,A,A,0,,Y,,,Y,,L,04,0,1,0,0,0,0,1,0,0,"- ",EO,,,VENTURA,VENTURA,-119.21379089355469,34.271316528320312
9428545,2022,2022-04-26,5605,2022-02-16,2125,119,PATRO,3,5,3,5605,0,0,0,,0,002,"PARK AV","HELEN ST",290.00,S,N,A,-,N,,,,,,,,,,Y,4,0,1,2,A,-,21,22106,,N,D,C,A,A,H,-,C,A,0,,,,,Y,,A,01,0,0,1,0,0,0,0,0,0,"- ","- ",34.1627197265625,-119.18887329101562,VENTURA,"PORT HUENEME",-119.18886566162109,34.161933898925781
9429110,2022,2022-04-11,5608,2022-03-22,1044,430,,2,5,6,5608,0,0,0,,0,,"TELEGRAPH RD","HILL RD",0.00,,Y,A,-,N,,,,,,,,,,Y,3,0,1,1,A,-,03,22350,,N,F,A,A,A,H,-,A,A,0,,,,Y,Y,,F,27,0,1,0,0,0,0,0,0,0,"- ","- ",,,VENTURA,VENTURA,-119.20903778076172,34.278804779052734
9430200,2022,2022-04-08,5604,2022-03-09,1800,5643,,3,5,6,5604,0,0,0,,0,024,"S VENTURA RD","HEMLOCK ST",100.00,S,N,A,-,N,,,,,,,,,,N,4,0,2,2,A,-,03,22350,1,F,C,C,A,A,H,-,C,A,0,,,,,Y,,A,01,0,0,2,0,0,0,0,0,0,"- ","- ",34.181110382080078,-119.1953125,VENTURA,OXNARD,-119.19532012939453,34.181121826171875
9430211,2022,2022-04-11,5604,2022-03-11,1622,5569,,5,5,6,5604,0,0,0,,0,022,"N A ST","MAGNOLIA AV",20.00,N,N,A,-,N,,,,,,,,,,Y,3,0,1,2,A,-,09,21801,A,N,D,C,A,A,H,-,A,D,0,,,,,Y,,A,01,0,1,0,0,0,0,0,0,0,"- ","- ",34.204620361328125,-119.17849731445312,VENTURA,OXNARD,-119.17852783203125,34.204055786132812
9430213,2022,2022-04-11,5604,2022-03-14,1248,5189,,1,5,6,5604,0,0,0,,0,014,"N OXNARD BL","TOWN CENTER DR",0.00,,Y,A,-,N,,,,,,,,,,N,3,0,1,2,A,-,08,22107,,N,D,G,A,A,H,-,A,A,0,,Y,,,Y,,A,07,0,1,0,0,0,0,1,0,0,"- ","- ",,,VENTURA,OXNARD,-119.18025207519531,34.241527557373047
9430350,2022,2022-04-04,5604,2022-02-27,1834,5563,,7,5,6,5604,0,0,0,,0,012,"E GONZALES RD","N ROSE AV N",0.00,,Y,A,-,N,,,,,,,,,,Y,4,0,1,2,A,-,12,21453,A,F,D,C,A,A,H,-,C,A,0,,,,,Y,,A,07,0,0,1,0,0,0,0,0,0,"- ","- ",34.218898773193359,-119.15827941894531,VENTURA,OXNARD,-119.15843200683594,34.218990325927734
9430497,2022,2022-04-07,5608,2022-03-16,0833,537,,3,5,6,5608,0,0,0,,0,003,"TELEGRAPH RD","VICTORIA AV",0.00,,Y,A,-,N,,,,,,,,,,N,4,0,1,2,A,-,03,22350,,N,C,C,A,A,H,-,A,A,0,,,,,Y,,A,01,0,0,1,0,0,0,0,0,0,"- ","- ",34.277839660644531,-119.21504211425781,VENTURA,VENTURA,-119.21463012695312,34.278011322021484
9430541,2022,2022-04-19,5608,2022-03-11,0837,530,,5,5,6,5608,0,0,0,,0,001,"NORTH VENTURA AV","SENECA ST",0.00,,Y,A,-,N,,,,,,,,,,Y,3,0,1,2,A,-,12,21453,,F,D,C,A,A,H,-,A,A,0,,,,,Y,,A,07,0,1,0,0,0,0,0,0,0,"- ","- ",,,VENTURA,VENTURA,-119.29337310791016,34.305931091308594
9433115,2022,2022-08-29,5608,2022-07-17,0545,475,,7,5,6,5608,0,0,0,,0,001,"E SANTA CLARA ST","S CALIFORNIA ST",21.00,W,N,-,-,N,,,,,,,,,,Y,3,0,1,1,A,-,08,22107,,N,-,-,A,-,-,-,-,-,0,,,,,Y,,A,07,0,1,0,0,0,0,0,0,0,"- ","- ",,,VENTURA,VENTURA,-119.29318237304688,34.279529571533203
9434669,2022,2022-04-21,5608,2022-03-02,1028,533,30,3,5,6,5608,0,0,0,,0,003,"AURORA DR","PRINCETON AV",0.00,,Y,A,-,N,,,,,,,,,,N,4,0,1,2,A,-,09,21801,A,N,D,G,A,A,H,-,A,D,0,,Y,,,Y,,A,01,0,0,1,0,0,0,1,0,0,"- ","- ",,,VENTURA,VENTURA,-119.22793579101562,34.272792816162109
9434671,2022,2022-04-20,5608,2022-03-11,1355,445,,5,5,6,5608,0,0,0,,0,002,PIERPONT,SHELBURN,107.00,N,N,A,-,N,,,,,,,,,,Y,4,0,1,3,A,-,08,22107,,N,C,E,A,A,H,-,A,D,0,,,,,Y,,-,,0,0,1,0,0,0,0,0,0,"- ","- ",,,VENTURA,VENTURA,-119.27075958251953,34.262298583984375
9434783,2022,2022-04-25,5608,2022-03-13,1002,530,,7,5,6,5608,0,0,0,,0,002,"TRANSPORT ST","TELEPHONE RD",0.00,,Y,A,-,N,,,,,,,,,,N,3,0,1,2,A,-,11,21954,A,N,G,B,E,A,H,-,A,A,0,Y,,,,Y,,A,01,0,1,0,0,1,0,0,0,0,"- ","- ",34.254261016845703,-119.23489379882812,VENTURA,VENTURA,-119.23482513427734,34.25433349609375
9434785,2022,2022-05-03,5608,2022-03-06,1050,531,,7,5,6,5608,0,0,0,,0,002,"THOMPSON BL","SAN JON RD",0.00,,Y,A,-,N,,,,,,,,,,N,2,0,1,2,A,-,11,21456,B,F,H,G,A,A,H,-,A,A,0,,Y,,,Y,Y,L,04,1,0,0,0,0,0,1,0,0,"- ","- ",34.276500701904297,-119.28109741210938,VENTURA,VENTURA,-119.28115844726562,34.276508331298828
9434789,2022,2022-04-25,5608,2022-03-06,1658,518,,7,5,6,5608,0,0,0,,0,001,"POLI ST","PALM ST",383.00,W,N,A,-,N,,,,,,,,,,Y,3,0,1,2,A,-,03,22350,,N,F,E,A,A,H,-,B,D,0,,,,,Y,,A,01,0,1,0,0,0,0,0,0,0,"- ","- ",,,VENTURA,VENTURA,-119.29745483398438,34.282093048095703
94354985,2024,2024-08-15,9770,2024-08-10,1750,023517,,6,2,9,5600,0,1,3,,1,046,"SR-126 W/B (EAST TELEGRAPH ROAD)","PENA RANCH ROAD",75.00,E,N,A,-,Y,VEN,,126," ",R,34.122,H,,L,Y,3,0,1,1,A,-,08,22107,,N,E,I,A,A,H,-,A,D,0,,,,,Y,,A,01,0,1,0,0,0,0,0,0,0,"- ","- ",34.405250549316406,-118.70175170898438,VENTURA,UNINCORPORATED,-118.70173645019531,34.405223846435547
94360009,2024,2024-08-19,9765,2024-08-11,1515,022472,,7,2,9,5600,0,3,5,,2,001,"US 101 S/B (VENTURA FREEWAY)","CALIFORNIA STREET OVERCROSSING",2026.00,S,N,A,-,Y,VEN,,101," "," ",29.724,H,,L,N,4,0,1,2,A,-,07,21658,A,N,B,C,A,A,H,-,A,D,0,,,,,Y,,A,01,0,0,1,0,0,0,0,0,0,"- ","- ",34.274818420410156,-119.28697967529297,VENTURA,UNINCORPORATED,-119.28694152832031,34.274856567382812
94360660,2024,2024-08-19,9765,2024-08-14,1700,019988,,3,2,9,5600,0,1,3,,2,040,"SR-126 E/B (SANTA PAULA FREEWAY)","WELLS RD",1936.00,E,N,A,-,Y,VEN,,126," ",R,5.411,H,,R,Y,4,0,1,3,A,-,03,22350,,N,C,C,A,A,H,-,A,D,0,,,,,Y,,A,01,0,0,1,0,0,0,0,0,0,"- ","- ",34.292831420898438,-119.15097808837891,VENTURA,UNINCORPORATED,-119.15092468261719,34.292766571044922
94360870,2024,2024-08-19,9770,2024-08-16,"322 ",021911,,5,3,6,5607,0,1,2,,2,072,"US-101 N/B (VENTURA FREEWAY)","MOORPARK ROAD",1584.00,N,N,A,-,Y,VEN,,101," "," ",4.383,H,,R,Y,3,0,1,1,C,-,18,,,N,E,J,A,A,H,-,D,D,0,,,,,Y,,-,"- ",0,1,0,0,0,0,0,0,0,"- ","- ",34.178699493408203,-118.88150024414062,VENTURA,"THOUSAND OAKS",-118.88153839111328,34.17864990234375
9436357,2022,2022-05-11,5604,2022-04-08,2025,5475,,5,5,6,5604,0,0,0,,0,023,"C ST","6TH ST",200.00,S,N,A,-,N,,,,,,,,,,Y,3,0,1,2,A,-,08,22107,,N,C,E,A,A,H,-,C,D,0,,,,Y,Y,Y,A,01,0,1,0,0,0,0,0,0,0,"- ","- ",34.195049285888672,-119.18112182617188,VENTURA,OXNARD,-119.18110656738281,34.195819854736328