CASE_ID,ACCIDENT_YEAR,PROC_DATE,JURIS,COLLISION_DATE,COLLISION_TIME,OFFICER_ID,REPORTING_DISTRICT,DAY_OF_WEEK,CHP_SHIFT,POPULATION,CNTY_CITY_LOC,SPECIAL_COND,BEAT_TYPE,CHP_BEAT_TYPE,CITY_DIVISION_LAPD,CHP_BEAT_CLASS,BEAT_NUMBER,PRIMARY_RD,SECONDARY_RD,DISTANCE,DIRECTION,INTERSECTION,WEATHER_1,WEATHER_2,STATE_HWY_IND,CALTRANS_COUNTY,CALTRANS_DISTRICT,STATE_ROUTE,ROUTE_SUFFIX,POSTMILE_PREFIX,POSTMILE,LOCATION_TYPE,RAMP_INTERSECTION,SIDE_OF_HWY,TOW_AWAY,COLLISION_SEVERITY,NUMBER_KILLED,NUMBER_INJURED,PARTY_COUNT,PRIMARY_COLL_FACTOR,PCF_CODE_OF_VIOL,PCF_VIOL_CATEGORY,PCF_VIOLATION,PCF_VIOL_SUBSECTION,HIT_AND_RUN,TYPE_OF_COLLISION,MVIW,PED_ACTION,ROAD_SURFACE,ROAD_COND_1,ROAD_COND_2,LIGHTING,CONTROL_DEVICE,CHP_ROAD_TYPE,PEDESTRIAN_ACCIDENT,BICYCLE_ACCIDENT,MOTORCYCLE_ACCIDENT,TRUCK_ACCIDENT,NOT_PRIVATE_PROPERTY,ALCOHOL_INVOLVED,STWD_VEHTYPE_AT_FAULT,CHP_VEHTYPE_AT_FAULT,COUNT_SEVERE_INJ,COUNT_VISIBLE_INJ,COUNT_COMPLAINT_PAIN,COUNT_PED_KILLED,COUNT_PED_INJURED,COUNT_BICYCLIST_KILLED,COUNT_BICYCLIST_INJURED,COUNT_MC_KILLED,COUNT_MC_INJURED,PRIMARY_RAMP,SECONDARY_RAMP,LATITUDE,LONGITUDE,COUNTY,CITY,POINT_X,POINT_Y
94535295,2025,2025-01-13,9765,2025-01-01,"232 ",023739,,3,3,6,5608,0,1,2,,1,101,"US-101 S/B (VENTURA FREEWAY)","SANJON ROAD",708.00,N,N,A,-,Y,VEN,,101," "," ",29.688,H,,L,N,3,0,1,2,A,-,03,22350,,N,C,C,A,A,H,-,D,D,0,,,,Y,Y,,A,01,0,1,0,0,0,0,0,0,0,"- ","- ",34.274539947509766,-119.28652954101562,VENTURA,VENTURA,-119.28651428222656,34.274551391601562
94544885,2025,2025-01-21,9765,2025-01-14,"855 ",019277,,2,1,6,5608,0,1,2,,2,302,"US-101 N/B (VENTURA FREEWAY)","VICTORIA AVE.",1056.00,S,N,A,-,Y,VEN,,101," ",R,24.465,H,,R,N,4,0,2,2,A,-,03,22350,,F,C,C,A,A,H,-,A,D,0,,,,,Y,,D,22,0,0,2,0,0,0,0,0,0,"- ","- ",34.251049041748047,-119.20826721191406,VENTURA,VENTURA,-119.20832824707031,34.250984191894531
94544918,2025,2025-01-21,9770,2025-01-18,1950,023517,,6,2,9,5600,0,1,3,,1,043,"SR-126 W/B (EAST TELEGRAPH ROAD)","FISH HATCHERY ROAD",160.00,W,N,A,-,Y,VEN,,126," ",R,23.081,H,,L,Y,3,0,1,1,A,-,08,22107,,N,E,I,A,A,H,-,C,D,0,,,,,Y,,A,01,0,1,0,0,0,0,0,0,0,"- ","- ",34.395698547363281,-118.88519287109375,VENTURA,UNINCORPORATED,-118.88518524169922,34.395736694335938
9454649,2022,2022-07-06,5604,2022-05-24,1538,4950,,2,5,6,5604,0,0,0,,0,032,"CHANNEL ISLAND BL","MERCED PL",50.00,E,N,A,-,N,,,,,,,,,,Y,4,0,1,2,A,-,01,23152,A,N,C,C,A,A,H,-,A,D,0,,,,,Y,Y,A,07,0,0,1,0,0,0,0,0,0,"- ","- ",,,VENTURA,OXNARD,-119.14818572998047,34.1732177734375
9454822,2022,2022-06-28,5604,2022-05-31,1749,5650,,2,5,6,5604,0,0,0,,0,012,"VINEYARD AV","W OLIVE ST W",0.00,,Y,A,-,N,,,,,,,,,,Y,4,0,1,2,A,-,09,21801,A,N,D,C,A,A,H,-,A,D,0,,,,,Y,,A,01,0,0,1,0,0,0,0,0,0,"- ","- ",34.234630584716797,-119.17120361328125,VENTURA,OXNARD,-119.17121887207031,34.234642028808594
9454824,2022,2022-06-28,5604,2022-05-24,0807,5514,,2,5,6,5604,0,0,0,,0,032,"S OXNARD BL","EAST ASH ST",500.00,N,N,A,-,N,,,,,,,,,,N,4,0,1,2,A,-,09,21804,A,N,D,C,A,A,H,-,A,D,0,,,,,Y,,A,01,0,0,1,0,0,0,0,0,0,"- ","- ",34.187381744384766,-119.17481231689453,VENTURA,OXNARD,-119.17458343505859,34.187507629394531
9454825,2022,2022-06-28,5604,2022-05-14,0115,5540,,6,5,6,5604,0,0,0,,0,032,"S ROSE AV","S OXNARD BL S",0.00,,Y,A,-,N,,,,,,,,,,Y,4,0,1,2,A,-,12,21453,A,F,D,C,A,A,H,-,C,A,0,,,,,Y,,-,99,0,0,1,0,0,0,0,0,0,"- ","- ",34.175228118896484,-119.15998077392578,VENTURA,OXNARD,-119.16005706787109,34.175331115722656
9454832,2022,2022-06-28,5604,2022-05-24,1356,5005,,2,5,6,5604,0,0,0,,0,014,"IRONBARK DR","GLADIOLA ST",50.00,N,N,A,-,N,,,,,,,,,,N,3,0,1,2,A,-,08,22107,,N,D,C,A,A,H,-,A,D,0,,,Y,,Y,,A,01,0,1,0,0,0,0,0,0,1,"- ","- ",34.225318908691406,-119.18762969970703,VENTURA,OXNARD,-119.18712615966797,34.225017547607422
9454834,2022,2022-06-28,5604,2022-05-21,2126,5405,,6,5,6,5604,0,0,0,,0,042,"SAVIERS RD","PLEASANT VALLEY RD",100.00,S,N,A,-,N,,,,,,,,,,Y,4,0,1,3,A,-,03,22350,,N,B,C,A,A,H,-,C,D,0,,,,,Y,,A,01,0,0,1,0,0,0,0,0,0,"- ","- ",34.153720855712891,-119.17794799804688,VENTURA,OXNARD,-119.17784881591797,34.154457092285156
9454843,2022,2022-08-04,5608,2022-06-08,0809,548,,3,5,6,5608,0,0,0,,0,003,"MILLS RD","TELEGRAPH RD",166.00,S,N,B,-,N,,,,,,,,,,Y,3,0,1,3,A,-,03,22350,,N,C,C,A,A,H,-,A,D,0,,,,,Y,,A,01,0,1,0,0,0,0,0,0,0,"- ","- ",,,VENTURA,VENTURA,-119.24772644042969,34.272632598876953
9454844,2022,2022-06-28,5608,2022-06-07,1621,549,,2,5,6,5608,0,0,0,,0,003,"SOUTH WELLS RD","DARLING RD",57.00,N,N,A,-,N,,,,,,,,,,Y,3,0,2,3,A,-,03,22350,,M,C,C,A,A,H,-,A,A,0,,,,,Y,,A,01,0,1,1,0,0,0,0,0,0,"- ","- ",34.286659240722656,-119.15383911132812,VENTURA,VENTURA,-119.15373992919922,34.286746978759766
9454855,2022,2022-06-29,5604,2022-06-07,1553,5591,,2,5,6,5604,0,0,0,,0,014,"OXNARD BL","ORCHARD PL",0.00,,Y,A,-,N,,,,,,,,,,Y,4,0,2,2,A,-,09,21802,A,N,D,C,A,A,H,-,A,A,0,,,,,Y,,A,07,0,0,2,0,0,0,0,0,0,"- ","- ",34.230598449707031,-119.17877960205078,VENTURA,OXNARD,-119.17877197265625,34.230636596679688
9454856,2022,2022-06-29,5604,2022-06-09,0758,5485,,4,5,6,5604,0,0,0,,0,012,"N RICE AV","CAMINO DEL SOL",0.00,,Y,A,-,N,,,,,,,,,,N,4,0,1,2,A,-,09,21801,A,F,D,C,A,A,H,-,A,A,0,,,,,Y,,A,01,0,0,1,0,0,0,0,0,0,"- ","- ",34.206150054931641,-119.14215850830078,VENTURA,OXNARD,-119.14227294921875,34.206157684326172
9454874,2022,2022-06-29,5604,2022-06-10,1611,5434,,5,5,6,5604,0,0,0,,0,031,"1ST ST","MARQUITA ST",0.00,,Y,A,-,N,,,,,,,,,,Y,4,0,2,2,A,-,09,21801,A,N,D,C,A,A,H,-,A,A,0,,,,,Y,,A,01,0,0,2,0,0,0,0,0,0,"- ","- ",34.202621459960938,-119.1663818359375,VENTURA,OXNARD,-119.16638946533203,34.202644348144531
9454875,2022,2022-06-29,5604,2022-06-05,0038,5608,,7,5,6,5604,0,0,0,,0,023,"EAST 5TH ST","S OXNARD BL S",0.00,,Y,A,-,N,,,,,,,,,,Y,4,0,1,2,A,-,12,21453,A,F,D,C,A,A,H,-,C,A,0,,,,,Y,,A,01,0,0,1,0,0,0,0,0,0,"- ","- ",34.197681427001953,-119.17738342285156,VENTURA,OXNARD,-119.17733764648438,34.197685241699219
9454878,2022,2022-06-29,5604,2022-06-07,0837,5657,,2,5,6,5604,0,0,0,,0,012,"GRAVES AV","CAMINO DEL SOL",0.00,,Y,A,-,N,,,,,,,,,,Y,4,0,3,2,A,-,09,21802,A,N,D,C,A,A,H,-,A,A,0,,,,,Y,,A,01,0,0,3,0,0,0,0,0,0,"- ","- ",34.206218719482422,-119.14653015136719,VENTURA,OXNARD,-119.14655303955078,34.206211090087891
9455062,2022,2022-07-28,5605,2022-05-20,1618,194,PATRO,5,5,3,5605,0,0,0,,0,,"W CHANNEL ISLANDS BL","BOLKER DR",0.00,,Y,A,-,N,,,,,,,,,,Y,4,0,1,2,A,-,09,21802,A,N,D,C,A,A,H,-,A,D,0,,,,,Y,,A,01,0,0,1,0,0,0,0,0,0,"- ","- ",,,VENTURA,"PORT HUENEME",-119.20624542236328,34.175968170166016
94552200,2025,2025-01-28,9765,2025-01-20,1448,021015,,1,2,9,5600,0,1,3,,1,022,SR-150,"RICE ROAD",22.00,E,N,A,-,Y,VEN,,150," ",R,14.126,H,,R,N,3,0,1,2,A,-,08,22107,,N,G,B,E,A,D,-,A,A,0,Y,,,,Y,,-,"- ",0,1,0,0,1,0,0,0,0,"- ","- ",34.429550170898438,-119.29313659667969,VENTURA,UNINCORPORATED,-119.29310607910156,34.429500579833984
94556390,2025,2025-01-30,9770,2025-01-27,"812 ",019849,,1,1,6,5607,0,1,3,,2,076,"SR-23 N/B (MOORPARK FREEWAY)","AVENIDA DE LAS FLORES",528.00,S,N,A,-,Y,VEN,,23," ",R,5.583,H,,R,Y,4,0,1,3,A,-,03,22350,,N,C,C,A,A,B,-,A,D,0,,,,,Y,,D,22,0,0,1,0,0,0,0,0,0,"- ","- ",34.205390930175781,-118.85105895996094,VENTURA,"THOUSAND OAKS",-118.85107421875,34.205402374267578
94557237,2025,2025-01-31,9765,2025-01-26,1315,024183,,7,1,6,5604,0,1,2,,2,301,"US-101 S/B (VENTURA FREEWAY)","OXNARD BLVD.",170.00,N,N,B,C,Y,VEN,,101," "," ",22.773,H,,L,Y,3,0,1,1,A,-,03,22350,,N,E,I,A,B,H,-,A,D,0,,,,,Y,,A,01,0,1,0,0,0,0,0,0,0,"- ","- ",34.239601135253906,-119.18171691894531,VENTURA,OXNARD,-119.18174743652344,34.239547729492188
94564929,2025,2025-02-04,9770,2025-01-24,"515 ",023577,,5,3,6,5607,0,1,2,,2,073,"US-101 S/B TO RANCHO ROAD","RANCHO ROAD",1000.00,N,N,A,-,Y,VEN,,101," "," ",3.322,H,,L,Y,2,0,1,1,A,-,08,22107,,N,E,8,A,A,H,-,C,D,0,,,,,Y,,A,01,1,0,0,0,0,0,0,0,0,"- ","- ",34.176239013671875,-118.86363220214844,VENTURA,"THOUSAND OAKS",-118.86362457275391,34.176311492919922
94567341,2025,2025-02-06,9770,2025-02-02,"800 ",019849,,7,1,6,5607,0,1,3,,2,077,"SR-23 S/B (MOORPARK FREEWAY)","PAIGE LANE",1056.00,N,N,A,-,Y,VEN,,23," ",R,4.423,H,,L,Y,4,0,1,2,A,-,07,21658,A,N,B,C,A,A,H,-,A,D,0,,,,,Y,,A,01,0,0,1,0,0,0,0,0,0,"- ","- ",34.191421508789062,-118.86199951171875,VENTURA,"THOUSAND OAKS",-118.86199188232422,34.191417694091797
94567425,2025,2025-02-06,9770,2025-02-02,1850,023391,,7,2,6,5607,0,1,2,,2,075,"US-101 S/B (VENTURA FREEWAY)","WESTLAKE BOULEVARD",850.00,S,N,A,-,Y,VEN,,101," "," ",0.426,H,,L,Y,3,0,1,2,A,-,08,22107,,N,A,D,A,A,H,-,C,D,0,,,,,Y,,A,01,0,1,0,0,0,0,0,0,0,"- ","- ",34.155021667480469,-118.82142639160156,VENTURA,"THOUSAND OAKS",-118.82142639160156,34.155025482177734
9457761,2022,2022-11-02,5604,2022-05-07,0338,5561,,6,5,6,5604,0,0,0,,0,014,"IRONSTONE ST","ROSEBUD ST",1056.00,N,N,A,-,N,,,,,,,,,,Y,3,0,1,3,A,-,00,22152,A,N,C,E,A,A,H,-,C,D,0,,,,,Y,Y,A,01,0,1,0,0,0,0,0,0,0,"- ","- ",34.233921051025391,-119.18695068359375,VENTURA,OXNARD,-119.18669891357422,34.234889984130859
9457807,2022,2022-06-14,5604,2022-05-22,1227,5631,,7,5,6,5604,0,0,0,,0,022,"H ST","2ND ST",100.00,N,N,A,-,N,,,,,,,,,,Y,4,0,1,2,A,-,01,23152,A,N,B,C,A,A,H,-,A,A,0,,,,,Y,,A,01,0,0,1,0,0,0,0,0,0,"- ","- ",34.201480865478516,-119.18755340576172,VENTURA,OXNARD,-119.18787384033203,34.201995849609375
9457816,2022,2022-06-15,5604,2022-05-13,1731,5459,,5,5,6,5604,0,0,0,,0,021,"5TH ST","HARBOR BL",0.00,,Y,A,-,N,,,,,,,,,,Y,4,0,1,3,A,-,07,21658,A,N,B,C,A,A,H,-,A,A,0,,,,,Y,,A,01,0,0,1,0,0,0,0,0,0,"- ","- ",34.197788238525391,-119.24246978759766,VENTURA,OXNARD,-119.24250030517578,34.197803497314453
9458086,2022,2022-06-15,5604,2022-04-26,1745,5538,,2,5,6,5604,0,0,0,,0,042,"COURTLAND ST","CUESTA DEL MAR",75.00,N,N,A,-,N,,,,,,,,,,Y,4,0,1,3,A,-,09,21804,A,F,A,C,A,A,H,-,A,D,0,,,,,Y,,A,01,0,0,1,0,0,0,0,0,0,"- ","- ",34.149639129638672,-119.17948150634766,VENTURA,OXNARD,-119.17948150634766,34.148994445800781
9458088,2022,2022-11-03,5604,2022-04-27,1820,4737,,3,5,6,5604,0,0,0,,0,031,"SAN JOSE ST","SAN JOSE ST 2105",25.00,N,N,A,-,N,,,,,,,,,,N,4,0,1,1,A,-,03,22350,,M,E,I,A,A,H,-,-,A,0,,,,,Y,,-,,0,0,1,0,0,0,0,0,0,"- ","- ",34.205760955810547,-119.15178680419922,VENTURA,OXNARD,,
9458096,2022,2022-06-13,5604,2022-04-29,1450,5563,,5,5,6,5604,0,0,0,,0,031,"GONZALES RD","SNOW AV",5.00,W,N,A,-,N,,,,,,,,,,N,4,0,1,2,A,-,04,21703,,N,C,C,A,A,H,-,A,D,0,,,,,Y,,A,07,0,0,1,0,0,0,0,0,0,"- ","- ",34.218959808349609,-119.16532897949219,VENTURA,OXNARD,-119.16539001464844,34.218910217285156
94582476,2025,2025-02-18,9770,2025-02-11,"930 ",017662,,2,1,6,5607,0,1,2,,2,073,"US-101 S/B (VENTURA FREEWAY)","VENTU PARK ROAD",400.00,S,N,B,-,Y,VEN,,101," "," ",6.098,H,,L,Y,4,0,1,2,A,-,08,22107,,N,C,C,A,A,H,-,A,D,0,,,,Y,Y,,A,01,0,0,1,0,0,0,0,0,0,"- ","- ",34.184268951416016,-118.90966033935547,VENTURA,"THOUSAND OAKS",-118.90966033935547,34.184288024902344
9458262,2022,2022-06-15,5604,2022-05-14,2222,5454,,6,5,6,5604,0,0,0,,0,012,"N OXNARD BL","W GONZALES RD",0.00,,Y,A,-,N,,,,,,,,,,Y,4,0,2,2,A,-,01,23152,A,N,D,C,A,A,H,-,C,A,0,,,,,Y,Y,A,01,0,0,2,0,0,0,0,0,0,"- ","- ",34.219058990478516,-119.17717742919922,VENTURA,OXNARD,-119.17726135253906,34.218990325927734
9458268,2022,2022-11-01,5604,2022-05-08,2043,5608,,7,5,6,5604,0,0,0,,0,014,"VINEYARD AV","OXNARD BL",100.00,E,N,A,-,N,,,,,,,,,,Y,4,0,1,2,A,-,03,22350,,F,C,C,A,A,H,-,C,A,0,,,,,Y,Y,A,01,0,0,1,0,0,0,0,0,0,"- ","- ",34.229358673095703,-119.19444274902344,VENTURA,OXNARD,-119.17730712890625,34.226696014404297
9458269,2022,2022-06-15,5604,2022-05-07,2033,5649,,6,5,6,5604,0,0,0,,0,023,"S  A ST","8TH ST",0.00,,Y,A,-,N,,,,,,,,,,Y,4,0,1,2,A,-,12,22450,A,N,D,C,A,A,F,H,C,A,0,,,,,Y,,A,01,0,0,1,0,0,0,0,0,0,"- ","- ",34.193710327148438,-119.17861175537109,VENTURA,OXNARD,-119.17864227294922,34.193717956542969
9458430,2022,2022-06-14,5608,2022-05-31,1529,505,,2,5,6,5608,0,0,0,,0,003,"DARLING RD","GARDNER AV",78.00,W,N,A,-,N,,,,,,,,,,N,3,0,1,2,A,-,08,22107,,N,B,J,A,A,H,-,A,D,0,,Y,,,Y,,L,04,0,1,0,0,0,0,1,0,0,"- ","- ",,,VENTURA,VENTURA,-119.16780853271484,34.278316497802734
94585114,2025,2025-02-20,9770,2025-02-18,1525,018942,,2,2,6,5607,0,1,3,,2,084,"SR-23 N/B (MOORPARK FREEWAY)","SUNSET HILLS BLVD",528.00,N,N,A,-,Y,VEN,,23," ",R,7.487,H,,R,Y,4,0,1,3,A,-,03,22350,,N,C,C,A,A,H,-,A,D,0,,,,,Y,,D,22,0,0,1,0,0,0,0,0,0,"- ","- ",34.231708526611328,-118.84462738037109,VENTURA,"THOUSAND OAKS",-118.84465789794922,34.231723785400391
94585202,2025,2025-02-20,9765,2025-02-03,1255,024275,,1,1,6,5608,0,1,2,,2,103,"US 101 SB","W MAIN ST",5.00,S,N,B,-,Y,,,,,,,,,,Y,3,0,1,1,A,-,01,23152,A,N,E,I,A,A,H,-,A,D,0,,,,,Y,Y,A,01,0,1,0,0,0,0,0,0,0,"- ","- ",34.282669067382812,-119.31511688232422,VENTURA,VENTURA,-119.24337768554688,34.264202117919922
94593148,2025,2025-02-28,9765,2025-02-22,"940 ",019884,,6,1,9,5600,0,3,5,,2,004,"AZAHAR ST.","ALELIA AVE.",0.00,,Y,A,-,N,,,,,,,,,,N,4,0,2,2,A,-,09,21801,A,N,B,C,A,A,H,-,A,D,0,,,,,Y,,A,08,0,0,2,0,0,0,0,0,0,"- ","- ",34.28424072265625,-119.14707183837891,VENTURA,UNINCORPORATED,-119.14705657958984,34.284267425537109
94597905,2025,2025-03-06,9770,2025-03-04,"955 ",017662,,2,1,4,5690,0,1,3,,2,084,"SR-23 N/B FROM LOS ANGELES AVENUE","LOS ANGELES AVENUE",230.00,S,N,A,-,Y,VEN,,23," ",R,11.405,H,,R,N,4,0,2,2,A,-,03,22350,,N,C,C,A,A,H,-,A,A,0,,,,,Y,,A,01,0,0,2,0,0,0,0,0,0,"- ","- ",34.281719207763672,-118.86244964599609,VENTURA,MOORPARK,-118.86269378662109,34.281642913818359
94597910,2025,2025-03-06,9770,2025-03-02,"100 ",023849,,7,3,9,5600,0,3,5,,2,003,"BARRANCA RD","REDONDO AVE",10.00,N,N,A,-,N,,,,,,,,,,Y,2,0,1,2,A,-,03,22350,,N,B,2,A,A,H,-,E,D,0,,,,,Y,,A,01,1,0,0,0,0,0,0,0,0,"- ","- ",34.249481201171875,-118.89743804931641,VENTURA,UNINCORPORATED,-118.89741516113281,34.249439239501953
94598517,2025,2025-03-10,9765,2025-02-28,1508,022472,,5,2,9,5600,0,3,5,,2,001,"US 101 S/B (VENTURA FREEWAY)","OLIVE STREET UNDERCROSSING",50.00,S,N,B,-,Y,VEN,,101," "," ",30.757,H,,L,Y,3,0,2,3,A,-,03,22350,,N,C,C,A,A,H,-,A,D,0,,,,,Y,,A,01,0,2,0,0,0,0,0,0,0,"- ","- ",34.278221130371094,-119.30357360839844,VENTURA,UNINCORPORATED,-119.30359649658203,34.278167724609375
94598818,2025,2025-03-12,9765,2025-02-24,1643,021999,,1,2,6,5604,0,1,2,,2,501,"US-101 S/B (VENTURA FREEWAY)","DEL NORTE BLVD.",275.00,N,N,A,-,Y,VEN,,101," "," ",18.991,H,,L,N,4,0,1,3,A,-,03,22350,,N,B,C,A,A,H,-,A,D,0,,,Y,,Y,,C,02,0,0,1,0,0,0,0,0,1,"- ","- ",34.222038269042969,-119.12783813476562,VENTURA,OXNARD,-119.12783813476562,34.222038269042969
94600873,2025,2025-03-18,9770,2025-03-02,1815,023812,,7,2,9,5600,0,2,4,,2,078,"JENNY DR","CARY COURT",45.00,N,N,A,-,N,,,,,,,,,,Y,4,0,1,2,A,-,08,22107,,N,C,E,A,A,H,-,C,D,0,,,,,Y,,A,01,0,0,1,0,0,0,0,0,0,"- ","- ",34.188880920410156,-118.94994354248047,VENTURA,UNINCORPORATED,-118.94988250732422,34.188854217529297
94601786,2025,2025-03-18,9770,2025-02-26,1510,017662,,3,2,6,5607,0,1,2,,2,073,"US-101 S/B (VENTURA FREEWAY)","BORCHARD ROAD",350.00,N,N,A,-,Y,VEN,,101," "," ",7.097,H,,L,N,3,0,1,1,C,-,18,,,N,H,A,A,A,H,-,A,D,0,,,,,Y,,-,"- ",0,1,0,0,0,0,0,0,0,"- ","- ",34.184619903564453,-118.92704772949219,VENTURA,"THOUSAND OAKS",-118.92704772949219,34.184627532958984
9460440,2022,2022-07-06,5608,2022-06-12,0048,527,,7,5,6,5608,0,0,0,,0,002,"OLIVAS PARK DR","TELEPHONE RD",2640.00,W,N,A,-,N,,,,,,,,,,Y,3,0,3,2,A,-,21,22106,,N,D,C,A,A,H,-,C,D,0,,,,,Y,Y,D,23,0,2,1,0,0,0,0,0,0,"- ","- ",,,VENTURA,VENTURA,-119.24289703369141,34.244102478027344
9460463,2022,2022-07-06,5604,2022-05-29,1706,537,,7,5,6,5604,0,0,0,,0,011,"N C ST","GLENWOOD DR",10.00,N,N,A,-,N,,,,,,,,,,N,3,0,1,1,A,-,03,22350,1,N,E,I,A,A,H,-,A,A,0,,,,,Y,,D,22,0,1,0,0,0,0,0,0,0,"- ","- ",34.214031219482422,-119.180908203125,VENTURA,OXNARD,-119.180908203125,34.214057922363281
9460468,2022,2022-07-06,5604,2022-05-28,0654,5610,,6,5,6,5604,0,0,0,,0,022,"VENTURA ROAD RD","LITTLE FARMS RD",20.00,S,N,A,-,N,,,,,,,,,,N,4,0,1,2,A,-,04,21703,,N,C,C,A,A,H,-,A,D,0,,,,,Y,,D,22,0,0,1,0,0,0,0,0,0,"- ","- ",34.201511383056641,-119.19474792480469,VENTURA,OXNARD,-119.19473266601562,34.201454162597656
9460611,2022,2022-06-23,5608,2022-06-03,0750,529,,5,5,6,5608,0,0,0,,0,002,"HARBOR BL","PENINSULA ST",686.00,W,N,B,-,N,,,,,,,,,,Y,3,0,1,5,A,-,03,22350,,N,C,C,A,A,H,-,A,D,0,,,,,Y,,A,01,0,1,0,0,0,0,0,0,0,"- ","- ",,,VENTURA,VENTURA,-119.26641082763672,34.262805938720703
9460763,2022,2022-06-21,5608,2022-05-27,1650,526,,5,5,6,5608,0,0,0,,0,001,"POLI ST","OAK ST",17.00,W,N,A,-,N,,,,,,,,,,Y,3,0,2,2,A,-,09,21802,A,N,D,C,A,A,H,-,A,-,0,,,,,Y,,A,08,0,1,1,0,0,0,0,0,0,"- ","- ",,,VENTURA,VENTURA,-119.29471588134766,34.282138824462891
94608927,2025,2025-03-18,9765,2025-03-08,1734,023911,,6,2,6,5604,0,1,2,,2,501,"US-101 S/B (VENTURA FREEWAY)","VINEYARD AVENUE",12.00,S,N,A,-,Y,VEN,,232," "," ",0.373,H,,R,Y,2,0,1,1,A,-,01,23152,G,N,E,8,A,A,H,-,A,A,0,,,,,Y,Y,A,07,1,0,0,0,0,0,0,0,0,"- ","- ",34.230861663818359,-119.17379760742188,VENTURA,OXNARD,-119.17393493652344,34.230930328369141
94609038,2025,2025-03-18,9765,2025-03-09,1733,023498,,7,2,9,5600,0,3,5,,2,002,"LA LUNA AVENUE","EL CONEJO",280.00,S,N,A,-,N,,,,,,,,,,Y,2,0,3,2,A,-,05,21460,,N,A,C,A,A,H,-,A,D,0,,,,,Y,Y,D,22,1,2,0,0,0,0,0,0,0,"- ","- ",34.455219268798828,-119.28047943115234,VENTURA,UNINCORPORATED,-119.28038787841797,34.455230712890625
9461646,2022,2022-07-11,5608,2022-06-18,1119,519,,6,5,6,5608,0,0,0,,0,004,"JOHNSON DR","BRISTOL RD",25.00,S,N,A,-,N,,,,,,,,,,Y,4,0,1,2,A,-,08,22107,,N,D,C,A,A,H,-,A,A,0,,,,,Y,,A,01,0,0,1,0,0,0,0,0,0,"- ","- ",,,VENTURA,VENTURA,-119.19760894775391,34.254531860351562
9461649,2022,2022-07-11,5608,2022-06-17,2500,423,,5,5,6,5608,0,0,0,,0,001,"CHESTNUT ST","POLI ST",97.00,S,N,A,-,N,,,,,,,,,,N,4,0,2,2,A,-,09,21804,A,N,-,C,A,A,H,-,A,-,0,,,,,Y,,A,01,0,0,2,0,0,0,0,0,0,"- ","- ",,,VENTURA,VENTURA,-119.29157257080078,34.281875610351562
94624416,2025,2025-03-24,9765,2025-03-16,1320,021349,,7,1,9,5600,0,3,5,,2,002,"SR-150 (BALDWIN RD)","S LA LUNA AVE",106.00,W,N,A,-,Y,VEN,,150," ",R,14.268,H,,R,N,3,0,1,2,A,-,09,21804,A,N,D,C,A,A,H,-,A,D,0,,,,,Y,,A,07,0,1,0,0,0,0,0,0,0,"- ","- ",34.430240631103516,-119.29074096679688,VENTURA,UNINCORPORATED,-119.29073333740234,34.430145263671875
94627248,2025,2025-03-26,9765,2025-03-20,"720 ",024278,,4,1,9,5600,0,3,5,,2,006,"HUENEME RD","RICE AVE",20.00,E,N,A,-,N,,,,,,,,,,Y,4,0,1,2,A,-,03,22350,,N,C,C,A,A,H,-,A,D,0,,,,,Y,,A,01,0,0,1,0,0,0,0,0,0,"- ","- ",34.147098541259766,-119.13710784912109,VENTURA,UNINCORPORATED,-119.13692474365234,34.147159576416016
94627345,2025,2025-03-26,9770,2025-03-25,2010,023131,,2,2,9,5600,0,2,4,,1,056,"SR-118 E/B (LOS ANGELES AVENUE)","GRIMES CANYON ROAD WEST ROADWAY PROLONGATION",100.00,W,N,A,-,Y,VEN,,118," "," ",14.661,H,,R,Y,3,0,1,2,A,-,03,22350,,N,C,C,A,A,H,-,D,A,0,,,,,Y,,D,22,0,1,0,0,0,0,0,0,0,"- ","- ",34.273761749267578,-118.93083953857422,VENTURA,UNINCORPORATED,-118.93084716796875,34.273765563964844
94627356,2025,2025-03-26,9765,2025-03-20,1729,023561,,4,2,5,5601,0,3,5,,2,006,"PLEASANT VALLEY ROAD","AIRPORT WAY",850.00,W,N,A,-,N,,,,,,,,,,Y,4,0,2,3,A,-,03,22350,,N,C,C,A,A,H,-,A,A,0,,,,,Y,,A,01,0,0,2,0,0,0,0,0,0,"- ","- ",34.205669403076172,-119.07927703857422,VENTURA,CAMARILLO,-119.07913970947266,34.205650329589844
9463205,2022,2022-08-11,5608,2022-07-02,1344,544,,6,5,6,5608,0,0,0,,0,002,"HARBOR BL",SPINNAKER,0.00,,N,A,-,N,,,,,,,,,,N,3,0,1,1,C,-,18,,,N,H,A,A,A,A,-,A,D,0,,Y,,,Y,,-,"- ",0,1,0,0,0,0,1,0,0,"- ","- ",34.262321472167969,-119.26513671875,VENTURA,VENTURA,-119.25694274902344,34.244281768798828