CASE_ID,ACCIDENT_YEAR,PROC_DATE,JURIS,COLLISION_DATE,COLLISION_TIME,OFFICER_ID,REPORTING_DISTRICT,DAY_OF_WEEK,CHP_SHIFT,POPULATION,CNTY_CITY_LOC,SPECIAL_COND,BEAT_TYPE,CHP_BEAT_TYPE,CITY_DIVISION_LAPD,CHP_BEAT_CLASS,BEAT_NUMBER,PRIMARY_RD,SECONDARY_RD,DISTANCE,DIRECTION,INTERSECTION,WEATHER_1,WEATHER_2,STATE_HWY_IND,CALTRANS_COUNTY,CALTRANS_DISTRICT,STATE_ROUTE,ROUTE_SUFFIX,POSTMILE_PREFIX,POSTMILE,LOCATION_TYPE,RAMP_INTERSECTION,SIDE_OF_HWY,TOW_AWAY,COLLISION_SEVERITY,NUMBER_KILLED,NUMBER_INJURED,PARTY_COUNT,PRIMARY_COLL_FACTOR,PCF_CODE_OF_VIOL,PCF_VIOL_CATEGORY,PCF_VIOLATION,PCF_VIOL_SUBSECTION,HIT_AND_RUN,TYPE_OF_COLLISION,MVIW,PED_ACTION,ROAD_SURFACE,ROAD_COND_1,ROAD_COND_2,LIGHTING,CONTROL_DEVICE,CHP_ROAD_TYPE,PEDESTRIAN_ACCIDENT,BICYCLE_ACCIDENT,MOTORCYCLE_ACCIDENT,TRUCK_ACCIDENT,NOT_PRIVATE_PROPERTY,ALCOHOL_INVOLVED,STWD_VEHTYPE_AT_FAULT,CHP_VEHTYPE_AT_FAULT,COUNT_SEVERE_INJ,COUNT_VISIBLE_INJ,COUNT_COMPLAINT_PAIN,COUNT_PED_KILLED,COUNT_PED_INJURED,COUNT_BICYCLIST_KILLED,COUNT_BICYCLIST_INJURED,COUNT_MC_KILLED,COUNT_MC_INJURED,PRIMARY_RAMP,SECONDARY_RAMP,LATITUDE,LONGITUDE,COUNTY,CITY,POINT_X,POINT_Y
9605376,2023,2023-08-03,5604,2023-07-23,1743,4674,,7,5,6,5604,0,0,0,,0,031,"GARFIELD AV","COOPER RD",15.00,S,N,A,-,N,,,,,,,,,,Y,4,0,2,2,A,-,01,23152,A,N,C,C,A,A,H,-,A,A,0,,,,,Y,Y,A,07,0,0,2,0,0,0,0,0,0,"- ","- ",34.20452880859375,-119.17375183105469,VENTURA,OXNARD,-119.17375946044922,34.204498291015625
9605509,2023,2023-08-07,5604,2023-06-30,1945,5658,,5,5,6,5604,0,0,0,,0,022,"N A ST","W MAGNOLIA AV W",0.00,,Y,A,-,N,,,,,,,,,,Y,4,0,3,2,A,-,09,21802,A,N,D,C,A,A,-,-,A,A,0,,,,,Y,,A,01,0,0,3,0,0,0,0,0,0,"- ","- ",34.203971862792969,-119.17851257324219,VENTURA,OXNARD,-119.17852783203125,34.203994750976562
9605850,2023,2023-08-23,5608,2023-07-12,"830 ",446,,3,5,6,5608,0,0,0,,0,004,"MARKET ST","EASTMAN AV",36.00,W,N,A,-,N,,,,,,,,,,Y,3,0,2,2,A,-,03,22350,,N,C,C,A,A,H,-,A,A,0,,,,,Y,,A,07,0,2,0,0,0,0,0,0,0,"- ","- ",,,VENTURA,VENTURA,-119.23030090332031,34.257335662841797
9608247,2023,2023-08-29,5608,2023-08-02,1057,496,,3,5,6,5608,0,0,0,,0,,"MAIN ST","CALLENS RD",0.00,,Y,A,-,N,,,,,,,,,,Y,3,0,3,2,D,-,00,,,N,D,J,A,A,H,-,A,A,0,,,,,Y,,-,"- ",0,1,2,0,0,0,0,0,0,"- ","- ",,,VENTURA,VENTURA,-119.23946380615234,34.263431549072266
9608683,2023,2023-08-25,5608,2023-08-01,"448 ",522,,2,5,6,5608,0,0,0,,0,003,"HENDERSON RD","PEARL ST",24.00,N,N,A,-,N,,,,,,,,,,Y,3,0,1,1,A,-,03,22350,,N,E,I,A,A,H,-,C,D,0,,,,,Y,,A,07,0,1,0,0,0,0,0,0,0,"- ","- ",,,VENTURA,VENTURA,-119.18717193603516,34.274349212646484
9608687,2023,2023-09-11,5608,2023-08-05,2118,538,,6,5,6,5608,0,0,0,,0,001,"NORTH VENTURA AV","W HARRISON AV",8.00,W,N,A,-,N,,,,,,,,,,N,3,0,1,2,A,-,03,22350,,N,G,B,B,A,H,-,C,D,0,Y,,,,Y,,A,01,0,1,0,0,1,0,0,0,0,"- ","- ",,,VENTURA,VENTURA,-119.29942321777344,34.286029815673828
9609420,2023,2023-09-13,5604,2023-07-27,1035,5686,,4,5,6,5604,0,0,0,,0,032,"RICHMOND AV","EAST 5TH ST",100.00,S,N,A,-,N,,,,,,,,,,N,4,0,1,2,A,-,08,22107,,N,B,C,A,A,H,-,A,D,0,,,,Y,Y,,G,25,0,0,1,0,0,0,0,0,0,"- ","- ",34.196891784667969,-119.16951751708984,VENTURA,OXNARD,-119.16956329345703,34.196365356445312
9612223,2023,2023-09-15,5608,2023-08-18,"728 ",539,,5,5,6,5608,0,0,0,,0,002,"SEAWARD AV","ALESSANDRO AV",0.00,,Y,-,-,N,,,,,,,,,,N,3,0,1,2,A,-,10,21950,A,N,-,B,B,A,H,-,A,A,0,Y,,,,Y,,A,01,0,1,0,0,1,0,0,0,0,"- ","- ",,,VENTURA,VENTURA,-119.268310546875,34.266231536865234
9612224,2023,2023-09-15,5608,2023-08-31,1600,409,,4,5,6,5608,0,0,0,,0,003,"FOOTHILL RD","KIMBALI RD",415.00,E,N,A,-,N,,,,,,,,,,N,3,0,1,2,A,-,09,21804,,N,D,G,A,A,H,-,A,A,0,,Y,,,Y,,A,07,0,1,0,0,0,0,1,0,0,"- ","- ",,,VENTURA,VENTURA,-119.19403839111328,34.288200378417969
9613521,2023,2023-10-20,5608,2023-08-21,1740,559,,1,5,6,5608,0,0,0,,0,003,"E MAIN ST","S MILLS RD",0.00,,Y,A,-,N,,,,,,,,,,Y,3,0,1,1,A,-,01,23152,F,N,E,I,A,A,H,-,A,A,0,,,,,Y,,D,22,0,1,0,0,0,0,0,0,0,"- ","- ",34.264430999755859,-119.2442626953125,VENTURA,VENTURA,-119.24604797363281,34.264926910400391
9613643,2023,2023-10-04,5608,2023-08-07,1332,505,,1,5,6,5608,0,0,0,,0,004,"RALSTON ST","ROBIN AV",0.00,,Y,A,-,N,,,,,,,,,,Y,4,0,1,3,A,-,09,21800,A,N,C,A,A,A,H,-,A,D,0,,,,,Y,,A,07,0,0,1,0,0,0,0,0,0,"- ","- ",,,VENTURA,VENTURA,-119.20603179931641,34.2618408203125
9616582,2023,2023-10-05,5608,2023-09-07,"647 ",533,30,4,5,6,5608,0,0,0,,0,004,"TELEPHONE RD","GARDNER AV",33.00,W,N,A,-,N,,,,,,,,,,N,4,0,1,2,A,-,17,22517,,N,A,G,A,A,H,-,A,D,0,,Y,,,Y,,A,01,0,0,1,0,0,0,1,0,0,"- ","- ",,,VENTURA,VENTURA,-119.16517639160156,34.275428771972656
9616586,2023,2023-10-23,5608,2023-09-19,1649,560,,2,5,6,5608,0,0,0,,0,001,"NORTH VENTURA AV","EL MEDIO ST",0.00,,Y,A,-,N,,,,,,,,,,Y,3,0,1,3,A,-,08,22107,,N,B,E,A,A,H,-,A,A,0,,,,,Y,,A,01,0,1,0,0,0,0,0,0,0,"- ","- ",,,VENTURA,VENTURA,-119.29721069335938,34.293319702148438
9616588,2023,2023-10-09,5608,2023-09-18,1331,520,,1,5,6,5608,0,0,0,,0,002,"SPINNAKER DR","ANGLER CT",1109.00,W,N,A,-,N,,,,,,,,,,Y,3,0,1,1,A,-,03,22350,,N,F,I,A,A,H,-,A,D,0,,,,,Y,,A,01,0,1,0,0,0,0,0,0,0,"- ","- ",,,VENTURA,VENTURA,-119.26470184326172,34.239978790283203
9619064,2023,2023-12-18,5608,2023-11-08,"745 ",561,,3,5,6,5608,0,0,0,,0,003,"VICTORIA AV","TELEGRAPH RD",8.00,S,N,A,-,N,,,,,,,,,,N,3,0,1,2,A,-,04,21703,,N,C,C,A,A,H,-,A,A,0,,,,,Y,,A,07,0,1,0,0,0,0,0,0,0,"- ","- ",,,VENTURA,VENTURA,-119.21462249755859,34.277988433837891
9621286,2023,2023-12-11,5608,2023-10-11,1546,503,,3,5,6,5608,0,0,0,,0,003,"SOUTH VICTORIA AV",TELEGRAPH,15.00,S,N,A,-,N,,,,,,,,,,Y,3,0,1,2,A,-,08,22107,,N,D,C,A,A,H,-,A,A,0,,,,,Y,,-,"- ",0,1,0,0,0,0,0,0,0,"- ","- ",,,VENTURA,VENTURA,-119.21462249755859,34.277969360351562
9622042,2023,2023-10-25,5608,2023-09-14,1633,409,,4,5,6,5608,0,0,0,,0,003,"KIMBALL RD","THILLE ST",160.00,N,N,A,-,N,,,,,,,,,,N,4,0,2,2,A,-,03,22350,,N,C,C,A,A,H,-,A,A,0,,,,,Y,,D,22,0,0,2,0,0,0,0,0,0,"- ","- ",,,VENTURA,VENTURA,-119.18923187255859,34.271533966064453
9622046,2023,2023-11-07,5608,2023-09-21,"949 ",437,,4,5,6,5608,0,0,0,,0,002,"TELEGRAPH RD","N JOANNE AVE",63.00,E,N,A,-,N,,,,,,,,,,N,2,0,1,2,A,-,06,21760,B,N,B,-,A,A,H,-,A,D,0,,Y,,,Y,,I,20,1,0,0,0,0,0,1,0,0,"- ","- ",,,VENTURA,VENTURA,-119.25552368164062,34.272010803222656
9622107,2023,2023-12-09,5605,2023-10-02,1644,227,PATRO,1,5,3,5605,0,0,0,,0,001,"CHANNEL ISLAND BL","LIDO BL",231.00,W,N,A,-,N,,,,,,,,,,Y,3,0,4,4,A,-,03,22350,,N,C,C,A,A,H,-,A,D,0,,,,,Y,,A,07,0,4,0,0,0,0,0,0,0,"- ","- ",34.175739288330078,-119.20236968994141,VENTURA,"PORT HUENEME",-119.20313262939453,34.175693511962891
9622566,2023,2023-11-29,5608,2023-10-02,1735,503,,1,5,6,5608,0,0,0,,0,003,"N MILLS RD","MAIN ST",5.00,N,N,A,-,N,,,,,,,,,,N,4,0,1,2,A,-,08,22107,,F,D,G,A,A,H,-,A,A,0,,Y,,,Y,,A,01,0,0,1,0,0,0,1,0,0,"- ","- ",,,VENTURA,VENTURA,-119.24604797363281,34.264942169189453
9623949,2023,2023-11-27,5608,2023-10-16,1845,539,,1,5,6,5608,0,0,0,,0,002,"THOMPSON BL","CORONADO ST",24.00,W,N,A,-,N,,,,,,,,,,Y,4,0,1,2,A,-,05,21460,A,F,A,C,A,A,H,-,C,D,0,,,,,Y,,D,22,0,0,1,0,0,0,0,0,0,"- ","- ",,,VENTURA,VENTURA,-119.26816558837891,34.273933410644531
9626487,2023,2023-11-07,5604,2023-09-29,"924 ",5359,,5,5,6,5604,0,0,0,,0,012,"AUTO CENTER DR","N ROSE AV N",0.00,,Y,A,-,N,,,,,,,,,,Y,4,0,1,2,A,-,12,21453,A,N,D,C,A,A,H,-,A,A,0,,,,,Y,,I,11,0,0,1,0,0,0,0,0,0,"- ","- ",34.227199554443359,-119.1568603515625,VENTURA,OXNARD,-119.157958984375,34.228069305419922
9626546,2023,2023-11-07,5604,2023-09-21,1430,4914,,4,5,6,5604,0,0,0,,0,022,"WEST 5TH ST","S K STREET",0.00,,Y,A,-,N,,,,,,,,,,N,4,0,1,2,A,-,08,22107,,N,G,B,B,A,H,-,A,A,0,Y,,,,Y,,D,22,0,0,1,0,1,0,0,0,0,"- ","- ",34.197769165039062,-119.19168090820312,VENTURA,OXNARD,-119.19168090820312,34.197731018066406
9626753,2023,2023-10-26,5604,2023-09-21,1550,4907,,4,5,6,5604,0,0,0,,0,042,"S C ST","BARD RD",422.00,S,N,A,-,N,,,,,,,,,,,3,0,2,2,A,-,05,21650,1,N,D,G,A,A,H,-,A,D,0,,Y,,,Y,,L,04,0,2,0,0,0,0,2,0,0,"- ","- ",34.160980224609375,-119.18228149414062,VENTURA,OXNARD,-119.18054962158203,34.159881591796875
9626806,2023,2023-10-25,5604,2023-09-15,2001,5648,,5,5,6,5604,0,0,0,,0,014,"RIVERPARK BL","TOWN CENTER DR",0.00,,Y,A,-,N,,,,,,,,,,Y,3,0,1,2,A,-,09,21804,B,N,D,C,A,A,H,-,C,A,0,,,,,Y,,A,01,0,1,0,0,0,0,0,0,0,"- ","- ",34.238048553466797,-119.17548370361328,VENTURA,OXNARD,-119.175537109375,34.238059997558594
9626809,2023,2023-10-25,5604,2023-09-20,"820 ",5354,,3,5,6,5604,0,0,0,,0,014,"TOWN CENTER DR","OXNARD BL",50.00,W,N,A,-,N,,,,,,,,,,Y,4,0,1,2,A,-,"- ",,,N,C,C,A,A,H,-,A,D,0,,,Y,,Y,,A,01,0,0,1,0,0,0,0,0,1,"- ","- ",34.193630218505859,-119.17984008789062,VENTURA,OXNARD,-119.18036651611328,34.241630554199219
9626812,2023,2023-10-25,5604,2023-09-17,1914,5216,,7,5,6,5604,0,0,0,,0,041,"W CHANNEL ISLANDS BL","LASSEN ST",10.00,E,N,A,-,N,,,,,,,,,,Y,3,0,2,1,A,-,08,22107,,N,E,I,A,A,H,-,B,A,0,,,,,Y,,A,01,0,1,1,0,0,0,0,0,0,"- ","- ",34.175678253173828,-119.19499206542969,VENTURA,OXNARD,-119.19034576416016,34.17559814453125
9626817,2023,2023-10-25,5604,2023-09-28,"751 ",4942,,4,5,6,5604,0,0,0,,0,023,"OXNARD BL","5TH ST",20.00,N,N,A,-,N,,,,,,,,,,N,3,0,1,2,A,-,12,21453,A,N,D,G,A,A,H,-,A,A,0,,Y,,,Y,,L,04,0,1,0,0,0,0,1,0,0,"- ","- ",,,VENTURA,OXNARD,-119.17746734619141,34.197746276855469
9626818,2023,2023-10-25,5604,2023-09-27,1902,5586,,3,5,6,5604,0,0,0,,0,031,"COLONIA RD","N JUANITA AV",50.00,W,N,A,-,N,,,,,,,,,,Y,4,0,3,2,A,-,21,22106,,N,C,C,A,A,H,-,C,D,0,,,,,Y,,A,07,0,0,3,0,0,0,0,0,0,"- ","- ",34.206401824951172,-119.16954803466797,VENTURA,OXNARD,-119.16865539550781,34.206390380859375
9627342,2023,2023-10-23,5604,2023-09-02,1838,5675,,6,5,6,5604,0,0,0,,0,014,"LOBELIA DR","STONE CREEK DR",20.00,S,N,A,-,N,,,,,,,,,,,4,0,1,2,A,-,03,22350,,N,E,-,A,A,H,-,A,D,0,,,,,Y,,A,01,0,0,1,0,0,0,0,0,0,"- ","- ",34.233100891113281,-119.19046020507812,VENTURA,OXNARD,-119.19110107421875,34.233707427978516
9627417,2023,2023-10-04,5604,2023-08-17,1226,5172,,4,5,6,5604,0,0,0,,0,031,"EAST 5TH ST","MOUNTAIN VIEW AV",0.00,,Y,A,-,N,,,,,,,,,,Y,3,0,4,2,A,-,09,21802,A,N,D,C,A,A,H,-,A,A,0,,,,,Y,,A,01,0,2,2,0,0,0,0,0,0,"- ","- ",34.196971893310547,-119.17231750488281,VENTURA,OXNARD,-119.17240142822266,34.196731567382812
9627419,2023,2023-10-10,5604,2023-08-28,1335,5465,,1,5,6,5604,0,0,0,,0,023,"S OXNARD BL","E 4TH ST",25.00,N,N,A,-,N,,,,,,,,,,Y,4,0,1,1,A,-,07,21658,A,N,A,I,A,A,H,-,A,D,0,,,,,Y,,A,01,0,0,1,0,0,0,0,0,0,"- ","- ",,,VENTURA,OXNARD,-119.17733001708984,34.199069976806641
9627426,2023,2023-10-13,5604,2023-09-07,1338,5693,,4,5,6,5604,0,0,0,,0,014,"E VINEYARD AV","ESPLANADE DR",100.00,S,N,A,-,N,,,,,,,,,,N,4,0,1,2,A,-,04,21703,,N,C,C,A,A,H,-,A,A,0,,,,,Y,,A,01,0,0,1,0,0,0,0,0,0,"- ","- ",,,VENTURA,OXNARD,-119.17491912841797,34.229839324951172
9627435,2023,2023-10-13,5604,2023-09-01,"812 ",5401,,5,5,6,5604,0,0,0,,0,024,"G ST","WOOLEY RD",150.00,S,N,B,-,N,,,,,,,,,,N,3,0,1,2,A,-,08,22107,,N,D,G,A,A,H,-,A,D,0,,Y,,,Y,,L,04,0,1,0,0,0,0,1,0,0,"- ","- ",34.213180541992188,-119.19011688232422,VENTURA,OXNARD,-119.1864013671875,34.190200805664062
9628376,2023,2023-10-26,5604,2023-09-29,2005,5714,,5,5,6,5604,0,0,0,,0,031,"EAST 5TH ST","PACIFIC AV",250.00,W,N,A,-,N,,,,,,,,,,Y,4,0,2,2,A,-,01,23153,A,N,C,C,A,A,H,-,C,A,0,,,,,Y,Y,A,07,0,0,2,0,0,0,0,0,0,"- ","- ",34.197078704833984,-119.16477203369141,VENTURA,OXNARD,-119.16559600830078,34.197074890136719
9628621,2023,2023-10-31,5604,2023-09-29,2309,5673,,5,5,6,5604,0,0,0,,0,042,"SAVIERS RD","BARRYMORE DR",20.00,S,N,A,-,N,,,,,,,,,,N,4,0,1,2,A,-,03,22350,,F,G,G,A,A,H,-,C,D,0,,Y,,,Y,,-,99,0,0,1,0,0,0,1,0,0,"- ","- ",34.152420043945312,-119.17777252197266,VENTURA,OXNARD,-119.177734375,34.152454376220703
9628622,2023,2023-10-31,5604,2023-09-27,"609 ",4868,,3,5,6,5604,0,0,0,,0,014,"RIVERPARK BL","COLONIA AV",300.00,W,N,A,-,N,,,,,,,,,,,4,0,1,2,A,-,09,21801,A,N,H,A,A,A,H,-,C,D,0,,,Y,,Y,,A,01,0,0,1,0,0,0,0,0,1,"- ","- ",34.233551025390625,-119.17198181152344,VENTURA,OXNARD,-119.17418670654297,34.234664916992188
9628624,2023,2023-12-20,5604,2023-09-23,2053,5673,,6,5,6,5604,0,0,0,,0,042,"E PLEASANT VALLEY RD","ROSE AV",5280.00,E,N,A,-,N,,,,,,,,,,Y,3,0,1,2,A,-,03,22350,,F,C,C,A,A,H,-,C,A,0,,,,,Y,Y,A,01,0,1,0,0,0,0,0,0,0,"- ","- ",34.157928466796875,-119.15944671630859,VENTURA,OXNARD,-119.14458465576172,34.165229797363281
9628924,2023,2023-10-27,5604,2023-09-21,1455,5623,,4,5,6,5604,0,0,0,,0,042,"E PLEASANT VALLEY RD","ETTING RD",0.00,,Y,A,-,N,,,,,,,,,,Y,4,0,3,2,A,-,09,21801,A,N,D,C,A,A,H,-,A,A,0,,,,,Y,,A,01,0,0,3,0,0,0,0,0,0,"- ","- ",,,VENTURA,OXNARD,-119.15148162841797,34.161895751953125
9629325,2023,2023-12-14,5608,2023-10-14,1820,520,,6,5,6,5608,0,0,0,,0,004,"TELEPHONE RD","PORTOLA RD",0.00,,Y,A,-,N,,,,,,,,,,N,3,0,1,2,A,-,12,21453,A,N,D,C,A,A,H,-,B,A,0,,,,Y,Y,,F,21,0,1,0,0,0,0,0,0,0,"- ","- ",,,VENTURA,VENTURA,-119.22515106201172,34.263595581054688
9629958,2023,2023-12-11,5604,2023-10-16,1823,5659,,1,5,6,5604,0,0,0,,0,011,"OXNARD BL","GLENWOOD DR",250.00,S,N,A,-,N,,,,,,,,,,Y,2,0,2,3,A,-,04,21703,,N,F,C,A,A,H,-,A,D,0,,,,,Y,,A,07,1,0,1,0,0,0,0,0,0,"- ","- ",34.211189270019531,-119.17722320556641,VENTURA,OXNARD,-119.17717742919922,34.211189270019531
9629974,2023,2023-12-11,5604,2023-09-27,1055,5703,,3,5,6,5604,0,0,0,,0,022,"N VENTURA RD","W 7TH ST",0.00,,Y,A,-,N,,,,,,,,,,N,4,0,1,2,A,-,09,21801,A,N,D,C,A,A,H,-,A,A,0,,,,,Y,,A,01,0,0,1,0,0,0,0,0,0,"- ","- ",,,VENTURA,OXNARD,-119.19490051269531,34.195140838623047
9631164,2023,2024-01-18,5604,2023-10-03,2057,5514,,2,5,6,5604,0,0,0,,0,014,"CITRUS GROVE LN","N OXNARD BL N",0.00,,Y,A,-,N,,,,,,,,,,Y,4,0,1,2,A,-,12,21453,A,F,D,C,A,A,H,-,C,A,0,,,,,Y,,A,07,0,0,1,0,0,0,0,0,0,"- ","- ",34.221141815185547,-119.17755889892578,VENTURA,OXNARD,-119.17755889892578,34.221115112304688
9631946,2023,2023-11-01,5608,2023-09-20,1204,498,,3,5,6,5608,0,0,0,,0,004,"VALENTINE RD","KNOLL DR",350.00,E,N,A,-,N,,,,,,,,,,N,4,0,1,2,A,-,08,22107,,N,B,C,A,A,H,-,A,D,0,,,,,Y,,A,01,0,0,1,0,0,0,0,0,0,"- ","- ",,,VENTURA,VENTURA,-119.21865844726562,34.256332397460938
9633982,2023,2024-01-03,5606,2023-05-25,2057,1127,5606,4,5,4,5606,0,0,0,,0,001,"PECK RD","FOOTHILL RD",59.00,S,N,A,-,N,,,,,,,,,,Y,2,0,3,2,A,-,03,22350,,N,A,C,A,A,H,-,C,D,0,,,,,Y,,A,01,1,0,2,0,0,0,0,0,0,"- ","- ",,,VENTURA,"SANTA PAULA",-119.09246826171875,34.348789215087891
9634662,2023,2024-01-23,5608,2023-11-03,1529,505,,5,5,6,5608,0,0,0,,0,004,"MAIN ST","TELEPHONE RD",0.00,,Y,A,-,N,,,,,,,,,,Y,3,0,1,2,A,-,08,22107,,N,B,C,A,A,H,-,A,A,0,,,,,Y,,A,01,0,1,0,0,0,0,0,0,0,"- ","- ",,,VENTURA,VENTURA,-119.23184967041016,34.261920928955078
9634841,2023,2023-12-07,5608,2023-10-05,1433,503,,4,5,6,5608,0,0,0,,0,002,"S SEAWARD AV","ALESSANDRO DR",75.00,N,N,A,-,N,,,,,,,,,,Y,4,0,2,2,A,-,03,22350,,N,C,C,A,A,H,-,A,A,0,,,,,Y,,-,,0,0,2,0,0,0,0,0,0,"- ","- ",,,VENTURA,VENTURA,-119.26834869384766,34.266433715820312
9635242,2023,2023-12-06,5605,2023-10-31,1642,147,PATRO,2,5,3,5605,0,0,0,,0,001,"WHEELHOUSE AV","CHANNEL ISLAND BL",205.00,N,N,A,-,N,,,,,,,,,,Y,3,0,1,2,A,-,09,21801,A,N,D,C,A,A,H,-,A,D,0,,,,,Y,,A,01,0,1,0,0,0,0,0,0,0,"- ","- ",34.175918579101562,-119.21247100830078,VENTURA,"PORT HUENEME",-119.21269226074219,34.17633056640625
9635903,2023,2024-01-05,5605,2023-12-07,1756,227,PATRO,4,5,3,5605,0,0,0,,0,001,"CHANNEL ISLANDS BL","UKIAH ST",471.00,E,N,A,-,N,,,,,,,,,,Y,3,0,1,2,A,-,03,22350,,N,C,C,A,A,H,-,C,D,0,,,,,Y,,A,01,0,1,0,0,0,0,0,0,0,"- ","- ",34.175910949707031,-119.20043182373047,VENTURA,"PORT HUENEME",-119.19880676269531,34.175918579101562
9635960,2023,2024-02-17,5608,2023-12-27,1104,513,,3,5,6,5608,0,0,0,,0,001,"POLI ST","HEMLOCK ST",147.00,E,N,B,-,N,,,,,,,,,,Y,4,0,1,2,A,-,08,22107,,N,B,E,A,A,H,-,A,D,0,,,,,Y,,A,01,0,0,1,0,0,0,0,0,0,"- ","- ",,,VENTURA,VENTURA,-119.28197479248047,34.28216552734375
9636087,2023,2024-01-04,5608,2023-11-14,2029,547,,2,5,6,5608,0,0,0,,0,002,"TELEPHONE RD","MARKET ST",0.00,,Y,A,-,N,,,,,,,,,,Y,4,0,1,2,A,-,12,21453,A,N,D,C,A,A,H,-,C,A,0,,,,,Y,,D,22,0,0,1,0,0,0,0,0,0,"- ","- ",,,VENTURA,VENTURA,-119.23505401611328,34.257160186767578
9636095,2023,2024-01-04,5608,2023-11-09,"757 ",491,,4,5,6,5608,0,0,0,,0,004,"JOHNSON DR","RALSTON ST",0.00,,Y,A,-,N,,,,,,,,,,N,3,0,1,2,A,-,10,21950,,N,G,B,B,A,H,-,A,A,0,Y,,,,Y,,D,22,0,1,0,0,1,0,0,0,0,"- ","- ",,,VENTURA,VENTURA,-119.19919586181641,34.261028289794922
9640856,2024,2024-09-06,5604,2024-01-23,1904,5609,,2,5,6,5604,0,0,0,,0,014,"STROUBE ST","RT 232",0.00,,Y,A,-,Y,VEN,7,232,-,-,0.876,I,5,N,Y,1,1,0,2,A,-,11,21453,D,N,G,B,B,A,-,-,C,A,0,Y,,,,Y,Y,N,60,0,0,0,1,0,0,0,0,0,"- ","- ",34.237209320068359,-119.16925811767578,VENTURA,OXNARD,-119.16925048828125,34.237220764160156
9642271,2023,2023-12-13,5608,2023-10-20,1933,555,,5,5,6,5608,0,0,0,,0,003,"TELEGRAPH RD","NORTH BRYN MAWR",0.00,,Y,A,-,N,,,,,,,,,,Y,3,0,2,2,A,-,09,21801,A,N,D,C,A,A,H,-,B,A,0,,,,,Y,,A,01,0,2,0,0,0,0,0,0,0,"- ","- ",,,VENTURA,VENTURA,-119.22217559814453,34.276939392089844
9642289,2023,2024-01-23,5608,2023-11-02,"944 ",555,,4,5,6,5608,0,0,0,,0,003,"E MAIN ST","SOUTH MILLS RD",0.00,,Y,A,-,N,,,,,,,,,,N,3,0,1,2,A,-,12,21453,A,N,D,G,A,A,H,-,A,A,0,,Y,,,Y,Y,L,04,0,1,0,0,0,0,1,0,0,"- ","- ",,,VENTURA,VENTURA,-119.24604797363281,34.264926910400391
9642945,2023,2023-12-11,5608,2023-10-31,1438,499,57,2,5,6,5608,0,0,0,,0,002,"E MAIN ST","S MILLS ROAD",0.00,,Y,A,-,N,,,,,,,,,,N,4,0,1,2,A,-,04,21703,,N,C,C,A,A,H,-,A,A,0,,,,,Y,,A,01,0,0,1,0,0,0,0,0,0,"- ","- ",34.264881134033203,-119.24581909179688,VENTURA,VENTURA,-119.24604797363281,34.264926910400391
9643003,2023,2023-12-07,5604,2023-10-22,1014,5713,,7,5,6,5604,0,0,0,,0,024,"W CHANNEL ISLANDS BL","C ST",100.00,E,N,A,-,N,,,,,,,,,,N,4,0,1,2,A,-,03,22350,,N,C,C,A,A,H,-,A,A,0,,,,,Y,,A,01,0,0,1,0,0,0,0,0,0,"- ","- ",34.173679351806641,-119.18112182617188,VENTURA,OXNARD,-119.18080139160156,34.173698425292969
9643290,2023,2023-12-11,5604,2023-10-07,1206,5540,,6,5,6,5604,0,0,0,,0,041,"S F ST","YUCCA ST",0.00,,Y,A,-,N,,,,,,,,,,Y,2,0,1,2,A,-,01,23152,A,N,D,C,A,A,H,-,B,A,0,,,Y,,Y,Y,C,02,1,0,0,0,0,0,0,0,1,"- ","- ",34.165969848632812,-119.18405914306641,VENTURA,OXNARD,-119.18406677246094,34.165988922119141
9643337,2023,2023-12-06,5604,2023-10-24,1805,5592,,2,5,6,5604,0,0,0,,0,042,"OLDS RD","SANFORD ST",0.00,,Y,A,-,N,,,,,,,,,,N,3,0,1,2,A,-,09,21801,A,N,D,C,A,A,H,-,A,A,0,,,,,Y,,A,01,0,1,0,0,0,0,0,0,0,"- ","- ",34.154930114746094,-119.14888000488281,VENTURA,OXNARD,-119.14888000488281,34.154945373535156
9643339,2023,2023-12-06,5604,2023-10-27,2125,5502,,5,5,6,5604,0,0,0,,0,032,"E CHANNEL ISLANDS BL","ROSE AV",15.00,W,N,A,-,N,,,,,,,,,,N,3,0,1,2,A,-,09,21802,A,N,G,G,A,A,H,-,C,A,0,,Y,,,Y,,L,04,0,1,0,0,0,0,1,0,0,"- ","- ",34.17327880859375,-119.16002655029297,VENTURA,OXNARD,-119.16021728515625,34.173221588134766
9643346,2023,2023-12-07,5604,2023-10-07,1928,5592,,6,5,6,5604,0,0,0,,0,032,"SAVIERS RD","E BIRCH ST E",0.00,,Y,A,-,N,,,,,,,,,,N,3,0,3,2,A,-,08,22107,,N,D,C,A,A,H,-,C,D,0,,,,,Y,,A,01,0,2,1,0,0,0,0,0,0,"- ","- ",34.185359954833984,-119.17748260498047,VENTURA,OXNARD,-119.17742919921875,34.185356140136719
9643365,2023,2023-12-04,5604,2023-10-20,2237,5673,,5,5,6,5604,0,0,0,,0,041,"E PLEASANT VALLEY RD","BUTLER RD",0.00,,Y,A,-,N,,,,,,,,,,Y,4,0,2,2,A,-,09,21801,A,N,A,C,A,A,H,-,C,A,0,,,,,Y,,A,01,0,0,2,0,0,0,0,0,0,"- ","- ",34.164951324462891,-119.14510345458984,VENTURA,OXNARD,-119.14508819580078,34.164989471435547