CASE_ID,ACCIDENT_YEAR,PROC_DATE,JURIS,COLLISION_DATE,COLLISION_TIME,OFFICER_ID,REPORTING_DISTRICT,DAY_OF_WEEK,CHP_SHIFT,POPULATION,CNTY_CITY_LOC,SPECIAL_COND,BEAT_TYPE,CHP_BEAT_TYPE,CITY_DIVISION_LAPD,CHP_BEAT_CLASS,BEAT_NUMBER,PRIMARY_RD,SECONDARY_RD,DISTANCE,DIRECTION,INTERSECTION,WEATHER_1,WEATHER_2,STATE_HWY_IND,CALTRANS_COUNTY,CALTRANS_DISTRICT,STATE_ROUTE,ROUTE_SUFFIX,POSTMILE_PREFIX,POSTMILE,LOCATION_TYPE,RAMP_INTERSECTION,SIDE_OF_HWY,TOW_AWAY,COLLISION_SEVERITY,NUMBER_KILLED,NUMBER_INJURED,PARTY_COUNT,PRIMARY_COLL_FACTOR,PCF_CODE_OF_VIOL,PCF_VIOL_CATEGORY,PCF_VIOLATION,PCF_VIOL_SUBSECTION,HIT_AND_RUN,TYPE_OF_COLLISION,MVIW,PED_ACTION,ROAD_SURFACE,ROAD_COND_1,ROAD_COND_2,LIGHTING,CONTROL_DEVICE,CHP_ROAD_TYPE,PEDESTRIAN_ACCIDENT,BICYCLE_ACCIDENT,MOTORCYCLE_ACCIDENT,TRUCK_ACCIDENT,NOT_PRIVATE_PROPERTY,ALCOHOL_INVOLVED,STWD_VEHTYPE_AT_FAULT,CHP_VEHTYPE_AT_FAULT,COUNT_SEVERE_INJ,COUNT_VISIBLE_INJ,COUNT_COMPLAINT_PAIN,COUNT_PED_KILLED,COUNT_PED_INJURED,COUNT_BICYCLIST_KILLED,COUNT_BICYCLIST_INJURED,COUNT_MC_KILLED,COUNT_MC_INJURED,PRIMARY_RAMP,SECONDARY_RAMP,LATITUDE,LONGITUDE,COUNTY,CITY,POINT_X,POINT_Y
6373209,2014,2014-06-07,9765,2014-01-12,0140,020497,,7,3,9,5600,0,2,4,,2,064,"LAS POSAS RD","HUENEME RD",3168.00,S,N,A,-,N,,,,,,,,,,Y,4,0,1,1,A,-,01,23152,A,N,E,I,A,A,H,-,D,D,0,,,,,Y,Y,A,07,0,0,1,0,0,0,0,0,0,"- ","- ",34.149630000000002,-119.07680999999999,VENTURA,UNINCORPORATED,-119.07679330000001,34.148676279999997
6373233,2014,2015-12-28,9765,2014-01-28,0825,016436,,2,1,9,5600,0,1,3,,2,061,"RT 1","HUENEME RD",789.00,S,N,A,-,Y,VEN,7,1,-,-,12.640,H,-,S,N,3,0,1,2,A,-,03,22350,,N,C,C,A,A,H,-,C,D,1,,,Y,,Y,,C,02,0,1,0,0,0,0,0,0,1,"- ","- ",34.145620000000001,-119.11037,VENTURA,UNINCORPORATED,-119.1098089,34.14519275
6373931,2014,2014-06-09,5608,2014-01-29,2200,453,5608,3,5,6,5608,0,0,0,,0,002,"HARBOR BL","SEAWARD AV",0.00,,Y,A,-,N,,,,,,,,,,N,4,0,1,2,A,-,08,22107,,N,A,C,A,A,H,-,C,A,0,,,,,Y,,-,,0,0,1,0,0,0,0,0,0,"- ","- ",,,VENTURA,VENTURA,-119.27023993,34.264860030000001
6377393,2014,2015-11-09,9765,2014-02-23,1255,020417,,7,1,9,5600,0,1,3,,1,046,"RT 118","RT 232",440.00,W,N,A,-,Y,VEN,7,118,-,-,2.120,H,-,E,Y,4,0,3,3,A,-,03,22350,,N,C,C,A,A,H,-,A,A,0,,,,,Y,,D,22,0,0,3,0,0,0,0,0,0,"- ","- ",34.274909999999998,-119.13648999999999,VENTURA,UNINCORPORATED,-119.13635726,34.27475742
6377421,2014,2014-06-25,9765,2014-03-02,1120,020423,,7,1,9,5600,0,3,5,,2,004,"WHEELER CANYON RD","FOOTHILL RD",9504.00,N,N,C,-,N,,,,,,,,,,Y,4,0,1,1,A,-,03,22350,,N,E,I,A,B,H,-,A,D,0,,,,,Y,,D,22,0,0,1,0,0,0,0,0,0,"- ","- ",34.358620000000002,-119.14712,VENTURA,UNINCORPORATED,-119.14755941999999,34.357947670000001
6377566,2014,2014-06-16,9765,2014-02-14,2130,17662,,5,2,9,5600,0,2,4,,1,290,"SANTA ANA RD","SANTA ANA BL",10.00,S,N,A,-,N,,,,,,,,,,Y,4,0,2,1,A,-,21,22106,,N,E,I,A,A,H,-,D,D,0,,,,,Y,,A,07,0,0,2,0,0,0,0,0,0,"- ","- ",34.398919999999997,-119.31587,VENTURA,UNINCORPORATED,-119.31589194999999,34.399014399999999
6377570,2014,2016-03-22,9765,2014-02-26,1740,15696,,3,2,9,5600,0,1,3,,1,020,"RT 33","SYCAMORE ST",20.00,N,N,B,C,Y,VEN,7,33,-,-,6.440,H,-,N,Y,4,0,1,1,A,-,08,22107,,N,E,I,A,B,A,-,D,D,0,,,,,Y,,A,01,0,0,1,0,0,0,0,0,0,"- ","- ",34.364130000000003,-119.30739,VENTURA,UNINCORPORATED,-119.30749872,34.364024200000003
6377623,2014,2014-06-10,5600,2014-01-16,1010,4478,1000,4,5,2,5603,0,0,0,,0,1A01,"DEL ORO DR","DEL ORO DR 805",0.00,,N,A,-,N,,,,,,,,,,Y,3,0,1,1,A,-,01,23152,A,N,A,I,A,A,H,-,A,D,0,,,,,Y,Y,A,08,0,1,0,0,0,0,0,0,0,"- ","- ",,,VENTURA,OJAI,-119.25422609,34.457959969999997
6378272,2014,2016-03-22,5600,2014-02-01,1210,4455,8126,6,5,5,5601,0,0,0,,0,8C01,"TEMPLE AV","RT 34",29.00,E,N,A,-,Y,VEN,7,34,-,-,14.041,I,6,W,N,4,0,1,2,A,-,21,22106,,N,C,C,A,A,H,-,A,A,0,,,,,Y,,A,01,0,0,1,0,0,0,0,0,0,"- ","- ",34.221580000000003,-119.02943999999999,VENTURA,CAMARILLO,-119.0293076,34.221589379999998
6378349,2014,2014-06-13,9765,2014-02-01,1430,20528,,6,2,9,5600,0,2,4,,1,290,"SANTA ANA RD","RT 150",7920.00,S,N,A,-,N,,,,,,,,,,Y,3,0,1,1,A,-,03,22350,,N,F,A,A,A,H,-,A,D,0,,,Y,,Y,,C,02,0,1,0,0,0,0,0,0,1,"- ","- ",34.408349999999999,-119.32308999999999,VENTURA,UNINCORPORATED,-119.32304621,34.40837904
6379051,2014,2014-06-18,5609,2014-02-07,0728,374,,5,5,6,5609,0,0,0,,0,,"ROYAL AV",SINALOA,14.00,W,N,B,-,N,,,,,,,,,,N,4,0,1,2,A,-,10,21950,A,N,G,B,B,B,H,-,A,A,0,Y,,,,Y,,D,22,0,0,1,0,1,0,0,0,0,"- ","- ",,,VENTURA,"SIMI VALLEY",-118.78764627,34.264420000000001
6381453,2014,2016-03-26,9765,2014-02-11,1205,012252,,2,1,9,5600,0,1,2,,1,104,"RT 101","SOLIMAR BEACH",1173.00,S,N,A,-,Y,VEN,7,101,-,R,32.480,H,-,N,Y,3,0,2,3,A,-,02,22400,A,N,C,C,A,A,H,-,A,D,1,,,,Y,Y,,A,01,0,1,1,0,0,0,0,0,0,"- ","- ",34.288789999999999,-119.33064,VENTURA,UNINCORPORATED,-119.33076706,34.288664019999999
6382155,2014,2015-12-28,9765,2014-02-01,0925,017897,,6,1,6,5608,0,1,2,,2,103,"RT 101","RT 33",100.00,S,N,A,-,Y,VEN,7,101,-,-,30.890,H,-,S,Y,4,0,2,2,A,-,03,22350,,N,C,C,A,A,D,E,A,D,1,,,,,Y,,A,01,0,0,2,0,0,0,0,0,0,"- ","- ",34.278739999999999,-119.30556,VENTURA,VENTURA,-119.30581739,34.278865349999997
6382159,2014,2014-06-18,9765,2014-02-05,0815,016234,,3,1,9,5600,0,2,4,,2,064,"HUENEME RD","LAS POSAS RD",10.00,W,N,A,-,N,,,,,,,,,,Y,4,0,1,2,A,-,03,22350,,N,C,C,A,A,H,-,A,A,0,,,,,Y,,A,07,0,0,1,0,0,0,0,0,0,"- ","- ",34.157550000000001,-119.07671000000001,VENTURA,UNINCORPORATED,-119.07671799000001,34.157355449999997
6382594,2014,2014-06-13,5605,2014-02-10,1552,136,PATRO,1,5,3,5605,0,0,0,,0,007,"PLEASANT VALLEY RD","GILL AV",0.00,,Y,A,-,N,,,,,,,,,,Y,4,0,1,2,A,-,00,20001,,F,E,I,A,A,H,-,A,D,0,,,,,Y,,D,22,0,0,1,0,0,0,0,0,0,"- ","- ",,,VENTURA,"PORT HUENEME",-119.18699003,34.154790040000002
6384674,2014,2014-06-30,5600,2014-02-20,1847,3628,9064,4,5,6,5607,0,0,0,,0,9B01,"MOORPARK RD","CONEJO PLAZA DR",583.00,S,N,A,-,N,,,,,,,,,,Y,4,0,3,4,A,-,01,23152,A,N,C,C,A,A,H,-,C,A,0,,,,,Y,Y,A,01,0,0,3,0,0,0,0,0,0,"- ","- ",,,VENTURA,"THOUSAND OAKS",,
6386729,2014,2014-06-17,5600,2014-02-03,1503,3924,5104,1,5,4,5690,0,0,0,,0,02A,"COLLINS DR","CAMPUS PARK DR",75.00,N,N,A,-,N,,,,,,,,,,N,4,0,2,2,A,-,21,22106,,N,C,C,A,A,H,-,A,A,0,,,,,Y,,A,07,0,0,2,0,0,0,0,0,0,"- ","- ",,,VENTURA,MOORPARK,-118.84165642000001,34.296240930000003
6386733,2014,2015-11-09,5600,2014-02-17,1932,3619,5141,1,5,4,5690,0,0,0,,0,2A01,"RT 118","LETA YANCY RD",0.00,,Y,A,-,Y,VEN,7,118,-,-,17.176,I,5,E,Y,4,0,2,2,A,-,09,21453,C,N,H,C,A,A,H,-,C,A,0,,,,,Y,,A,01,0,0,2,0,0,0,0,0,0,"- ","- ",,,VENTURA,MOORPARK,-118.88850631,34.278873840000003
6386781,2014,2014-06-17,5600,2014-02-12,1249,2833,5105,3,5,4,5690,0,0,0,,0,028,"CAMPUS PARK DR","COLLEGE VIEW DR",146.00,E,N,A,-,N,,,,,,,,,,Y,4,0,4,3,A,-,03,22350,,N,C,C,A,A,H,-,A,A,0,,,,,Y,,A,01,0,0,4,0,0,0,0,0,0,"- ","- ",,,VENTURA,MOORPARK,-118.83974732,34.296047540000004
6387260,2014,2014-06-03,5609,2014-01-25,1507,388,,6,5,6,5609,0,0,0,,0,003,"ERRINGER RD","HEYWOOD ST",600.00,S,N,A,-,N,,,,,,,,,,Y,4,0,1,2,A,-,03,22350,,N,C,C,A,A,H,-,A,A,0,,,,,Y,,-,,0,0,1,0,0,0,0,0,0,"- ","- ",,,VENTURA,"SIMI VALLEY",-118.76141,34.266783789999998
6387264,2014,2014-06-03,5609,2014-01-23,1745,388,,4,5,6,5609,0,0,0,,0,004,"COCHRAN ST","ERRINGER RD",0.00,,Y,A,-,N,,,,,,,,,,Y,4,0,2,2,A,-,09,21801,A,N,A,C,A,A,H,-,C,A,0,,,,,Y,,-,,0,0,2,0,0,0,0,0,0,"- ","- ",,,VENTURA,"SIMI VALLEY",-118.76140006999999,34.279010120000002
6388083,2014,2014-06-13,9770,2014-02-07,0710,14711,,5,1,9,5600,0,2,4,,1,088,"BOX CANYON RD","STUDIO RD",2112.00,S,N,B,-,N,,,,,,,,,,Y,3,0,1,1,A,-,03,22350,,N,E,I,A,B,H,-,A,A,0,,,,,Y,,A,01,0,1,0,0,0,0,0,0,0,"- ","- ",34.248550000000002,-118.65000999999999,VENTURA,UNINCORPORATED,-118.65014042,34.249569579999999
6389118,2014,2015-02-09,5608,2014-02-12,1145,438,VENTU,3,5,6,5608,0,0,0,,0,004,"TELEPHONE RD","PLACID AV",0.00,,Y,A,-,N,,,,,,,,,,Y,4,0,1,2,A,-,08,22107,,N,D,C,A,A,H,-,A,A,0,,,,,Y,,-,,0,0,1,0,0,0,0,0,0,"- ","- ",,,VENTURA,VENTURA,-119.18307009999999,34.269670040000001
6389343,2014,2014-06-25,5608,2014-02-19,1822,451,,3,5,6,5608,0,0,0,,0,002,"HARBOR BL","PENINSULA ST",0.00,,Y,A,-,N,,,,,,,,,,Y,4,0,1,2,A,-,01,23152,A,N,B,C,A,A,H,-,C,A,0,,,,,Y,Y,-,,0,0,1,0,0,0,0,0,0,"- ","- ",,,VENTURA,VENTURA,-119.26440988,34.261930079999999
6389475,2014,2014-07-08,5600,2014-02-21,1250,1936,,5,5,6,5607,0,0,0,,0,,"WILBUR RD","MOORPARK RD",127.00,E,N,A,-,N,,,,,,,,,,Y,4,0,1,2,A,-,09,21801,A,N,H,C,A,A,H,-,A,D,0,,,,,Y,,A,01,0,0,1,0,0,0,0,0,0,"- ","- ",,,VENTURA,"THOUSAND OAKS",-118.87504,34.186590000000002
6389743,2014,2015-12-28,9765,2014-02-24,1355,016712,,1,1,9,5600,0,1,2,,2,103,"RT 101","DULAH RD",3696.00,S,N,A,-,Y,VEN,7,101,-,R,33.980,H,-,S,Y,3,0,1,1,A,-,03,22350,,N,E,I,A,A,H,-,A,D,1,,,,,Y,,D,22,0,1,0,0,0,0,0,0,0,"- ","- ",34.305869999999999,-119.34876,VENTURA,UNINCORPORATED,-119.34776557000001,34.305036629999996
6390959,2014,2015-11-09,5600,2014-02-11,1432,4437,1000,2,5,2,5603,0,0,0,,0,01A,"RT 150","EL PASEO RD",200.00,E,N,A,-,Y,VEN,7,150,-,-,17.390,H,-,W,N,4,0,1,4,A,-,03,22350,,N,C,C,A,A,H,-,A,D,0,,,,,Y,,D,22,0,0,1,0,0,0,0,0,0,"- ","- ",,,VENTURA,OJAI,-119.24663954,34.447716249999999
6393636,2014,2015-11-09,9765,2014-02-20,0825,016234,,4,1,9,5600,0,1,3,,1,046,"RT 118","RT 232",300.00,W,N,A,-,Y,VEN,7,118,-,-,2.140,H,-,E,N,4,0,1,2,A,-,03,22350,,F,C,C,A,A,H,-,A,A,0,,,,,Y,,A,01,0,0,1,0,0,0,0,0,0,"- ","- ",34.274619999999999,-119.13628,VENTURA,UNINCORPORATED,-119.13609645,34.274569659999997
6398118,2014,2014-06-12,5600,2014-02-22,1411,4627,8010,6,5,5,5601,0,0,0,,0,08A,"LAS POSAS RD","CERRO VISTA WY",0.00,,Y,A,-,N,,,,,,,,,,Y,4,0,1,2,A,-,09,21801,A,N,H,C,A,A,H,-,A,A,0,,,,,Y,,A,01,0,0,1,0,0,0,0,0,0,"- ","- ",34.232970000000002,-119.05674,VENTURA,CAMARILLO,-119.05676012000001,34.232330079999997
6398137,2014,2014-06-24,5608,2014-02-21,1936,449,VENTU,5,5,6,5608,0,0,0,,0,002,"SEAWARD AV","SAN NICHOLAS ST",95.00,N,N,A,-,N,,,,,,,,,,Y,4,0,1,2,A,-,01,23152,,N,B,E,A,A,H,-,C,D,0,,,,,Y,,-,,0,0,1,0,0,0,0,0,0,"- ","- ",,,VENTURA,VENTURA,-119.26556472999999,34.275563159999997
6398141,2014,2014-06-12,5608,2014-02-27,1131,267,,4,5,6,5608,0,0,0,,0,003,"NOPALITO ST","SATICOY AV",92.00,E,N,A,-,N,,,,,,,,,,N,3,0,1,2,A,-,11,21954,A,F,-,B,E,A,H,-,-,D,0,Y,,,,Y,,N,60,0,1,0,0,1,0,0,0,0,"- ","- ",,,VENTURA,VENTURA,-119.1621918,34.284385999999998
6398145,2014,2014-06-12,5608,2014-02-26,2317,414,,3,5,6,5608,0,0,0,,0,004,"OLIVAS PARK DR","VICTORIA AV",47.00,W,N,C,-,N,,,,,,,,,,Y,3,0,1,1,A,-,08,22107,,N,E,I,A,B,H,-,C,A,0,,,,,Y,,-,,0,1,0,0,0,0,0,0,0,"- ","- ",,,VENTURA,VENTURA,-119.21523857,34.244177669999999
6398228,2014,2014-06-25,5605,2014-02-07,2124,155,PATRO,5,5,3,5605,0,0,0,,0,001,"CHANNEL ISLANDS BL","WHEELHOUSE AV",177.00,W,N,A,-,N,,,,,,,,,,Y,4,0,2,2,A,-,03,22350,,N,C,C,A,A,H,-,C,A,0,,,,,Y,,A,01,0,0,2,0,0,0,0,0,0,"- ","- ",,,VENTURA,"PORT HUENEME",-119.21330442,34.176019429999997
6402641,2014,2014-06-24,9765,2014-03-05,1412,020029,,3,2,9,5600,0,3,5,,2,004,"SOUTH MOUNTAIN RD","MORGAN CANYON RD",100.00,N,N,A,-,N,,,,,,,,,,Y,4,0,1,1,A,-,01,23152,A,N,F,A,A,A,H,-,A,D,0,,,,,Y,Y,D,22,0,0,1,0,0,0,0,0,0,"- ","- ",34.345109999999998,-119.04716000000001,VENTURA,UNINCORPORATED,-119.04740095,34.345083729999999
6402956,2014,2014-06-24,5609,2014-03-03,0112,312,,1,5,6,5609,0,0,0,,0,,"FITZGERALD RD","WATSON AV",106.00,E,N,A,-,N,,,,,,,,,,Y,3,0,1,4,A,-,01,23152,A,N,C,E,A,A,H,-,C,A,0,,,,,Y,Y,A,01,0,1,0,0,0,0,0,0,0,"- ","- ",,,VENTURA,"SIMI VALLEY",-118.73999409,34.254324189999998
6406973,2014,2015-12-28,9770,2014-01-24,1253,015489,,5,1,6,5607,0,1,2,,2,073,"RT 101","VENTU PARK RD",274.00,S,N,B,-,Y,VEN,7,101,-,-,6.140,H,-,S,Y,3,0,1,2,A,-,03,22350,,N,C,C,A,A,H,-,A,D,1,,,Y,,Y,,C,02,0,1,0,0,0,0,0,0,1,"- ","- ",34.184339999999999,-118.90917,VENTURA,"THOUSAND OAKS",-118.91037120999999,34.184283720000003
6406981,2014,2015-12-28,9770,2014-01-31,1117,017638,,5,1,6,5607,0,1,2,,2,072,"RT 101","VENTU PARK RD",1584.00,S,N,A,-,Y,VEN,7,101,-,-,5.860,H,-,N,Y,4,0,1,3,A,-,03,22350,,N,C,C,A,A,H,-,A,D,1,,,,,Y,,A,01,0,0,1,0,0,0,0,0,0,"- ","- ",34.184429999999999,-118.90508,VENTURA,"THOUSAND OAKS",-118.90548333,34.184496369999998
6416813,2014,2014-06-27,5600,2014-03-17,1521,2913,9113,1,5,6,5607,0,0,0,,0,9H01,"TOURMALINE DR","CALCITE CIR",65.00,N,N,A,-,N,,,,,,,,,,Y,3,0,1,2,A,-,09,21804,A,N,D,C,A,A,H,-,A,D,0,,,,,Y,,A,01,0,1,0,0,0,0,0,0,0,"- ","- ",,,VENTURA,"THOUSAND OAKS",-118.93149,34.191508370000001
6417162,2014,2015-11-09,5609,2014-03-13,1807,389,605,4,5,6,5609,0,0,0,,0,006,"STEARNS ST","RT 118",0.00,,Y,A,-,Y,VEN,7,118,-,R,28.631,R,4,E,Y,4,0,1,2,A,-,12,21453,A,N,D,C,A,A,H,-,A,A,0,,,,,Y,,-,,0,0,1,0,0,0,0,0,0,"- ",EF,,,VENTURA,"SIMI VALLEY",-118.69486748,34.28148831
6417416,2014,2014-06-24,5608,2014-03-15,0804,438,,6,5,6,5608,0,0,0,,0,002,"SEAWARD AV","OCEAN AV",0.00,,Y,A,-,N,,,,,,,,,,Y,4,0,2,2,A,-,12,21453,A,N,D,C,A,A,H,-,A,A,0,,,,,Y,,-,,0,0,2,0,0,0,0,0,0,"- ","- ",,,VENTURA,VENTURA,-119.26699988999999,34.27154007
6420412,2014,2014-06-21,5600,2014-03-17,1446,3292,9070,1,5,6,5607,0,0,0,,0,09B,"HILLCREST DR","LONE OAK DR",18.00,W,N,A,-,N,,,,,,,,,,Y,4,0,2,3,A,-,04,21703,,N,C,C,A,A,H,-,A,D,0,,,,,Y,,A,01,0,0,2,0,0,0,0,0,0,"- ","- ",,,VENTURA,"THOUSAND OAKS",-118.84461091999999,34.180805460000002
6420443,2014,2016-03-21,5600,2014-03-22,1720,2993,9085,6,5,6,5607,0,0,0,,0,09G,"HILLCREST DR","RT 23",0.00,,Y,A,-,Y,VEN,7,23,-,R,3.885,R,4,S,Y,4,0,1,2,A,-,12,21453,A,N,D,C,A,A,H,-,A,A,0,,,,,Y,,A,01,0,0,1,0,0,0,0,0,0,"- ",SF,,,VENTURA,"THOUSAND OAKS",-118.86107706999999,34.183790109999997
6420614,2014,2014-06-07,5608,2014-02-25,1400,437,,2,5,6,5608,0,0,0,,0,004,"SOUTH VICTORIA AV","VALENTINE RD",0.00,,Y,A,-,N,,,,,,,,,,N,4,0,1,2,A,-,03,22350,,N,C,C,A,A,H,-,A,A,0,,,,,Y,,-,,0,0,1,0,0,0,0,0,0,"- ","- ",,,VENTURA,VENTURA,-119.21177987,34.251539999999999
6420649,2014,2014-06-16,5609,2014-02-13,1451,374,,4,5,6,5609,0,0,0,,0,,"SIMI TOWN CENTER WY","JEFFERSON WY",1229.00,E,N,A,-,N,,,,,,,,,,Y,4,0,1,2,A,-,09,21804,A,N,D,C,A,A,H,-,A,D,0,,,,,Y,,A,01,0,0,1,0,0,0,0,0,0,"- ","- ",,,VENTURA,"SIMI VALLEY",-118.77066674,34.28293
6420845,2014,2014-06-24,5609,2014-03-05,2224,227,,3,5,6,5609,0,0,0,,0,001,"COUNTRY CLUB DR","EDISON POLE #424909E",19.00,E,N,A,-,N,,,,,,,,,,Y,3,0,1,2,A,-,09,21801,A,N,A,C,A,A,H,-,C,D,0,,,Y,,Y,,A,01,0,1,0,0,0,0,0,0,1,"- ","- ",,,VENTURA,"SIMI VALLEY",,
6420962,2014,2014-06-25,5608,2014-03-18,0800,374,,2,5,6,5608,0,0,0,,0,003,"VICTORIA AV","CLOVERLY ST",0.00,,Y,A,-,N,,,,,,,,,,N,4,0,1,3,A,-,03,22350,,N,C,C,A,A,H,-,A,A,0,,,,,Y,,-,,0,0,1,0,0,0,0,0,0,"- ","- ",34.275570000000002,-119.21447000000001,VENTURA,VENTURA,-119.21429996000001,34.274910069999997
6420978,2014,2014-06-24,5608,2014-03-14,0234,391,,5,5,6,5608,0,0,0,,0,004,"MARKET ST","PORTOLA RD",0.00,,Y,A,-,N,,,,,,,,,,Y,4,0,1,1,A,-,03,22350,,N,E,I,A,A,H,-,C,A,0,,,,,Y,,-,,0,0,1,0,0,0,0,0,0,"- ","- ",,,VENTURA,VENTURA,-119.22487992000001,34.257530109999998
6421006,2014,2014-06-25,5608,2014-03-04,1312,453,5608,2,5,6,5608,0,0,0,,0,002,"MILLS RD","MAPLE ST",60.00,S,N,A,-,N,,,,,,,,,,N,4,0,2,3,A,-,03,22350,,N,C,C,A,A,H,-,A,A,0,,,,,Y,,-,,0,0,2,0,0,0,0,0,0,"- ","- ",,,VENTURA,VENTURA,-119.24691477,34.268787930000002
6422214,2014,2014-10-28,9770,2014-10-05,2146,18659,,7,2,6,5607,0,1,2,,2,073,"RT 101","WENDY DR",5280.00,N,N,A,-,Y,,,101,,,,,,,Y,4,0,2,2,A,-,03,22350,,N,C,C,A,A,H,-,C,D,0,,,,,Y,,A,01,0,0,2,0,0,0,0,0,0,"- ","- ",34.197249999999997,-118.95304,VENTURA,"THOUSAND OAKS",-118.95298206,34.197339370000002
6422636,2014,2014-05-08,5608,2014-04-02,2243,310,,3,5,6,5608,0,0,0,,0,003,"SOUTH MILLS RD","S MILLS RD 333",0.00,,-,A,-,N,,,,,,,,,,N,4,0,1,2,B,-,22,,,N,G,B,F,A,H,-,C,D,0,Y,,,,Y,,J,48,0,0,1,0,1,0,0,0,0,"- ","- ",,,VENTURA,VENTURA,-119.24710751000001,34.269967059999999
6427137,2014,2014-07-03,5600,2014-02-19,1539,2833,5188,3,5,4,5690,0,0,0,,0,02A,"TIERRA REJADA RD","MOUNTAIN TRAIL ST",0.00,,Y,A,-,N,,,,,,,,,,Y,4,0,1,2,A,-,12,21453,A,N,D,C,A,A,H,-,A,A,0,,,,,Y,,A,07,0,0,1,0,0,0,0,0,0,"- ","- ",,,VENTURA,MOORPARK,-118.89698008000001,34.26821004
6429913,2014,2014-06-28,5600,2014-02-13,1055,4615,8221,4,5,5,5601,0,0,0,,0,08D,"ADOLFO RD","CAMINO RUIZ",0.00,,Y,A,-,N,,,,,,,,,,Y,4,0,1,2,A,-,09,21802,A,N,D,C,A,A,H,-,A,A,0,,,,,Y,,A,01,0,0,1,0,0,0,0,0,0,"- ","- ",34.216850000000001,-119.00211,VENTURA,CAMARILLO,-119.0021801,34.216850049999998
6429914,2014,2016-03-22,5600,2014-02-04,1525,4626,,2,5,2,5603,0,0,0,,0,1A1,"CARILLO RD","MARICOPA HWY",96.00,W,N,A,-,Y,VEN,7,33,-,-,11.331,I,6,S,N,3,0,1,2,A,-,09,21804,A,N,D,G,A,A,H,-,A,D,0,,Y,,,Y,,A,07,0,1,0,0,0,0,1,0,0,"- ","- ",,,VENTURA,OJAI,-119.26275138,34.441925769999997
6429917,2014,2014-06-28,5600,2014-02-08,1233,4938,9088,6,5,6,5607,0,0,0,,0,09G,"HILLCREST DR","CONEJO BL",0.00,,Y,B,-,N,,,,,,,,,,Y,3,0,1,3,A,-,12,21453,A,N,D,C,A,A,H,-,A,A,0,,,,,Y,,A,07,0,1,0,0,0,0,0,0,0,"- ","- ",,,VENTURA,"THOUSAND OAKS",-118.87806,34.180630049999998
6430381,2014,2015-10-07,5600,2014-03-14,0958,4273,8007,5,5,5,5601,0,0,0,,0,08A,"LAS POSAS RD","DAILY DR",258.00,S,N,A,-,N,,,,,,,,,,N,3,0,1,2,A,-,08,22107,,N,C,G,A,A,H,-,A,D,0,,Y,,,Y,,L,04,0,1,0,0,0,0,1,0,0,"- ","- ",34.2211,-119.0699,VENTURA,CAMARILLO,-119.06992854000001,34.221155840000002
6430756,2014,2015-11-09,9765,2014-03-27,1600,016712,,4,2,9,5600,0,1,3,,2,040,"RT 126","BRIGGS RD",4752.00,W,N,A,-,Y,VEN,7,126,-,R,8.010,H,-,E,Y,4,0,1,2,A,-,03,22350,,N,C,C,A,A,H,-,A,D,1,,,,,Y,,A,07,0,0,1,0,0,0,0,0,0,"- ","- ",34.314369999999997,-119.11445999999999,VENTURA,UNINCORPORATED,-119.11392757,34.314759389999999
6432199,2014,2014-06-30,5600,2014-03-27,1509,3754,8045,4,5,5,5601,0,0,0,,0,08A,"LAS POSAS RD","VENTURA BL",176.00,N,N,A,-,N,,,,,,,,,,Y,4,0,1,2,A,-,09,21804,A,N,D,C,A,A,H,-,A,A,0,,,,,Y,,A,07,0,0,1,0,0,0,0,0,0,"- ","- ",34.21649,-119.06995999999999,VENTURA,CAMARILLO,-119.06979,34.216383020000002
6432204,2014,2014-06-27,5609,2014-03-28,1707,389,,5,5,6,5609,0,0,0,,0,003,"DUNCAN ST","LOS ANGELES AV",10.00,S,N,A,-,N,,,,,,,,,,N,2,0,1,2,A,-,05,21650,1,N,D,G,A,A,H,-,A,A,0,,Y,,,Y,,L,04,1,0,0,0,0,0,1,0,0,"- ","- ",,,VENTURA,"SIMI VALLEY",-118.76685000000001,34.271772560000002
6432231,2014,2014-06-27,5600,2014-03-21,1615,1936,9092,5,5,6,5607,0,0,0,,0,09G,"HILLCREST DR","MOORPARK RD",150.00,E,N,A,-,N,,,,,,,,,,N,4,0,2,2,A,-,04,21703,,N,C,C,A,A,H,-,A,A,0,,,,,Y,,A,01,0,0,2,0,0,0,0,0,0,"- ","- ",,,VENTURA,"THOUSAND OAKS",-118.87607,34.181159999999998
6438211,2014,2015-11-09,9770,2014-02-28,0650,14675,,5,1,6,5609,0,1,3,,2,082,"RT 118","ERRINGER RD",10.00,W,N,B,C,Y,VEN,7,118,-,R,24.840,H,-,W,Y,4,0,1,3,A,-,03,22350,,N,D,C,A,B,H,-,A,D,1,,,,,Y,,A,07,0,0,1,0,0,0,0,0,0,"- ","- ",34.169420000000002,-118.45676,VENTURA,"SIMI VALLEY",-118.76110731,34.282429059999998
6439536,2014,2014-07-01,9765,2014-03-09,1145,20423,,7,1,9,5600,0,3,5,,2,004,"SOUTH MOUNTAIN RD","BALCOM CANYON RD",1584.00,E,N,A,-,N,,,,,,,,,,Y,4,0,1,1,A,-,08,22107,,N,F,A,A,A,H,-,A,D,0,,,Y,,Y,,C,02,0,0,1,0,0,0,0,0,1,"- ","- ",34.355820000000001,-118.97462,VENTURA,UNINCORPORATED,-118.97598196,34.355250169999998
6440824,2014,2015-11-09,9765,2014-03-20,2120,020001,,4,2,9,5600,0,1,3,,1,055,"RT 118","MESA SCHOOL RD",1025.00,W,N,A,-,Y,VEN,7,118,-,-,5.010,H,-,W,Y,3,0,1,1,A,-,08,22107,,N,F,A,A,A,H,-,D,A,0,,,Y,,Y,Y,C,02,0,1,0,0,0,0,0,0,1,"- ","- ",34.263489999999997,-119.09623999999999,VENTURA,UNINCORPORATED,-119.09712390999999,34.262691670000002
6444701,2014,2014-07-09,5608,2014-03-28,1603,447,,5,5,6,5608,0,0,0,,0,003,SATICOY,"S SATICOY AV",0.00,,Y,A,-,N,,,,,,,,,,N,4,0,1,2,A,-,09,21802,A,N,D,D,A,A,H,-,A,A,0,,,,,Y,,-,,0,0,1,0,0,0,0,0,0,"- ","- ",,,VENTURA,VENTURA,-119.16814001,34.290950100000003