CASE_ID,ACCIDENT_YEAR,PROC_DATE,JURIS,COLLISION_DATE,COLLISION_TIME,OFFICER_ID,REPORTING_DISTRICT,DAY_OF_WEEK,CHP_SHIFT,POPULATION,CNTY_CITY_LOC,SPECIAL_COND,BEAT_TYPE,CHP_BEAT_TYPE,CITY_DIVISION_LAPD,CHP_BEAT_CLASS,BEAT_NUMBER,PRIMARY_RD,SECONDARY_RD,DISTANCE,DIRECTION,INTERSECTION,WEATHER_1,WEATHER_2,STATE_HWY_IND,CALTRANS_COUNTY,CALTRANS_DISTRICT,STATE_ROUTE,ROUTE_SUFFIX,POSTMILE_PREFIX,POSTMILE,LOCATION_TYPE,RAMP_INTERSECTION,SIDE_OF_HWY,TOW_AWAY,COLLISION_SEVERITY,NUMBER_KILLED,NUMBER_INJURED,PARTY_COUNT,PRIMARY_COLL_FACTOR,PCF_CODE_OF_VIOL,PCF_VIOL_CATEGORY,PCF_VIOLATION,PCF_VIOL_SUBSECTION,HIT_AND_RUN,TYPE_OF_COLLISION,MVIW,PED_ACTION,ROAD_SURFACE,ROAD_COND_1,ROAD_COND_2,LIGHTING,CONTROL_DEVICE,CHP_ROAD_TYPE,PEDESTRIAN_ACCIDENT,BICYCLE_ACCIDENT,MOTORCYCLE_ACCIDENT,TRUCK_ACCIDENT,NOT_PRIVATE_PROPERTY,ALCOHOL_INVOLVED,STWD_VEHTYPE_AT_FAULT,CHP_VEHTYPE_AT_FAULT,COUNT_SEVERE_INJ,COUNT_VISIBLE_INJ,COUNT_COMPLAINT_PAIN,COUNT_PED_KILLED,COUNT_PED_INJURED,COUNT_BICYCLIST_KILLED,COUNT_BICYCLIST_INJURED,COUNT_MC_KILLED,COUNT_MC_INJURED,PRIMARY_RAMP,SECONDARY_RAMP,LATITUDE,LONGITUDE,COUNTY,CITY,POINT_X,POINT_Y
8002932,2016,2016-04-01,5608,2016-03-23,1330,445,,3,5,6,5608,0,0,0,,0,001,"VENTURA AV",BELL,30.00,N,N,A,-,N,,,,,,,,,,N,3,0,1,2,A,-,08,22107,,N,C,E,A,A,H,-,A,A,0,,,Y,,Y,,C,,0,1,0,0,0,0,0,0,1,"- ","- ",,,VENTURA,VENTURA,-119.29786670999999,34.291140050000003
8003125,2016,2016-04-05,5609,2016-03-15,1527,310,606,2,5,6,5609,0,0,0,,0,006,"YOSEMITE AV","COCHRAN ST",0.00,,Y,A,-,N,,,,,,,,,,Y,4,0,1,2,A,-,09,21801,A,N,D,C,A,A,H,-,A,A,0,,,,,Y,,A,08,0,0,1,0,0,0,0,0,0,"- ","- ",,,VENTURA,"SIMI VALLEY",-118.67840013,34.279010049999997
8003161,2016,2016-03-30,5609,2016-03-06,2248,388,,7,5,6,5609,0,0,0,,0,004,"SEQUOIA AV","ROSALIE ST",43.00,N,N,A,-,N,,,,,,,,,,Y,4,0,1,2,A,-,01,23152,A,N,C,E,A,A,H,-,A,D,0,,,,,Y,Y,A,01,0,0,1,0,0,0,0,0,0,"- ","- ",34.273069999999997,-118.73057,VENTURA,"SIMI VALLEY",-118.73052139000001,34.273177969999999
8003183,2016,2016-03-28,5609,2016-03-10,1736,388,,4,5,6,5609,0,0,0,,0,006,"CHRISTINE AV","CORY ST",0.00,,Y,A,-,N,,,,,,,,,,Y,4,0,1,2,A,-,08,22103,,N,D,C,A,A,H,-,A,D,0,,,,,Y,,A,01,0,0,1,0,0,0,0,0,0,"- ","- ",34.27026,-118.66939000000001,VENTURA,"SIMI VALLEY",-118.66937003,34.270300040000002
8003220,2016,2016-03-30,5609,2016-02-29,2053,388,,1,5,6,5609,0,0,0,,0,002,"MADERA RD","WOOD RANCH PKWY",500.00,E,N,A,-,N,,,,,,,,,,N,4,0,1,2,A,-,07,21658,A,M,B,C,A,A,H,-,C,D,0,,,,,Y,,A,07,0,0,1,0,0,0,0,0,0,"- ","- ",34.254289999999997,-118.81224,VENTURA,"SIMI VALLEY",-118.81066628000001,34.25453435
8003262,2016,2016-03-28,5609,2016-02-27,0027,452,,6,5,6,5609,0,0,0,,0,004,"ALAMO ST","TAPO CANYON RD",0.00,,Y,A,-,N,,,,,,,,,,N,4,0,2,2,A,-,12,21453,A,N,D,C,A,A,H,-,C,A,0,,,,,Y,,A,01,0,0,2,0,0,0,0,0,0,"- ","- ",34.286430000000003,-118.71781,VENTURA,"SIMI VALLEY",-118.71784009,34.286380100000002
8007179,2016,2016-04-11,5600,2016-03-04,0640,4612,5600,5,5,4,5690,0,0,0,,0,2A01,"MOUNTAIN TRAIL ST","AMBERRIDGE CT",136.00,W,N,A,-,N,,,,,,,,,,Y,3,0,1,1,A,-,05,21650,,N,F,I,A,A,H,-,A,D,0,,,,,Y,,D,22,0,1,0,0,0,0,0,0,0,"- ","- ",,,VENTURA,MOORPARK,-118.90628156,34.263448529999998
8008519,2020,2020-11-17,5604,2020-09-27,1915,5624,,7,5,6,5604,0,0,0,,0,021,"W WOOLEY RD","HARBOR BL",30.00,E,N,A,-,N,,,,,,,,,,Y,4,0,1,2,A,-,04,21703,,N,C,C,A,A,H,-,C,A,0,,,,,Y,,D,23,0,0,1,0,0,0,0,0,0,"- ","- ",34.19049072265625,-119.23872375488281,VENTURA,OXNARD,-119.23862457275391,34.190509796142578
8008772,2014,2016-04-27,5608,2014-12-06,0246,413,,6,5,6,5608,0,0,0,,0,001,"VENTURA AV","MAIN ST",0.00,,Y,A,-,N,,,,,,,,,,Y,3,0,2,2,A,-,03,22350,,N,D,C,A,A,H,-,C,A,0,,,,,Y,,J,48,0,1,1,0,0,0,0,0,0,"- ","- ",,,VENTURA,VENTURA,-119.30075999,34.281070100000001
8009960,2016,2016-04-08,5600,2016-03-23,2220,2833,9138,3,5,6,5607,0,0,0,,0,09G,"GREENMEADOW AV","GREEN MOOR PL",177.00,W,N,A,-,N,,,,,,,,,,Y,3,0,1,2,A,-,08,22107,,N,C,E,A,A,H,-,C,D,0,,,,,Y,,A,01,0,1,0,0,0,0,0,0,0,"- ","- ",,,VENTURA,"THOUSAND OAKS",-118.88139276,34.173025060000001
8010000,2016,2016-04-08,5600,2016-03-22,1522,5151,9138,2,5,6,5607,0,0,0,,0,09G,"FOX HILLS DR","LOS PADRES DR",215.00,N,N,A,-,N,,,,,,,,,,Y,3,0,1,1,A,-,08,22107,,N,E,J,A,A,H,-,A,D,0,,,,,Y,,A,07,0,1,0,0,0,0,0,0,0,"- ","- ",,,VENTURA,"THOUSAND OAKS",-118.87606547999999,34.172712910000001
8015324,2016,2016-04-15,5600,2016-03-25,0749,478,8122,5,5,5,5601,0,0,0,,0,8C01,"ROCKLYN ST","STONE MEADOW CT",0.00,,Y,A,-,N,,,,,,,,,,Y,4,0,1,2,A,-,09,21801,A,N,H,C,A,A,H,-,A,D,0,,,,,Y,,A,08,0,0,1,0,0,0,0,0,0,"- ","- ",34.232080000000003,-119.03757,VENTURA,CAMARILLO,-119.03754001999999,34.232050020000003
8017949,2016,2016-04-22,5609,2016-04-12,1141,310,109,2,5,6,5609,0,0,0,,0,001,"SIMI TOWN CENTER WY","JEFFERSON WY EAST",0.00,,Y,A,-,N,,,,,,,,,,Y,4,0,1,2,A,-,12,22450,A,N,D,C,A,A,H,-,A,A,0,,,,,Y,,A,01,0,0,1,0,0,0,0,0,0,"- ","- ",34.283349999999999,-118.76349,VENTURA,"SIMI VALLEY",-118.77468008,34.283190079999997
8017953,2016,2016-04-22,5609,2016-04-11,1547,388,,1,5,6,5609,0,0,0,,0,003,"LOS ANGELES AV","WILLIAMS ST",0.00,,Y,A,-,N,,,,,,,,,,Y,4,0,2,2,A,-,09,21802,A,N,D,C,A,A,H,-,A,A,0,,,,,Y,,A,01,0,0,2,0,0,0,0,0,0,"- ","- ",34.271799999999999,-118.77386,VENTURA,"SIMI VALLEY",-118.77395004,34.271790109999998
8019432,2016,2017-02-17,5600,2016-03-26,1840,4478,1005,6,5,2,5603,0,0,0,,0,1B01,"RT 33","NORTH MONTGOMERY RD",21.00,E,N,A,-,Y,VEN,7,150,-,-,17.720,H,-,W,N,4,0,1,2,A,-,03,22350,,N,C,C,A,A,H,-,A,D,0,,,,,Y,,A,01,0,0,1,0,0,0,0,0,0,"- ","- ",,,VENTURA,OJAI,-119.24133222,34.448073809999997
8020495,2016,2016-04-18,5608,2016-04-04,2212,466,,1,5,6,5608,0,0,0,,0,004,"PORTOLA RD","MARKET ST",20.00,S,N,A,-,N,,,,,,,,,,Y,4,0,2,1,A,-,03,22350,,N,E,I,A,A,H,-,C,A,0,,,,,Y,,-,,0,0,2,0,0,0,0,0,0,"- ","- ",,,VENTURA,VENTURA,-119.22487707000001,34.257475159999998
8020512,2016,2016-04-13,5608,2016-04-05,0256,477,,2,5,6,5608,0,0,0,,0,002,"FRANCES ST","OCEAN AV",172.00,N,N,A,-,N,,,,,,,,,,Y,4,0,1,2,A,-,08,22107,,N,C,E,A,A,H,-,C,D,0,,,,,Y,,-,,0,0,1,0,0,0,0,0,0,"- ","- ",,,VENTURA,VENTURA,-119.25863875,34.270349359999997
8024145,2016,2016-04-21,5600,2016-04-08,1857,3852,9110,5,5,6,5607,0,0,0,,0,9C01,"BORCHARD RD","LOS VIENTOS DR",611.00,W,N,C,-,N,,,,,,,,,,Y,4,0,1,1,A,-,03,22350,,N,E,I,A,B,H,-,A,D,0,,,,,Y,,A,01,0,0,1,0,0,0,0,0,0,"- ","- ",,,VENTURA,"THOUSAND OAKS",-118.96297559999999,34.179302970000002
8024820,2016,2016-05-18,5600,2016-05-09,1408,4615,8218,1,5,5,5601,0,0,0,,0,08D,"UPLAND RD","FLYNN RD",0.00,,Y,A,-,N,,,,,,,,,,Y,3,0,2,3,A,-,12,21453,A,N,D,C,A,A,H,-,A,A,0,,,,,Y,,A,01,0,2,0,0,0,0,0,0,0,"- ","- ",34.239829999999998,-119.00789,VENTURA,CAMARILLO,-119.00793009,34.2399001
8025578,2016,2016-04-19,5600,2016-04-06,1705,4727,8251,3,5,5,5601,0,0,0,,0,8C01,"PLEASANT VALLEY RD","CONSTITUTION AV",0.00,,Y,A,-,N,,,,,,,,,,N,4,0,2,2,A,-,09,21802,A,N,D,C,A,A,H,-,A,A,0,,,,,Y,,A,07,0,0,2,0,0,0,0,0,0,"- ","- ",34.205489999999998,-119.03155,VENTURA,CAMARILLO,-119.03153005,34.205430049999997
8025582,2016,2016-04-19,5600,2016-04-02,1710,3852,9100,6,5,6,5607,0,0,0,,0,9B01,"WILBUR RD","LAURIE LN",73.00,E,N,A,-,N,,,,,,,,,,N,4,0,1,2,A,-,09,21804,A,N,D,C,A,A,H,-,C,D,0,,,,,Y,,A,07,0,0,1,0,0,0,0,0,0,"- ","- ",,,VENTURA,"THOUSAND OAKS",-118.87152192000001,34.18612873
8025828,2016,2016-04-20,5608,2016-04-07,1202,401,,4,5,6,5608,0,0,0,,0,004,"TELEPHONE RD","PLACID AV",37.00,E,N,B,-,N,,,,,,,,,,N,4,0,1,2,A,-,09,21801,A,N,H,C,A,A,H,-,A,D,0,,,Y,,Y,Y,-,,0,0,1,0,0,0,0,0,1,"- ","- ",,,VENTURA,VENTURA,-119.18294935999999,34.269686800000002
8025836,2016,2016-04-20,5608,2016-04-10,1831,465,,7,5,6,5608,0,0,0,,0,004,"RAVEN AV","RAVEN AV 1316",140.00,E,N,A,-,N,,,,,,,,,,N,3,0,1,1,A,-,13,22515,,N,G,B,A,A,H,-,A,D,0,,,,,Y,,-,,0,1,0,0,0,0,0,0,0,"- ","- ",,,VENTURA,VENTURA,-119.2112291,34.262846850000003
8027257,2016,2016-04-27,5608,2016-04-19,1751,275,,2,5,6,5608,0,0,0,,0,004,"VICTORIA AV","WALKER ST",7.00,N,N,A,-,N,,,,,,,,,,N,3,0,1,2,A,-,08,22107,,N,B,-,A,A,H,-,A,D,0,,,,,Y,,-,,0,1,0,0,0,0,0,0,0,"- ","- ",,,VENTURA,VENTURA,-119.21041312,34.253618340000003
8027273,2016,2016-04-27,5608,2016-04-14,1710,439,,4,5,6,5608,0,0,0,,0,004,"NORTHBANK RD","POTOMAC AV",57.00,E,N,A,-,N,,,,,,,,,,Y,3,0,2,3,A,-,08,22107,,N,D,C,A,A,H,-,A,D,0,,,,,Y,,-,,0,2,0,0,0,0,0,0,0,"- ","- ",,,VENTURA,VENTURA,-119.17257965,34.264695920000001
8028061,2016,2016-05-02,5609,2016-04-14,1723,437,,4,5,6,5609,0,0,0,,0,002,"ROYAL AV","SINALOA RD",167.00,E,N,A,-,N,,,,,,,,,,Y,4,0,3,3,A,-,03,22350,,N,C,C,A,A,H,-,A,D,0,,,,,Y,,A,01,0,0,3,0,0,0,0,0,0,"- ","- ",34.26437,-118.78771,VENTURA,"SIMI VALLEY",-118.78704818,34.264427169999998
8028134,2016,2016-04-27,5609,2016-04-15,1608,389,,5,5,6,5609,0,0,0,,0,002,"ROYAL AV","4TH ST",0.00,,Y,A,-,N,,,,,,,,,,N,4,0,1,2,A,-,12,21453,A,N,D,C,A,A,H,-,A,A,0,,,,,Y,,A,01,0,0,1,0,0,0,0,0,0,"- ","- ",34.264339999999997,-118.7824,VENTURA,"SIMI VALLEY",-118.78232,34.264450070000002
8028146,2016,2016-04-27,5609,2016-04-14,1627,437,,4,5,6,5609,0,0,0,,0,003,"ROYAL AV","1ST ST",0.00,,Y,A,-,N,,,,,,,,,,Y,4,0,2,2,A,-,09,21801,A,N,D,C,A,A,H,-,A,A,0,,,,,Y,,A,01,0,0,2,0,0,0,0,0,0,"- ","- ",34.264569999999999,-118.77891,VENTURA,"SIMI VALLEY",-118.77902009,34.264450060000001
8030190,2016,2016-04-29,5608,2016-03-24,1536,475,,4,5,6,5608,0,0,0,,0,002,"EAST THOMPSON BL","BORCHARD DR",0.00,,Y,A,-,N,,,,,,,,,,N,4,0,2,2,A,-,09,21801,A,N,D,D,A,A,H,-,A,A,0,,,,,Y,,-,,0,0,2,0,0,0,0,0,0,"- ","- ",,,VENTURA,VENTURA,-119.26030986000001,34.272370039999998
8033562,2016,2016-05-09,5600,2016-04-04,1630,4813,5105,1,5,4,5690,0,0,0,,0,2B01,"COLLINS DR","CAMPUS PARK DR",150.00,N,N,A,-,N,,,,,,,,,,Y,4,0,1,3,A,-,03,22350,,N,C,C,A,A,H,-,A,A,0,,,,,Y,,A,01,0,0,1,0,0,0,0,0,0,"- ","- ",,,VENTURA,MOORPARK,-118.84160283999999,34.296441860000002
8033663,2016,2016-05-06,5608,2016-04-20,1257,275,,3,5,6,5608,0,0,0,,0,002,"HARBOR BL","SAN JON RD",200.00,E,N,A,-,N,,,,,,,,,,Y,3,0,1,1,A,-,08,22107,,N,B,I,A,A,H,-,A,D,0,,,,,Y,,-,,0,1,0,0,0,0,0,0,0,"- ","- ",,,VENTURA,VENTURA,-119.28432660999999,34.272764160000001
8033671,2016,2016-05-06,5600,2016-04-25,1134,3924,5110,1,5,4,5690,0,0,0,,0,02A,"TIERRA REJADA RD","SPRING RD",0.00,,Y,A,-,N,,,,,,,,,,Y,4,0,1,2,A,-,12,21453,A,N,H,C,A,A,H,-,A,A,0,,,,,Y,,A,07,0,0,1,0,0,0,0,0,0,"- ","- ",,,VENTURA,MOORPARK,-118.86446003,34.263200009999998
8035521,2016,2016-05-31,5600,2016-04-28,1256,3924,5101,4,5,4,5690,0,0,0,,0,02B,"PRINCETON AV","SPRING RD",90.00,E,N,A,-,N,,,,,,,,,,N,4,0,1,2,A,-,08,22107,,N,B,C,A,A,H,-,A,D,0,,,,,Y,,A,07,0,0,1,0,0,0,0,0,0,"- ","- ",,,VENTURA,MOORPARK,-118.87443510999999,34.285512769999997
8035561,2016,2016-06-02,5600,2016-05-16,0845,2979,5106,1,5,4,5690,0,0,0,,0,02A,"POINDEXTER AV","MCFADDEN AV",0.00,,Y,A,-,N,,,,,,,,,,,4,0,1,2,D,-,00,,,N,G,B,B,A,H,-,A,A,0,Y,,,,Y,,-,"- ",0,0,1,0,1,0,0,0,0,"- ","- ",,,VENTURA,MOORPARK,-118.88314011999999,34.284120010000002
8038373,2016,2016-05-20,5608,2016-05-02,1505,313,,1,5,6,5608,0,0,0,,0,003,"DEAN DR","MILLS RD",210.00,E,N,A,-,N,,,,,,,,,,Y,4,0,1,2,A,-,09,21801,A,N,A,C,A,A,H,-,A,D,0,,,,,Y,,-,,0,0,1,0,0,0,0,0,0,"- ","- ",,,VENTURA,VENTURA,-119.24591731,34.267414799999997
8038954,2016,2017-02-28,5600,2016-04-25,1756,4631,9174,1,5,6,5607,0,0,0,,0,9D01,"RT 23","EVENSTAR AV",0.00,,Y,A,-,Y,VEN,7,23,-,R,2.611,I,5,S,Y,4,0,1,2,A,-,09,21801,A,N,H,C,A,A,H,-,A,D,0,,,,,Y,,A,01,0,0,1,0,0,0,0,0,0,"- ","- ",,,VENTURA,"THOUSAND OAKS",-118.8329913,34.150071650000001
8039161,2016,2017-02-28,5600,2016-04-27,1338,5151,9180,3,5,6,5607,0,0,0,,0,09D,"RT 23","CARLISLE RD",1795.00,N,N,A,-,Y,VEN,7,34,-,-,0.340,H,-,W,Y,3,0,1,1,A,-,03,22350,,N,F,A,A,A,H,-,A,D,0,,,Y,,Y,,C,02,0,1,0,0,0,0,0,0,1,"- ","- ",,,VENTURA,"THOUSAND OAKS",,
8039394,2016,2016-05-20,5609,2016-04-23,1052,439,,6,5,6,5609,0,0,0,,0,003,"FITZGERALD RD","WHITCOMB AV",301.00,W,N,A,-,N,,,,,,,,,,Y,4,0,1,2,A,-,09,21801,A,N,B,C,A,A,H,-,A,D,0,,,,,Y,,A,01,0,0,1,0,0,0,0,0,0,"- ","- ",34.257170000000002,-118.75314,VENTURA,"SIMI VALLEY",-118.75406461,34.257220009999998
8039414,2016,2016-05-20,5609,2016-04-20,1802,388,,3,5,6,5609,0,0,0,,0,002,"MADERA RD","COUNTRY CLUB DR WEST",0.00,,Y,A,-,N,,,,,,,,,,Y,4,0,1,2,A,-,09,21801,A,N,D,C,A,A,H,-,A,A,0,,,,,Y,,A,01,0,0,1,0,0,0,0,0,0,"- ","- ",34.251660000000001,-118.8223,VENTURA,"SIMI VALLEY",-118.82229009,34.251670070000003
8039422,2016,2016-05-20,5609,2016-04-21,1126,374,,4,5,6,5609,0,0,0,,0,,"ROYAL AV","ERRINGER RD",0.00,,Y,A,-,N,,,,,,,,,,Y,4,0,1,2,A,-,09,21801,A,N,A,C,A,A,H,-,A,A,0,,,,,Y,,A,01,0,0,1,0,0,0,0,0,0,"- ","- ",34.263649999999998,-118.76137,VENTURA,"SIMI VALLEY",-118.76138004000001,34.263640109999997
8039484,2016,2016-05-25,5600,2016-05-11,0939,4615,8252,3,5,5,5601,0,0,0,,0,08C,"PLEASANT VALLEY RD","CONSTITUTION AV",729.00,E,N,A,-,N,,,,,,,,,,Y,3,0,1,1,A,-,01,23152,E,N,E,I,A,A,H,-,A,D,0,,,,,Y,,A,01,0,1,0,0,0,0,0,0,0,"- ","- ",34.205440000000003,-119.02905,VENTURA,CAMARILLO,-119.02912916,34.205416280000001
8040515,2016,2016-05-20,5605,2016-04-22,0812,135,PATRO,5,5,3,5605,0,0,0,,0,"GRID 3","CHANNEL ISLAND BL","BOLKER DR",0.00,,Y,A,-,N,,,,,,,,,,Y,4,0,2,2,A,-,09,21802,A,N,D,C,A,A,H,-,A,A,0,,,,,Y,,A,08,0,0,2,0,0,0,0,0,0,"- ","- ",,,VENTURA,"PORT HUENEME",-119.20624007000001,34.175970049999997
8045591,2016,2016-05-26,5608,2016-05-17,1509,483,VENTU,2,5,6,5608,0,0,0,,0,001,"MAIN ST","LIVE OAK",170.00,W,N,A,-,N,,,,,,,,,,Y,2,0,4,2,A,-,01,23152,A,N,C,E,A,A,H,-,A,A,0,,,,,Y,Y,-,,1,2,1,0,0,0,0,0,0,"- ","- ",,,VENTURA,VENTURA,-119.27534065,34.279297659999997
8050714,2016,2016-06-01,5605,2016-04-14,1726,75,PATRO,4,5,3,5605,0,0,0,,0,CITY,"CHANNEL ISLAND BL","PATTERSON RD",0.00,,Y,A,-,N,,,,,,,,,,N,4,0,1,4,A,-,03,22350,,N,-,C,A,A,H,-,A,A,0,,,,,Y,,A,01,0,0,1,0,0,0,0,0,0,"- ","- ",,,VENTURA,"PORT HUENEME",-119.20842003,34.175980080000002
8051202,2016,2016-06-02,5600,2016-05-23,1800,2740,9020,1,5,6,5607,0,0,0,,0,09A,"MOORPARK RD","CALLE ENTRAR",75.00,N,N,A,-,N,,,,,,,,,,Y,3,0,1,3,A,-,00,23123,5,N,C,C,A,A,H,-,A,D,0,,,,,Y,,A,07,0,1,0,0,0,0,0,0,0,"- ","- ",,,VENTURA,"THOUSAND OAKS",-118.86839000000001,34.2163258
8051246,2016,2016-06-02,5600,2016-05-23,1534,5234,9156,1,5,6,5607,0,0,0,,0,09G,"HILLCREST DR","DUESENBERG DR",233.00,E,N,A,-,N,,,,,,,,,,Y,3,0,1,1,A,-,08,22107,,N,E,I,A,A,H,-,A,D,0,,,,,Y,,A,01,0,1,0,0,0,0,0,0,0,"- ","- ",,,VENTURA,"THOUSAND OAKS",-118.83148663999999,34.17162115
8054010,2016,2016-06-06,5608,2016-05-17,1856,471,,2,5,6,5608,0,0,0,,0,002,"SEAWARD AV","THOMPSON BL",0.00,,Y,A,-,N,,,,,,,,,,Y,4,0,2,2,A,-,09,21806,A,N,D,-,A,A,H,-,A,A,0,,,,,Y,,-,,0,0,2,0,0,0,0,0,0,"- ","- ",,,VENTURA,VENTURA,-119.26638991999999,34.27358006
8055413,2016,2016-06-07,5609,2016-05-07,1902,447,204,6,5,6,5609,0,0,0,,0,002,"LOS ANGELES AV","5TH ST",0.00,,Y,A,-,N,,,,,,,,,,Y,4,0,1,2,A,-,08,22107,,M,B,C,A,A,H,-,A,A,0,,,,,Y,,-,,0,0,1,0,0,0,0,0,0,"- ","- ",34.271630000000002,-118.78362,VENTURA,"SIMI VALLEY",-118.78362009999999,34.271650110000003
8056745,2016,2016-06-15,5608,2016-05-22,0652,486,,7,5,6,5608,0,0,0,,0,004,"VICTORIA AV","RALSTON ST",0.00,,Y,A,-,N,,,,,,,,,,Y,4,0,2,2,A,-,12,21453,A,N,D,C,A,A,H,-,A,A,0,,,,,Y,,-,"- ",0,0,2,0,0,0,0,0,0,"- ","- ",,,VENTURA,VENTURA,-119.21164992,34.261060069999999
8056801,2016,2016-06-10,5608,2016-05-31,1218,452,,2,5,6,5608,0,0,0,,0,003,"TELEPHONE RD","LARK ST",0.00,,Y,A,-,N,,,,,,,,,,Y,4,0,3,2,A,-,03,22350,,N,C,C,A,A,H,-,A,A,0,,,,,Y,,-,,0,0,3,0,0,0,0,0,0,"- ","- ",,,VENTURA,VENTURA,-119.20989006000001,34.265800089999999
8056805,2016,2016-06-16,5608,2016-05-31,1259,466,,2,5,6,5608,0,0,0,,0,004,"TELEPHONE RD","LARK AV",79.00,E,N,A,-,N,,,,,,,,,,N,4,0,2,3,A,-,03,22350,,N,C,C,A,A,H,-,A,A,0,,,,,Y,,-,,0,0,2,0,0,0,0,0,0,"- ","- ",,,VENTURA,VENTURA,-119.20963343,34.265840509999997
8056837,2016,2016-06-10,5608,2016-05-21,1445,481,VENTU,6,5,6,5608,0,0,0,,0,002,"TELEPHONE RD","E MAIN ST",0.00,,Y,A,-,N,,,,,,,,,,N,3,0,1,2,A,-,03,22350,,F,C,C,A,A,H,-,A,A,0,,,Y,,Y,,-,,0,1,0,0,0,0,0,0,1,"- ","- ",,,VENTURA,VENTURA,-119.23184999,34.261920029999999
8056841,2016,2016-06-10,5608,2016-05-18,1500,440,5608,3,5,6,5608,0,0,0,,0,001,"NORTH VENTURA AV","KELLOGG ST",0.00,,Y,A,-,N,,,,,,,,,,N,3,0,1,2,A,-,05,21650,1,N,D,G,A,A,H,-,A,D,0,,Y,,,Y,,L,04,0,1,0,0,0,0,1,0,0,"- ","- ",,,VENTURA,VENTURA,-119.29799995,34.290660090000003
8059032,2016,2016-06-15,5609,2016-05-11,2238,437,,3,5,6,5609,0,0,0,,0,003,"ERRINGER RD","ELIZONDO ST",23.00,S,N,A,-,N,,,,,,,,,,N,2,0,1,2,A,-,10,21954,B,N,G,B,D,A,H,-,C,D,0,Y,,,,Y,,A,01,1,0,0,0,1,0,0,0,0,"- ","- ",34.265689999999999,-118.76134999999999,VENTURA,"SIMI VALLEY",-118.76140820000001,34.265636909999998
8060508,2016,2016-06-15,5600,2016-05-24,2130,2833,9070,2,5,6,5607,0,0,0,,0,09B,"FALMOUTH ST","EMERSON ST",0.00,,Y,A,-,N,,,,,,,,,,Y,4,0,2,2,A,-,05,21650,,N,E,I,A,A,H,-,C,D,0,,,,,Y,,A,01,0,0,2,0,0,0,0,0,0,"- ","- ",,,VENTURA,"THOUSAND OAKS",-118.84387011,34.190440090000003
8061712,2016,2016-06-22,5600,2016-05-30,0124,4461,9024,1,5,6,5607,0,0,0,,0,09B,"ERBES RD","LAURELWOOD DR",79.00,N,N,A,-,N,,,,,,,,,,Y,4,0,1,1,A,-,08,22107,,N,E,I,A,A,H,-,C,D,0,,,,,Y,,A,01,0,0,1,0,0,0,0,0,0,"- ","- ",,,VENTURA,"THOUSAND OAKS",-118.84159716000001,34.219763489999998
8061773,2016,2016-06-21,5600,2016-06-02,1230,4045,9170,4,5,6,5607,0,0,0,,0,9D01,"TOWNSGATE RD","RT 23",340.00,E,N,A,-,N,,,,,,,,,,Y,3,0,2,2,A,-,09,21804,A,N,D,C,A,A,H,-,A,D,0,,,,,Y,,A,01,0,2,0,0,0,0,0,0,0,"- ","- ",,,VENTURA,"THOUSAND OAKS",-118.8271395,34.154702999999998
8062112,2016,2016-06-29,5600,2016-06-15,0653,5151,9128,3,5,6,5607,0,0,0,,0,09H,"VENTU PARK RD","RANCHO CONEJO BL",0.00,,Y,B,-,N,,,,,,,,,,Y,4,0,1,2,A,-,12,21453,A,N,H,C,A,A,H,-,A,A,0,,,,,Y,,A,07,0,0,1,0,0,0,0,0,0,"- ","- ",,,VENTURA,"THOUSAND OAKS",-118.92194012,34.194110100000003
8063162,2016,2016-09-28,5600,2016-09-16,2217,4615,8221,5,5,5,5601,0,0,0,,0,08D,"SANTA ROSA RD","ADOLFO RD",0.00,,Y,A,-,N,,,,,,,,,,Y,2,0,3,3,A,-,12,21453,A,N,D,C,A,A,H,-,C,A,0,,,,,Y,,A,01,2,1,0,0,0,0,0,0,0,"- ","- ",34.218350000000001,-119.00503999999999,VENTURA,CAMARILLO,-119.00515011,34.218280049999997
8063170,2016,2016-09-28,5600,2016-09-14,1126,4574,8014,3,5,5,5601,0,0,0,,0,08A,"E LEISURE VILLAGE DR","VILLAGE 13",325.00,E,N,A,-,N,,,,,,,,,,N,3,0,1,2,B,-,22,,,N,D,G,A,A,H,-,A,A,0,,Y,,,Y,,A,01,0,1,0,0,0,0,1,0,0,"- ","- ",34.223190000000002,-118.98837,VENTURA,CAMARILLO,-118.98615947,34.223302339999996
8064754,2016,2016-06-16,5608,2016-06-03,1700,471,,5,5,6,5608,0,0,0,,0,001,"E SANTA CLARA ST","S VENTURA AV",0.00,,Y,A,-,N,,,,,,,,,,N,4,0,1,2,A,-,12,21453,A,F,D,-,A,A,H,-,A,A,0,,,,,Y,,-,"- ",0,0,1,0,0,0,0,0,0,"- ","- ",,,VENTURA,VENTURA,-119.30076993,34.279520060000003
8066721,2016,2016-06-23,5608,2016-06-14,1509,438,,2,5,6,5608,0,0,0,,0,003,"KIMBALL RD","COLTON ST",10.00,S,N,A,-,N,,,,,,,,,,N,4,0,1,2,A,-,03,22350,,N,C,C,A,A,H,-,A,A,0,,,,,Y,,-,,0,0,1,0,0,0,0,0,0,"- ","- ",,,VENTURA,VENTURA,-119.19227393,34.278923020000001
8068854,2016,2017-02-18,5600,2016-06-11,0948,4698,5600,6,5,2,5603,0,0,0,,0,1A01,"RT 150","BLANCHE ST",137.00,E,N,A,-,Y,VEN,7,150,-,-,17.440,H,-,W,N,4,0,1,2,A,-,03,22350,,N,C,C,A,A,H,-,A,A,0,,,,,Y,,A,07,0,0,1,0,0,0,0,0,0,"- ","- ",,,VENTURA,OJAI,-119.24583482,34.447770220000002
8068858,2016,2016-06-27,5600,2016-06-08,0757,3927,8128,3,5,5,5601,0,0,0,,0,08C,"TEMPLE AV","VISTA CT",0.00,,Y,A,-,N,,,,,,,,,,Y,3,0,2,2,A,-,09,21802,A,N,D,C,A,A,H,-,A,D,0,,,,,Y,,A,01,0,1,1,0,0,0,0,0,0,"- ","- ",34.231740000000002,-119.03324000000001,VENTURA,CAMARILLO,-119.03319006,34.231710079999999