CASE_ID,ACCIDENT_YEAR,PROC_DATE,JURIS,COLLISION_DATE,COLLISION_TIME,OFFICER_ID,REPORTING_DISTRICT,DAY_OF_WEEK,CHP_SHIFT,POPULATION,CNTY_CITY_LOC,SPECIAL_COND,BEAT_TYPE,CHP_BEAT_TYPE,CITY_DIVISION_LAPD,CHP_BEAT_CLASS,BEAT_NUMBER,PRIMARY_RD,SECONDARY_RD,DISTANCE,DIRECTION,INTERSECTION,WEATHER_1,WEATHER_2,STATE_HWY_IND,CALTRANS_COUNTY,CALTRANS_DISTRICT,STATE_ROUTE,ROUTE_SUFFIX,POSTMILE_PREFIX,POSTMILE,LOCATION_TYPE,RAMP_INTERSECTION,SIDE_OF_HWY,TOW_AWAY,COLLISION_SEVERITY,NUMBER_KILLED,NUMBER_INJURED,PARTY_COUNT,PRIMARY_COLL_FACTOR,PCF_CODE_OF_VIOL,PCF_VIOL_CATEGORY,PCF_VIOLATION,PCF_VIOL_SUBSECTION,HIT_AND_RUN,TYPE_OF_COLLISION,MVIW,PED_ACTION,ROAD_SURFACE,ROAD_COND_1,ROAD_COND_2,LIGHTING,CONTROL_DEVICE,CHP_ROAD_TYPE,PEDESTRIAN_ACCIDENT,BICYCLE_ACCIDENT,MOTORCYCLE_ACCIDENT,TRUCK_ACCIDENT,NOT_PRIVATE_PROPERTY,ALCOHOL_INVOLVED,STWD_VEHTYPE_AT_FAULT,CHP_VEHTYPE_AT_FAULT,COUNT_SEVERE_INJ,COUNT_VISIBLE_INJ,COUNT_COMPLAINT_PAIN,COUNT_PED_KILLED,COUNT_PED_INJURED,COUNT_BICYCLIST_KILLED,COUNT_BICYCLIST_INJURED,COUNT_MC_KILLED,COUNT_MC_INJURED,PRIMARY_RAMP,SECONDARY_RAMP,LATITUDE,LONGITUDE,COUNTY,CITY,POINT_X,POINT_Y
81672404,2021,2022-01-06,5609,2021-08-26,1114,356,,4,5,6,5609,0,0,0,,0,006,"KUEHNER DR","KATHERINE RD",265.00,S,N,A,-,N,,,,,,,,,,N,4,0,1,1,A,-,03,22350,,N,H,I,A,A,D,-,A,A,0,,Y,,,Y,,L,04,0,0,1,0,0,0,1,0,0,"- ","- ",34.265171051025391,-118.662109375,VENTURA,"SIMI VALLEY",-118.66205596923828,34.264541625976562
81672408,2021,2022-01-06,5609,2021-08-27,2243,443,,5,5,6,5609,0,0,0,,0,002,"ROYAL AVE","MADERA RD",84.00,E,N,A,-,N,,,,,,,,,,Y,3,0,1,2,A,-,01,23152,B,N,A,C,A,A,H,-,C,A,0,,,,,Y,Y,A,01,0,1,0,0,0,0,0,0,0,"- ","- ",34.264419555664062,-118.79635620117188,VENTURA,"SIMI VALLEY",-118.79611968994141,34.264419555664062
81672427,2021,2022-01-06,5609,2021-09-13,1803,389,316,1,5,6,5609,0,0,0,,0,003,"PATRICIA AVE","HUBBARD ST",81.00,W,N,A,-,N,,,,,,,,,,Y,4,0,1,4,A,-,08,22103,,N,D,C,A,A,H,-,A,D,0,,,,,Y,Y,A,07,0,0,1,0,0,0,0,0,0,"- ","- ",34.270038604736328,-118.77005004882812,VENTURA,"SIMI VALLEY",-118.7703857421875,34.270000457763672
81672429,2021,2022-01-06,5609,2021-09-14,0719,463,,2,5,6,5609,0,0,0,,0,002,"LOS ANGELES AVE","FIFTH ST",30.00,W,N,A,-,N,,,,,,,,,,Y,4,0,1,3,A,-,03,22350,,N,C,C,A,A,H,-,A,A,0,,,,,Y,,-,"- ",0,0,1,0,0,0,0,0,0,"- ","- ",34.271629333496094,-118.78362274169922,VENTURA,"SIMI VALLEY",-118.78372192382812,34.271648406982422
81672433,2021,2022-01-06,5609,2021-09-18,0726,356,,6,5,6,5609,0,0,0,,0,005,"LOS ANGELES AVE","TAPO ST",0.00,,Y,B,-,N,,,,,,,,,,Y,4,0,1,2,A,-,12,21453,A,N,D,C,A,A,H,-,A,A,0,,,,,Y,,A,01,0,0,1,0,0,0,0,0,0,"- ","- ",34.271030426025391,-118.70879364013672,VENTURA,"SIMI VALLEY",-118.70895385742188,34.271701812744141
81672434,2021,2022-01-06,5609,2021-09-18,2047,494,,6,5,6,5609,0,0,0,,0,005,"AUSTIN AVE","WALNUT ST",515.00,N,N,A,-,N,,,,,,,,,,Y,3,0,1,2,A,-,01,23152,B,N,B,E,A,A,H,-,C,D,0,,,,,Y,Y,A,01,0,1,0,0,0,0,0,0,0,"- ","- ",34.295730590820312,-118.70464324951172,VENTURA,"SIMI VALLEY",-118.70407104492188,34.297103881835938
81672455,2021,2022-01-06,5609,2021-09-26,1302,389,,7,5,6,5609,0,0,0,,0,001,"MADERA RD","ARISTOTLE ST",0.00,,Y,A,-,N,,,,,,,,,,Y,2,0,1,3,A,-,09,21801,A,N,D,C,A,A,H,-,A,D,0,,,Y,,Y,,C,02,1,0,0,0,0,0,0,0,1,"- ","- ",34.277271270751953,-118.79631042480469,VENTURA,"SIMI VALLEY",-118.79645538330078,34.277301788330078
81672470,2021,2022-01-06,5609,2021-10-04,0651,443,123,1,5,6,5609,0,0,0,,0,001,"LOS ANGELES AVE","FIFTH ST",556.00,W,N,A,-,N,,,,,,,,,,Y,3,0,2,2,A,-,09,21801,A,F,D,C,A,A,H,-,B,D,0,,,,,Y,,A,01,0,2,0,0,0,0,0,0,0,"- ","- ",34.271629333496094,-118.78362274169922,VENTURA,"SIMI VALLEY",-118.78545379638672,34.271648406982422
81672481,2021,2022-01-06,5609,2021-10-06,1514,389,,3,5,6,5609,0,0,0,,0,002,"MCCOY PL","MADERA RD",95.00,W,N,A,-,N,,,,,,,,,,Y,4,0,1,2,A,-,08,22107,,N,C,E,A,A,H,-,A,D,0,,,,,Y,,A,01,0,0,1,0,0,0,0,0,0,"- ","- ",34.270259857177734,-118.79634857177734,VENTURA,"SIMI VALLEY",-118.79673767089844,34.270259857177734
81672502,2021,2022-01-06,5609,2021-10-17,1100,383,,7,5,6,5609,0,0,0,,0,005,"LOS ANGELES AVE","STOW ST",0.00,,Y,A,-,Y,,,,,,,,,,Y,4,0,2,2,A,-,12,21453,A,N,D,C,A,A,H,-,A,A,0,,,,,Y,,A,01,0,0,2,0,0,0,0,0,0,"- ","- ",34.270938873291016,-118.68257904052734,VENTURA,"SIMI VALLEY",-118.68276214599609,34.271739959716797
81672513,2021,2022-01-06,5609,2021-10-20,2154,482,306,3,5,6,5609,0,0,0,,0,003,"ERRINGER RD","ROYAL AVE",0.00,,Y,A,-,N,,,,,,,,,,Y,4,0,1,2,A,-,12,21453,A,N,D,C,A,A,H,-,C,A,0,,,,,Y,,A,01,0,0,1,0,0,0,0,0,0,"- ","- ",34.263328552246094,-118.76127624511719,VENTURA,"SIMI VALLEY",-118.76138305664062,34.263637542724609
81672516,2021,2022-01-06,5609,2021-10-22,1428,499,,5,5,6,5609,0,0,0,,0,003,"SEQUOIA AVE","ROYAL AVE",549.00,S,N,A,-,N,,,,,,,,,,N,3,0,1,2,A,-,09,21804,,N,D,G,A,A,H,-,A,D,0,,Y,,,Y,,L,04,0,1,0,0,0,0,1,0,0,"- ","- ",34.264579772949219,-118.73059844970703,VENTURA,"SIMI VALLEY",-118.73056030273438,34.263084411621094
81672518,2021,2022-01-06,5609,2021-10-24,0530,443,,7,5,6,5609,0,0,0,,0,006,"KUEHNER DR","118 FWY EB FWY",20.00,S,N,B,-,Y,,,,,,,,,,Y,3,0,1,1,C,-,18,,,N,E,I,A,A,H,-,C,D,0,,,,,Y,,-,"- ",0,1,0,0,0,0,0,0,0,"- ","- ",34.278789520263672,-118.66203308105469,VENTURA,"SIMI VALLEY",,
81672525,2021,2022-01-06,5609,2021-10-29,1252,472,,5,5,6,5609,0,0,0,,0,002,"MADERA RD","COUNTRY CLUB DR (E)",312.00,E,N,A,-,N,,,,,,,,,,Y,3,0,1,2,C,-,18,,,N,A,C,A,A,H,-,A,D,0,,,,,Y,,-,"- ",0,1,0,0,0,0,0,0,0,"- ","- ",34.255691528320312,-118.80309295654297,VENTURA,"SIMI VALLEY",-118.82135009765625,34.252025604248047
81672544,2021,2022-01-06,5609,2021-11-04,1459,356,,4,5,6,5609,0,0,0,,0,006,"YOSEMITE AVE","MOUNT SINAI DR",0.00,,Y,A,-,N,,,,,,,,,,Y,4,0,1,2,A,-,09,21801,A,N,D,C,A,A,H,-,A,D,0,,,,,Y,,A,01,0,0,1,0,0,0,0,0,0,"- ","- ",34.283039093017578,-118.67929840087891,VENTURA,"SIMI VALLEY",-118.67945098876953,34.283016204833984
81672548,2021,2022-01-06,5609,2021-11-08,1400,464,,1,5,6,5609,0,0,0,,0,006,"LOS ANGELES AVE","YOSEMITE AVE",0.00,,Y,A,-,N,,,,,,,,,,Y,2,0,2,2,A,-,09,21801,A,N,D,C,A,A,H,-,A,A,0,,,,,Y,,A,01,1,0,1,0,0,0,0,0,0,"- ","- ",34.271751403808594,-118.67838287353516,VENTURA,"SIMI VALLEY",-118.67839813232422,34.271739959716797
81672566,2021,2022-01-06,5609,2021-11-19,1652,482,303,5,5,6,5609,0,0,0,,0,003,"LOS ANGELES AVE","DEODORA ST",24.00,N,N,A,-,N,,,,,,,,,,Y,4,0,1,2,A,-,09,21802,A,N,D,C,A,A,H,-,C,D,0,,,,,Y,,A,01,0,0,1,0,0,0,0,0,0,"- ","- ",34.271778106689453,-118.73786926269531,VENTURA,"SIMI VALLEY",-118.73782348632812,34.271720886230469
81672576,2021,2022-01-06,5609,2021-11-21,1934,464,,7,5,6,5609,0,0,0,,0,002,"SINALOA RD","ROYAL AVE",0.00,,Y,A,G,N,,,,,,,,,,Y,4,0,1,2,A,-,09,21801,A,N,D,C,A,A,H,-,C,A,0,,,,,Y,,A,01,0,0,1,0,0,0,0,0,0,"- ","- ",34.264369964599609,-118.78771209716797,VENTURA,"SIMI VALLEY",-118.78759765625,34.264423370361328
81672588,2021,2022-01-06,5609,2021-11-30,1704,464,,2,5,6,5609,0,0,0,,0,003,"SYCAMORE DR","BROWER ST",0.00,,Y,A,-,N,,,,,,,,,,Y,3,0,1,2,A,-,09,21801,A,N,D,C,A,A,H,-,B,D,0,,,,,Y,,A,01,0,1,0,0,0,0,0,0,0,"- ","- ",34.272781372070312,-118.74385833740234,VENTURA,"SIMI VALLEY",-118.74384307861328,34.272712707519531
81672628,2021,2022-01-06,5609,2021-12-19,1054,443,,7,5,6,5609,0,0,0,,0,005,"STEARNS ST","COCHRAN ST",23.00,S,N,A,-,N,,,,,,,,,,Y,3,0,1,3,A,-,01,23152,F,N,D,C,A,A,H,-,A,A,0,,,,,Y,,A,01,0,1,0,0,0,0,0,0,0,"- ","- ",34.279079437255859,-118.69132232666016,VENTURA,"SIMI VALLEY",-118.69139099121094,34.278926849365234
81677049,2021,2022-01-13,5609,2021-12-31,1449,499,,5,5,6,5609,0,0,0,,0,003,"LOS ANGELES AVE","SEQUOIA AVE",0.00,,Y,A,-,N,,,,,,,,,,Y,3,0,3,2,A,-,12,21453,A,N,D,C,A,A,H,-,A,A,0,,,,,Y,,D,22,0,2,1,0,0,0,0,0,0,"- ","- ",34.271690368652344,-118.73056030273438,VENTURA,"SIMI VALLEY",-118.73052978515625,34.271675109863281
81677059,2022,2022-01-13,5609,2022-01-08,1315,482,407,6,5,6,5609,0,0,0,,0,004,"PENNEY DR","DAPHNEY CT",141.00,E,N,A,-,N,,,,,,,,,,N,3,0,1,3,C,-,18,,,N,A,E,A,A,H,-,A,D,0,,,,,Y,,-,"- ",0,1,0,0,0,0,0,0,0,"- ","- ",34.290798187255859,-118.72962951660156,VENTURA,"SIMI VALLEY",-118.72933197021484,34.290645599365234
8167872,2019,2020-01-07,5609,2019-07-30,1215,312,,2,5,6,5609,0,0,0,,0,,"1ST ST","RT 118",45.00,S,N,A,-,Y,VEN,7,118,-,R,23.647,R,4,E,Y,4,0,2,2,A,-,03,22350,,N,E,I,A,A,H,-,A,A,0,,,,,Y,,A,01,0,0,2,0,0,0,0,0,0,"- ",EF,34.281070709228516,-118.77879333496094,VENTURA,"SIMI VALLEY",-118.78192138671875,34.282131195068359
8167937,2019,2020-01-07,5600,2019-08-27,0806,5126,1000,2,5,2,5603,0,0,0,,0,1A11,"RT 33","EL ROBLAR DR",815.00,S,N,A,-,Y,VEN,7,33,-,-,11.810,H,-,S,N,2,0,1,2,A,-,08,22107,,N,C,G,A,A,H,-,A,D,0,,Y,,,Y,,L,04,1,0,0,0,0,0,1,0,0,"- ","- ",,,VENTURA,OJAI,-119.26963806152344,34.444599151611328
8167963,2019,2020-01-31,5604,2019-08-10,0928,5538,,6,5,6,5604,0,0,0,,0,014,"RT 232","WALNUT DR",0.00,,Y,A,-,Y,VEN,7,232,-,-,1.188,I,5,N,Y,4,0,1,2,A,-,12,21453,A,N,D,C,A,A,H,-,A,A,0,,,,,Y,,-,"- ",0,0,1,0,0,0,0,0,0,"- ","- ",34.241039276123047,-119.16635131835938,VENTURA,OXNARD,-119.16639709472656,34.241004943847656
8168119,2019,2019-10-29,5600,2019-09-05,1305,4221,9062,4,5,6,5607,0,0,0,,0,9B01,"DRAKE DR","CHALET CIR",0.00,,Y,A,-,N,,,,,,,,,,N,3,0,1,1,A,-,03,22350,,N,E,I,A,A,H,-,A,D,0,,,,,Y,,A,01,0,1,0,0,0,0,0,0,0,"- ","- ",,,VENTURA,"THOUSAND OAKS",-118.83438873291016,34.191238403320312
81681361,2022,2022-01-20,5600,2022-01-12,1600,5150,9168,3,5,6,5607,0,0,0,,0,9D01,"THOUSAND OAKS BL","LAKEVIEW CANYON RD",63.00,E,N,B,-,N,,,,,,,,,,Y,3,0,2,3,A,-,03,22350,,N,C,C,A,A,H,-,A,A,0,,,,,Y,,A,07,0,1,1,0,0,0,0,0,0,"- ","- ",34.158840179443359,-118.81796264648438,VENTURA,"THOUSAND OAKS",-118.81776428222656,34.15869140625
81682298,2022,2022-01-21,5609,2022-01-04,1720,464,,2,5,6,5609,0,0,0,,0,001,"LOS ANGELES AVE","SIMI VILLAGE DR",0.00,,Y,A,-,N,,,,,,,,,,Y,4,0,2,2,A,-,09,21801,A,N,D,C,A,A,H,-,B,A,0,,,,,Y,,A,01,0,0,2,0,0,0,0,0,0,"- ","- ",34.271678924560547,-118.79097747802734,VENTURA,"SIMI VALLEY",-118.79096221923828,34.271728515625
81684219,2021,2022-01-25,5600,2021-12-12,1535,5055,8124,7,5,5,5601,0,0,0,,0,8C01,"ARNEILL RD","PICKWICK DR",369.00,S,N,A,-,N,,,,,,,,,,N,4,0,1,2,A,-,09,21804,A,N,D,C,A,A,H,-,A,A,0,,,Y,,Y,,A,01,0,0,1,0,0,0,0,0,1,"- ","- ",34.222270965576172,-119.03900909423828,VENTURA,CAMARILLO,-119.03904724121094,34.221267700195312
81684221,2021,2022-01-25,5600,2021-12-25,1028,4964,9132,6,5,6,5607,0,0,0,,0,9C01,"VENTU PARK RD","LYNN RD",21.00,S,N,B,C,N,,,,,,,,,,Y,4,0,1,2,A,-,03,22350,,N,D,D,A,B,H,-,A,A,0,,,,,Y,,-,"- ",0,0,1,0,0,0,0,0,0,"- ","- ",34.176521301269531,-118.91118621826172,VENTURA,"THOUSAND OAKS",-118.91115570068359,34.176406860351562
81691280,2022,2022-02-02,5600,2022-01-28,1225,5653,9156,5,5,6,5607,0,0,0,,0,9G01,"THOUSAND OAKS BL","SKYLINE DR",81.00,W,N,A,-,N,,,,,,,,,,Y,3,0,1,2,A,-,03,22350,,N,C,C,A,A,H,-,A,A,0,,,,,Y,,A,07,0,1,0,0,0,0,0,0,0,"- ","- ",34.170711517333984,-118.83808135986328,VENTURA,"THOUSAND OAKS",-118.83827972412109,34.170867919921875
81691284,2022,2022-02-02,5600,2022-01-04,1132,3101,6018,2,5,3,5602,0,0,0,,0,6B01,"SESPE AVENUE","A STREET",24.00,W,N,A,-,N,,,,,,,,,,N,2,0,1,2,A,-,12,22450,A,N,D,G,A,A,H,-,A,A,0,,Y,,,Y,,L,04,1,0,0,0,0,0,1,0,0,"- ","- ",,,VENTURA,FILLMORE,-118.91857147216797,34.400058746337891
81691301,2022,2022-02-02,5600,2022-01-20,0508,5279,9085,4,5,6,5607,0,0,0,,0,9G01,"HILLCREST DR","23 FREEWAY OFFRAMP",0.00,,Y,A,-,Y,,,,,,,,,,N,3,0,2,2,A,-,12,21453,A,N,D,D,A,A,H,-,C,A,0,,,,,Y,,A,01,0,1,1,0,0,0,0,0,0,"- ","- ",,,VENTURA,"THOUSAND OAKS",,
81691311,2022,2022-02-02,5600,2022-01-24,0806,4501,8021,1,5,5,5601,0,0,0,,0,8B01,"LAS POSAS RD","CARMEN DR",0.00,,Y,A,-,N,,,,,,,,,,Y,4,0,1,2,A,-,12,21453,A,N,H,C,A,A,H,-,A,A,0,,,,,Y,,A,07,0,0,1,0,0,0,0,0,0,"- ","- ",34.233551025390625,-119.05146789550781,VENTURA,CAMARILLO,-119.05154418945312,34.233497619628906
81694027,2022,2022-02-07,5609,2022-01-30,2151,502,,7,5,6,5609,0,0,0,,0,001,"MADERA RD","CANCUN ST",0.00,,Y,A,-,N,,,,,,,,,,Y,4,0,1,2,A,-,12,21453,A,N,D,C,A,A,H,-,C,A,0,,,,,Y,,A,01,0,0,1,0,0,0,0,0,0,"- ","- ",34.260730743408203,-118.79630279541016,VENTURA,"SIMI VALLEY",-118.79631805419922,34.2607421875
81694030,2022,2022-02-07,5609,2022-02-02,0740,389,,3,5,6,5609,0,0,0,,0,001,"LOS ANGELES AVE","SINALOA RD",0.00,,Y,A,-,N,,,,,,,,,,Y,4,0,2,2,A,-,12,21453,A,N,D,C,A,A,A,-,A,A,0,,,,,Y,,A,07,0,0,2,0,0,0,0,0,0,"- ","- ",34.271648406982422,-118.78759765625,VENTURA,"SIMI VALLEY",-118.78758239746094,34.271728515625
81696429,2022,2022-02-09,5609,2022-02-04,1427,482,200,5,5,6,5609,0,0,0,,0,002,"TIERRA REJADA RD","STARGAZE PL",0.00,,Y,A,-,N,,,,,,,,,,Y,4,0,3,2,A,-,09,21801,A,N,D,C,A,A,H,-,A,A,0,,,,,Y,,A,01,0,0,3,0,0,0,0,0,0,"- ","- ",34.273971557617188,-118.80653381347656,VENTURA,"SIMI VALLEY",-118.80673980712891,34.273960113525391
81698405,2022,2022-02-11,5609,2022-02-03,0114,487,,4,5,6,5609,0,0,0,,0,003,"ROYAL AVE","CARSON ST",821.00,E,N,A,-,N,,,,,,,,,,Y,4,0,1,1,A,-,08,22107,,N,E,I,A,A,H,-,C,D,0,,,,,Y,,A,01,0,0,1,0,0,0,0,0,0,"- ","- ",34.264511108398438,-118.76614379882812,VENTURA,"SIMI VALLEY",-118.763427734375,34.264442443847656
81698470,2022,2022-02-11,5600,2022-02-07,1500,5378,9106,1,5,6,5607,0,0,0,,0,9C01,"REINO RD","CABRILLO AVE",0.00,,Y,A,-,N,,,,,,,,,,Y,3,0,1,2,A,-,09,21802,A,N,D,D,A,A,H,-,A,D,0,,,Y,,Y,,A,01,0,1,0,0,0,0,0,0,1,"- ","- ",,,VENTURA,"THOUSAND OAKS",-118.95361328125,34.183097839355469
81698472,2022,2022-02-11,5600,2022-02-08,1221,5374,9173,2,5,6,5607,0,0,0,,0,9D01,"VILLAGE GLEN AVENUE","AGOURA ROAD",488.00,N,N,A,-,N,,,,,,,,,,Y,4,0,1,2,A,-,09,21802,A,N,D,C,A,A,H,-,A,A,0,,,,,Y,,A,01,0,0,1,0,0,0,0,0,0,"- ","- ",,,VENTURA,"THOUSAND OAKS",-118.82431793212891,34.151447296142578
81702708,2022,2022-02-17,5600,2022-02-14,1808,3147,9104,1,5,6,5607,0,0,0,,0,9C01,"REINO RD","CALLE CLARA VISTA",0.00,,Y,A,-,N,,,,,,,,,,N,3,0,1,2,A,-,08,22107,,N,C,E,A,A,H,-,C,D,0,,,,,Y,,A,01,0,1,0,0,0,0,0,0,0,"- ","- ",34.1893310546875,-118.95429229736328,VENTURA,"THOUSAND OAKS",-118.95433044433594,34.189281463623047
81704953,2022,2022-02-21,5600,2022-02-14,1508,5150,9146,1,5,6,5607,0,0,0,,0,9D01,"SYMPHONY LN","LINDERO CANYON RD",14.00,E,N,A,-,N,,,,,,,,,,Y,3,0,1,2,A,-,09,21802,A,N,E,I,A,A,H,-,A,A,0,,,,,Y,,A,07,0,1,0,0,0,0,0,0,0,"- ","- ",34.168159484863281,-118.79221343994141,VENTURA,"THOUSAND OAKS",-118.78815460205078,34.171871185302734
81706422,2022,2022-02-23,5609,2022-02-17,1352,356,,4,5,6,5609,0,0,0,,0,001,"MADERA RD","STRATHEARN PL",54.00,N,N,A,-,N,,,,,,,,,,Y,4,0,1,3,A,-,03,22350,,N,B,C,A,A,H,-,A,A,0,,,,,Y,,A,01,0,0,1,0,0,0,0,0,0,"- ","- ",,,VENTURA,"SIMI VALLEY",-118.79648590087891,34.274158477783203
81706467,2022,2022-02-23,5600,2022-02-17,0712,5269,9104,4,5,6,5607,0,0,0,,0,9C01,"BORCHARD RD","CABRILLO AVE",0.00,,Y,A,-,N,,,,,,,,,,N,2,0,1,2,A,-,09,21804,B,N,D,G,A,A,H,-,A,D,0,,Y,,,Y,,L,04,1,0,0,0,0,0,1,0,0,"- ","- ",,,VENTURA,"THOUSAND OAKS",-118.95539855957031,34.179031372070312
81706481,2022,2022-02-23,5600,2022-02-19,0758,5151,9036,6,5,6,5607,0,0,0,,0,9B01,"AVENIDA DE LAS FLORES","ERBES ROAD",0.00,,Y,A,-,N,,,,,,,,,,Y,4,0,1,2,A,-,09,21801,A,N,H,C,A,A,H,-,A,A,0,,,,,Y,,A,01,0,0,1,0,0,0,0,0,0,"- ","- ",,,VENTURA,"THOUSAND OAKS",-118.83961486816406,34.2078857421875
81709409,2022,2022-02-25,5609,2022-02-23,0819,443,,3,5,6,5609,0,0,0,,0,001,"TIERRA REJADA RD","ELECTRIC POLE #4244431E",34.00,W,N,A,-,N,,,,,,,,,,Y,4,0,1,2,A,-,03,22350,,N,C,C,A,A,H,-,A,D,0,,,,,Y,,D,22,0,0,1,0,0,0,0,0,0,"- ","- ",,,VENTURA,"SIMI VALLEY",,
81710586,2022,2022-02-28,5600,2022-02-17,0729,2994,5117,4,5,4,5690,0,0,0,,0,2A01,"TIERRA REJADA RD","MOUNTAIN TRAIL ST",0.00,,Y,A,-,N,,,,,,,,,,N,3,0,2,2,A,-,12,21453,A,N,D,C,A,A,A,-,A,A,0,,,,,Y,,A,01,0,2,0,0,0,0,0,0,0,"- ","- ",34.270538330078125,-118.89103698730469,VENTURA,MOORPARK,-118.89698028564453,34.268211364746094
81713752,2022,2022-03-03,5609,2022-02-13,2007,464,,7,5,6,5609,0,0,0,,0,003,"ROYAL AVE","HAVEN AVE",456.00,W,N,A,-,N,,,,,,,,,,Y,4,0,1,1,A,-,01,23152,A,N,E,I,A,A,H,-,C,D,0,,,,,Y,Y,A,08,0,0,1,0,0,0,0,0,0,"- ","- ",34.260810852050781,-118.75627899169922,VENTURA,"SIMI VALLEY",-118.75772094726562,34.261043548583984
81713761,2022,2022-03-03,5609,2022-02-23,2237,482,511,3,5,6,5609,0,0,0,,0,005,"LOS ANGELES AVE","TAPO CANYON RD",0.00,,Y,A,-,N,,,,,,,,,,Y,4,0,1,2,A,-,12,21453,A,N,D,C,A,A,H,-,C,A,0,,,,,Y,,A,01,0,0,1,0,0,0,0,0,0,"- ","- ",34.271080017089844,-118.71711730957031,VENTURA,"SIMI VALLEY",-118.71733093261719,34.27166748046875
81713769,2022,2022-03-03,5609,2022-02-25,2320,482,,5,5,6,5609,0,0,0,,0,002,"CONGRESSIONAL RD","LINKS VIEW DR",119.00,E,N,A,-,N,,,,,,,,,,Y,4,0,1,2,C,-,18,,,N,C,E,A,A,H,-,C,D,0,,,,,Y,,-,"- ",0,0,1,0,0,0,0,0,0,"- ","- ",34.248191833496094,-118.81918334960938,VENTURA,"SIMI VALLEY",-118.81878662109375,34.248306274414062
8171602,2016,2016-11-22,5609,2016-11-07,0909,310,407,1,5,6,5609,0,0,0,,0,004,"ALAMO ST","SEQUOIA AV",0.00,,Y,A,-,N,,,,,,,,,,Y,4,0,1,2,A,-,09,21801,A,N,D,C,A,A,H,-,A,A,0,,,,,Y,,A,07,0,0,1,0,0,0,0,0,0,"- ","- ",34.286299999999997,-118.73083,VENTURA,"SIMI VALLEY",-118.73088001000001,34.286440079999998
81717258,2022,2022-03-08,5600,2022-02-24,1520,5332,9102,4,5,6,5607,0,0,0,,0,9G01,"THOUSAND OAKS BLVD","BAKER AVENUE",88.00,E,N,A,-,N,,,,,,,,,,Y,4,0,1,2,A,-,09,21801,A,N,D,C,A,A,H,-,A,A,0,,,,,Y,,A,01,0,0,1,0,0,0,0,0,0,"- ","- ",,,VENTURA,"THOUSAND OAKS",-118.87371063232422,34.179248809814453
81717265,2022,2022-03-08,5600,2022-02-25,1226,5586,9170,5,5,6,5607,0,0,0,,0,9D01,"TOWNSGATE RD","WESTLAKE PLAZA",0.00,,Y,A,-,N,,,,,,,,,,Y,4,0,2,2,A,-,09,21804,A,N,D,C,A,A,H,-,A,A,0,,,,,Y,,A,07,0,0,2,0,0,0,0,0,0,"- ","- ",,,VENTURA,"THOUSAND OAKS",-118.82727813720703,34.154766082763672
81717278,2022,2022-03-08,5600,2022-03-01,1342,5383,8045,2,5,5,5601,0,0,0,,0,8A01,"LAS POSAS ROAD","PARK N RIDE BOULEVARD",152.00,N,N,A,-,N,,,,,,,,,,Y,3,0,2,2,A,-,05,21651,B,F,A,C,A,A,H,-,A,D,0,,,,,Y,,A,01,0,1,1,0,0,0,0,0,0,"- ","- ",34.218448638916016,-119.06983947753906,VENTURA,CAMARILLO,,
8172581,2016,2016-11-29,5609,2016-09-24,1820,374,,6,5,6,5609,0,0,0,,0,,"TAPO CANYON RD","ALAMO ST",0.00,,Y,A,-,N,,,,,,,,,,Y,2,0,1,2,A,-,11,21954,A,N,G,B,D,A,H,-,B,A,0,Y,,,,Y,,N,60,1,0,0,0,1,0,0,0,0,"- ","- ",34.286430000000003,-118.71781,VENTURA,"SIMI VALLEY",-118.71784009,34.286380100000002
81727499,2022,2022-03-21,5600,2022-03-11,1926,4878,5110,5,5,4,5690,0,0,0,,0,2A01,"TIERRA REJADA RD","23 FW (E)",0.00,,Y,A,-,Y,VEN,,23,,R,10.176,H,,R,N,4,0,1,2,A,-,09,21804,A,N,B,C,A,A,H,-,C,A,0,,,,,Y,,A,07,0,0,1,0,0,0,0,0,0,"- ","- ",34.266719818115234,-118.85108947753906,VENTURA,MOORPARK,-118.85102844238281,34.266754150390625
8172828,2016,2016-11-29,5600,2016-11-15,1556,2877,8300,2,5,5,5601,0,0,0,,0,8A01,"VENTURA BL","CAMARILLO CENTER DR",0.00,,Y,A,-,N,,,101,,,,,,,N,4,0,1,2,A,-,12,22450,A,N,D,C,A,A,H,-,A,A,0,,,,,Y,,A,01,0,0,1,0,0,0,0,0,0,"- ","- ",34.217860000000002,-119.0577,VENTURA,CAMARILLO,-119.05768347999999,34.218070959999999
81728575,2022,2022-03-22,5600,2022-02-26,1356,5653,9074,6,5,6,5607,0,0,0,,0,9G01,"RANCHO RD","OFFRAMP NB 101 RANCHO",308.00,N,N,A,-,Y,,,,,,,,,,Y,4,0,2,2,A,-,09,21804,A,N,D,C,A,A,H,-,A,D,0,,,,,Y,,A,01,0,0,2,0,0,0,0,0,0,"- ","- ",34.177909851074219,-118.84736633300781,VENTURA,"THOUSAND OAKS",-118.85791015625,34.184104919433594
81728578,2022,2022-03-22,5600,2022-03-01,0816,5545,8201,2,5,5,5601,0,0,0,,0,8D01,"ADOLFO ROAD","RANCHO CALLEGUAS DRIVE",684.00,N,N,A,-,N,,,,,,,,,,N,3,0,1,1,A,-,03,22350,,N,-,A,A,A,H,-,A,D,0,,Y,,,Y,,L,04,0,1,0,0,0,0,1,0,0,"- ","- ",,,VENTURA,CAMARILLO,-119.01516723632812,34.224868774414062