CASE_ID,ACCIDENT_YEAR,PROC_DATE,JURIS,COLLISION_DATE,COLLISION_TIME,OFFICER_ID,REPORTING_DISTRICT,DAY_OF_WEEK,CHP_SHIFT,POPULATION,CNTY_CITY_LOC,SPECIAL_COND,BEAT_TYPE,CHP_BEAT_TYPE,CITY_DIVISION_LAPD,CHP_BEAT_CLASS,BEAT_NUMBER,PRIMARY_RD,SECONDARY_RD,DISTANCE,DIRECTION,INTERSECTION,WEATHER_1,WEATHER_2,STATE_HWY_IND,CALTRANS_COUNTY,CALTRANS_DISTRICT,STATE_ROUTE,ROUTE_SUFFIX,POSTMILE_PREFIX,POSTMILE,LOCATION_TYPE,RAMP_INTERSECTION,SIDE_OF_HWY,TOW_AWAY,COLLISION_SEVERITY,NUMBER_KILLED,NUMBER_INJURED,PARTY_COUNT,PRIMARY_COLL_FACTOR,PCF_CODE_OF_VIOL,PCF_VIOL_CATEGORY,PCF_VIOLATION,PCF_VIOL_SUBSECTION,HIT_AND_RUN,TYPE_OF_COLLISION,MVIW,PED_ACTION,ROAD_SURFACE,ROAD_COND_1,ROAD_COND_2,LIGHTING,CONTROL_DEVICE,CHP_ROAD_TYPE,PEDESTRIAN_ACCIDENT,BICYCLE_ACCIDENT,MOTORCYCLE_ACCIDENT,TRUCK_ACCIDENT,NOT_PRIVATE_PROPERTY,ALCOHOL_INVOLVED,STWD_VEHTYPE_AT_FAULT,CHP_VEHTYPE_AT_FAULT,COUNT_SEVERE_INJ,COUNT_VISIBLE_INJ,COUNT_COMPLAINT_PAIN,COUNT_PED_KILLED,COUNT_PED_INJURED,COUNT_BICYCLIST_KILLED,COUNT_BICYCLIST_INJURED,COUNT_MC_KILLED,COUNT_MC_INJURED,PRIMARY_RAMP,SECONDARY_RAMP,LATITUDE,LONGITUDE,COUNTY,CITY,POINT_X,POINT_Y
81730452,2022,2022-03-24,5600,2022-03-04,1646,5653,9108,5,5,6,5607,0,0,0,,0,9C01,"OLD CONEJO RD","WENDY DR",175.00,W,N,B,-,Y,,,,,,,,,,N,4,0,1,2,A,-,04,21703,,N,C,C,A,A,H,-,A,A,0,,,,,Y,,A,07,0,0,1,0,0,0,0,0,0,"- ","- ",34.189029693603516,-118.94023895263672,VENTURA,"THOUSAND OAKS",-118.94065856933594,34.189235687255859
81730458,2022,2022-03-24,5600,2022-03-14,0806,4501,8051,1,5,5,5601,0,0,0,,0,8A01,"VERDULERA ST","AVIADOR ST",315.00,E,N,A,-,N,,,,,,,,,,Y,4,0,1,2,A,-,08,22102,,N,D,C,A,A,H,-,A,D,0,,,,,Y,,A,01,0,0,1,0,0,0,0,0,0,"- ","- ",34.217048645019531,-119.09410095214844,VENTURA,CAMARILLO,-119.09288787841797,34.216861724853516
81730467,2022,2022-03-24,5600,2022-03-20,0954,4501,8104,7,5,5,5601,0,0,0,,0,8B01,"PONDEROSA DR","BRENTLY AV",0.00,,Y,A,-,N,,,,,,,,,,Y,4,0,2,2,A,-,09,21801,A,N,H,C,A,A,H,-,A,A,0,,,,,Y,,A,01,0,0,2,0,0,0,0,0,0,"- ","- ",34.221828460693359,-119.05074310302734,VENTURA,CAMARILLO,-119.04744720458984,34.223499298095703
81734192,2022,2022-03-28,5609,2022-03-18,2202,472,,5,5,6,5609,0,0,0,,0,,"LOS ANGELES AVE","STOW ST",0.00,,Y,A,-,N,,,,,,,,,,Y,3,0,1,2,A,-,09,21801,A,N,D,C,A,A,H,-,C,A,0,,,,,Y,,A,01,0,1,0,0,0,0,0,0,0,"- ","- ",34.271778106689453,-118.6827392578125,VENTURA,"SIMI VALLEY",-118.68276214599609,34.271739959716797
81739357,2022,2022-04-04,5600,2022-03-18,2001,4995,9010,5,5,6,5607,0,0,0,,0,9A01,"AVENIDA DE LOS ARBOLES","AVENIDA DE LAS PLANTAS",0.00,,Y,A,-,N,,,,,,,,,,Y,3,0,1,2,A,-,12,22450,A,N,H,C,A,A,H,-,C,D,0,,,,,Y,,A,01,0,1,0,0,0,0,0,0,0,"- ","- ",34.215408325195312,-118.85948944091797,VENTURA,"THOUSAND OAKS",-118.85947418212891,34.215415954589844
81739374,2022,2022-04-04,5600,2022-03-24,0833,5133,9118,4,5,6,5607,0,0,0,,0,9C01,"BORCHARD RD","THERESA DR",0.00,,Y,A,-,N,,,,,,,,,,Y,3,0,1,2,A,-,09,21801,A,N,H,C,A,A,H,-,A,A,0,,,,,Y,,A,01,0,1,0,0,0,0,0,0,0,"- ","- ",34.178619384765625,-118.93759155273438,VENTURA,"THOUSAND OAKS",-118.93750762939453,34.178680419921875
81739384,2022,2022-04-04,5600,2022-03-28,1100,2913,9128,1,5,6,5607,0,0,0,,0,9H01,"HILLCREST DR","AVENIDA DE LA PLATA",70.00,W,N,C,-,N,,,,,,,,,,Y,3,0,1,1,A,-,08,22107,,M,E,I,A,B,H,-,A,D,0,,,,,Y,,D,22,0,1,0,0,0,0,0,0,0,"- ","- ",34.188381195068359,-118.91657257080078,VENTURA,"THOUSAND OAKS",-118.91677093505859,34.188388824462891
81741886,2022,2022-04-06,5600,2022-03-29,1700,4637,5103,2,5,4,5690,0,0,0,,0,2B01,"SPRING RD","ROBERTS AV",0.00,,Y,A,-,N,,,,,,,,,,Y,4,0,2,2,A,-,09,21804,A,N,D,C,A,A,H,-,A,A,0,,,,,Y,,A,01,0,0,2,0,0,0,0,0,0,"- ","- ",34.277950286865234,-118.87718963623047,VENTURA,MOORPARK,-118.87473297119141,34.281089782714844
81748688,2022,2022-04-15,5600,2022-04-09,0935,5196,9128,6,5,6,5607,0,0,0,,0,9H01,"W HILLCREST DR","N VENTU PARK RD",0.00,,Y,A,-,N,,,,,,,,,,Y,4,0,2,2,A,-,12,21453,A,N,D,C,A,A,H,-,A,A,0,,,,,Y,,A,07,0,0,2,0,0,0,0,0,0,"- ","- ",,,VENTURA,"THOUSAND OAKS",-118.91139221191406,34.188301086425781
81749428,2022,2022-04-18,5600,2022-04-02,2217,2877,8006,6,5,5,5601,0,0,0,,0,8A01,"LAS POSAS RD","CRESTVIEW AV",0.00,,Y,A,-,N,,,,,,,,,,Y,4,0,1,2,A,-,09,21801,A,N,H,C,A,A,H,-,D,A,0,,,,,Y,,A,01,0,0,1,0,0,0,0,0,0,"- ","- ",34.229141235351562,-119.06976318359375,VENTURA,CAMARILLO,-119.06999969482422,34.229042053222656
81751747,2022,2022-04-20,5609,2022-04-16,2107,457,5,6,5,6,5609,0,0,0,,0,005,"TAPO CANYON RD","LOS ANGELES AVE",0.00,,Y,B,-,N,,,,,,,,,,Y,4,0,1,2,A,-,09,21801,A,N,B,C,A,A,H,-,C,A,0,,,,,Y,,A,01,0,0,1,0,0,0,0,0,0,"- ","- ",34.271610260009766,-118.71733856201172,VENTURA,"SIMI VALLEY",-118.71733093261719,34.27166748046875
8175444,2016,2016-11-30,5608,2016-11-06,0900,491,UTA,7,5,6,5608,0,0,0,,0,003,"DUVAL RD","TELEGRAPH RD",3.50,S,N,A,-,N,,,,,,,,,,N,4,0,1,2,A,-,09,21801,A,N,B,C,A,-,H,-,A,A,0,,,,,Y,,A,01,0,0,1,0,0,0,0,0,0,"- ","- ",,,VENTURA,VENTURA,-119.2248405,34.276553999999997
8175460,2016,2016-11-30,5608,2016-11-07,1413,476,,1,5,6,5608,0,0,0,,0,,"FOOTHILL RD","IMPERIAL AV",594.00,W,N,A,-,N,,,,,,,,,,Y,4,0,2,2,A,-,08,22107,,N,-,C,A,A,H,-,A,A,0,,,,,Y,,A,01,0,0,2,0,0,0,0,0,0,"- ","- ",,,VENTURA,VENTURA,-119.19353400999999,34.288365140000003
8175468,2016,2016-12-01,5608,2016-11-08,0843,391,,2,5,6,5608,0,0,0,,0,002,"HARBOR BL","OLIVAS PARK DR",170.00,S,N,A,-,N,,,,,,,,,,Y,4,0,3,3,A,-,03,22350,,N,C,C,A,A,H,-,A,A,0,,,,,Y,,A,01,0,0,3,0,0,0,0,0,0,"- ","- ",,,VENTURA,VENTURA,-119.25676654,34.243823519999999
8175476,2016,2016-11-30,5608,2016-11-11,1731,446,,5,5,6,5608,0,0,0,,0,004,"JOHNSON DR","NORTH BANK DR",50.00,S,N,A,-,N,,,,,,,,,,N,4,0,1,2,A,-,04,21703,,N,C,C,A,A,H,-,C,A,0,,,,,Y,,A,01,0,0,1,0,0,0,0,0,0,"- ","- ",,,VENTURA,VENTURA,-119.19476112,34.246864100000003
81763841,2022,2022-05-04,5609,2022-04-20,0908,443,217,3,5,6,5609,0,0,0,,0,002,"LONG CANYON RD","WOOD RANCH PKWY",191.00,E,N,A,-,N,,,,,,,,,,Y,1,1,0,1,A,-,08,22107,,N,E,I,A,A,H,-,A,D,0,,,,,Y,,A,01,0,0,0,0,0,0,0,0,0,"- ","- ",34.228771209716797,-118.80252075195312,VENTURA,"SIMI VALLEY",-118.8017578125,34.228858947753906
81766762,2022,2022-05-09,5609,2022-05-05,0749,443,,4,5,6,5609,0,0,0,,0,001,"MADERA RD","EASY ST",274.00,S,N,A,-,N,,,,,,,,,,Y,3,0,1,2,C,-,18,,,N,E,I,A,A,H,-,A,A,0,,,,,Y,,-,"- ",0,1,0,0,0,0,0,0,0,"- ","- ",34.278110504150391,-118.79612731933594,VENTURA,"SIMI VALLEY",-118.79646301269531,34.277500152587891
81773500,2022,2022-05-17,5600,2022-04-21,0745,4965,8111,4,5,5,5601,0,0,0,,0,8B01,"ARNEILL RD","LAS POSAS RD",0.00,,Y,A,-,N,,,,,,,,,,N,3,0,1,2,A,-,09,21453,B,N,G,B,B,A,H,-,A,A,0,Y,,,,Y,,D,22,0,1,0,0,1,0,0,0,0,"- ","- ",34.236541748046875,-119.03897857666016,VENTURA,CAMARILLO,-119.03907775878906,34.236469268798828
81773537,2022,2022-05-17,5600,2022-05-02,2210,5197,9032,1,5,6,5607,0,0,0,,0,9A01,"AVENIDA DE LOS ARBOLES","CALLE OLIVO (W)",95.00,E,N,A,-,N,,,,,,,,,,Y,3,0,1,3,A,-,01,23152,A,N,B,E,A,A,H,-,D,D,0,,,,,Y,Y,A,01,0,1,0,0,0,0,0,0,0,"- ","- ",34.215190887451172,-118.85711669921875,VENTURA,"THOUSAND OAKS",-118.85679626464844,34.215114593505859
81773552,2022,2022-05-17,5600,2022-05-05,1110,5385,9170,4,5,6,5607,0,0,0,,0,9D01,"SOUTH WESTLAKE BOULEVARD (SR-23)","TOWNSGATE ROAD",83.00,S,N,A,-,Y,,,,,,,,,,Y,4,0,1,3,A,-,03,22350,,N,C,C,A,A,H,-,A,A,0,,,,,Y,,A,01,0,0,1,0,0,0,0,0,0,"- ","- ",,,VENTURA,"THOUSAND OAKS",-118.82741546630859,34.154571533203125
81773559,2022,2022-05-17,5600,2022-05-06,1938,5151,9078,5,5,6,5607,0,0,0,,0,9B01,"WILBUR ROAD","HODENCAMP ROAD",570.00,W,N,A,-,N,,,,,,,,,,Y,4,0,1,2,A,-,09,21804,A,N,D,C,A,A,H,-,A,D,0,,,Y,,Y,,A,07,0,0,1,0,0,0,0,0,1,"- ","- ",,,VENTURA,"THOUSAND OAKS",-118.87026977539062,34.185962677001953
81775574,2022,2022-05-19,5600,2022-04-14,1642,4878,5100,4,5,4,5690,0,0,0,,0,2B01,"LOS ANGELES AV","MOORPARK AV",322.00,E,N,A,-,Y,VEN,,23,,R,12.901,H,,R,N,4,0,1,2,A,-,21,22106,,F,C,C,A,A,H,-,A,A,0,,,,,Y,,A,01,0,0,1,0,0,0,0,0,0,"- ","- ",34.2789306640625,-118.88210296630859,VENTURA,MOORPARK,-118.88211059570312,34.278938293457031
81778683,2022,2022-05-24,5600,2022-05-04,1811,5302,8213,3,5,5,5601,0,0,0,,0,8D01,"UPLAND RD","MISSION OAKS BL",0.00,,Y,A,-,N,,,,,,,,,,Y,3,0,2,2,A,-,12,21453,A,N,D,C,A,A,H,-,A,A,0,,,,,Y,,A,01,0,1,1,0,0,0,0,0,0,"- ","- ",34.238819122314453,-119.98895263671875,VENTURA,CAMARILLO,-118.98899078369141,34.238773345947266
81782859,2022,2022-05-27,5609,2022-05-12,1604,482,200,4,5,6,5609,0,0,0,,0,002,"MADERA RD","MACAW LN",272.00,S,N,A,-,N,,,,,,,,,,Y,4,0,1,2,A,-,07,21658,A,N,B,C,A,A,H,-,A,D,0,,,,,Y,,A,01,0,0,1,0,0,0,0,0,0,"- ","- ",34.259529113769531,-118.79592132568359,VENTURA,"SIMI VALLEY",-118.79566192626953,34.258800506591797
81783716,2022,2022-05-30,5609,2022-05-22,1918,443,,7,5,6,5609,0,0,0,,0,003,"ERRINGER RD","ROYAL AVE",31.00,N,N,A,-,N,,,,,,,,,,Y,3,0,1,2,A,-,01,23153,A,N,A,C,A,A,H,-,A,A,0,,,,,Y,Y,A,01,0,1,0,0,0,0,0,0,0,"- ","- ",34.263328552246094,-118.76127624511719,VENTURA,"SIMI VALLEY",-118.76138305664062,34.263725280761719
81783719,2022,2022-05-30,5609,2022-05-24,1156,443,,2,5,6,5609,0,0,0,,0,001,"ERRINGER RD","COCHRAN ST",0.00,,Y,A,-,N,,,,,,,,,,Y,3,0,1,2,A,-,09,21801,A,N,D,C,A,A,H,-,A,A,0,,,,,Y,,D,22,0,1,0,0,0,0,0,0,0,"- ","- ",34.278678894042969,-118.76113128662109,VENTURA,"SIMI VALLEY",-118.76139831542969,34.279010772705078
81784453,2022,2022-05-31,5600,2022-05-21,1305,5016,6018,6,5,3,5602,0,0,0,,0,6B01,"SR 126 (VENTURA ST)","OLIVE ST",190.00,E,N,A,-,Y,,,,,,,,,,N,4,0,3,2,A,-,21,22106,,N,C,C,A,A,H,-,A,A,0,,,,,Y,,A,01,0,0,3,0,0,0,0,0,0,"- ","- ",,,VENTURA,FILLMORE,-118.91477203369141,34.396602630615234
81790570,2022,2022-06-08,5609,2022-05-20,1741,482,109,5,5,6,5609,0,0,0,,0,001,"ERRINGER RD","SIMI TOWN CENTER WAY",0.00,,Y,A,-,N,,,,,,,,,,Y,4,0,1,2,A,-,12,21453,A,N,D,C,A,A,H,-,A,A,0,,,,,Y,,A,07,0,0,1,0,0,0,0,0,0,"- ","- ",34.28302001953125,-118.76109313964844,VENTURA,"SIMI VALLEY",-118.76148223876953,34.283275604248047
81791559,2022,2022-06-09,5609,2022-06-07,1233,443,,2,5,6,5609,0,0,0,,0,004,"ALAMO ST","SANTA LUCIA ST",50.00,W,N,A,-,N,,,,,,,,,,Y,4,0,3,2,A,-,03,22350,,N,C,C,A,A,H,-,A,A,0,,,,,Y,,A,01,0,0,3,0,0,0,0,0,0,"- ","- ",34.286388397216797,-118.72203063964844,VENTURA,"SIMI VALLEY",-118.72208404541016,34.286308288574219
81792360,2022,2022-06-10,5600,2022-05-24,1313,4973,8201,2,5,5,5601,0,0,0,,0,8D01,"ADOLFO RD","FLYNN RD",0.00,,Y,A,-,N,,,,,,,,,,Y,4,0,3,3,A,-,12,21453,A,N,D,C,A,A,H,-,A,A,0,,,,,Y,,A,01,0,0,3,0,0,0,0,0,0,"- ","- ",34.227340698242188,-119.02008056640625,VENTURA,CAMARILLO,-119.01693725585938,34.229312896728516
81792366,2022,2022-06-10,5600,2022-05-25,1500,5007,9168,3,5,6,5607,0,0,0,,0,9D01,"THOUSAND OAKS BL","VIA MERIDA",0.00,,Y,A,-,N,,,,,,,,,,Y,3,0,1,2,A,-,12,21453,A,N,D,C,A,A,H,-,A,A,0,,,,,Y,,A,07,0,1,0,0,0,0,0,0,0,"- ","- ",34.155319213867188,-118.81285095214844,VENTURA,"THOUSAND OAKS",-118.81292724609375,34.157260894775391
8179602,2016,2016-12-13,5608,2016-11-23,2227,65,,3,5,6,5608,0,0,0,,0,001,"POLI ST","KALORAMA ST",0.00,,Y,C,-,N,,,,,,,,,,Y,4,0,1,4,A,-,01,23153,A,N,B,C,A,A,H,-,C,D,0,,,,,Y,Y,-,"- ",0,0,1,0,0,0,0,0,0,"- ","- ",,,VENTURA,VENTURA,-119.28700997999999,34.28216003
8179610,2016,2017-01-12,5608,2016-11-23,1707,490,,3,5,6,5608,0,0,0,,0,002,"THOMPSON BL","FRANCES ST",0.00,,Y,A,-,N,,,,,,,,,,Y,2,0,1,2,A,-,09,21801,A,F,D,C,A,A,H,-,A,D,0,,,Y,,Y,,A,01,1,0,0,0,0,0,0,0,1,"- ","- ",,,VENTURA,VENTURA,-119.25858993999999,34.272030049999998
8179622,2016,2016-12-12,5608,2016-11-27,1402,456,6,7,5,6,5608,0,0,0,,0,002,"MAIN ST","SANTA CRUZ ST",173.00,E,N,A,-,N,,,,,,,,,,Y,4,0,3,3,A,-,03,22350,,N,C,C,A,A,H,-,A,A,0,,,,,Y,,A,01,0,0,3,0,0,0,0,0,0,"- ","- ",,,VENTURA,VENTURA,-119.27063376,34.27812909
81797201,2022,2022-06-17,5609,2022-06-14,0710,443,,2,5,6,5609,0,0,0,,0,006,"STEARNS ST","LOS ANGELES AVE",0.00,,Y,A,-,N,,,,,,,,,,Y,3,0,1,2,A,-,12,21453,A,N,D,C,A,A,H,-,A,A,0,,,,,Y,,A,01,0,1,0,0,0,0,0,0,0,"- ","- ",34.270988464355469,-118.69122314453125,VENTURA,"SIMI VALLEY",-118.69141387939453,34.271739959716797
81797254,2022,2022-06-17,5600,2022-05-20,0914,4550,9104,5,5,6,5607,0,0,0,,0,9C01,"REINO RD","CABRILLO AV",0.00,,Y,B,-,N,,,,,,,,,,Y,4,0,2,4,A,-,09,21802,A,N,D,D,A,A,H,-,A,A,0,,,,,Y,,A,01,0,0,2,0,0,0,0,0,0,"- ","- ",34.183151245117188,-118.95355987548828,VENTURA,"THOUSAND OAKS",-118.95361328125,34.183097839355469
81797263,2022,2022-06-17,5600,2022-05-27,1500,4501,8066,5,5,5,5601,0,0,0,,0,8A01,"FACTORY STORES DR","VENTURA BL",505.00,S,N,A,-,N,,,,,,,,,,Y,4,0,1,2,A,-,09,21804,A,N,D,C,A,A,H,-,A,A,0,,,,,Y,,A,08,0,0,1,0,0,0,0,0,0,"- ","- ",34.216529846191406,-119.06549072265625,VENTURA,CAMARILLO,-119.06229400634766,34.216720581054688
81797274,2022,2022-06-17,5600,2022-06-03,1242,5336,9170,5,5,6,5607,0,0,0,,0,9D01,"LAKEVIEW CANYON  ROAD","TOWNSGATE ROAD",0.00,,Y,A,-,N,,,,,,,,,,N,4,0,1,2,A,-,09,21801,A,N,G,B,E,A,H,-,A,A,0,Y,,,,Y,,A,01,0,0,1,0,1,0,0,0,0,"- ","- ",,,VENTURA,"THOUSAND OAKS",-118.81864166259766,34.150291442871094
81797279,2022,2022-06-17,5600,2022-06-07,1405,5644,9166,2,5,6,5607,0,0,0,,0,9D01,"LAKEVIEW CANYON RD","VIA MERIDA",0.00,,Y,A,-,N,,,,,,,,,,Y,3,0,1,2,A,-,09,21802,A,N,D,C,A,A,H,-,A,D,0,,,,,Y,,A,07,0,1,0,0,0,0,0,0,0,"- ","- ",34.153350830078125,-118.81700897216797,VENTURA,"THOUSAND OAKS",-118.81703948974609,34.155349731445312
81802472,2022,2022-06-24,5609,2022-06-22,1409,5023,,3,5,6,5609,0,0,0,,0,002,"COUNTRY CLUB DR","DOUBLE EAGLE DR",0.00,,Y,B,-,N,,,,,,,,,,Y,3,0,1,2,A,-,09,21801,A,N,D,C,A,A,H,-,A,D,0,,,,,Y,,A,07,0,1,0,0,0,0,0,0,0,"- ","- ",34.251609802246094,-118.81578826904297,VENTURA,"SIMI VALLEY",-118.81575012207031,34.251571655273438
81805513,2022,2022-06-29,5600,2022-06-09,1848,5011,9072,4,5,6,5607,0,0,0,,0,9G01,"CONEJO SCHOOL RD","LOS FELIZ DR",322.00,N,N,A,-,N,,,,,,,,,,Y,3,0,2,2,A,-,08,22107,,N,A,C,A,A,H,-,A,D,0,,,,,Y,,A,01,0,1,1,0,0,0,0,0,0,"- ","- ",34.177040100097656,-118.84364318847656,VENTURA,"THOUSAND OAKS",-118.84328460693359,34.177822113037109
81809318,2022,2022-07-04,5600,2022-06-13,1539,3147,9064,1,5,6,5607,0,0,0,,0,9B01,"MOORPARK RD","CONEJO V ALLEY PLAZA",528.00,S,N,A,-,N,,,,,,,,,,Y,4,0,1,2,A,-,04,21703,,N,C,C,A,A,H,-,A,D,0,,,,,Y,,D,22,0,0,1,0,0,0,0,0,0,"- ","- ",34.197708129882812,-118.86992645263672,VENTURA,"THOUSAND OAKS",-118.87055206298828,34.197052001953125
81809339,2022,2022-07-04,5600,2022-06-22,1657,5653,9180,3,5,6,5607,0,0,0,,0,9D01,"WESTLAKE BLVD (SR 23)","POTRERO RD",3009.00,S,N,A,B,Y,,,,,,,,,,Y,3,0,2,1,A,-,08,22107,,N,E,I,A,A,H,-,A,D,0,,,,,Y,,A,01,0,2,0,0,0,0,0,0,0,"- ","- ",,,VENTURA,"THOUSAND OAKS",-118.8514404296875,34.135025024414062
81810806,2022,2022-07-06,5609,2022-06-16,1938,5023,,4,5,6,5609,0,0,0,,0,003,"WHITCOMB AVE","ROYAL AVE",12.00,S,N,A,-,N,,,,,,,,,,N,3,0,1,2,A,-,05,21202,A,N,D,G,A,A,H,-,A,A,0,,Y,,,Y,,L,04,0,1,0,0,0,0,1,0,0,"- ","- ",34.260471343994141,-118.75321197509766,VENTURA,"SIMI VALLEY",-118.75326538085938,34.260807037353516
81813461,2022,2022-07-11,5609,2022-07-03,1408,417,,7,5,6,5609,0,0,0,,0,002,"LOS ANGELES AVE","SINALOA RD",0.00,,Y,A,-,N,,,,,,,,,,Y,4,0,1,2,A,-,09,21801,A,N,D,C,A,A,H,-,A,A,0,,,,,Y,,A,01,0,0,1,0,0,0,0,0,0,"- ","- ",34.271648406982422,-118.78759765625,VENTURA,"SIMI VALLEY",-118.78758239746094,34.271728515625
8181388,2016,2016-12-06,5600,2016-11-29,1629,4498,9070,2,5,6,5607,0,0,0,,0,09B,"HILLCREST DR","CONEJO SCHOOL RD",0.00,,Y,A,-,N,,,,,,,,,,Y,3,0,1,2,A,-,12,21453,A,N,H,C,A,A,H,-,B,A,0,,,,,Y,,A,07,0,1,0,0,0,0,0,0,0,"- ","- ",,,VENTURA,"THOUSAND OAKS",-118.84117012,34.179400029999996
81816744,2022,2022-07-14,5600,2022-06-23,1042,4617,9162,4,5,6,5607,0,0,0,,0,9D01,"THOUSAND OAKS BL","AUTO MALL DR",109.00,W,N,A,-,N,,,,,,,,,,N,4,0,1,3,A,-,03,22350,,N,C,C,A,A,H,-,A,A,0,,,,,Y,,A,07,0,0,1,0,0,0,0,0,0,"- ","- ",34.166599273681641,-118.83296203613281,VENTURA,"THOUSAND OAKS",-118.83314514160156,34.166854858398438
81816775,2022,2022-07-14,5600,2022-07-10,0851,4438,8211,7,5,5,5601,0,0,0,,0,8D01,"ADOLFO RD","MISSION OAKS BL",0.00,,Y,A,-,N,,,,,,,,,,Y,3,0,3,2,A,-,01,23152,F,N,D,C,A,A,H,-,A,A,0,,,,,Y,,A,07,0,1,2,0,0,0,0,0,0,"- ","- ",34.220001220703125,-119.00688171386719,VENTURA,CAMARILLO,-119.00700378417969,34.220016479492188
81824743,2022,2022-07-26,5600,2022-07-09,1130,5196,9080,6,5,6,5607,0,0,0,,0,9H01,"MOORPARK RD","WILBUR RD",0.00,,Y,A,-,N,,,,,,,,,,Y,3,0,2,1,A,-,08,22107,,N,E,I,A,A,H,-,A,A,0,,,,,Y,,A,01,0,2,0,0,0,0,0,0,0,"- ","- ",34.186569213867188,-118.87493896484375,VENTURA,"THOUSAND OAKS",-118.87504577636719,34.186588287353516
81824748,2022,2022-07-26,5600,2022-07-11,1035,3924,5183,1,5,4,5690,0,0,0,,0,2A01,"TIERRA REJADA RD","MOUNTAIN MEADOW DR",0.00,,Y,A,-,N,,,,,,,,,,Y,4,0,1,2,A,-,12,21453,A,N,D,C,A,A,H,-,A,A,0,,,,,Y,,A,07,0,0,1,0,0,0,0,0,0,"- ","- ",34.264640808105469,-118.89559936523438,VENTURA,MOORPARK,-118.89299774169922,34.267608642578125
81824760,2022,2022-07-26,5600,2022-07-15,0903,5586,9074,5,5,6,5607,0,0,0,,0,9G01,"THOUSAND OAKS BL","DALLAS DR",103.00,W,N,A,-,N,,,,,,,,,,N,3,0,1,2,A,-,03,22350,,N,C,C,A,A,H,-,A,A,0,,,,,Y,,A,07,0,1,0,0,0,0,0,0,0,"- ","- ",34.176200866699219,-118.84882354736328,VENTURA,"THOUSAND OAKS",,
81824762,2022,2022-07-26,5600,2022-07-15,2103,2913,9160,5,5,6,5607,0,0,0,,0,9D01,"THOUSAND OAKS BL","MARMON AV",30.00,E,N,A,-,N,,,,,,,,,,Y,3,0,1,2,A,-,01,23152,A,N,D,E,A,A,H,-,C,D,0,,,,,Y,Y,A,01,0,1,0,0,0,0,0,0,0,"- ","- ",34.164199829101562,-118.82894134521484,VENTURA,"THOUSAND OAKS",-118.82892608642578,34.164054870605469
81835853,2022,2022-08-09,5600,2022-06-25,2259,5459,9000,6,5,6,5607,0,0,0,,0,9D01,"WESTLAKE BLVD","LANG RANCH ROAD",0.00,W,Y,A,-,N,,,,,,,,,,Y,3,0,1,1,A,-,03,22350,,N,E,I,A,A,H,-,C,A,0,,,,,Y,,A,01,0,1,0,0,0,0,0,0,0,"- ","- ",34.211631774902344,-118.82350158691406,VENTURA,"THOUSAND OAKS",-118.82340240478516,34.211593627929688
81835861,2022,2022-08-09,5600,2022-07-03,1901,5407,5102,7,5,4,5690,0,0,0,,0,2A01,"RIDGECREST DR","ELK RUN LP",68.00,N,N,A,-,N,,,,,,,,,,Y,3,0,1,1,A,-,03,22350,,N,E,I,A,A,H,-,A,D,0,,,Y,,Y,Y,C,03,0,1,0,0,0,0,0,0,1,"- ","- ",34.301300048828125,-118.87113189697266,VENTURA,MOORPARK,-118.87100219726562,34.301338195800781
81835869,2022,2022-08-09,5600,2022-07-07,0556,5204,6004,4,5,3,5602,0,0,0,,0,6A01,"SR 126 (VENTURA ST)","SR 23 (A ST)",450.00,W,N,A,-,Y,,,,,,,,,,Y,3,0,3,2,A,-,03,22350,,N,C,C,A,A,H,-,A,A,0,,,,Y,Y,,A,01,0,1,2,0,0,0,0,0,0,"- ","- ",,,VENTURA,FILLMORE,-118.91925811767578,34.396011352539062
81835881,2022,2022-08-09,5600,2022-07-18,0916,3924,5107,1,5,4,5690,0,0,0,,0,2A01,"LOS ANGELES AV","MAUREEN LN",0.00,,Y,A,-,Y,VEN,,118,,,16.742,H,,R,N,4,0,1,2,A,-,03,22350,,M,C,C,A,A,H,-,A,A,0,,,,,Y,,A,01,0,0,1,0,0,0,0,0,0,"- ","- ",34.27886962890625,-118.89595031738281,VENTURA,MOORPARK,-118.89595031738281,34.278873443603516
81844061,2021,2022-08-19,5600,2021-07-24,2026,2913,8212,6,5,5,5601,0,0,0,,0,8D01,"SANTA ROSA RD","WOODCREEK RD",300.00,S,N,A,-,N,,,,,,,,,,Y,4,0,1,2,A,-,09,21453,B,N,E,A,A,A,H,-,C,A,0,,,,,Y,,A,01,0,0,1,0,0,0,0,0,0,"- ","- ",,,VENTURA,CAMARILLO,-118.99528503417969,34.223548889160156
81846208,2022,2022-08-23,5600,2022-08-14,1318,5653,9166,7,5,6,5607,0,0,0,,0,9D01,"THOUSAND OAKS BL","WESTLAKE BL",40.00,E,N,A,-,N,,,,,,,,,,Y,4,0,1,2,A,-,03,22350,,N,C,C,A,A,H,-,A,A,0,,,,,Y,,A,01,0,0,1,0,0,0,0,0,0,"- ","- ",34.160961151123047,-118.82283782958984,VENTURA,"THOUSAND OAKS",-118.82280731201172,34.160861968994141
81846209,2022,2022-08-23,5600,2022-08-14,1838,4878,5104,7,5,4,5690,0,0,0,,0,2B01,"PRINCETON AV","118 FW (3)",0.00,,Y,A,-,Y,,,,,,,,,,Y,4,0,1,2,A,-,12,21453,A,N,D,C,A,A,H,-,A,A,0,,,,,Y,,D,22,0,0,1,0,0,0,0,0,0,"- ","- ",,,VENTURA,MOORPARK,,