CASE_ID,ACCIDENT_YEAR,PROC_DATE,JURIS,COLLISION_DATE,COLLISION_TIME,OFFICER_ID,REPORTING_DISTRICT,DAY_OF_WEEK,CHP_SHIFT,POPULATION,CNTY_CITY_LOC,SPECIAL_COND,BEAT_TYPE,CHP_BEAT_TYPE,CITY_DIVISION_LAPD,CHP_BEAT_CLASS,BEAT_NUMBER,PRIMARY_RD,SECONDARY_RD,DISTANCE,DIRECTION,INTERSECTION,WEATHER_1,WEATHER_2,STATE_HWY_IND,CALTRANS_COUNTY,CALTRANS_DISTRICT,STATE_ROUTE,ROUTE_SUFFIX,POSTMILE_PREFIX,POSTMILE,LOCATION_TYPE,RAMP_INTERSECTION,SIDE_OF_HWY,TOW_AWAY,COLLISION_SEVERITY,NUMBER_KILLED,NUMBER_INJURED,PARTY_COUNT,PRIMARY_COLL_FACTOR,PCF_CODE_OF_VIOL,PCF_VIOL_CATEGORY,PCF_VIOLATION,PCF_VIOL_SUBSECTION,HIT_AND_RUN,TYPE_OF_COLLISION,MVIW,PED_ACTION,ROAD_SURFACE,ROAD_COND_1,ROAD_COND_2,LIGHTING,CONTROL_DEVICE,CHP_ROAD_TYPE,PEDESTRIAN_ACCIDENT,BICYCLE_ACCIDENT,MOTORCYCLE_ACCIDENT,TRUCK_ACCIDENT,NOT_PRIVATE_PROPERTY,ALCOHOL_INVOLVED,STWD_VEHTYPE_AT_FAULT,CHP_VEHTYPE_AT_FAULT,COUNT_SEVERE_INJ,COUNT_VISIBLE_INJ,COUNT_COMPLAINT_PAIN,COUNT_PED_KILLED,COUNT_PED_INJURED,COUNT_BICYCLIST_KILLED,COUNT_BICYCLIST_INJURED,COUNT_MC_KILLED,COUNT_MC_INJURED,PRIMARY_RAMP,SECONDARY_RAMP,LATITUDE,LONGITUDE,COUNTY,CITY,POINT_X,POINT_Y
8601092,2017,2018-05-01,5604,2017-01-08,0812,5341,,7,5,6,5604,0,0,0,,0,032,"DATE ST","OXNARD BL",0.00,,Y,A,-,N,,,,,,,,,,Y,4,0,1,2,A,-,12,21453,A,N,D,C,A,A,H,-,A,A,0,,,,,Y,,A,01,0,0,1,0,0,0,0,0,0,"- ","- ",34.184280000000001,-119.17044,VENTURA,OXNARD,-119.17046013,34.184300030000003
8601106,2017,2018-05-01,5604,2017-02-23,1238,4282,,4,5,6,5604,0,0,0,,0,041,"SAVIERS RD","JOHNSON RD",280.00,N,N,A,G,N,,,,,,,,,,Y,4,0,1,2,A,-,07,21658,A,N,D,C,A,A,H,-,A,D,0,,,,,Y,,A,01,0,0,1,0,0,0,0,0,0,"- ","- ",,,VENTURA,OXNARD,-119.17775404,34.162828390000001
8601108,2017,2018-06-15,5604,2017-11-14,0230,5419,,2,5,6,5604,0,0,0,,0,031,"E RT 34","RICE AV",900.00,E,N,A,-,Y,VEN,7,34,-,-,6.270,I,6,E,Y,4,0,1,1,A,-,08,22107,,N,E,J,A,A,H,-,D,D,0,,,,,Y,,A,01,0,0,1,0,0,0,0,0,0,"- ","- ",34.196869999999997,-119.14228,VENTURA,OXNARD,-119.14230234999999,34.196834819999999
8601116,2017,2018-04-24,5604,2017-11-15,1801,5446,,3,5,6,5604,0,0,0,,0,041,"SAVIERS RD","YUCCA ST",500.00,N,N,A,-,N,,,,,,,,,,Y,4,0,3,3,A,-,03,22350,,N,C,C,A,B,H,-,C,A,0,,,,,Y,,D,72,0,0,3,0,0,0,0,0,0,"- ","- ",34.165930000000003,-119.17762,VENTURA,OXNARD,-119.17771,34.167312240000001
8601123,2017,2018-05-01,5604,2017-04-14,0257,5451,,5,5,6,5604,0,0,0,,0,032,"PACIFIC AV","WOOLEY RD",1056.00,N,N,A,-,N,,,,,,,,,,N,4,0,1,2,A,-,08,22107,,N,C,E,A,A,H,-,C,A,0,,,,Y,Y,,A,01,0,0,1,0,0,0,0,0,0,"- ","- ",34.202460000000002,-119.15776,VENTURA,OXNARD,-119.16481906999999,34.192818150000001
8601186,2017,2018-04-26,5604,2017-05-01,2200,5390,,1,5,6,5604,0,0,0,,0,014,"IRONBARK ST","AZALEA ST",30.00,N,N,A,-,N,,,,,,,,,,Y,3,0,2,3,A,-,03,22350,,N,C,C,A,A,H,-,C,D,0,,,,,Y,,A,01,0,2,0,0,0,0,0,0,0,"- ","- ",34.221539999999997,-119.18711999999999,VENTURA,OXNARD,-119.18714,34.22114234
8601206,2016,2018-08-10,5609,2016-03-03,0812,374,,4,5,6,5609,0,0,0,,0,,"TAPO CANYON RD","RT 118",0.00,,Y,C,-,Y,VEN,7,118,-,R,27.111,R,4,E,Y,4,0,1,2,D,-,00,,,N,D,C,A,B,H,-,A,A,0,,,,,Y,,-,"- ",0,0,1,0,0,0,0,0,0,"- ",EF,,,VENTURA,"SIMI VALLEY",-118.72142328,34.282020000000003
8601328,2017,2018-04-26,5604,2017-06-23,0935,5406,,5,5,6,5604,0,0,0,,0,012,"WOOLEY RD","J ST",0.00,,Y,A,-,N,,,,,,,,,,N,3,0,1,2,A,-,11,21461,5,F,G,B,D,A,H,-,A,A,0,Y,,,Y,Y,Y,N,60,0,1,0,0,1,0,0,0,0,"- ","- ",34.196559999999998,-119.19611999999999,VENTURA,OXNARD,-119.18952002,34.19004004
8601329,2017,2018-07-03,5604,2017-12-08,0023,5413,,5,5,6,5604,0,0,0,,0,022,"VENTURA RD","5TH ST",15.00,N,N,A,-,N,,,,,,,,,,Y,4,0,2,2,A,-,03,22350,,N,D,C,A,A,H,-,A,A,0,,,,,Y,,A,07,0,0,2,0,0,0,0,0,0,"- ","- ",34.197670000000002,-119.19473000000001,VENTURA,OXNARD,-119.19487914,34.197751160000003
8601334,2017,2018-04-26,5604,2017-10-23,1617,5306,,1,5,6,5604,0,0,0,,0,023,"OXNARD BL","6TH ST",20.00,S,N,A,-,N,,,1,,,,,,,N,3,0,2,3,A,-,03,22350,,N,C,C,A,A,H,-,A,A,0,,,,,Y,,A,01,0,1,1,0,0,0,0,0,0,"- ","- ",34.196359999999999,-119.17740000000001,VENTURA,OXNARD,-119.17735746,34.196359540000003
8601336,2017,2018-04-26,5604,2017-05-18,2040,5407,,4,5,6,5604,0,0,0,,0,022,"2ND ST","E ST",0.00,,Y,A,-,N,,,,,,,,,,N,4,0,1,2,A,-,01,23152,A,F,D,C,A,A,H,-,D,A,0,,,,,Y,Y,A,01,0,0,1,0,0,0,0,0,0,"- ","- ",34.214289999999998,-119.2032,VENTURA,OXNARD,-119.18788004,34.20172006
8601350,2017,2018-04-26,5604,2017-07-10,0843,5158,,1,5,6,5604,0,0,0,,0,012,"WILLIAMS DR","RIBERA DR",0.00,,Y,A,-,N,,,,,,,,,,N,4,0,1,2,A,-,12,22450,A,F,G,B,B,A,H,-,-,D,0,Y,,,,Y,,A,71,0,0,1,0,1,0,0,0,0,"- ","- ",34.216349999999998,-119.1559,VENTURA,OXNARD,-119.15412005,34.213730060000003
8601388,2017,2018-04-30,5604,2017-12-31,1434,5300,,7,5,6,5604,0,0,0,,0,022,"S VENTURA RD","5TH ST",150.00,S,N,A,-,N,,,,,,,,,,,4,0,1,2,A,-,09,21804,A,N,B,C,A,A,H,-,A,A,0,,,,,Y,,A,01,0,0,1,0,0,0,0,0,0,"- ","- ",34.195729999999998,-119.19513999999999,VENTURA,OXNARD,-119.19488,34.197298289999999
8601404,2017,2018-04-26,5604,2017-10-15,1401,4531,,7,5,6,5604,0,0,0,,0,031,"ROSE AV","SANTA LUCIA AV",100.00,S,N,A,-,N,,,,,,,,,,Y,4,0,1,2,A,-,03,22350,,M,C,D,A,A,H,-,A,A,0,,,,,Y,,A,08,0,0,1,0,0,0,0,0,0,"- ","- ",34.202030000000001,-119.15971999999999,VENTURA,OXNARD,-119.15983,34.202030000000001
8601406,2016,2018-06-01,5604,2016-09-20,1729,4954,,2,5,6,5604,0,0,0,,0,021,"CHANNEL ISLANDS BL","HARBOR BL",0.00,,Y,A,-,N,,,,,,,,,,Y,4,0,1,2,D,-,00,,,N,B,C,A,A,H,-,A,A,0,,,,,Y,,-,"- ",0,0,1,0,0,0,0,0,0,"- ","- ",,,VENTURA,OXNARD,-119.23163999000001,34.174870069999997
8601408,2017,2018-04-30,5604,2017-10-10,1949,4721,,2,5,6,5604,0,0,0,,0,021,"PATTERSON RD","WOOLEY RD",0.00,,Y,A,-,N,,,,,,,,,,Y,4,0,1,2,A,-,09,21801,A,N,B,C,A,A,H,-,C,A,0,,,,,Y,,A,01,0,0,1,0,0,0,0,0,0,"- ","- ",34.190289999999997,-119.20801,VENTURA,OXNARD,-119.20810014,34.190370049999999
8601525,2017,2018-05-01,5604,2017-05-13,1624,5360,,6,5,6,5604,0,0,0,,0,032,"OXNARD BL","COMMERCIAL AV",20.00,S,N,A,-,N,,,1,,,,,,,Y,4,0,2,2,A,-,08,22102,,N,D,C,A,A,H,-,A,A,0,,,,,Y,,A,08,0,0,2,0,0,0,0,0,0,"- ","- ",34.185940000000002,-119.172,VENTURA,OXNARD,-119.17219011,34.185695819999999
8601541,2017,2018-05-02,5604,2017-03-10,1110,5459,,5,5,6,5604,0,0,0,,0,011,"VINEYARD AV","WILLOW CREEK CT",45.00,W,N,A,-,N,,,,,,,,,,N,3,0,1,2,A,-,05,21650,1,F,C,B,F,A,H,-,A,D,0,Y,Y,,,Y,,L,04,0,1,0,0,1,0,0,0,0,"- ","- ",34.227559999999997,-119.20104000000001,VENTURA,OXNARD,-119.20290598,34.228916460000001
8601551,2017,2018-05-01,5604,2017-08-28,0830,5474,,1,5,6,5604,0,0,0,,0,032,"PACIFIC AV","WESTAR DR",0.00,,Y,A,-,N,,,,,,,,,,N,4,0,1,2,A,-,05,21650,1,N,D,G,A,A,H,-,A,D,0,,Y,,,Y,,L,04,0,0,1,0,0,0,1,0,0,"- ","- ",34.185670000000002,-119.16519,VENTURA,OXNARD,-119.16513003999999,34.18624003
8601553,2017,2018-05-02,5604,2017-09-22,0808,5396,,5,5,6,5604,0,0,0,,0,031,"SNOW AV","GONZALES RD",0.00,,Y,A,-,N,,,,,,,,,,N,4,0,1,2,A,-,08,22107,,N,D,G,A,A,H,-,A,A,0,,Y,,,Y,,A,01,0,0,1,0,0,0,1,0,0,"- ","- ",34.218960000000003,-119.16533,VENTURA,OXNARD,-119.16537004,34.219040079999999
8601554,2017,2018-05-01,5604,2017-09-17,1500,5471,,7,5,6,5604,0,0,0,,0,041,"YUCCA ST","F ST",0.00,,Y,A,-,N,,,,,,,,,,Y,4,0,1,2,A,-,09,21801,A,N,D,C,A,A,H,-,A,D,0,,,,,Y,,A,07,0,0,1,0,0,0,0,0,0,"- ","- ",34.165970000000002,-119.18406,VENTURA,OXNARD,-119.18407007,34.165990039999997
8601564,2017,2018-04-30,5604,2017-06-24,1934,5496,,6,5,6,5604,0,0,0,,0,014,"TOWN CENTER DR","RIVERPARK BL",200.00,W,N,A,-,N,,,,,,,,,,N,3,0,1,2,B,-,22,,,N,G,B,B,A,H,-,A,D,0,Y,,,,Y,,A,01,0,1,0,0,1,0,0,0,0,"- ","- ",34.238109999999999,-119.17625,VENTURA,OXNARD,-119.17604362,34.238415500000002
8601565,2017,2018-04-30,5604,2017-06-23,1859,5211,,5,5,6,5604,0,0,0,,0,022,"VENTURA RD","WOOLEY RD",40.00,N,N,A,-,N,,,,,,,,,,Y,4,0,1,3,A,-,03,22350,,N,C,C,A,A,H,-,A,A,0,,,,,Y,,A,07,0,0,1,0,0,0,0,0,0,"- ","- ",34.19032,-119.19511,VENTURA,OXNARD,-119.19511602,34.19040974
8601574,2017,2018-04-30,5604,2017-06-30,1443,5486,,5,5,6,5604,0,0,0,,0,031,"ROSE AV","SAN GORGONIO AV",35.00,S,N,A,-,N,,,,,,,,,,Y,3,0,3,3,A,-,03,22350,,N,C,C,A,A,H,-,A,A,0,,,,,Y,,A,01,0,2,1,0,0,0,0,0,0,"- ","- ",,,VENTURA,OXNARD,-119.15978320000001,34.204743970000003
8601577,2017,2018-04-30,5604,2017-06-24,1424,5360,,6,5,6,5604,0,0,0,,0,032,"COMMERCIAL AV","WOOLEY RD",0.00,,Y,A,-,N,,,,,,,,,,Y,3,0,2,2,A,-,09,21801,A,N,D,C,A,A,H,-,A,A,0,,,,,Y,,A,01,0,1,1,0,0,0,0,0,0,"- ","- ",34.189959999999999,-119.17106,VENTURA,OXNARD,-119.17108003,34.189970109999997
8601581,2017,2018-04-23,5604,2017-03-03,0922,5431,,5,5,6,5604,0,0,0,,0,022,"1ST ST","OXNARD BL",0.00,,Y,A,-,N,,,,,,,,,,Y,3,0,1,2,A,-,01,23152,E,N,D,G,A,A,H,-,A,A,0,,Y,,,Y,,A,07,0,1,0,0,0,0,1,0,0,"- ","- ",34.202950000000001,-119.17731000000001,VENTURA,OXNARD,-119.17740008,34.20296012
8601584,2017,2018-04-20,5604,2017-06-29,0554,4945,,4,5,6,5604,0,0,0,,0,022,"OXNARD BL","5TH ST",0.00,,Y,A,-,N,,,1,,,,,,,N,4,0,1,2,A,-,09,21801,A,N,D,C,A,A,H,-,A,A,0,,,,,Y,,A,01,0,0,1,0,0,0,0,0,0,"- ","- ",34.197679999999998,-119.17738,VENTURA,OXNARD,-119.17734312,34.197679479999998
8601620,2017,2018-04-26,5604,2017-02-18,1916,5475,,6,5,6,5604,0,0,0,,0,011,"VENTURA RD","GONZALES RD",300.00,S,N,A,-,N,,,,,,,,,,Y,3,0,5,2,A,-,01,23152,A,N,C,D,A,A,H,-,C,A,0,,,,,Y,Y,A,01,0,1,4,0,0,0,0,0,0,"- ","- ",34.219270000000002,-119.19455000000001,VENTURA,OXNARD,-119.19466,34.21852681
8601830,2018,2018-08-17,5600,2018-04-09,1306,5234,9148,1,5,6,5607,0,0,0,,0,09G,"RANCHO RD","RT 101",0.00,,Y,A,-,Y,VEN,7,101,-,-,3.273,R,4,S,Y,3,0,1,2,A,-,12,22450,A,N,B,C,A,A,H,-,A,A,0,,,,,Y,,D,22,0,1,0,0,0,0,0,0,0,"- ",SF,,,VENTURA,"THOUSAND OAKS",-118.86279296875,34.176254272460938
8602658,2018,2018-05-22,5600,2018-04-27,2102,5059,8262,5,5,5,5601,0,0,0,,0,8D01,"SANTA ROSA RD","VERDUGO WY",0.00,,Y,A,-,N,,,,,,,,,,Y,4,0,1,2,A,-,12,21453,A,N,D,C,A,A,H,-,C,A,0,,,,,Y,,A,07,0,0,1,0,0,0,0,0,0,"- ","- ",34.216461181640625,-119.00608825683594,VENTURA,CAMARILLO,-119.00627136230469,34.216560363769531
8603303,2018,2018-05-07,5600,2018-04-12,0726,5064,6015,4,5,3,5602,0,0,0,,0,6B01,"MOUNTAIN VIEW ST","RIVER ST",0.00,,Y,A,-,N,,,,,,,,,,Y,3,0,1,2,A,-,09,21802,A,N,D,C,A,A,H,-,A,D,0,,,,,Y,,A,07,0,1,0,0,0,0,0,0,0,"- ","- ",,,VENTURA,FILLMORE,-118.90791320800781,34.39569091796875
8603445,2018,2018-05-03,5600,2018-03-18,0247,3842,6012,7,5,3,5602,0,0,0,,0,6A01,"A ST","4TH ST",80.00,S,N,A,-,N,,,,,,,,,,Y,3,0,1,2,A,-,08,22107,,N,C,E,A,A,H,-,C,A,0,,,,,Y,,A,01,0,1,0,0,0,0,0,0,0,"- ","- ",,,VENTURA,FILLMORE,-118.91997528076172,34.407321929931641
8603710,2018,2018-05-08,5608,2018-04-22,2127,469,,7,5,6,5608,0,0,0,,0,002,"MAIN ST","CABRILLO DR",60.00,E,N,A,-,N,,,,,,,,,,Y,4,0,1,2,A,-,08,22107,,N,D,C,A,A,H,-,C,D,0,,,,,Y,,-,,0,0,1,0,0,0,0,0,0,"- ","- ",,,VENTURA,VENTURA,-119.25893402099609,34.273036956787109
8603730,2018,2018-05-08,5608,2018-04-25,0806,477,,3,5,6,5608,0,0,0,,0,003,"S WELLS RD","SNAP DRAGON ST",67.00,N,N,A,-,N,,,,,,,,,,Y,3,0,1,2,A,-,03,22350,,N,-,C,A,A,H,-,A,A,0,,,,,Y,,A,07,0,1,0,0,0,0,0,0,0,"- ","- ",,,VENTURA,VENTURA,-119.1524658203125,34.285171508789062
8604084,2018,2018-07-30,5608,2018-04-23,0945,351,,1,5,6,5608,0,0,0,,0,003,"WELLS RD","CARLOS ST",0.00,,Y,A,-,N,,,,,,,,,,N,3,0,2,2,A,-,09,21804,A,N,-,C,A,A,H,-,A,A,0,,,,,Y,,A,01,0,1,1,0,0,0,0,0,0,"- ","- ",34.292400360107422,-119.15889739990234,VENTURA,VENTURA,-119.15910339355469,34.292308807373047
8605117,2018,2018-05-14,5609,2018-03-06,1351,389,,2,5,6,5609,0,0,0,,0,002,"ARCHBRIAR WY","SILENTBROOK WY",4.00,N,N,A,-,N,,,,,,,,,,Y,4,0,1,2,B,-,22,,,N,B,E,A,A,H,-,A,A,0,,,,,Y,,A,01,0,0,1,0,0,0,0,0,0,"- ","- ",34.268608093261719,-118.78852081298828,VENTURA,"SIMI VALLEY",-118.78849029541016,34.268669128417969
8605783,2018,2018-05-11,5600,2018-04-21,1712,5388,9154,6,5,6,5607,0,0,0,,0,09G,"HILLCREST DR","QUINTA VISTA DR",0.00,,Y,A,-,N,,,,,,,,,,Y,4,0,2,2,A,-,04,21703,,N,C,C,A,A,H,-,A,D,0,,,,,Y,,A,01,0,0,2,0,0,0,0,0,0,"- ","- ",,,VENTURA,"THOUSAND OAKS",-118.83834075927734,34.175998687744141
8606578,2018,2018-05-08,5604,2018-02-12,0747,5158,,1,5,6,5604,0,0,0,,0,022,"2ND ST","VENTURA RD",5.00,E,N,A,-,N,,,,,,,,,,N,3,0,1,2,A,-,10,21950,A,N,G,B,C,A,H,-,A,A,0,Y,,,,Y,,A,08,0,1,0,0,1,0,0,0,0,"- ","- ",34.292881011962891,-119.19474029541016,VENTURA,OXNARD,-119.19469451904297,34.202884674072266
8607064,2018,2018-05-17,5604,2018-04-19,2005,5407,,4,5,6,5604,0,0,0,,0,021,"TAFFRAIL LN","OFFSHORE ST",400.00,E,N,A,G,N,,,,,,,,,,Y,4,0,1,3,B,-,22,,,N,C,C,A,A,H,-,C,D,0,,,,,Y,,A,01,0,0,1,0,0,0,0,0,0,"- ","- ",,,VENTURA,OXNARD,-119.21337127685547,34.191257476806641
8607173,2018,2018-05-18,5608,2018-04-30,1556,500,,1,5,6,5608,0,0,0,,0,003,VICTORIA,WEBSTER,0.00,S,N,A,-,N,,,,,,,,,,N,3,0,1,3,A,-,03,22350,A,N,C,C,A,A,H,-,A,A,0,,,,,Y,,A,01,0,1,0,0,0,0,0,0,0,"- ","- ",34.269630432128906,-119.21333312988281,VENTURA,VENTURA,-119.21334075927734,34.270408630371094
8607501,2016,2018-05-11,5604,2016-09-13,1611,5181,,2,5,6,5604,0,0,0,,0,042,"BARD RD","TERRACE AV",0.00,,Y,A,-,N,,,,,,,,,,Y,2,0,1,2,A,-,09,21802,A,F,D,A,A,A,H,-,A,A,0,,,Y,,Y,,-,,1,0,0,0,0,0,0,0,1,"- ","- ",34.162260000000003,-119.16547,VENTURA,OXNARD,-119.16550002,34.162289999999999
8608172,2018,2018-04-30,5604,2018-01-11,1107,5208,,4,5,6,5604,0,0,0,,0,032,"OXNARD BL","DATE ST",0.00,,Y,A,-,N,,,,,,,,,,Y,3,0,2,2,A,-,09,21801,A,N,D,C,A,A,H,-,A,D,0,,,,,Y,,A,01,0,1,1,0,0,0,0,0,0,"- ","- ",,,VENTURA,OXNARD,-119.17046356201172,34.184299468994141
8608196,2018,2018-04-30,5604,2018-01-09,1748,5485,,2,5,6,5604,0,0,0,,0,014,"COLLINS ST","VINEYARD AV",0.00,,Y,B,-,N,,,,,,,,,,N,4,0,1,2,A,-,11,21456,A,F,G,B,-,B,H,-,D,D,0,Y,,,,Y,,A,01,0,0,1,0,1,0,0,0,0,"- ","- ",34.238719940185547,-119.11917114257812,VENTURA,OXNARD,-119.16812133789062,34.238739013671875
8608200,2018,2018-04-30,5604,2018-01-06,1446,5401,,6,5,6,5604,0,0,0,,0,031,"ROSE AV","5TH ST",20.00,N,N,B,-,N,,,,,,,,,,N,4,0,1,2,A,-,04,21703,,N,C,C,A,A,H,-,A,D,0,,,,,Y,,A,08,0,0,1,0,0,0,0,0,0,"- ","- ",34.197029113769531,-119.15978240966797,VENTURA,OXNARD,-119.15988922119141,34.197059631347656
8608240,2018,2018-04-30,5604,2018-01-01,0214,5450,,1,5,6,5604,0,0,0,,0,042,"CUESTA DEL MAR DR","PERKINS RD",2640.00,E,N,A,-,N,,,,,,,,,,Y,4,0,1,2,A,-,01,23153,A,N,C,C,A,A,H,-,C,D,0,,,,,Y,Y,A,01,0,0,1,0,0,0,0,0,0,"- ","- ",34.148670196533203,-119.18312835693359,VENTURA,OXNARD,-119.17948150634766,34.148788452148438
8608265,2018,2018-04-30,5604,2018-01-17,1240,5510,,3,5,6,5604,0,0,0,,0,021,"VICTORIA AV","WOOLEY RD",300.00,N,N,A,-,N,,,,,,,,,,Y,4,0,2,3,A,-,03,22350,,N,C,C,A,A,H,-,A,A,0,,,,,Y,,A,01,0,0,2,0,0,0,0,0,0,"- ","- ",,,VENTURA,OXNARD,-119.22133636474609,34.191211700439453
8608443,2018,2018-05-07,5605,2018-04-15,2341,100,PATRO,7,5,3,5605,0,0,0,,0,002,"CHANNEL ISLANDS BL","VENTURA RD",800.00,W,N,A,-,N,,,,,,,,,,Y,4,0,1,2,A,-,01,23152,A,N,C,C,A,A,H,-,D,D,0,,,,,Y,Y,A,01,0,0,1,0,0,0,0,0,0,"- ","- ",,,VENTURA,"PORT HUENEME",-119.19770050048828,34.175907135009766
8609351,2018,2018-05-02,5609,2018-02-27,1343,310,304,2,5,6,5609,0,0,0,,0,003,"ROYAL AV","SEQUOIA AV",0.00,,Y,B,-,N,,,,,,,,,,Y,4,0,2,2,A,-,12,21453,A,N,D,C,A,A,H,-,A,A,0,,,,,Y,,D,22,0,0,2,0,0,0,0,0,0,"- ","- ",34.264610290527344,-118.73043823242188,VENTURA,"SIMI VALLEY",-118.73049163818359,34.264579772949219
8609359,2018,2018-05-02,5609,2018-02-25,1852,389,,7,5,6,5609,0,0,0,,0,002,"1ST ST","ARCANE ST",40.00,N,N,A,-,N,,,,,,,,,,Y,3,0,3,3,A,-,03,22350,,N,C,C,A,A,H,-,C,A,0,,,,,Y,,D,22,0,1,2,0,0,0,0,0,0,"- ","- ",34.260940551757812,-118.77895355224609,VENTURA,"SIMI VALLEY",-118.77899932861328,34.260971069335938
8612911,2018,2018-05-10,5604,2018-04-09,1450,5242,,1,5,6,5604,0,0,0,,0,024,"VENTURA RD","HEMLOCK ST",0.00,,Y,A,-,N,,,,,,,,,,N,4,0,1,2,A,-,03,22350,,N,C,C,A,A,H,-,A,A,0,,,,,Y,,D,22,0,0,1,0,0,0,0,0,0,"- ","- ",,,VENTURA,OXNARD,-119.19528198242188,34.181121826171875
8612935,2018,2018-05-10,5604,2018-04-12,0823,4907,,4,5,6,5604,0,0,0,,0,041,"CHANNEL ISLANDS BL","J ST",50.00,W,N,A,-,N,,,,,,,,,,Y,4,0,1,2,A,-,03,22350,,N,C,C,A,A,H,-,A,A,0,,,,,Y,,D,22,0,0,1,0,0,0,0,0,0,"- ","- ",34.175540924072266,-119.1861572265625,VENTURA,OXNARD,-119.18633270263672,34.175579071044922
8614410,2018,2018-04-30,5606,2018-02-14,1608,1101,5606,3,5,4,5606,0,0,0,,0,001,"PALM S  AV","VENTURA E ST",174.00,S,N,A,-,N,,,,,,,,,,N,4,0,1,3,A,-,06,21755,,N,B,C,A,A,H,-,A,D,0,,,Y,,Y,,C,02,0,0,1,0,0,0,0,0,1,"- ","- ",,,VENTURA,"SANTA PAULA",-119.07032012939453,34.348114013671875
8615074,2018,2018-05-02,5600,2018-04-11,0218,5007,9016,3,5,6,5607,0,0,0,,0,09A,"AVENIDA DE LOS ARBOLES","KEATS AV",258.00,W,N,A,-,N,,,,,,,,,,Y,3,0,1,2,A,-,01,23152,A,N,E,I,A,A,H,-,C,D,0,,,,,Y,Y,A,07,0,1,0,0,0,0,0,0,0,"- ","- ",,,VENTURA,"THOUSAND OAKS",-118.88356781005859,34.217678070068359
8615787,2018,2018-06-29,5604,2018-01-27,1043,5485,,6,5,6,5604,0,0,0,,0,031,"RT 34","RICE AV",500.00,W,N,A,-,N,,,34,,,,,,,Y,3,0,1,1,A,-,07,21658,A,N,F,A,A,A,H,-,A,D,0,,,,,Y,,A,01,0,1,0,0,0,0,0,0,0,"- ","- ",34.196868896484375,-119.14228057861328,VENTURA,OXNARD,-119.14228057861328,34.196834564208984
8616993,2018,2018-05-22,5604,2018-04-21,1842,5446,,6,5,6,5604,0,0,0,,0,022,"5TH ST","PATTERSON RD",500.00,E,N,A,-,N,,,,,,,,,,Y,4,0,1,1,A,-,"- ",,,N,E,I,A,A,H,-,A,D,0,,,,,Y,,A,01,0,0,1,0,0,0,0,0,0,"- ","- ",34.196800231933594,-119.19995880126953,VENTURA,OXNARD,-119.20635223388672,34.197418212890625
8617018,2018,2018-06-04,5600,2018-04-26,0802,4045,9158,4,5,6,5607,0,0,0,,0,9D01,"HAMPSHIRE RD","TOWNSGATE RD",523.00,S,N,A,-,N,,,,,,,,,,N,4,0,1,2,A,-,09,21804,A,N,C,C,A,A,H,-,A,D,0,,,,,Y,,A,01,0,0,1,0,0,0,0,0,0,"- ","- ",,,VENTURA,"THOUSAND OAKS",-118.83706665039062,34.159751892089844
8617033,2018,2018-05-17,5604,2018-04-30,0018,5005,,1,5,6,5604,0,0,0,,0,032,"SOUTH ROSE AV","EMERSON AV",5.00,N,N,A,-,N,,,,,,,,,,,3,0,1,2,A,-,01,23152,A,N,C,C,A,A,H,-,C,A,0,,,,,Y,Y,A,01,0,1,0,0,0,0,0,0,0,"- ","- ",34.182571411132812,-119.15995025634766,VENTURA,OXNARD,-119.16004943847656,34.182563781738281
8617251,2018,2018-08-22,5608,2018-05-05,0800,308,,6,5,6,5608,0,0,0,,0,,"MAIN ST","RT 126",0.00,,Y,A,-,Y,VEN,7,101,-,-,26.677,R,1,S,N,3,0,1,2,A,-,11,21456,B,N,-,G,A,A,H,-,A,A,0,,Y,,,Y,,L,04,0,1,0,0,0,0,1,0,0,"- ","- ",,,VENTURA,VENTURA,-119.2425537109375,34.264507293701172
8617558,2018,2018-07-27,5608,2018-05-05,1504,503,,6,5,6,5608,0,0,0,,0,001,"THOMPSON BL","CHESTNUT ST",0.00,,-,A,-,N,,,,,,,,,,Y,4,0,1,3,A,-,03,22350,,N,C,C,A,A,H,-,A,A,0,,,,,Y,,D,22,0,0,1,0,0,0,0,0,0,"- ","- ",34.278511047363281,-119.29209136962891,VENTURA,VENTURA,-119.29154968261719,34.27825927734375
8620924,2018,2018-05-25,5600,2018-04-04,0851,4045,9128,3,5,6,5607,0,0,0,,0,9H01,"HILL CREST DR","AVENIDA DEL PLATINO",112.00,E,N,A,-,N,,,,,,,,,,N,4,0,1,3,A,-,03,22350,,N,C,C,A,A,H,-,A,A,0,,,,Y,Y,,F,25,0,0,1,0,0,0,0,0,0,"- ","- ",,,VENTURA,"THOUSAND OAKS",-118.91300964355469,34.188320159912109
8622313,2018,2018-05-31,5609,2018-05-04,2258,437,,5,5,6,5609,0,0,0,,0,001,"LOS ANGELES AV","PATRICIA ST",0.00,E,N,A,-,N,,,,,,,,,,N,4,0,1,2,A,-,03,22350,,F,C,C,A,A,H,-,C,A,0,,,,,Y,,D,22,0,0,1,0,0,0,0,0,0,"- ","- ",34.271591186523438,-118.77668762207031,VENTURA,"SIMI VALLEY",-118.77668762207031,34.27178955078125
8622495,2018,2018-05-30,5609,2018-05-01,1920,389,,2,5,6,5609,0,0,0,,0,004,"SEQUOIA AV","COCHRAN ST",0.00,,Y,B,-,N,,,,,,,,,,Y,4,0,2,2,A,-,09,21801,A,N,D,C,A,B,H,-,A,A,0,,,,,Y,,A,01,0,0,2,0,0,0,0,0,0,"- ","- ",34.278999328613281,-118.73052215576172,VENTURA,"SIMI VALLEY",-118.73052215576172,34.279010772705078
8622507,2018,2018-05-30,5609,2018-05-06,1715,448,4,7,5,6,5609,0,0,0,,0,004,"ALAMO ST","LEMON DR",0.00,,Y,A,-,N,,,,,,,,,,Y,3,0,2,2,A,-,09,21801,A,N,D,C,A,A,H,-,A,A,0,,,,,Y,,A,01,0,1,1,0,0,0,0,0,0,"- ","- ",34.286369323730469,-118.72643280029297,VENTURA,"SIMI VALLEY",-118.72651672363281,34.286441802978516