CASE_ID,ACCIDENT_YEAR,PROC_DATE,JURIS,COLLISION_DATE,COLLISION_TIME,OFFICER_ID,REPORTING_DISTRICT,DAY_OF_WEEK,CHP_SHIFT,POPULATION,CNTY_CITY_LOC,SPECIAL_COND,BEAT_TYPE,CHP_BEAT_TYPE,CITY_DIVISION_LAPD,CHP_BEAT_CLASS,BEAT_NUMBER,PRIMARY_RD,SECONDARY_RD,DISTANCE,DIRECTION,INTERSECTION,WEATHER_1,WEATHER_2,STATE_HWY_IND,CALTRANS_COUNTY,CALTRANS_DISTRICT,STATE_ROUTE,ROUTE_SUFFIX,POSTMILE_PREFIX,POSTMILE,LOCATION_TYPE,RAMP_INTERSECTION,SIDE_OF_HWY,TOW_AWAY,COLLISION_SEVERITY,NUMBER_KILLED,NUMBER_INJURED,PARTY_COUNT,PRIMARY_COLL_FACTOR,PCF_CODE_OF_VIOL,PCF_VIOL_CATEGORY,PCF_VIOLATION,PCF_VIOL_SUBSECTION,HIT_AND_RUN,TYPE_OF_COLLISION,MVIW,PED_ACTION,ROAD_SURFACE,ROAD_COND_1,ROAD_COND_2,LIGHTING,CONTROL_DEVICE,CHP_ROAD_TYPE,PEDESTRIAN_ACCIDENT,BICYCLE_ACCIDENT,MOTORCYCLE_ACCIDENT,TRUCK_ACCIDENT,NOT_PRIVATE_PROPERTY,ALCOHOL_INVOLVED,STWD_VEHTYPE_AT_FAULT,CHP_VEHTYPE_AT_FAULT,COUNT_SEVERE_INJ,COUNT_VISIBLE_INJ,COUNT_COMPLAINT_PAIN,COUNT_PED_KILLED,COUNT_PED_INJURED,COUNT_BICYCLIST_KILLED,COUNT_BICYCLIST_INJURED,COUNT_MC_KILLED,COUNT_MC_INJURED,PRIMARY_RAMP,SECONDARY_RAMP,LATITUDE,LONGITUDE,COUNTY,CITY,POINT_X,POINT_Y
8911276,2020,2022-06-13,5608,2020-05-08,2025,322,101,5,5,6,5608,0,0,0,,0,003,"TELEGRAPH RD","VICTORIA AV",323.00,W,N,A,-,N,,,,,,,,,,Y,1,1,0,2,A,-,11,21954,A,N,G,B,D,A,H,-,C,D,0,Y,,,,Y,Y,N,60,0,0,0,1,0,0,0,0,0,"- ","- ",,,VENTURA,VENTURA,-119.21567535400391,34.27783203125
8911978,2020,2022-06-14,5604,2020-03-04,2316,5317,,3,5,6,5604,0,0,0,,0,021,"VICTORIA AV","TEAL CLUB RD",0.00,,Y,A,-,N,,,,,,,,,,Y,1,1,0,2,D,-,00,,,N,D,C,A,A,H,-,C,D,0,,,Y,,Y,Y,-,"- ",0,0,0,0,0,0,0,1,0,"- ","- ",,,VENTURA,OXNARD,-119.22109222412109,34.203079223632812
8913352,2019,2020-02-04,5600,2019-07-01,1621,5258,5116,1,5,4,5690,0,0,0,,0,02A,"RT 118","MAUREEN LN",40.00,E,N,A,-,Y,VEN,7,118,-,-,16.750,H,-,W,Y,4,0,2,2,A,-,03,22350,,N,C,C,A,A,H,-,A,A,0,,,,,Y,,A,01,0,0,2,0,0,0,0,0,0,"- ","- ",,,VENTURA,MOORPARK,-118.89582061767578,34.278995513916016
8914769,2019,2019-09-03,5604,2019-07-25,1536,4850,,4,5,6,5604,0,0,0,,0,031,"EASTMAN AV","RICE AV",0.00,,Y,A,-,N,,,,,,,,,,Y,4,0,2,2,A,-,09,21801,A,N,F,C,A,A,H,-,A,A,0,,,,,Y,,D,72,0,0,2,0,0,0,0,0,0,"- ","- ",34.198951721191406,-119.14225769042969,VENTURA,OXNARD,-119.14237213134766,34.198970794677734
8914773,2019,2019-09-04,5604,2019-07-12,1449,5242,,5,5,6,5604,0,0,0,,0,041,"CHANNEL ISLANDS BL","STATHAM BL",0.00,,Y,A,-,N,,,,,,,,,,Y,4,0,3,2,A,-,09,21801,A,N,A,C,A,A,H,-,A,A,0,,,,,Y,,D,22,0,0,3,0,0,0,0,0,0,"- ","- ",,,VENTURA,OXNARD,-119.1656494140625,34.173431396484375
8914777,2019,2020-02-04,5604,2019-07-19,2120,5359,,5,5,6,5604,0,0,0,,0,032,"S RICE AV","RT 34",0.00,,Y,A,-,Y,VEN,7,34,-,-,6.270,I,5,W,,3,0,1,2,A,-,09,21801,A,N,D,C,A,A,H,-,C,A,0,,,,,Y,,-,"- ",0,1,0,0,0,0,0,0,0,"- ","- ",34.196868896484375,-119.14228057861328,VENTURA,OXNARD,-119.14230346679688,34.196834564208984
8914845,2019,2019-09-06,5604,2019-07-05,2350,5285,,5,5,6,5604,0,0,0,,0,032,"CHANNEL ISLANDS BL","SAN MARINO ST",50.00,E,N,A,-,N,,,,,,,,,,N,3,0,1,2,A,-,11,21954,A,N,G,B,D,A,H,-,C,A,0,Y,,,,Y,,-,"- ",0,1,0,0,1,0,0,0,0,"- ","- ",34.173370361328125,-119.17611694335938,VENTURA,OXNARD,-119.17594146728516,34.173419952392578
8914869,2019,2019-09-03,5604,2019-07-16,2034,5586,,2,5,6,5604,0,0,0,,0,014,"N VENTURA RD","TOWN CENTER DR",0.00,,Y,A,-,N,,,,,,,,,,N,4,0,1,2,A,-,12,21453,A,N,D,G,A,A,H,-,C,A,0,,Y,,,Y,,L,04,0,0,1,0,0,0,1,0,0,"- ","- ",34.243251800537109,-119.18450164794922,VENTURA,OXNARD,-119.18450164794922,34.243198394775391
8914983,2019,2019-09-05,5604,2019-06-05,1550,4692,,3,5,6,5604,0,0,0,,0,022,"OXNARD BL","DEODAR AV",0.00,,Y,A,-,N,,,1,,,,,,,N,4,0,1,2,A,-,03,22350,,F,C,C,A,A,A,-,A,A,0,,,,,Y,Y,A,07,0,0,1,0,0,0,0,0,0,"- ","- ",34.2081298828125,-119.17720031738281,VENTURA,OXNARD,-119.17721557617188,34.2081298828125
8914987,2019,2019-08-19,5604,2019-06-18,0532,5175,,2,5,6,5604,0,0,0,,0,031,"EASTMAN AV","CANDELARIA RD",0.00,,Y,B,-,N,,,,,,,,,,Y,4,0,1,2,A,-,09,21802,A,N,D,C,A,A,H,-,B,A,0,,,,,Y,,-,"- ",0,0,1,0,0,0,0,0,0,"- ","- ",34.198898315429688,-119.14430236816406,VENTURA,OXNARD,-119.14440155029297,34.199001312255859
8915088,2019,2019-09-04,5604,2019-07-07,1044,5527,,7,5,6,5604,0,0,0,,0,011,"W GONZALES RD","CAMPUS RD",30.00,W,N,A,-,N,,,,,,,,,,N,4,0,1,2,A,-,05,21650,1,N,H,G,A,A,H,-,A,D,0,,Y,,,Y,,L,04,0,0,1,0,0,0,1,0,0,"- ","- ",34.219409942626953,-119.21221160888672,VENTURA,OXNARD,-119.21234130859375,34.219497680664062
8915096,2019,2020-09-04,5604,2019-07-15,1521,5396,,1,5,6,5604,0,0,0,,0,042,"S C ST","PLEASANT VALLEY RD",0.00,,Y,A,-,N,,,,,,,,,,Y,4,0,2,2,A,-,09,21801,A,N,A,C,A,A,H,-,A,A,0,,,,,Y,,A,08,0,0,2,0,0,0,0,0,0,"- ","- ",34.154720306396484,-119.18058776855469,VENTURA,OXNARD,-119.18060302734375,34.154720306396484
8915846,2019,2019-08-12,5608,2019-07-25,1905,429,,4,5,6,5608,0,0,0,,0,002,"THOMPSON BL","ANACAPA ST",0.00,,Y,A,-,N,,,,,,,,,,Y,4,0,2,2,A,-,08,22107,,N,D,C,A,A,H,-,A,A,0,,,,,Y,,-,,0,0,2,0,0,0,0,0,0,"- ","- ",,,VENTURA,VENTURA,-119.27120208740234,34.274528503417969
8917526,2019,2019-08-21,5600,2019-07-24,1715,5466,8262,3,5,5,5601,0,0,0,,0,08D,"SANTA ROSA RD","VERDUGO WY",16.00,S,N,A,-,N,,,,,,,,,,Y,3,0,2,3,A,-,03,22350,,N,C,A,A,A,H,-,A,D,0,,,,,Y,,A,07,0,1,1,0,0,0,0,0,0,"- ","- ",34.516769409179688,-119.00618743896484,VENTURA,CAMARILLO,-119.00628662109375,34.216518402099609
8917842,2019,2019-08-21,5608,2019-08-11,2039,503,,7,5,6,5608,0,0,0,,0,001,"E SANTA ANA ST","WALL OF STRUCTURE",42.00,S,N,A,-,N,,,,,,,,,,Y,4,0,1,2,A,-,01,23153,A,N,C,C,A,A,H,-,C,D,0,,,,,Y,Y,-,,0,0,1,0,0,0,0,0,0,"- ","- ",,,VENTURA,VENTURA,,
8917846,2019,2019-08-21,5608,2019-08-12,1031,506,,1,5,6,5608,0,0,0,,0,004,"VALENTINE RD","RT 101",300.00,W,N,A,-,N,,,,,,,,,,N,4,0,2,2,A,-,03,22350,,N,C,C,A,A,-,-,A,A,0,,,,,Y,,-,,0,0,2,0,0,0,0,0,0,"- ",SF,,,VENTURA,VENTURA,-119.23099517822266,34.261428833007812
8917862,2019,2019-08-21,5608,2019-08-10,1009,519,VTA,6,5,6,5608,0,0,0,,0,002,"EAST MAIN ST","MAIN ST",9.00,S,N,A,-,N,,,,,,,,,,N,4,0,1,2,A,-,09,21800,,N,-,C,A,A,H,-,A,A,0,,,,,Y,,-,,0,0,1,0,0,0,0,0,0,"- ","- ",,,VENTURA,VENTURA,-119.30072784423828,34.281063079833984
8917911,2019,2019-08-20,5608,2019-08-05,1255,282,,1,5,6,5608,0,0,0,,0,003,"TELEGRAPH RD","BRYN MAWR ST",0.00,,Y,A,-,N,,,,,,,,,,Y,3,0,4,2,A,-,03,22350,,N,C,C,A,A,H,-,A,D,0,,,,,Y,,-,,0,4,0,0,0,0,0,0,0,"- ","- ",,,VENTURA,VENTURA,-119.22216796875,34.276939392089844
8917915,2019,2020-07-30,5608,2019-08-06,2231,477,,2,5,6,5608,0,0,0,,0,004,"TELEPHONE RD","E MAIN ST",15.00,N,N,A,-,N,,,,,,,,,,N,3,0,1,2,A,-,03,22350,,F,C,C,A,A,H,-,C,A,0,,,,,Y,,A,01,0,1,0,0,0,0,0,0,0,"- ","- ",,,VENTURA,VENTURA,-119.23180389404297,34.261940002441406
8920235,2019,2019-08-27,5600,2019-07-22,1155,5525,9073,1,5,6,5607,0,0,0,,0,09G,"THOUSAND OAKS BL","THE LAKES DR",0.00,,Y,A,-,N,,,,,,,,,,N,4,0,2,2,A,-,09,21801,A,N,D,C,A,A,H,-,A,A,0,,,,,Y,,A,01,0,0,2,0,0,0,0,0,0,"- ","- ",,,VENTURA,"THOUSAND OAKS",,
8920642,2019,2019-09-05,5608,2019-08-12,0935,522,,1,5,6,5608,0,0,0,,0,004,"TELEPHONE RD",BEETHOVEN,4.00,E,-,A,-,N,,,,,,,,,,N,3,0,1,2,A,-,09,21804,A,N,A,G,A,A,H,-,A,D,0,,Y,,,Y,,-,,0,1,0,0,0,0,1,0,0,"- ","- ",,,VENTURA,VENTURA,-119.22323608398438,34.263881683349609
8923167,2019,2019-09-09,5609,2019-07-07,0546,480,400,7,5,6,5609,0,0,0,,0,004,"LOST CANYONS DR","YOUNG WOLF DR",613.00,S,N,B,-,N,,,,,,,,,,Y,3,0,1,1,A,-,01,23152,A,N,E,I,A,A,H,-,C,D,0,,,,,Y,Y,D,22,0,1,0,0,0,0,0,0,0,"- ","- ",34.305030822753906,-118.75724792480469,VENTURA,"SIMI VALLEY",-118.75765228271484,34.303119659423828
8923199,2019,2019-08-29,5609,2019-08-05,1940,389,,1,5,6,5609,0,0,0,,0,005,"COCHRAN ST","REBECCA ST",209.00,E,N,A,-,N,,,,,,,,,,Y,2,0,3,2,A,-,01,23152,A,N,C,C,A,A,H,-,A,D,0,,,,,Y,Y,A,01,1,0,2,0,0,0,0,0,0,"- ","- ",34.278968811035156,-118.71705627441406,VENTURA,"SIMI VALLEY",-118.71637725830078,34.279071807861328
8923252,2019,2019-09-03,5609,2019-08-02,1712,435,,5,5,6,5609,0,0,0,,0,,"WALNUT ST","MONTICELLO AV",98.00,W,N,A,-,N,,,,,,,,,,Y,3,0,1,3,A,-,01,23152,A,N,C,E,A,A,H,-,A,D,0,,,,,Y,Y,A,07,0,1,0,0,0,0,0,0,0,"- ","- ",34.297199249267578,-118.71674346923828,VENTURA,"SIMI VALLEY",-118.71706390380859,34.297191619873047
8924112,2019,2019-09-30,5604,2019-08-02,2043,4868,,5,5,6,5604,0,0,0,,0,014,"N OXNARD BL","TOWN CENTER DR",0.00,,Y,A,-,N,,,,,,,,,,Y,4,0,3,2,A,-,12,21453,A,N,D,C,A,A,H,-,C,A,0,,,,,Y,,A,01,0,0,3,0,0,0,0,0,0,"- ","- ",34.241531372070312,-119.18009948730469,VENTURA,OXNARD,-119.18025207519531,34.241531372070312
8924981,2019,2019-09-30,5604,2019-07-20,1713,5405,,6,5,6,5604,0,0,0,,0,014,"VENTURA RD","WAGON WHEEL RD",300.00,N,N,A,-,N,,,,,,,,,,Y,4,0,1,1,C,-,18,,,N,A,I,A,A,H,-,A,D,0,,,,,Y,,-,"- ",0,0,1,0,0,0,0,0,0,"- ","- ",34.241069793701172,-119.18772125244141,VENTURA,OXNARD,-119.18798828125,34.241596221923828
8924989,2019,2020-02-04,5604,2019-07-30,1418,5536,,2,5,6,5604,0,0,0,,0,014,"VINEYARD AV","WALNUT DR",30.00,S,N,A,-,Y,VEN,7,232,-,-,1.188,H,-,N,Y,4,0,4,3,A,-,04,21703,,N,C,C,A,A,H,-,A,A,0,,,,,Y,,A,07,0,0,4,0,0,0,0,0,0,"- ","- ",,,VENTURA,OXNARD,-119.16639709472656,34.241004943847656
8925285,2019,2019-09-10,5604,2019-07-26,2207,5514,,5,5,6,5604,0,0,0,,0,012,"LOCKWOOD ST","ROSE AV",5.00,E,N,A,-,N,,,,,,,,,,N,4,0,1,2,A,-,08,22107,,N,A,G,A,A,H,-,C,A,0,,Y,,,Y,,A,01,0,0,1,0,0,0,1,0,0,"- ","- ",34.222118377685547,-119.15824127197266,VENTURA,OXNARD,-119.15827178955078,34.222110748291016
8925289,2019,2019-09-10,5604,2019-07-31,1645,4721,,3,5,6,5604,0,0,0,,0,042,"SAVIERS RD","CLARA ST",0.00,,Y,A,-,N,,,,,,,,,,N,4,0,1,2,A,-,09,21802,A,N,D,C,A,A,H,-,A,A,0,,,,,Y,,A,01,0,0,1,0,0,0,0,0,0,"- ","- ",34.151229858398438,-119.17778778076172,VENTURA,OXNARD,-119.17787933349609,34.151241302490234
8925317,2019,2019-09-10,5604,2019-07-26,0000,5561,,5,5,6,5604,0,0,0,,0,014,"DETROIT DR","LOUISIANA PL",0.00,,Y,A,-,N,,,,,,,,,,N,3,0,1,1,A,-,08,22107,,F,E,I,A,A,H,-,A,D,0,,,,,Y,,A,01,0,1,0,0,0,0,0,0,0,"- ","- ",34.23944091796875,-119.17189788818359,VENTURA,OXNARD,-119.1708984375,34.241340637207031
8927888,2019,2019-09-13,5604,2019-06-08,2201,5422,,6,5,6,5604,0,0,0,,0,032,"OXNARD BL","WOOLEY RD",50.00,S,N,A,-,N,,,1,,,,,,,Y,4,0,1,2,A,-,09,21804,A,F,D,C,A,A,H,-,D,D,0,,,,,Y,,A,01,0,0,1,0,0,0,0,0,0,"- ","- ",34.189239501953125,-119.17630767822266,VENTURA,OXNARD,-119.17646789550781,34.189044952392578
8929550,2019,2020-09-28,5600,2019-08-19,1925,4909,6004,1,5,3,5602,0,0,0,,0,6A01,"RIVER ST","RT 23",98.00,W,N,A,-,Y,,,,,,,,,,Y,3,0,1,2,A,-,03,22350,,N,C,E,A,A,H,-,A,A,0,,,,,Y,Y,D,23,0,1,0,0,0,0,0,0,0,"- ","- ",,,VENTURA,FILLMORE,,
8929857,2019,2019-09-06,5608,2019-08-20,0828,517,,2,5,6,5608,0,0,0,,0,001,"KELLOGG ST","NORTH VENTURA AV",341.00,E,N,A,-,N,,,,,,,,,,Y,3,0,1,5,A,-,08,22107,,N,C,E,A,A,H,-,A,D,0,,,,,Y,,A,08,0,1,0,0,0,0,0,0,0,"- ","- ",,,VENTURA,VENTURA,-119.29690551757812,34.290428161621094
8931588,2019,2019-09-10,5608,2019-08-26,1742,386,,1,5,6,5608,0,0,0,,0,004,"WELLS RD","TELEPHONE RD",350.00,N,N,A,-,N,,,,,,,,,,Y,4,0,1,2,A,-,03,22350,,N,C,C,A,A,H,-,A,A,0,,,,,Y,,-,,0,0,1,0,0,0,0,0,0,"- ","- ",,,VENTURA,VENTURA,-119.15193176269531,34.28448486328125
8932221,2019,2019-09-17,5608,2019-08-26,1917,493,,1,5,6,5608,0,0,0,,0,001,"N OLIVE ST","W HARRISON AV",30.00,S,N,A,-,N,,,,,,,,,,N,3,0,1,2,A,-,17,22517,,N,H,G,A,A,H,-,A,D,0,,Y,,,Y,,A,01,0,1,0,0,0,0,1,0,0,"- ","- ",,,VENTURA,VENTURA,-119.30252075195312,34.286598205566406
8932691,2019,2019-10-09,5608,2019-09-03,1619,452,,2,5,6,5608,0,0,0,,0,003,"TELEGRAPH RD","CLAREMONT ST",88.00,W,N,A,-,N,,,,,,,,,,Y,3,0,3,4,A,-,03,22350,A,N,C,C,A,A,H,-,A,A,0,,,,,Y,,-,,0,2,1,0,0,0,0,0,0,"- ","- ",,,VENTURA,VENTURA,-119.23430633544922,34.275089263916016
8932695,2019,2019-10-09,5608,2019-09-03,1342,437,,2,5,6,5608,0,0,0,,0,004,"JOHNSON DR","NORTH BANK DR",55.00,S,N,A,-,N,,,,,,,,,,Y,3,0,1,2,A,-,08,22100,A,N,B,C,A,A,H,-,A,A,0,,,,,Y,,A,01,0,1,0,0,0,0,0,0,0,"- ","- ",,,VENTURA,VENTURA,-119.19474792480469,34.246856689453125
8932699,2019,2019-10-09,5608,2019-09-06,1806,386,,5,5,6,5608,0,0,0,,0,001,"MAIN ST","GARDEN ST",0.00,,Y,A,-,N,,,,,,,,,,N,4,0,1,2,A,-,09,21801,A,N,D,G,A,A,H,-,A,A,0,,Y,,,Y,,D,22,0,0,1,0,0,0,1,0,0,"- ","- ",,,VENTURA,VENTURA,-119.30229187011719,34.281238555908203
8932815,2019,2019-09-18,5605,2019-08-29,2046,150,PATRO,4,5,3,5605,0,0,0,,0,GRID3,"N 5TH ST","N 5TH ST  1104",15.00,S,N,A,-,N,,,,,,,,,,Y,4,0,1,2,A,-,08,22107,,N,H,E,A,A,H,-,C,D,0,,,,,Y,,-,,0,0,1,0,0,0,0,0,0,"- ","- ",,,VENTURA,"PORT HUENEME",-119.19455718994141,34.158245086669922
8934011,2019,2019-10-14,5604,2019-08-09,1806,5151,,5,5,6,5604,0,0,0,,0,022,"S VENTURA RD","WOOLEY RD",20.00,N,N,A,-,N,,,,,,,,,,N,4,0,1,2,A,-,03,22350,,N,C,C,A,A,H,-,A,A,0,,,,,Y,,A,08,0,0,1,0,0,0,0,0,0,"- ","- ",34.190601348876953,-119.19541931152344,VENTURA,OXNARD,-119.19512176513672,34.190353393554688
8934035,2019,2019-10-11,5604,2019-08-16,1115,5490,,5,5,6,5604,0,0,0,,0,022,"GLENWOOD DR","OXNARD BL",200.00,W,N,A,-,N,,,,,,,,,,N,4,0,3,2,A,-,21,22106,,N,D,C,A,A,H,-,A,D,0,,,,,Y,,A,01,0,0,3,0,0,0,0,0,0,"- ","- ",,,VENTURA,OXNARD,-119.17813873291016,34.214344024658203
8934047,2019,2019-10-11,5604,2019-08-06,0934,5540,,2,5,6,5604,0,0,0,,0,021,"W WOOLEY RD","S VICTORIA AV S",0.00,,Y,A,-,N,,,,,,,,,,N,4,0,1,2,A,-,03,22350,,N,C,C,A,A,H,-,A,A,0,,,,,Y,,A,07,0,0,1,0,0,0,0,0,0,"- ","- ",34.190361022949219,-119.22123718261719,VENTURA,OXNARD,-119.22135162353516,34.190391540527344
8934051,2019,2019-10-14,5604,2019-08-05,1532,5160,,1,5,6,5604,0,0,0,,0,031,"COOPER RD","GRANT ST",0.00,,Y,A,-,N,,,,,,,,,,Y,3,0,3,2,A,-,08,22107,,N,D,C,A,A,H,-,A,A,0,,,,,Y,,-,"- ",0,1,2,0,0,0,0,0,0,"- ","- ",34.204540252685547,-119.17436981201172,VENTURA,OXNARD,-119.17436981201172,34.204540252685547
8934055,2019,2019-10-11,5604,2019-08-11,0855,5431,,7,5,6,5604,0,0,0,,0,041,"BRYCE CANYON ST","SAVIERS RD",0.00,,Y,A,-,N,,,,,,,,,,Y,4,0,1,2,A,-,09,21801,A,N,D,C,A,A,H,-,A,A,0,,,,,Y,,-,"- ",0,0,1,0,0,0,0,0,0,"- ","- ",34.169788360595703,-119.17758178710938,VENTURA,OXNARD,-119.17768859863281,34.169780731201172
8934063,2019,2019-10-11,5604,2019-08-12,2320,5342,2,1,5,6,5604,0,0,0,,0,021,"CAPSTAN DR","HEMLOCK DR",50.00,N,N,E,-,N,,,,,,,,,,Y,4,0,1,1,A,-,05,21650,,N,E,I,A,A,H,-,C,D,0,,,,,Y,,A,01,0,0,1,0,0,0,0,0,0,"- ","- ",34.181270599365234,-119.21591949462891,VENTURA,OXNARD,-119.21590423583984,34.181427001953125
8934150,2019,2019-09-26,5604,2019-07-27,0321,5359,,6,5,6,5604,0,0,0,,0,024,"S D ST","IRIS ST",10.00,N,N,A,-,N,,,,,,,,,,Y,3,0,1,2,A,-,03,22350,,M,D,E,A,A,H,-,C,D,0,,,,,Y,,A,01,0,1,0,0,0,0,0,0,0,"- ","- ",34.189781188964844,-119.17662048339844,VENTURA,OXNARD,-119.18282318115234,34.180385589599609
8938893,2019,2020-01-06,5604,2019-08-09,1027,5001,,5,5,6,5604,0,0,0,,0,014,"VINEYARD AV","RT 101",0.00,,Y,A,-,Y,VEN,7,101,-,-,22.180,R,4,S,Y,4,0,1,2,A,-,12,21453,A,N,D,C,A,A,H,-,A,A,0,,,,,Y,,A,08,0,0,1,0,0,0,0,0,0,"- ","- ",,,VENTURA,OXNARD,-119.175048828125,34.233875274658203
8938989,2019,2019-11-07,5600,2019-08-31,1155,5525,9074,6,5,6,5607,0,0,0,,0,09G,"RANCHO RD","RT 101",0.00,,Y,A,-,Y,VEN,7,101,-,-,2.855,R,4,N,N,3,0,1,1,A,-,03,22350,,N,E,I,A,A,H,-,A,A,0,,Y,,,Y,,L,04,0,1,0,0,0,0,1,0,0,"- ",NF,,,VENTURA,"THOUSAND OAKS",-118.85536193847656,34.175926208496094
8939065,2018,2019-10-17,5604,2018-09-03,2330,5317,,1,5,6,5604,0,0,0,,0,021,"VICTORIA AV","WOOLEY RD",274.00,N,N,A,-,N,,,,,,,,,,Y,1,2,1,2,A,-,03,22350,,N,B,C,A,A,H,-,C,D,0,,,,,Y,,-,,1,0,0,0,0,0,0,0,0,"- ","- ",,,VENTURA,OXNARD,-119.22133636474609,34.191143035888672
8939432,2019,2021-05-28,5604,2019-08-25,1303,5317,,7,5,6,5604,0,0,0,,0,011,"GONZALES RD","PATTERSON RD",0.00,,Y,A,-,N,,,,,,,,,,Y,1,1,2,2,A,-,12,21453,A,N,D,C,A,A,H,-,A,A,0,,,,,Y,,-,,0,1,1,0,0,0,0,0,0,"- ","- ",,,VENTURA,OXNARD,-119.20716094970703,34.219451904296875
8940243,2019,2019-10-18,5604,2019-09-06,0630,5390,,5,5,6,5604,0,0,0,,0,024,"S VENTURA RD","WOOLEY RD",12.00,S,N,A,-,N,,,,,,,,,,N,4,0,1,2,A,-,03,22350,,F,C,C,A,A,H,-,A,A,0,,,,,Y,,A,01,0,0,1,0,0,0,0,0,0,"- ","- ",,,VENTURA,OXNARD,-119.19512176513672,34.190299987792969
8940252,2019,2019-10-16,5604,2019-09-11,1552,5488,,3,5,6,5604,0,0,0,,0,031,"ROSE AV","SAN GORGONIO AV",100.00,N,N,A,-,N,,,,,,,,,,Y,3,0,2,3,A,-,04,21703,,N,C,C,A,A,H,-,A,A,0,,,,,Y,,A,01,0,1,1,0,0,0,0,0,0,"- ","- ",,,VENTURA,OXNARD,-119.15977478027344,34.205116271972656
8940909,2019,2019-10-02,5609,2019-09-03,1227,310,304,2,5,6,5609,0,0,0,,0,003,"LOS ANGELES AV","SEQUOIA AV",0.00,,Y,A,-,N,,,,,,,,,,N,3,0,2,5,D,-,00,,,N,D,E,F,A,H,-,A,A,0,Y,,,,Y,,-,"- ",0,1,1,0,1,0,0,0,0,"- ","- ",,,VENTURA,"SIMI VALLEY",-118.73052978515625,34.271678924560547
8941013,2019,2019-09-27,5600,2019-08-22,1938,4996,9105,4,5,6,5607,0,0,0,,0,9C01,"REINO RD","CABRILLO AV",542.00,S,N,A,-,N,,,,,,,,,,N,2,0,1,2,A,-,09,21804,A,N,G,B,D,A,H,-,A,D,0,Y,,,,Y,,A,01,1,0,0,0,1,0,0,0,0,"- ","- ",,,VENTURA,"THOUSAND OAKS",-118.95315551757812,34.181659698486328
8941368,2019,2019-10-01,5608,2019-09-19,0758,454,VENTU,4,5,6,5608,0,0,0,,0,002,"LOMA VISTA RD","MILLS RD",454.00,W,N,A,-,N,,,,,,,,,,N,3,0,1,2,A,-,17,21209,A,N,D,C,A,A,H,-,A,D,0,,,,,Y,,-,,0,1,0,0,0,0,0,0,0,"- ","- ",,,VENTURA,VENTURA,-119.25003051757812,34.276500701904297
8941400,2019,2019-10-01,5608,2019-09-06,0404,521,,5,5,6,5608,0,0,0,,0,003,"ADIRONDACK AV","TOPA TOPA DR",17.00,S,N,A,-,N,,,,,,,,,,Y,3,0,1,1,A,-,01,23153,A,N,E,I,A,A,H,-,C,D,0,,,,,Y,Y,A,01,0,1,0,0,0,0,0,0,0,"- ","- ",,,VENTURA,VENTURA,-119.22330474853516,34.290683746337891
8942070,2019,2019-10-15,5600,2019-09-18,0703,5180,8152,3,5,5,5601,0,0,0,,0,08B,"PLEASANT VALLEY RD","SOUTHFIELD RD",1934.00,W,N,A,-,N,,,,,,,,,,Y,4,0,1,2,A,-,03,22350,,N,C,C,A,A,H,-,A,D,0,,,,,Y,,A,08,0,0,1,0,0,0,0,0,0,"- ","- ",34.205509185791016,-119.05238342285156,VENTURA,CAMARILLO,-119.05238342285156,34.205509185791016
8942129,2019,2019-10-07,5600,2019-08-23,1730,4965,8021,5,5,5,5601,0,0,0,,0,08B,"LAS POSAS RD","CARMEN DR",200.00,W,N,A,-,N,,,,,,,,,,N,3,0,1,2,A,-,05,21650,1,N,D,G,A,A,H,-,-,D,0,,Y,,,Y,,L,04,0,1,0,0,0,0,1,0,0,"- ","- ",34.233211517333984,-119.06246948242188,VENTURA,CAMARILLO,-119.05216979980469,34.233341217041016
8942289,2019,2019-10-15,5608,2019-09-27,1806,386,,5,5,6,5608,0,0,0,,0,004,"TELEPHONE RD","SATICOY AV",0.00,,Y,A,-,N,,,,,,,,,,Y,4,0,2,2,A,-,09,21801,A,N,-,C,A,-,H,-,B,A,0,,,,,Y,,A,01,0,0,2,0,0,0,0,0,0,"- ","- ",,,VENTURA,VENTURA,-119.15834045410156,34.279510498046875
8942813,2019,2019-10-09,5604,2019-08-21,2050,4850,,3,5,6,5604,0,0,0,,0,014,"W VINEYARD AV","NANDINA PL",100.00,E,N,A,-,N,,,,,,,,,,Y,4,0,1,7,A,-,01,23152,F,N,B,E,A,A,H,-,C,D,0,,,,,Y,,D,22,0,0,1,0,0,0,0,0,0,"- ","- ",,,VENTURA,OXNARD,-119.18386077880859,34.228885650634766
8942825,2019,2019-10-04,5604,2019-08-30,1016,5555,,5,5,6,5604,0,0,0,,0,023,"S A ST","W 2ND ST W",0.00,,Y,A,-,N,,,,,,,,,,N,3,0,1,2,A,-,10,21950,A,N,G,B,B,A,H,-,A,A,0,Y,,,,Y,,-,"- ",0,1,0,0,1,0,0,0,0,"- ","- ",,,VENTURA,OXNARD,-119.17855072021484,34.201618194580078
8943059,2019,2019-09-25,5609,2019-08-22,0730,452,605,4,5,6,5609,0,0,0,,0,006,"COCHRAN ST","STEARNS ST",0.00,,Y,A,-,N,,,,,,,,,,N,3,0,1,2,A,-,06,21755,,N,B,C,A,A,H,-,A,A,0,,,Y,,Y,,D,22,0,1,0,0,0,0,0,0,1,"- ","- ",34.279079437255859,-118.69132232666016,VENTURA,"SIMI VALLEY",-118.69139099121094,34.279010772705078
8943087,2019,2019-09-25,5609,2019-08-15,1505,452,607,4,5,6,5609,0,0,0,,0,007,"STEARNS ST","BIRCHCROFT ST",145.00,N,N,A,-,N,,,,,,,,,,Y,4,0,3,4,A,-,03,22350,,N,C,C,A,A,H,-,A,D,0,,,,,Y,,A,01,0,0,3,0,0,0,0,0,0,"- ","- ",34.276889801025391,-118.69129943847656,VENTURA,"SIMI VALLEY",-118.69136810302734,34.277217864990234