CASE_ID,ACCIDENT_YEAR,PROC_DATE,JURIS,COLLISION_DATE,COLLISION_TIME,OFFICER_ID,REPORTING_DISTRICT,DAY_OF_WEEK,CHP_SHIFT,POPULATION,CNTY_CITY_LOC,SPECIAL_COND,BEAT_TYPE,CHP_BEAT_TYPE,CITY_DIVISION_LAPD,CHP_BEAT_CLASS,BEAT_NUMBER,PRIMARY_RD,SECONDARY_RD,DISTANCE,DIRECTION,INTERSECTION,WEATHER_1,WEATHER_2,STATE_HWY_IND,CALTRANS_COUNTY,CALTRANS_DISTRICT,STATE_ROUTE,ROUTE_SUFFIX,POSTMILE_PREFIX,POSTMILE,LOCATION_TYPE,RAMP_INTERSECTION,SIDE_OF_HWY,TOW_AWAY,COLLISION_SEVERITY,NUMBER_KILLED,NUMBER_INJURED,PARTY_COUNT,PRIMARY_COLL_FACTOR,PCF_CODE_OF_VIOL,PCF_VIOL_CATEGORY,PCF_VIOLATION,PCF_VIOL_SUBSECTION,HIT_AND_RUN,TYPE_OF_COLLISION,MVIW,PED_ACTION,ROAD_SURFACE,ROAD_COND_1,ROAD_COND_2,LIGHTING,CONTROL_DEVICE,CHP_ROAD_TYPE,PEDESTRIAN_ACCIDENT,BICYCLE_ACCIDENT,MOTORCYCLE_ACCIDENT,TRUCK_ACCIDENT,NOT_PRIVATE_PROPERTY,ALCOHOL_INVOLVED,STWD_VEHTYPE_AT_FAULT,CHP_VEHTYPE_AT_FAULT,COUNT_SEVERE_INJ,COUNT_VISIBLE_INJ,COUNT_COMPLAINT_PAIN,COUNT_PED_KILLED,COUNT_PED_INJURED,COUNT_BICYCLIST_KILLED,COUNT_BICYCLIST_INJURED,COUNT_MC_KILLED,COUNT_MC_INJURED,PRIMARY_RAMP,SECONDARY_RAMP,LATITUDE,LONGITUDE,COUNTY,CITY,POINT_X,POINT_Y
90173045,2016,2016-05-04,9765,2016-05-01,1650,020924,,7,2,6,5608,0,1,2,,2,301,"US-101 SB","LEMON CURVE UNDERCROSSING",528.00,N,N,A,-,Y,,,101,,,,,,S,Y,4,0,2,4,A,-,03,22350,,N,C,C,A,A,H,-,A,D,0,,,,,Y,,A,01,0,0,2,0,0,0,0,0,0,"- ","- ",34.25947,-119.25539999999999,VENTURA,VENTURA,-119.2554607,34.259259780000001
90173448,2016,2016-05-05,9765,2016-04-16,2300,018001,,6,3,6,5604,0,1,2,,2,531,"US-101 S/B FROM OXNARD BLVD.","OXNARD BLVD.",20.00,S,N,A,-,Y,,,101,,,,R,,S,Y,4,0,1,1,A,-,03,22350,,N,E,J,A,A,H,-,C,A,0,,,,,Y,,D,22,0,0,1,0,0,0,0,0,0,"- ","- ",34.238639999999997,-119.18069,VENTURA,OXNARD,-119.18069,34.238639999999997
90174977,2016,2016-05-09,9765,2016-04-27,1858,020001,,3,2,9,5600,0,3,5,,2,004,"OLD TELEGRAPH ROAD","CLIFF AVENUE",3432.00,W,N,A,-,N,,,,,,,,,,Y,3,0,1,1,A,-,01,23152,A,N,E,J,A,A,H,-,A,D,0,,,,,Y,Y,A,07,0,1,0,0,0,0,0,0,0,"- ","- ",34.402200000000001,-118.94750999999999,VENTURA,UNINCORPORATED,-118.94722031000001,34.402488429999998
90175064,2016,2016-05-09,9765,2016-04-23,1712,020917,,6,2,9,5600,0,1,3,,1,022,SR-150,"BALDWIN ROAD",240.00,E,N,A,-,Y,,,,,,,,,,Y,2,0,3,4,A,-,01,23152,A,N,C,C,A,A,H,-,A,A,0,,,,,Y,Y,A,01,1,0,2,0,0,0,0,0,0,"- ","- ",34.340200000000003,-119.2881,VENTURA,UNINCORPORATED,,
9017620,2020,2020-03-06,5604,2020-01-29,1410,5354,,3,5,6,5604,0,0,0,,0,011,"W GONZALES RD","C ST",485.00,E,N,A,-,N,,,,,,,,,,Y,4,0,3,2,A,-,21,22106,,N,C,C,A,A,H,-,A,A,0,,,,,Y,,A,01,0,0,3,0,0,0,0,0,0,"- ","- ",,,VENTURA,OXNARD,-119.17923736572266,34.219215393066406
90176925,2016,2016-05-11,9765,2016-05-10,1720,016712,,2,2,6,5604,0,1,2,,2,531,"US 101 S/B","RICE AVE",830.00,N,N,A,-,Y,,,,,,,,,,Y,4,0,1,3,A,-,03,22350,,N,C,C,A,A,H,-,A,D,0,,,,,Y,,A,01,0,0,1,0,0,0,0,0,0,"- ","- ",34.222709999999999,-119.14525999999999,VENTURA,OXNARD,-119.14239000000001,34.22251
9017733,2019,2020-02-11,5600,2019-12-18,1815,4995,9152,3,5,6,5607,0,0,0,,0,09G,"HAMPSHIRE RD","WILLOW LN",0.00,,Y,A,-,N,,,,,,,,,,Y,3,0,1,2,A,-,09,21801,A,N,H,C,A,A,H,-,C,A,0,,,,,Y,,A,01,0,1,0,0,0,0,0,0,0,"- ","- ",,,VENTURA,"THOUSAND OAKS",-118.83809661865234,34.165199279785156
90179597,2016,2016-05-16,9765,2016-04-29,1545,019057,,5,2,9,5600,0,2,4,,2,064,"LAS POSAS RD.",SR-1,75.00,S,N,A,-,N,,,,,,,,,,Y,2,0,1,2,A,-,09,21801,A,N,D,C,A,A,H,-,A,D,0,,,Y,,Y,,A,08,1,0,0,0,0,0,0,0,1,"- ","- ",34.11656,-119.0859,VENTURA,UNINCORPORATED,-119.08566211,34.116643949999997
90180290,2016,2016-05-16,9770,2016-05-09,1330,016561,,1,1,9,5600,0,2,4,,1,062,"POTRERO ROAD","TRENTWOOD DRIVE",496.00,E,N,A,-,N,,,,,,,,,,Y,4,0,1,1,A,-,08,22107,,N,E,I,A,A,H,-,A,D,0,,,,,Y,,A,01,0,0,1,0,0,0,0,0,0,"- ","- ",34.140039999999999,-118.88288,VENTURA,UNINCORPORATED,-118.88298496,34.140090989999997
9018608,2019,2020-02-07,5600,2019-12-07,1905,4771,9076,6,5,6,5607,0,0,0,,0,09H,"JANNS RD","TRIANGLE ST",140.00,W,N,C,-,N,,,,,,,,,,Y,3,0,2,2,A,-,05,21650,,N,D,C,A,B,H,-,C,D,0,,,,,Y,,A,01,0,2,0,0,0,0,0,0,0,"- ","- ",,,VENTURA,"THOUSAND OAKS",-118.87651062011719,34.204158782958984
90186728,2016,2016-05-25,9765,2016-05-18,1700,016712,,3,2,6,5608,0,1,3,,2,040,"SR 126 EB","SR-118  (WELLS ROAD)",528.00,E,N,A,-,Y,,,126,,,,,,E,Y,3,0,3,2,A,-,08,22107,,N,C,C,A,A,H,-,A,D,0,,,,,Y,,A,01,0,1,2,0,0,0,0,0,0,"- ","- ",34.290840000000003,-119.15392,VENTURA,VENTURA,-119.15398832,34.290956389999998
90187463,2016,2016-05-25,9770,2016-05-14,1050,016383,,6,1,6,5607,0,1,2,,2,075,"US-101 S/B TO HAMPSHIRE ROAD","HAMPSHIRE ROAD",300.00,N,N,A,-,Y,,,101,,,,R,,S,Y,4,0,1,2,A,-,03,22350,,N,F,A,A,A,H,-,A,D,0,,,Y,,Y,,C,02,0,0,1,0,0,0,0,0,1,"- ","- ",34.16686,-118.83956999999999,VENTURA,"THOUSAND OAKS",-118.83956999999999,34.16686
9018748,2019,2020-03-03,5600,2019-12-23,1549,4045,9050,1,5,6,5607,0,0,0,,0,9B01,"MOORPARK RD","GAINSBOROUGH RD",32.00,S,N,A,-,N,,,,,,,,,,N,4,0,2,2,A,-,03,22350,,F,C,C,A,B,H,-,A,A,0,,,,,Y,Y,A,01,0,0,2,0,0,0,0,0,0,"- ","- ",,,VENTURA,"THOUSAND OAKS",-118.87230682373047,34.194847106933594
90191321,2016,2016-05-31,9765,2016-05-21,1705,020866,,6,2,6,5608,0,1,2,,2,103,"US-101 S/B","SR-1  (STATE BEACHES)",1056.00,S,N,A,-,Y,,,101,,,,,,S,N,3,0,1,1,A,-,03,22350,,N,F,A,A,A,H,-,A,D,0,,,Y,,Y,,C,02,0,1,0,0,0,0,0,0,1,"- ","- ",34.28378,-119.31976,VENTURA,VENTURA,-119.31972188,34.283857900000001
90192013,2016,2016-06-01,9765,2016-05-25,1755,020808,,3,2,9,5600,0,1,3,,1,055,SR-118,"ROSE AVE.",280.00,W,N,A,-,Y,,,118,,,,,,,Y,4,0,1,3,A,-,03,22350,,N,C,C,A,A,H,-,A,D,0,,,,,Y,,D,22,0,0,1,0,0,0,0,0,0,"- ","- ",34.269379999999998,-119.12859,VENTURA,UNINCORPORATED,-119.12860265,34.269361400000001
90192179,2016,2016-06-01,9765,2016-05-28,1314,020808,,6,1,9,5600,0,1,3,,1,055,SR-118,"ROSE AVE.",1584.00,E,N,B,-,Y,,,118,,,,,,,Y,4,0,1,2,A,-,03,22350,,N,C,C,A,A,H,-,A,D,0,,,,,Y,,D,22,0,0,1,0,0,0,0,0,0,"- ","- ",34.262630000000001,-119.11875000000001,VENTURA,UNINCORPORATED,-119.11875728,34.262619389999998
90192667,2016,2016-06-01,9765,2016-05-19,0800,020358,,4,1,6,5604,1,4,S,,2,901,"600 E GONZALES RD (PACIFICA HIGHSCHOOL)","GONZALES RD",50.00,S,N,B,-,N,,,,,,,,,,N,4,0,1,2,B,-,22,,,N,G,B,F,A,H,-,A,D,0,Y,,,,Y,,N,60,0,0,1,0,1,0,0,0,0,"- ","- ",34.218719999999998,-119.16922,VENTURA,OXNARD,-119.17703,34.219000000000001
90194736,2016,2016-06-06,9765,2016-05-23,1905,020540,,1,2,9,5600,0,1,3,,1,023,SR-150,"SULPHER MOUNTAIN RD.",2640.00,E,N,A,-,Y,,,150,,,,,,,Y,3,0,1,1,A,-,08,22107,,N,F,I,A,A,H,-,A,D,0,,,,,Y,,A,07,0,1,0,0,0,0,0,0,0,"- ","- ",34.436920000000001,-119.15783999999999,VENTURA,UNINCORPORATED,-119.15787509,34.437009230000001
90195623,2016,2016-06-07,9770,2016-05-23,0755,018942,,1,1,6,5607,0,1,2,,2,072,"US-101 N/B (VENTURA FREEWAY)","WENDY DRIVE",1056.00,S,N,A,-,Y,,,101,,,,,,N,Y,4,0,1,2,A,-,03,22350,,N,C,C,A,A,H,-,A,D,0,,,,,Y,,A,01,0,0,1,0,0,0,0,0,0,"- ","- ",34.187429999999999,-118.93335,VENTURA,"THOUSAND OAKS",-118.93337304000001,34.187375860000003
90195733,2016,2016-06-07,9765,2016-05-28,1534,020808,,6,2,9,5600,0,2,4,,2,590,"SANTA CLARA AVE.","WRIGHT RD.",22.00,S,N,A,-,N,,,,,,,,,,Y,4,0,1,1,C,-,18,,,N,E,I,A,A,H,-,A,D,0,,,,Y,Y,,-,"- ",0,0,1,0,0,0,0,0,0,"- ","- ",34.251609999999999,-119.1134,VENTURA,UNINCORPORATED,-119.11330645,34.251623549999998
90196553,2016,2016-06-08,9765,2016-05-29,0415,014967,,7,3,9,5600,0,2,4,,2,037,"HARBOR BLVD.","GONZALES RD.",806.00,N,N,B,-,N,,,,,,,,,,Y,4,0,1,1,A,-,08,22107,,N,E,I,A,A,H,-,D,D,0,,,,,Y,,D,22,0,0,1,0,0,0,0,0,0,"- ","- ",34.220219999999998,-119.25481000000001,VENTURA,UNINCORPORATED,-119.25483109,34.220494289999998
90197002,2016,2016-06-08,9765,2016-06-06,1655,016420,,1,2,6,5608,0,1,2,,2,301,"US-101 S/B","VICTORIA AVE.",40.00,S,N,A,-,Y,,,101,,,,,,S,Y,4,0,1,4,A,-,03,22350,,N,C,C,A,A,H,-,A,D,0,,,,,Y,,A,01,0,0,1,0,0,0,0,0,0,"- ","- ",34.252389999999998,-119.2116,VENTURA,VENTURA,-119.21143658,34.252649759999997
90197695,2016,2016-06-09,9765,2016-06-06,1315,015696,,1,1,6,5608,0,1,2,,2,302,"US 101 NORTHBOUND (VENTURA FREEWAY)","NORTHBANK DRIVE",650.00,N,N,A,-,Y,,,,,,,,,,Y,4,0,1,2,A,-,03,22350,,N,C,C,A,A,H,-,A,D,0,,,,,Y,,A,01,0,0,1,0,0,0,0,0,0,"- ","- ",34.246650000000002,-119.19901,VENTURA,VENTURA,,
90199988,2016,2016-06-13,9770,2016-05-26,1140,021296,,4,1,6,5607,0,1,2,,2,075,"US-101 S/B (VENTURA FREEWAY)","HAMPSHIRE ROAD",1584.00,N,N,A,-,Y,,,101,,,,,,S,Y,3,0,1,2,A,-,03,22350,,N,C,C,A,A,D,-,A,D,0,,,,,Y,,A,01,0,1,0,0,0,0,0,0,0,"- ","- ",34.170059999999999,-118.8443,VENTURA,"THOUSAND OAKS",-118.84423481,34.170158729999997
90200333,2016,2016-06-13,9770,2016-06-02,1524,016383,,4,2,6,5607,0,1,3,,2,084,"SR-23 N/B (MOORPARK FREEWAY)","OLSEN ROAD",1584.00,S,N,A,-,Y,,,23,,,,,,N,N,4,0,1,2,A,-,03,22350,,N,C,C,A,A,H,-,A,D,0,,,,,Y,,A,01,0,0,1,0,0,0,0,0,0,"- ","- ",34.233580000000003,-118.84327,VENTURA,"THOUSAND OAKS",-118.84334567000001,34.233639959999998
90200520,2016,2016-06-13,9770,2016-06-04,1745,018885,,6,2,4,5690,0,1,3,,2,080,"SR-118 W/B F ROM COLLINS DRIVE","COLLINS DRIVE",350.00,W,N,A,-,Y,,,118,,,,,,W,Y,3,0,1,1,A,-,01,23152,A,N,E,I,A,A,H,-,A,D,0,,,Y,,Y,Y,C,02,0,1,0,0,0,0,0,0,1,"- ","- ",34.293550000000003,-118.84399000000001,VENTURA,MOORPARK,-118.84398487999999,34.293443510000003
90200830,2016,2016-06-14,9765,2016-06-04,1222,020358,,6,1,9,5600,0,3,5,,2,001,"US-101 BICYCLE PATH","MUSSEL SHOALS",1056.00,N,N,B,-,N,,,101,,,,,,,N,3,0,2,3,B,-,22,,,N,H,G,A,A,H,-,A,D,0,,Y,,,Y,,L,04,0,1,1,0,0,0,2,0,0,"- ","- ",34.360610000000001,-119.44663,VENTURA,UNINCORPORATED,-119.44654898,34.360685660000001
90201252,2016,2016-06-14,9765,2016-06-08,1730,016712,,3,2,9,5600,0,1,3,,1,055,"SR 118 (LOS ANGELES AVE)","SR 34 (SOMIS ROAD)",1056.00,W,N,A,-,Y,,,118,,,,,,,Y,4,0,1,2,A,-,03,22350,,N,D,C,A,A,H,-,A,D,0,,,,,Y,,A,01,0,0,1,0,0,0,0,0,0,"- ","- ",34.2637,-119.00309,VENTURA,UNINCORPORATED,-119.00308998,34.263761170000002
90202122,2016,2016-06-15,9765,2016-06-08,1625,017675,,3,2,6,5604,0,1,2,,2,501,"US-101 S/B","RICE AVE O/C",1196.00,N,N,B,-,Y,,,101,,,,,,S,Y,3,0,1,2,A,-,03,22350,,N,C,C,A,A,H,-,A,D,0,,,,,Y,,A,01,0,1,0,0,0,0,0,0,0,"- ","- ",34.222990000000003,-119.14726,VENTURA,OXNARD,-119.14725824999999,34.223007150000001
90202458,2016,2016-06-15,9765,2016-06-12,2020,020917,,7,2,6,5608,0,1,2,,2,103,"US-101 S/B","FIGUEROA STREET",111.00,N,N,B,-,Y,,,101,,,,,,S,Y,4,0,1,3,A,-,03,22350,,N,C,C,A,A,H,-,D,D,0,,,,,Y,,A,01,0,0,1,0,0,0,0,0,0,"- ","- ",34.277299999999997,-119.2987,VENTURA,VENTURA,-119.29870017,34.277337060000001
90203377,2016,2016-06-16,9770,2016-06-10,1640,016383,,5,2,6,5607,0,1,2,,2,072,"US-101 N/B (VENTURA FREEWAY)","VENTU PARK ROAD",1056.00,N,N,A,-,Y,,,101,,,,,,N,N,4,0,1,2,A,-,03,22350,,F,C,C,A,A,H,-,A,D,0,,,,,Y,,A,08,0,0,1,0,0,0,0,0,0,"- ","- ",34.184510000000003,-118.91772,VENTURA,"THOUSAND OAKS",-118.91771946,34.184429739999999
90203973,2016,2016-06-17,9765,2016-06-14,1100,014535,,2,1,6,5608,0,1,2,,2,302,"US-101 N/B TO TELEPHONE RD","TELEPHONE RD",1584.00,S,N,B,-,Y,,,101,,,,R,,N,Y,4,0,1,1,A,-,08,22107,,N,E,I,A,A,H,-,A,D,0,,,,,Y,,A,01,0,0,1,0,0,0,0,0,0,"- ","- ",34.261560000000003,-119.22892,VENTURA,VENTURA,-119.22892,34.261560000000003
90204759,2016,2016-06-20,9765,2016-06-17,1545,016712,,5,2,9,5600,0,1,3,,1,055,"RT 118","ROSE AVE.",528.00,E,N,A,-,Y,,,118,,,,,,,N,4,0,1,3,A,-,03,22350,,N,C,C,A,A,H,-,A,A,0,,,,,Y,,A,01,0,0,1,0,0,0,0,0,0,"- ","- ",34.266080000000002,-119.12365,VENTURA,UNINCORPORATED,-119.12369858,34.266009179999998
90204987,2016,2016-06-20,9770,2016-06-05,1640,021296,,7,2,6,5607,0,1,2,,2,073,"US-101 S/B (VENTURA FREEWAY)","BORCHARD ROAD",2112.00,N,N,A,-,Y,,,101,,,,,,S,N,4,0,1,2,A,-,07,21658,A,N,B,C,A,A,H,-,A,D,0,,,Y,,Y,,A,01,0,0,1,0,0,0,0,0,1,"- ","- ",34.187040000000003,-118.93304999999999,VENTURA,"THOUSAND OAKS",-118.93305545,34.187026860000003
90208495,2016,2016-06-23,9770,2016-06-22,1525,012133,,3,2,9,5600,0,2,4,,2,079,"KANAN ROAD EASTBOUND","DOUBLETREE ROAD",37.00,W,N,A,-,N,,,,,,,,,,Y,4,0,1,2,A,-,03,22350,,N,C,C,A,A,H,-,A,A,0,,,,,Y,,A,01,0,0,1,0,0,0,0,0,0,"- ","- ",34.181080000000001,-118.76503,VENTURA,UNINCORPORATED,-118.76546214,34.181271189999997
90209761,2016,2016-06-27,9765,2016-06-17,2208,020001,,5,3,9,5600,0,1,2,,2,502,"US-101 NORTHBOUND","DEL NORTE BLVD",1500.00,S,N,A,-,Y,,,101,,,,,,N,Y,3,0,1,1,A,-,01,23152,A,N,E,I,A,A,H,-,D,D,0,,,,,Y,Y,D,22,0,1,0,0,0,0,0,0,0,"- ","- ",34.222180000000002,-119.12058999999999,VENTURA,UNINCORPORATED,-119.12058995,34.222149199999997
90210753,2016,2016-06-28,9765,2016-06-24,1615,017675,,5,2,5,5601,0,1,2,,2,504,"US-101 N/B","CARMEN DR.",1056.00,N,N,A,-,Y,,,101,,,,,,N,N,4,0,1,4,A,-,03,22350,,N,C,C,A,A,H,-,A,D,0,,,,,Y,,A,01,0,0,1,0,0,0,0,0,0,"- ","- ",34.218449999999997,-119.05946,VENTURA,CAMARILLO,-119.05946045,34.218444179999999
90214523,2015,2016-07-01,9765,2015-11-13,1200,020087,,5,1,9,5600,0,2,4,,2,490,"TELEGRAPH ROAD","BRIGGS ROAD",0.00,,Y,A,-,Y,,,,,,,,,,Y,1,1,1,2,A,-,12,21453,A,N,D,C,A,A,H,-,A,A,0,,,,,Y,,D,22,0,0,1,0,0,0,0,0,0,"- ","- ",34.3279,-119.10599999999999,VENTURA,UNINCORPORATED,-119.10596012000001,34.327910109999998
9021484,2019,2020-02-12,5604,2019-11-25,1822,4950,,1,5,6,5604,0,0,0,,0,032,"ALBANY DR","CHANNEL ISLANDS BL",0.00,,Y,A,D,N,,,,,,,,,,Y,2,0,1,2,A,-,12,21453,A,N,D,C,A,A,H,-,C,A,0,,,,,Y,,A,01,1,0,0,0,0,0,0,0,0,"- ","- ",34.173381805419922,-119.16754913330078,VENTURA,OXNARD,-119.16755676269531,34.173439025878906
90215581,2016,2016-07-05,9765,2016-06-23,1644,017599,,4,2,9,5600,0,3,5,,2,006,"HUENEME RD","RAYTHEON RD",63.00,W,N,A,-,N,,,,,,,,,,Y,2,0,1,2,A,-,03,22350,,N,C,C,A,A,H,-,A,D,0,,,Y,,Y,,C,02,1,0,0,0,0,0,0,0,1,"- ","- ",34.147030000000001,-119.1058,VENTURA,UNINCORPORATED,-119.11033795,34.146952079999998
9021685,2019,2020-01-15,5604,2019-11-23,1529,5401,,6,5,6,5604,0,0,0,,0,032,"SAVIERS RD","LAUREL ST",100.00,S,N,A,-,N,,,,,,,,,,Y,4,0,2,3,A,-,09,21801,A,N,D,C,A,A,H,-,A,D,0,,,,,Y,,-,"- ",0,0,2,0,0,0,0,0,0,"- ","- ",34.177330017089844,-119.17752075195312,VENTURA,OXNARD,-119.17760467529297,34.177074432373047
9021689,2019,2020-02-28,5604,2019-12-17,1729,4614,3,2,5,6,5604,0,0,0,,0,032,"E CHANNEL ISLANDS BL","GISLER AV",30.00,W,N,A,-,N,,,,,,,,,,Y,4,0,2,2,A,-,03,22350,,N,C,C,A,A,H,-,C,A,0,,,,,Y,,A,07,0,0,2,0,0,0,0,0,0,"- ","- ",34.173358917236328,-119.17265319824219,VENTURA,OXNARD,-119.17276763916016,34.17340087890625
90216894,2016,2016-07-06,9765,2016-06-22,0525,018490,,3,3,9,5600,0,1,2,,1,101,"US-101 S/B TO OLD PCH (MUSSEL SHOALS)","W. OLD PACIFIC COAST HIGHWAY",8.00,N,N,B,-,Y,,,,,,,,,,Y,4,0,2,4,A,-,03,22350,,N,E,I,A,A,H,-,C,D,0,,,,,Y,,A,08,0,0,2,0,0,0,0,0,0,"- ","- ",34.2121,-119.2636,VENTURA,UNINCORPORATED,,
90218715,2016,2016-07-08,9765,2016-06-16,0750,014823,,4,1,5,5601,0,1,2,,2,504,"US 101 NB","LAS POSAS RD.",691.00,S,N,A,-,Y,,,,,,,,,,Y,4,0,1,3,A,-,03,22350,,N,C,C,A,A,H,-,A,D,0,,,,,Y,,A,01,0,0,1,0,0,0,0,0,0,"- ","- ",34.21904,-119.06737,VENTURA,CAMARILLO,-119.06981,34.219299999999997
90218986,2016,2016-07-08,9765,2016-07-01,1227,014823,,5,1,6,5604,0,1,2,,2,501,"US 101 SB","ROSE AVE.",610.00,S,N,A,-,Y,,,,,,,,,,Y,4,0,1,1,A,-,08,22107,,N,E,I,A,A,H,-,A,D,0,,,,,Y,,A,01,0,0,1,0,0,0,0,0,0,"- ","- ",34.224319999999999,-119.15666,VENTURA,OXNARD,-119.15684309,34.224562730000002
90219016,2016,2016-07-18,9765,2016-07-06,1850,020808,,3,2,9,5600,0,3,5,,2,002,"TICO RD.","CRUZERO ST.",528.00,N,N,A,-,N,,,,,,,,,,Y,4,0,3,2,C,-,18,,,N,C,C,A,A,H,-,A,D,0,,,,,Y,,-,"- ",0,0,3,0,0,0,0,0,0,"- ","- ",34.436970000000002,-119.28469,VENTURA,UNINCORPORATED,-119.28477251,34.435218730000003
90219694,2016,2016-07-11,9765,2016-06-25,0128,020873,,6,3,6,5604,0,1,2,,2,530,"US-101 NB (VENTURA FWY)","SANTA CLARA O/C",906.00,N,N,A,-,Y,,,101,,,,,,N,Y,4,0,1,2,A,-,03,22350,,N,C,C,A,A,H,-,C,D,0,,,,Y,Y,,A,01,0,0,1,0,0,0,0,0,0,"- ","- ",34.222990000000003,-119.14533,VENTURA,OXNARD,-119.14533573999999,34.222931250000002
90220641,2016,2016-07-12,9765,2016-07-05,2107,017483,,2,2,9,5600,0,3,5,,2,006,"HUENEME ROAD","RAYTHEON ROAD",0.00,,Y,B,-,N,,,,,,,,,,Y,4,0,3,2,A,-,01,23152,A,N,D,C,A,A,H,-,C,A,0,,,,,Y,Y,A,01,0,0,3,0,0,0,0,0,0,"- ","- ",34.146970000000003,-119.11004,VENTURA,UNINCORPORATED,-119.11013004,34.146950019999998
90222296,2016,2016-07-13,9770,2016-06-28,1235,021306,,2,1,6,5607,0,2,4,,2,079,"KANAN ROAD","CONIFER STREET",0.00,,Y,A,-,N,,,,,,,,,,Y,4,0,1,2,A,-,12,21453,A,N,D,C,A,A,H,-,A,A,0,,,,,Y,,A,01,0,0,1,0,0,0,0,0,0,"- ","- ",34.170870000000001,-118.75857000000001,VENTURA,"THOUSAND OAKS",-118.75859013,34.170870110000003
90222363,2016,2016-07-13,9770,2016-06-30,1640,018332,,4,2,6,5607,0,2,4,,1,062,"POTRERO ROAD","TRENTWOOD DR.",1580.00,W,N,A,-,N,,,,,,,,,,Y,4,0,1,1,A,-,08,22107,,N,E,I,A,A,H,-,A,D,0,,,,,Y,,A,01,0,0,1,0,0,0,0,0,0,"- ","- ",34.14284,-118.88978,VENTURA,"THOUSAND OAKS",-118.88891356000001,34.142681189999998
90222607,2016,2016-07-14,9770,2016-07-02,1428,021296,,6,2,4,5690,0,1,3,,2,081,"SR-118 E/B (RONALD REAGAN FREEWAY)","COLLINS DRIVE",77.00,E,N,A,-,Y,,,118,,,,,,E,Y,3,0,3,2,A,-,03,22350,,N,C,C,A,A,H,-,A,D,0,,,,Y,Y,,D,22,0,1,2,0,0,0,0,0,0,"- ","- ",34.293480000000002,-118.84308,VENTURA,MOORPARK,-118.84307423,34.293258489999999
9022298,2019,2020-02-11,5608,2019-12-26,1820,527,29,4,5,6,5608,0,0,0,,0,001,"THOMPSON BL","OAK ST",6.00,E,N,A,-,N,,,,,,,,,,Y,3,0,1,2,A,-,09,21801,A,F,E,I,A,A,H,-,C,A,0,,,,,Y,,-,99,0,1,0,0,0,0,0,0,0,"- ","- ",,,VENTURA,VENTURA,-119.29463958740234,34.278251647949219
9022314,2019,2020-02-11,5608,2019-12-31,2030,437,,2,5,6,5608,0,0,0,,0,002,"HARBOR BL","SEAWARD AV",0.00,,Y,A,-,N,,,,,,,,,,Y,3,0,1,2,A,-,12,21453,,N,D,C,A,A,H,-,C,A,0,,,,,Y,Y,-,"- ",0,1,0,0,0,0,0,0,0,"- ","- ",,,VENTURA,VENTURA,-119.27024078369141,34.264858245849609
90223613,2016,2016-07-15,9765,2016-07-09,0420,018884,,6,3,6,5604,0,1,2,,2,301,"US-101 S/B TO SR-232 (VINEYARD AVE)","SR-232 (VINEYARD AVE)",121.00,S,N,A,-,Y,,,101,,,,R,,S,Y,2,0,1,1,A,-,01,23152,A,N,E,I,A,A,H,-,C,D,0,,,,,Y,Y,A,01,1,0,0,0,0,0,0,0,0,"- ","- ",34.23113,-119.17413000000001,VENTURA,OXNARD,-119.17413000000001,34.23113
9022376,2019,2020-02-28,5608,2019-12-21,1537,446,,6,5,6,5608,0,0,0,,0,004,"SOUTH VICTORIA AV","OLIVAS PARK",1584.00,N,N,B,-,N,,,,,,,,,,Y,4,0,1,2,A,-,03,22350,A,N,C,C,A,A,H,-,A,D,0,,,,,Y,,-,,0,0,1,0,0,0,0,0,0,"- ","- ",,,VENTURA,VENTURA,-119.21326446533203,34.248214721679688
90226245,2016,2016-07-27,9765,2016-07-18,2050,014736,,1,2,9,5600,0,3,5,,2,003,"HARBOR BOULEVARD","GONZALES ROAD",3168.00,S,N,A,-,N,,,,,,,,,,Y,4,0,1,2,A,-,08,22107,,N,B,C,A,A,H,-,D,D,0,,,,,Y,,A,01,0,0,1,0,0,0,0,0,0,"- ","- ",34.209980000000002,-119.24905,VENTURA,UNINCORPORATED,-119.24943369,34.210550730000001
90228329,2016,2016-07-22,9765,2016-07-18,2255,014736,,1,3,9,5600,0,3,5,,2,003,"HARBOR BOULEVARD","SANTA CLARA RIVER BRIDGE",528.00,S,N,A,-,N,,,,,,,,,,Y,3,0,1,1,A,-,01,23152,A,N,E,I,A,A,H,-,D,D,0,,,,,Y,Y,A,01,0,1,0,0,0,0,0,0,0,"- ","- ",34.2346,-119.25646,VENTURA,UNINCORPORATED,-119.25639868,34.232241620000003
90230116,2016,2016-07-26,9765,2016-07-20,1348,017395,,3,1,5,5601,0,1,2,,2,502,"US-101 N/B","CENTRAL AVE",412.00,S,N,A,-,Y,,,101,,,,,,N,Y,3,0,1,2,A,-,03,22350,,N,C,C,A,A,H,-,A,D,0,,,Y,,Y,,C,02,0,1,0,0,0,0,0,0,1,"- ","- ",34.221699999999998,-119.10056,VENTURA,CAMARILLO,-119.10055656,34.221739820000003