CASE_ID,ACCIDENT_YEAR,PROC_DATE,JURIS,COLLISION_DATE,COLLISION_TIME,OFFICER_ID,REPORTING_DISTRICT,DAY_OF_WEEK,CHP_SHIFT,POPULATION,CNTY_CITY_LOC,SPECIAL_COND,BEAT_TYPE,CHP_BEAT_TYPE,CITY_DIVISION_LAPD,CHP_BEAT_CLASS,BEAT_NUMBER,PRIMARY_RD,SECONDARY_RD,DISTANCE,DIRECTION,INTERSECTION,WEATHER_1,WEATHER_2,STATE_HWY_IND,CALTRANS_COUNTY,CALTRANS_DISTRICT,STATE_ROUTE,ROUTE_SUFFIX,POSTMILE_PREFIX,POSTMILE,LOCATION_TYPE,RAMP_INTERSECTION,SIDE_OF_HWY,TOW_AWAY,COLLISION_SEVERITY,NUMBER_KILLED,NUMBER_INJURED,PARTY_COUNT,PRIMARY_COLL_FACTOR,PCF_CODE_OF_VIOL,PCF_VIOL_CATEGORY,PCF_VIOLATION,PCF_VIOL_SUBSECTION,HIT_AND_RUN,TYPE_OF_COLLISION,MVIW,PED_ACTION,ROAD_SURFACE,ROAD_COND_1,ROAD_COND_2,LIGHTING,CONTROL_DEVICE,CHP_ROAD_TYPE,PEDESTRIAN_ACCIDENT,BICYCLE_ACCIDENT,MOTORCYCLE_ACCIDENT,TRUCK_ACCIDENT,NOT_PRIVATE_PROPERTY,ALCOHOL_INVOLVED,STWD_VEHTYPE_AT_FAULT,CHP_VEHTYPE_AT_FAULT,COUNT_SEVERE_INJ,COUNT_VISIBLE_INJ,COUNT_COMPLAINT_PAIN,COUNT_PED_KILLED,COUNT_PED_INJURED,COUNT_BICYCLIST_KILLED,COUNT_BICYCLIST_INJURED,COUNT_MC_KILLED,COUNT_MC_INJURED,PRIMARY_RAMP,SECONDARY_RAMP,LATITUDE,LONGITUDE,COUNTY,CITY,POINT_X,POINT_Y
90283152,2016,2016-10-04,9770,2016-09-23,1827,020549,,5,2,6,5609,0,1,3,,2,083,"SR-118 E/B (RONALD REAGAN FREEWAY)","ERRINGER ROAD",528.00,W,N,A,-,Y,,,118,,,,,,E,Y,3,0,2,2,A,-,03,22350,,N,C,C,A,A,H,-,A,D,0,,,,,Y,,A,01,0,2,0,0,0,0,0,0,0,"- ","- ",34.281939999999999,-118.76833000000001,VENTURA,"SIMI VALLEY",-118.76833032,34.282126669999997
90283957,2016,2016-10-05,9765,2016-09-28,1600,017675,,3,2,9,5600,0,1,3,,2,060,"SR-1 N/B","LAS POSAS RD.",271.00,N,N,A,-,Y,,,1,,,,,,N,N,3,0,1,2,A,-,08,22107,,N,H,G,A,A,H,-,A,D,0,,Y,,,Y,,L,04,0,1,0,0,0,0,1,0,0,"- ","- ",34.117649999999998,-119.08575,VENTURA,UNINCORPORATED,-119.08583736999999,34.117580340000004
90286091,2016,2016-10-06,9430,2016-10-02,1045,013402,,7,1,9,5600,0,1,3,,1,030,SR-33,"APACHE CANYON RD",600.00,S,N,A,-,Y,,,33,,,,,,,Y,4,0,1,1,A,-,08,22107,,N,E,J,A,A,H,-,A,D,0,,,,,Y,,D,22,0,0,1,0,0,0,0,0,0,"- ","- ",34.74689,-119.40724,VENTURA,UNINCORPORATED,-119.40721404999999,34.746918389999998
90287515,2016,2016-10-10,9765,2016-10-06,1250,020087,,4,1,9,5600,0,1,3,,1,022,"SR-150 (CASITAS PASS RD.)","COYOTE CREEK",50.00,W,N,A,-,Y,,,150,,,,,,,N,4,0,1,2,A,-,05,21460,A,M,B,C,A,A,H,-,A,D,0,,,,,Y,,D,22,0,0,1,0,0,0,0,0,0,"- ","- ",34.4116,-119.3608,VENTURA,UNINCORPORATED,-119.36089892,34.411696280000001
90289590,2016,2016-10-12,9765,2016-10-08,0905,015658,,6,1,9,5600,0,3,5,,2,006,"PORTRERO RD","VIA ACOSTA",2640.00,W,N,A,-,N,,,,,,,,,,N,2,0,1,1,A,-,08,22107,,N,F,A,A,A,H,-,A,D,0,,Y,,,Y,,L,04,1,0,0,0,0,0,1,0,0,"- ","- ",34.158360000000002,-119.99556,VENTURA,UNINCORPORATED,-118.99598837000001,34.158781959999999
90290114,2016,2016-10-12,9765,2016-10-10,1030,016712,,1,1,9,5600,0,1,3,,1,062,"SR-1 (PACIFIC COAST HIGHWAY)","MUGU ROCK",528.00,S,N,A,-,Y,,,,,,,,,,N,3,0,1,2,A,-,03,22350,,N,H,G,A,A,H,-,A,D,0,,Y,,Y,Y,,L,04,0,1,0,0,0,0,1,0,0,"- ","- ",34.051079999999999,-119.03183,VENTURA,UNINCORPORATED,,
90290859,2016,2016-10-13,9765,2016-10-05,0040,018884,,3,3,9,5600,0,3,5,,2,006,"RICE AVENUE","HUENEME ROAD",30.00,S,N,A,-,N,,,,,,,,,,Y,3,0,1,1,A,-,01,23152,A,N,E,I,A,A,H,-,C,A,0,,,,,Y,Y,A,01,0,1,0,0,0,0,0,0,0,"- ","- ",34.14716,-119.13697000000001,VENTURA,UNINCORPORATED,-119.13699,34.14716
9029170,2019,2020-02-03,5604,2019-12-10,0559,5592,,2,5,6,5604,0,0,0,,0,021,"N HARBOR BL","W 5TH ST W",0.00,,Y,A,-,N,,,,,,,,,,Y,4,0,2,2,A,-,08,22107,,N,A,C,A,A,H,-,B,A,0,,,,,Y,,D,22,0,0,2,0,0,0,0,0,0,"- ","- ",34.197788238525391,-119.24246978759766,VENTURA,OXNARD,-119.24250030517578,34.197799682617188
9029186,2019,2020-02-03,5604,2019-12-14,2259,5561,,6,5,6,5604,0,0,0,,0,032,"E LAUREL ST","MONTROSE ST",40.00,W,N,A,-,N,,,,,,,,,,Y,4,0,1,3,A,-,03,22350,,N,C,E,A,A,H,-,C,D,0,,,,,Y,Y,A,01,0,0,1,0,0,0,0,0,0,"- ","- ",34.177291870117188,-119.17537689208984,VENTURA,OXNARD,-119.17552947998047,34.177318572998047
90294022,2016,2016-10-17,9770,2016-10-11,0820,017732,,2,1,4,5690,0,1,3,,2,084,"SR-23 N/B (MOORPARK FREEWAY)","TIERRA REJADA ROAD",25.00,N,N,E,-,Y,,,23,,,,,,N,Y,4,0,1,3,A,-,03,22350,,N,C,C,A,A,H,-,A,D,0,,,,,Y,,A,01,0,0,1,0,0,0,0,0,0,"- ","- ",34.266889999999997,-118.85120999999999,VENTURA,MOORPARK,-118.85116177,34.266927680000002
90294288,2016,2016-10-18,9770,2016-10-13,2000,018690,,4,2,9,5600,0,2,4,,2,079,"KANAN ROAD","SMOKE TREE AVENUE",0.00,,Y,A,-,N,,,,,,,,,,Y,4,0,1,2,D,-,00,,,N,B,C,A,A,H,-,C,A,0,,,,,Y,,-,"- ",0,0,1,0,0,0,0,0,0,"- ","- ",34.175260000000002,-118.75919,VENTURA,UNINCORPORATED,-118.7593301,34.174880090000002
9029443,2019,2020-02-28,5604,2019-12-17,1730,4614,3,2,5,6,5604,0,0,0,,0,032,"E CHANNEL ISLANDS BL","GISLER AV",15.00,W,N,A,-,N,,,,,,,,,,Y,4,0,2,3,A,-,03,22350,,N,C,C,A,A,H,-,C,D,0,,,,,Y,,A,07,0,0,2,0,0,0,0,0,0,"- ","- ",34.173358917236328,-119.17265319824219,VENTURA,OXNARD,-119.17272186279297,34.17340087890625
9029520,2019,2020-01-31,5604,2019-12-17,0600,4914,,2,5,6,5604,0,0,0,,0,012,"SAINT MARYS DR","VILLANOVA AV",500.00,W,N,A,G,N,,,,,,,,,,Y,4,0,1,2,A,-,08,22107,,N,C,E,A,A,H,-,C,D,0,,,,,Y,,A,01,0,0,1,0,0,0,0,0,0,"- ","- ",34.22711181640625,-119.17342376708984,VENTURA,OXNARD,-119.17327117919922,34.226921081542969
90295740,2016,2016-10-19,9765,2016-09-29,1155,013549,,4,1,6,5604,0,1,2,,2,301,"US-101 S/B","VENTURA ROAD",1.00,S,N,A,-,Y,,,101,,,,,,S,Y,2,0,1,3,A,-,08,22107,,N,C,E,A,A,H,-,A,D,0,,,,Y,Y,,D,22,1,0,0,0,0,0,0,0,0,"- ","- ",34.241379999999999,-119.18731,VENTURA,OXNARD,-119.18727285999999,34.241475459999997
90297221,2016,2016-10-20,9765,2016-10-18,2325,014736,,2,3,9,5600,0,3,5,,2,004,"BARDSDALE AVENUE","SAN  CAYETANO STREET",1584.00,W,N,A,-,N,,,,,,,,,,Y,4,0,1,1,A,-,08,22107,,N,E,I,A,A,H,-,D,D,0,,,,,Y,,A,01,0,0,1,0,0,0,0,0,0,"- ","- ",34.221800000000002,-118.5723,VENTURA,UNINCORPORATED,-118.95598201999999,34.371616400000001
90298134,2016,2016-10-21,9765,2016-10-15,1825,020866,,6,2,6,5608,0,1,2,,2,302,"US-101 N/B","E. MAIN ST.",1584.00,N,N,A,-,Y,,,101,,,,,,N,Y,3,0,2,1,A,-,01,23152,A,N,E,J,A,A,H,-,B,D,0,,,,,Y,Y,A,07,0,2,0,0,0,0,0,0,0,"- ","- ",34.260039999999996,-119.24974,VENTURA,VENTURA,-119.24973977000001,34.26003953
90299136,2016,2016-10-24,9765,2016-10-21,1630,020302,,5,2,9,5600,0,1,3,,1,021,SR-33,"MUNSON CANYON CREEK",3696.00,N,N,A,-,Y,,,33,,,,,,,Y,4,0,1,1,A,-,08,22107,,N,F,A,A,A,H,-,A,D,0,,,Y,,Y,,C,02,0,0,1,0,0,0,0,0,1,"- ","- ",34.594630000000002,-119.30143,VENTURA,UNINCORPORATED,-119.30131075,34.594715069999999
90302070,2016,2016-10-26,9765,2016-10-23,0650,018001,,7,1,4,5606,0,1,3,,2,041,"SR-126 W/B","PALM AVE.",1056.00,W,N,A,-,Y,,,126,,,,,,W,Y,4,0,1,1,A,-,08,22107,,N,E,I,A,A,H,-,B,D,0,,,,,Y,,A,01,0,0,1,0,0,0,0,0,0,"- ","- ",34.343290000000003,-119.07266,VENTURA,"SANTA PAULA",-119.07262971,34.343237860000002
9030701,2019,2020-01-28,5609,2019-11-17,1617,488,,7,5,6,5609,0,0,0,,0,002,"MADERA RD","COUNTRY CLUB DR WEST",388.00,E,N,A,-,N,,,,,,,,,,Y,4,0,1,3,A,-,03,22350,,N,C,C,A,A,H,-,A,A,0,,,,,Y,,A,01,0,0,1,0,0,0,0,0,0,"- ","- ",34.251659393310547,-118.82230377197266,VENTURA,"SIMI VALLEY",-118.82112121582031,34.252113342285156
90311344,2016,2016-11-04,9765,2016-11-02,0905,015117,,3,1,9,5600,0,1,3,,2,060,"PLEASANT VALLEY RD",SR-34,15.00,S,N,A,-,N,,,,,,,,,,Y,4,0,1,2,D,-,00,,,N,B,C,A,A,H,-,A,D,0,,,,Y,Y,,-,"- ",0,0,1,0,0,0,0,0,0,"- ","- ",34.205469999999998,-119.04062,VENTURA,UNINCORPORATED,-119.04052950000001,34.205480999999999
9031443,2020,2020-05-15,5600,2020-01-22,1253,4501,8260,3,5,5,5601,0,0,0,,0,08D,"SANTA ROSA RD","VERDUGO WY",43.00,N,N,A,-,N,,,,,,,,,,Y,3,0,2,3,A,-,03,22350,,N,C,C,A,A,H,-,A,A,0,,,,Y,Y,,F,27,0,1,1,0,0,0,0,0,0,"- ","- ",,,VENTURA,CAMARILLO,-119.00621795654297,34.216667175292969
90314463,2016,2016-11-08,9770,2016-11-05,1816,019930,,6,2,6,5607,0,1,2,,2,072,"US-101 N/B (VENTURA FREEWAY)","LYNN ROAD",550.00,N,N,A,-,Y,,,101,,,,,,N,Y,3,0,2,2,A,-,07,21658,A,F,B,C,A,A,H,-,D,D,0,,,,,Y,,-,99,0,1,1,0,0,0,0,0,0,"- ","- ",34.184519999999999,-118.89387000000001,VENTURA,"THOUSAND OAKS",-118.89387575000001,34.184497749999998
90314525,2016,2016-11-08,9770,2016-11-05,1000,020169,,6,1,9,5600,0,2,4,,1,062,"POTRERO ROAD","HIDDEN VALLEY ROAD",100.00,W,N,A,-,N,,,,,,,,,,N,3,0,1,2,B,-,22,,,N,H,G,A,A,H,-,A,D,0,,Y,,,Y,,L,04,0,1,0,0,0,0,1,0,0,"- ","- ",34.155729999999998,-118.92192,VENTURA,UNINCORPORATED,-118.9217817,34.15575681
90314672,2016,2016-11-09,9765,2016-11-07,1145,019057,,1,1,9,5600,0,1,3,,1,020,SR-33,"WILLEY ST",265.00,N,N,A,-,Y,,,33,,,,,,,Y,4,0,1,2,A,-,03,22350,,N,C,C,A,A,H,-,A,D,0,,,,,Y,,D,22,0,0,1,0,0,0,0,0,0,"- ","- ",34.41534,-119.29403000000001,VENTURA,UNINCORPORATED,-119.29405541,34.415348989999998
90315932,2016,2016-11-10,9765,2016-11-08,0745,018001,,2,1,9,5600,0,1,3,,1,022,"SR-150 (CASITAS VISTA RD.)","RANCH RD.",3960.00,W,N,A,-,Y,,,150,,,,,,,Y,4,0,1,2,A,-,03,22350,,N,C,C,A,A,D,-,A,A,0,,,,,Y,,A,01,0,0,1,0,0,0,0,0,0,"- ","- ",34.42409,-119.32744,VENTURA,UNINCORPORATED,-119.32741461000001,34.424067540000003
90317258,2016,2016-11-11,9770,2016-11-09,0850,019276,,3,1,9,5600,0,1,3,,1,050,"SR-118 W/B (LOS ANGELES AVENUE)","SAND CANYON ROAD",780.00,E,N,A,-,Y,,,118,,,,,,W,Y,4,0,1,2,A,-,03,22350,,N,C,C,A,A,H,-,A,D,0,,,,,Y,,A,01,0,0,1,0,0,0,0,0,0,"- ","- ",34.265999999999998,-118.97414999999999,VENTURA,UNINCORPORATED,-118.97414571,34.265971970000003
90318859,2016,2016-11-14,9765,2016-11-12,1520,020302,,6,2,9,5600,0,1,3,,1,021,SR-33,"LOWER TUNNEL",6.00,N,N,A,-,Y,,,33,,,,,,,Y,3,0,1,1,A,-,03,22350,,N,E,I,A,A,H,-,A,A,0,,,Y,,Y,,C,02,0,1,0,0,0,0,0,0,1,"- ","- ",34.507890000000003,-119.2754,VENTURA,UNINCORPORATED,-119.27542194999999,34.507915300000001
90319682,2016,2016-11-15,9765,2016-07-02,2145,020540,,6,2,9,5600,0,2,S,,2,063,"RICE AVENUE SOUTHBOUND","CHANNEL ISLANDS BOULEVARD",3168.00,N,N,A,-,N,,,,,,,,,,Y,1,1,1,2,A,-,01,23152,A,N,C,C,A,A,H,-,C,D,0,,,Y,,Y,Y,C,02,0,0,1,0,0,0,0,1,0,"- ","- ",34.1785,-119.14266000000001,VENTURA,UNINCORPORATED,-119.14255694000001,34.181904420000002
90325243,2016,2016-11-21,9770,2016-11-11,1330,016383,,5,1,6,5607,0,1,2,,2,073,"US-101 S/B (VENTURA FREEWAY)","WENDY DRIVE",1056.00,S,N,A,-,Y,,,101,,,,,,S,Y,4,0,2,3,A,-,03,22350,,N,C,C,A,A,H,-,A,D,0,,,,,Y,,A,01,0,0,2,0,0,0,0,0,0,"- ","- ",34.186779999999999,-118.93228000000001,VENTURA,"THOUSAND OAKS",-118.93230659,34.186715960000001
90325292,2016,2016-11-21,9770,2016-11-18,1725,020549,,5,2,9,5600,0,1,3,,1,050,"SR-118 W/B (LOS ANGELES AVENUE)","BALCOM CANYON ROAD",2640.00,W,N,A,-,Y,,,118,,,,,,W,Y,4,0,1,3,A,-,03,22350,,N,C,C,A,A,H,-,D,D,0,,,,,Y,,D,22,0,0,1,0,0,0,0,0,0,"- ","- ",34.268790000000003,-118.9558,VENTURA,UNINCORPORATED,-118.95580394,34.26881599
9032599,2020,2020-03-11,5608,2020-01-08,1539,495,,3,5,6,5608,0,0,0,,0,002,"POLI ST","SEAWARD AV",0.00,,Y,A,-,N,,,,,,,,,,N,3,0,1,2,A,-,08,22107,,N,G,B,B,A,H,-,A,D,0,Y,,,,Y,,A,07,0,1,0,0,1,0,0,0,0,"- ","- ",,,VENTURA,VENTURA,-119.26355743408203,34.278709411621094
9032607,2020,2020-03-11,5608,2020-01-09,1527,459,5608,4,5,6,5608,0,0,0,,0,003,"KIMBALL RD","RT 126",200.00,S,N,A,-,N,,,,,,,,,,Y,4,0,2,4,A,-,03,22350,,N,C,C,A,A,H,-,A,A,0,,,,,Y,,A,01,0,0,2,0,0,0,0,0,0,"- ","- ",,,VENTURA,VENTURA,-119.19087982177734,34.274639129638672
9032623,2020,2020-03-13,5608,2020-01-02,1941,528,VENTU,4,5,6,5608,0,0,0,,0,002,"MAIN ST",MILLS,66.00,W,N,A,-,N,,,,,,,,,,N,3,0,1,2,A,-,03,22350,,N,C,D,A,A,H,-,C,A,0,,,,,Y,,-,,0,1,0,0,0,0,0,0,0,"- ","- ",,,VENTURA,VENTURA,-119.24625396728516,34.265117645263672
90328295,2016,2016-11-23,9765,2016-11-15,1735,019988,,2,2,9,5600,0,3,5,,2,004,"VIOLETA ST. (1100 BLOCK)","LOS ANGELES AVENUE",173.00,E,N,A,-,N,,,,,,,,,,N,3,0,2,3,A,-,11,21954,A,N,G,B,D,A,H,-,C,D,0,Y,,,,Y,,N,60,0,2,0,0,2,0,0,0,0,"- ","- ",34.204000000000001,-119.11190000000001,VENTURA,UNINCORPORATED,-119.14874,34.284354909999998
90328827,2016,2016-11-23,9765,2016-11-11,1635,015696,,5,2,6,5608,0,1,2,,2,301,"US 101 SOUTHBOUND (VENTURA FREEWAY)","MONTALVO OVERHEAD",700.00,S,N,A,-,Y,,,,,,,,,,Y,4,0,1,4,A,-,03,22350,,F,C,C,A,A,H,-,A,D,0,,,,,Y,,A,01,0,0,1,0,0,0,0,0,0,"- ","- ",34.249299999999998,-119.20529999999999,VENTURA,VENTURA,,
90331121,2016,2016-11-28,9765,2016-11-24,1500,015696,,4,2,6,5608,0,1,2,,2,302,"US 101 N/B TO SEAWARD AVENUE","SEAWARD AVENUE",22.00,S,N,A,-,Y,,,,,,,,,,N,4,0,2,2,A,-,03,22350,,N,C,C,A,A,H,-,A,D,0,,,,,Y,,A,01,0,0,2,0,0,0,0,0,0,"- ","- ",34.265099999999997,-119.26858,VENTURA,VENTURA,-119.26901762,34.265008100000003
90331257,2016,2016-11-28,9765,2016-11-23,1135,014823,,3,1,6,5604,0,1,2,,2,501,"US 101 SB","RICE AVENUE",1500.00,S,N,A,-,Y,,,,,,,,,,N,4,0,2,2,A,-,03,22350,,N,C,C,A,A,H,-,A,D,0,,,,Y,Y,,F,26,0,0,2,0,0,0,0,0,0,"- ","- ",34.222070000000002,-119.13271,VENTURA,OXNARD,-119.14239000000001,34.22251
90333016,2016,2016-11-30,9765,2016-11-20,0014,020873,,7,3,9,5600,0,3,5,,2,006,"PLEASANT VALLEY ROAD","AIRPORT WAY",5.00,W,N,A,-,N,,,,,,,,,,Y,3,0,1,1,A,-,01,23152,A,N,E,I,A,A,H,-,C,A,0,,,,,Y,Y,A,01,0,1,0,0,0,0,0,0,0,"- ","- ",34.20561,-119.07635999999999,VENTURA,UNINCORPORATED,-119.07634650999999,34.205620209999999
90333809,2016,2016-11-30,9765,2016-11-22,1355,017483,,2,1,6,5608,0,1,3,,2,010,"SR-33 N/B","WEST MAIN STREET",10.00,S,N,A,-,Y,,,33,,,,,,N,Y,2,0,1,1,A,-,08,22107,,N,F,A,A,A,H,-,A,D,0,,,Y,,Y,,C,02,1,0,0,0,0,0,0,0,1,"- ","- ",34.281460000000003,-119.30562999999999,VENTURA,VENTURA,-119.30561989,34.281457119999999
90333840,2016,2016-11-30,9765,2016-11-23,1725,015696,,3,2,9,5600,0,1,3,,1,055,"SR-118 (LOS ANGELES AVENUE)","LA VISTA AVENUE",1584.00,E,N,A,-,Y,,,118,,,,,,,N,4,0,1,2,A,-,03,22350,,N,C,C,A,A,H,-,D,D,0,,,,,Y,,D,22,0,0,1,0,0,0,0,0,0,"- ","- ",34.263669999999998,-119.08611999999999,VENTURA,UNINCORPORATED,-119.08612001,34.263673339999997
90334531,2016,2016-12-01,9765,2016-11-22,0600,015658,,2,1,6,5608,0,1,2,,1,104,"US 101 N/B TO CALIFORNIA ST.","CALIFORNIA STREET",500.00,S,N,A,-,Y,,,,,,,,,,Y,3,0,2,3,A,-,08,22107,,N,E,I,A,A,H,-,B,D,0,,,,,Y,,D,22,0,1,1,0,0,0,0,0,0,"- ","- ",34.2776,-119.29168,VENTURA,VENTURA,-119.29303,34.277549999999998
90336406,2016,2016-12-05,9765,2016-11-23,1222,014823,,3,1,5,5601,0,1,2,,2,504,"US 101 NB","LAS POSAS RD.",2100.00,S,N,A,-,Y,,,,,,,,,,N,3,0,1,3,A,-,08,22107,,N,F,A,A,A,H,-,A,D,0,,,Y,,Y,,A,01,0,1,0,0,0,0,0,0,1,"- ","- ",34.218699999999998,-119.06316,VENTURA,CAMARILLO,-119.06981,34.219299999999997
9033734,2020,2020-03-10,5604,2020-01-04,2311,5532,,6,5,6,5604,0,0,0,,0,024,"CHANNEL ISLANDS BL","C ST",100.00,W,N,A,-,N,,,,,,,,,,Y,4,0,1,1,A,-,07,21658,A,N,A,I,A,A,H,-,C,A,0,,,,,Y,,A,01,0,0,1,0,0,0,0,0,0,"- ","- ",34.173679351806641,-119.18110656738281,VENTURA,OXNARD,-119.18145751953125,34.173698425292969
9033738,2020,2020-03-10,5604,2020-01-01,0552,4868,,3,5,6,5604,0,0,0,,0,014,"GONZALES RD","VENTURA RD",100.00,E,N,A,-,N,,,,,,,,,,Y,3,0,1,1,A,-,08,22107,,N,A,I,A,A,H,-,B,D,0,,,,,Y,,A,01,0,1,0,0,0,0,0,0,0,"- ","- ",34.219268798828125,-119.19454956054688,VENTURA,OXNARD,-119.19431304931641,34.219348907470703
9033746,2020,2020-03-10,5604,2020-01-05,1735,5529,,7,5,6,5604,0,0,0,,0,023,"S OXNARD BL","WOOLEY RD",40.00,N,N,A,-,N,,,,,,,,,,Y,4,0,2,2,A,-,03,22350,,F,C,D,A,A,H,-,C,A,0,,,,,Y,,A,01,0,0,2,0,0,0,0,0,0,"- ","- ",34.186618804931641,-119.17748260498047,VENTURA,OXNARD,-119.17753601074219,34.190170288085938
90338214,2016,2016-12-06,9765,2016-11-30,1601,020585,,3,2,6,5604,0,1,2,,2,301,"US-101 SB","SR-232  (VINEYARD AVENUE)",350.00,N,N,A,-,Y,,,101,,,,,,S,Y,4,0,3,3,A,-,03,22350,,N,C,C,A,A,H,-,A,D,0,,,,,Y,,A,08,0,0,3,0,0,0,0,0,0,"- ","- ",34.234160000000003,-119.17501,VENTURA,OXNARD,-119.17517171,34.234017420000001
90343527,2016,2016-12-13,9765,2016-12-08,1400,020087,,4,2,9,5600,0,3,5,,2,002,"SANTA ANA BLVD.","VALLEY ROAD",10.00,W,N,A,-,N,,,,,,,,,,Y,3,0,1,2,A,-,03,22350,,N,C,C,A,A,H,-,A,D,0,,,Y,,Y,,A,07,0,1,0,0,0,0,0,0,1,"- ","- ",34.400500000000001,-119.30410000000001,VENTURA,UNINCORPORATED,-119.30415290000001,34.40062313
90344085,2016,2016-12-14,9765,2016-12-06,1955,019988,,2,2,9,5600,0,3,5,,2,006,"LAS POSAS RD.",SR-34,10.00,S,N,A,-,N,,,,,,,,,,N,4,0,1,2,A,-,03,22350,,M,C,C,A,A,H,-,C,A,0,,,,,Y,,A,01,0,0,1,0,0,0,0,0,0,"- ","- ",34.196100000000001,-119.06999999999999,VENTURA,UNINCORPORATED,-119.01009141999999,34.242681220000001
9034777,2019,2020-02-04,5604,2019-12-21,0744,5459,,6,5,6,5604,0,0,0,,0,032,"STATHAM BL","RT 1",0.00,,Y,A,-,N,,,,,,,,,,Y,4,0,2,2,A,-,12,21453,A,N,A,C,A,A,H,-,A,A,0,,,,,Y,,A,01,0,0,2,0,0,0,0,0,0,"- ","- ",34.179878234863281,-119.16523742675781,VENTURA,OXNARD,-119.16526794433594,34.179901123046875
9034932,2020,2020-10-19,5608,2020-01-15,0900,463,,3,5,6,5608,0,0,0,,0,004,"RT 101","VICTORIA AV",600.00,E,N,A,-,Y,VEN,7,101,-,R,24.450,H,-,N,N,4,0,1,2,A,-,03,22350,,N,C,C,A,A,H,-,A,D,0,,,,,Y,,A,01,0,0,1,0,0,0,0,0,0,"- ","- ",,,VENTURA,VENTURA,-119.2080078125,34.250797271728516
9035131,2020,2020-03-02,5604,2020-01-25,0729,5401,,6,5,6,5604,0,0,0,,0,031,"ROSE AV","CESAR CHAVEZ DR",50.00,N,N,E,-,N,,,,,,,,,,Y,4,0,1,1,A,-,03,22350,,N,E,J,A,B,H,-,A,A,0,,,Y,,Y,,C,02,0,0,1,0,0,0,0,0,1,"- ","- ",34.213100433349609,-119.15950012207031,VENTURA,OXNARD,-119.15965270996094,34.213279724121094
9035149,2020,2020-10-19,5600,2020-02-19,1146,1936,9154,3,5,6,5607,0,0,0,,0,9G01,"HAMPSHIRE RD","WILLOW LN",25.00,N,N,A,-,Y,VEN,7,101,-,-,1.493,R,4,S,Y,4,0,1,2,A,-,21,22106,,N,C,C,A,A,H,-,A,A,0,,,,,Y,,A,01,0,0,1,0,0,0,0,0,0,"- ","- ",,,VENTURA,"THOUSAND OAKS",-118.83599853515625,34.164707183837891
90352576,2016,2016-12-27,9765,2016-12-20,1305,017483,,2,1,9,5600,0,1,3,,1,022,"SR-150 (CASITAS PASS RD )","5528 SR-150 (CASITAS PASS RD)",153.00,E,N,A,-,Y,,,150,,,,,,,Y,3,0,1,2,A,-,03,22350,,N,A,C,A,A,H,-,A,D,0,,,,,Y,,A,01,0,1,0,0,0,0,0,0,0,"- ","- ",34.385660000000001,-119.41511,VENTURA,UNINCORPORATED,-119.41508342,34.3857176
9035289,2020,2020-11-03,5604,2020-01-25,1154,5214,,6,5,6,5604,0,0,0,,0,014,"RT 232","WALNUT DR",250.00,S,N,A,-,Y,VEN,7,232,-,-,1.140,H,-,N,Y,4,0,2,2,A,-,04,21703,,N,C,C,A,A,H,-,A,A,0,,,,,Y,,-,"- ",0,0,2,0,0,0,0,0,0,"- ","- ",34.241039276123047,-119.16635131835938,VENTURA,OXNARD,-119.16683959960938,34.24041748046875
90353868,2016,2016-12-27,9770,2016-12-15,1900,020998,,4,2,6,5609,0,1,3,,2,080,"SR-118 W/B (RONALD REAGAN FREEWAY)","LOS ALAMOS CANYON ROAD",400.00,E,N,C,-,Y,,,118,,,,,,W,Y,2,0,1,1,A,-,08,22107,,N,E,I,A,B,H,-,D,D,0,,,,,Y,,A,07,1,0,0,0,0,0,0,0,0,"- ","- ",34.291080000000001,-118.81009,VENTURA,"SIMI VALLEY",-118.81009327,34.29103903
90353975,2016,2016-12-27,9770,2016-12-16,0725,018572,,5,1,6,5607,0,1,3,,2,077,"SR-23 S/B (MOORPARK FREEWAY)","SUNSET HILLS BOULEVARD",300.00,S,N,C,E,Y,,,23,,,,,,S,Y,3,0,1,3,A,-,07,21658,A,N,B,C,A,B,H,-,A,D,0,,,,,Y,,A,08,0,1,0,0,0,0,0,0,0,"- ","- ",34.226669999999999,-118.84762000000001,VENTURA,"THOUSAND OAKS",-118.84765311,34.226685779999997
90355525,2016,2016-12-27,9770,2016-12-22,1820,020964,,4,2,6,5607,0,1,2,,2,072,"US-101 N/B TO MOORPARK ROAD","MOORPARK ROAD",528.00,S,N,A,-,Y,,,101,,,,R,,N,Y,4,0,3,4,A,-,03,22350,,N,C,C,A,A,H,-,C,D,0,,,,,Y,,D,22,0,0,3,0,0,0,0,0,0,"- ","- ",34.177430000000001,-118.87385999999999,VENTURA,"THOUSAND OAKS",-118.87385999999999,34.177430000000001
90357902,2016,2016-12-29,9765,2016-12-19,1510,020302,,1,2,9,5600,0,1,3,,1,023,SR-150,"CARNE ROAD",1100.00,W,N,A,-,Y,,,150,,,,,,,N,3,0,1,1,A,-,03,22350,,N,F,A,A,A,H,-,A,D,0,,Y,,,Y,,L,04,0,1,0,0,0,0,1,0,0,"- ","- ",34.446309999999997,-119.20962,VENTURA,UNINCORPORATED,-119.20961824,34.446334190000002
90358220,2016,2016-12-30,9765,2016-12-20,1500,015696,,2,2,6,5608,0,1,2,,2,302,"US 101 NORTHBOUND (VENTURA FREEWAY)","MONTALVO SPUR OVERHEAD",140.00,S,N,B,-,Y,,,,,,,,,,Y,4,0,3,3,A,-,03,22350,,N,C,C,A,A,H,-,A,D,0,,,,,Y,,A,01,0,0,3,0,0,0,0,0,0,"- ","- ",34.247570000000003,-119.20094,VENTURA,VENTURA,,