CASE_ID,ACCIDENT_YEAR,PROC_DATE,JURIS,COLLISION_DATE,COLLISION_TIME,OFFICER_ID,REPORTING_DISTRICT,DAY_OF_WEEK,CHP_SHIFT,POPULATION,CNTY_CITY_LOC,SPECIAL_COND,BEAT_TYPE,CHP_BEAT_TYPE,CITY_DIVISION_LAPD,CHP_BEAT_CLASS,BEAT_NUMBER,PRIMARY_RD,SECONDARY_RD,DISTANCE,DIRECTION,INTERSECTION,WEATHER_1,WEATHER_2,STATE_HWY_IND,CALTRANS_COUNTY,CALTRANS_DISTRICT,STATE_ROUTE,ROUTE_SUFFIX,POSTMILE_PREFIX,POSTMILE,LOCATION_TYPE,RAMP_INTERSECTION,SIDE_OF_HWY,TOW_AWAY,COLLISION_SEVERITY,NUMBER_KILLED,NUMBER_INJURED,PARTY_COUNT,PRIMARY_COLL_FACTOR,PCF_CODE_OF_VIOL,PCF_VIOL_CATEGORY,PCF_VIOLATION,PCF_VIOL_SUBSECTION,HIT_AND_RUN,TYPE_OF_COLLISION,MVIW,PED_ACTION,ROAD_SURFACE,ROAD_COND_1,ROAD_COND_2,LIGHTING,CONTROL_DEVICE,CHP_ROAD_TYPE,PEDESTRIAN_ACCIDENT,BICYCLE_ACCIDENT,MOTORCYCLE_ACCIDENT,TRUCK_ACCIDENT,NOT_PRIVATE_PROPERTY,ALCOHOL_INVOLVED,STWD_VEHTYPE_AT_FAULT,CHP_VEHTYPE_AT_FAULT,COUNT_SEVERE_INJ,COUNT_VISIBLE_INJ,COUNT_COMPLAINT_PAIN,COUNT_PED_KILLED,COUNT_PED_INJURED,COUNT_BICYCLIST_KILLED,COUNT_BICYCLIST_INJURED,COUNT_MC_KILLED,COUNT_MC_INJURED,PRIMARY_RAMP,SECONDARY_RAMP,LATITUDE,LONGITUDE,COUNTY,CITY,POINT_X,POINT_Y
91073277,2019,2019-09-12,9770,2019-09-06,0630,017732,,5,1,4,5690,0,1,3,,2,082,"SR-118 W/B (RONALD REAGAN FREEWAY)","ERRINGER ROAD",1500.00,W,N,A,-,Y,,,,,,,,,,Y,2,0,3,1,A,-,01,23152,A,N,E,I,A,A,H,-,A,D,0,,,,,Y,Y,A,01,3,0,0,0,0,0,0,0,0,"- ","- ",34.282501220703125,-118.76664733886719,VENTURA,MOORPARK,-118.76641845703125,34.282421112060547
91075068,2019,2019-09-16,9765,2019-09-05,0540,013206,,4,3,6,5608,0,1,3,,2,041,"SR-126 W/B","SR-118 (WELLS ROAD)",2100.00,E,N,A,-,Y,,,126,,,,,,W,Y,4,0,1,2,A,-,03,22350,,N,C,C,A,A,H,-,D,D,0,,,,,Y,,A,01,0,0,1,0,0,0,0,0,0,"- ","- ",34.293201446533203,-119.15049743652344,VENTURA,VENTURA,-119.15049743652344,34.293193817138672
91075329,2019,2019-09-16,9770,2019-09-09,1432,021911,,1,2,9,5600,0,1,3,,1,051,"SR-118 E/B (LOS ANGELES AVENUE)","SR-34 (SOMIS ROAD)",825.00,E,N,A,-,Y,,,118,,,,,,E,Y,4,0,1,2,A,-,09,21804,A,N,A,C,A,A,H,-,A,D,0,,,,,Y,,A,07,0,0,1,0,0,0,0,0,0,"- ","- ",34.263420104980469,-118.99186706542969,VENTURA,UNINCORPORATED,-118.99186706542969,34.263446807861328
91077146,2019,2019-09-18,9770,2019-09-10,1950,021420,,2,2,9,5600,0,1,3,,1,044,"SR-126 W/B (EAST TELEGRAPH ROAD)","HONEY LANE",250.00,W,N,A,-,Y,,,126,,,,,,W,Y,4,0,1,1,A,-,08,22107,,N,E,I,A,A,H,-,C,D,0,,,,,Y,,A,07,0,0,1,0,0,0,0,0,0,"- ","- ",34.400600433349609,-118.81706237792969,VENTURA,UNINCORPORATED,-118.81705474853516,34.400802612304688
91077297,2019,2019-09-18,9770,2019-09-11,2256,018305,,3,3,6,5607,0,1,2,,2,075,"US-101 S/B (VENTURA FREEWAY)","WESTLAKE BOULEVARD",225.00,S,N,A,-,Y,,,101,,,,,,S,Y,3,0,2,2,A,-,03,22350,,N,C,C,A,A,H,-,C,D,0,,,,,Y,,A,01,0,1,1,0,0,0,0,0,0,"- ","- ",34.157100677490234,-118.82440185546875,VENTURA,"THOUSAND OAKS",-118.82444763183594,34.157032012939453
91078031,2019,2019-09-19,9765,2019-09-11,1229,020924,,3,1,9,5600,0,3,5,,2,006,"PLEASANT VALLEY ROAD","FREEDOM PARK DRIVE",190.00,W,N,A,-,N,,,,,,,,,,Y,3,0,1,1,C,-,18,,,N,E,I,A,A,H,-,A,D,0,,,,,Y,,-,"- ",0,1,0,0,0,0,0,0,0,"- ","- ",34.205760955810547,-119.08775329589844,VENTURA,UNINCORPORATED,-119.08776092529297,34.205699920654297
91078665,2019,2019-09-19,9765,2019-09-11,1610,020001,,3,2,9,5600,0,1,3,,1,055,SR-118,"ROSE AVENUE",450.00,E,N,A,-,Y,,,118,,,,,,,N,4,0,1,2,A,-,03,22350,,N,C,C,A,A,H,-,A,D,0,,,,,Y,,A,01,0,0,1,0,0,0,0,0,0,"- ","- ",34.267189025878906,-119.12538146972656,VENTURA,UNINCORPORATED,-119.12538909912109,34.267169952392578
91080181,2019,2019-09-23,9765,2019-09-13,1530,021985,,5,2,6,5608,0,1,3,,1,020,"SR-33 S/B","STANLEY AVENUE",200.00,S,N,A,-,Y,,,33,,,,,,S,Y,3,0,1,2,A,-,08,22107,,N,B,C,A,A,H,-,A,D,0,,,,,Y,,A,08,0,1,0,0,0,0,0,0,0,"- ","- ",34.300701141357422,-119.302001953125,VENTURA,VENTURA,-119.302001953125,34.300704956054688
91080186,2019,2019-09-23,9770,2019-09-12,0825,017409,,4,1,6,5607,0,1,2,,2,075,"US-101 S/B (VENTURA FREEWAY)","WESTLAKE BOULEVARD",1584.00,N,N,A,-,Y,,,101,,,,,,S,Y,3,0,1,1,A,-,08,22107,,N,F,I,A,A,H,-,A,D,0,,,,,Y,,A,01,0,1,0,0,0,0,0,0,0,"- ","- ",34.160709381103516,-118.83055114746094,VENTURA,"THOUSAND OAKS",-118.83037567138672,34.160976409912109
91081700,2019,2019-09-24,9765,2019-09-15,1110,014967,,7,1,6,5608,0,1,2,,2,302,"US-101 N/B TO EAST MAIN STREET","EAST MAIN STREET",100.00,N,N,A,-,Y,,,101,,,,R,,N,N,4,0,1,2,A,-,03,22350,,N,C,C,A,A,H,-,A,A,0,,,,,Y,,A,07,0,0,1,0,0,0,0,0,0,"- ","- ",34.264808654785156,-119.24429321289062,VENTURA,VENTURA,-119.24429321289062,34.264808654785156
91082565,2019,2019-09-25,9765,2019-06-08,1415,022182,,6,2,9,5600,0,3,5,,2,002,"CASITAS VISTA ROAD","SANTA ANA ROAD",830.00,W,N,A,-,N,,,,,,,,,,Y,1,2,0,1,A,-,01,23152,F,N,E,I,A,A,H,-,A,D,0,,,,Y,Y,,F,27,0,0,0,0,0,0,0,0,0,"- ","- ",34.357948303222656,-119.31571960449219,VENTURA,UNINCORPORATED,-119.31639862060547,34.358016967773438
9108578,2020,2020-08-06,5604,2020-04-17,1840,5534,,5,5,6,5604,0,0,0,,0,021,"NEPTUNE SQ","MANDALAY BEACH RD",400.00,,N,A,-,N,,,,,,,,,,N,4,0,1,2,A,-,21,22106,,N,B,E,A,D,G,-,B,D,0,,,Y,,Y,,C,02,0,0,1,0,0,0,0,0,1,"- ","- ",34.187191009521484,-119.24188232421875,VENTURA,OXNARD,-119.24073028564453,34.188011169433594
91087164,2019,2019-09-30,9765,2019-09-20,1040,022296,,5,1,9,5600,0,1,3,,1,021,"SR-33  N/B (MARICOPA HIGHWAY)","POTRERO JOHN TRAIL",2640.00,S,N,A,-,Y,,,33,,,,,,N,Y,2,0,1,1,A,-,03,22350,,N,E,A,A,A,H,-,A,D,0,,,,,Y,,A,01,1,0,0,0,0,0,0,0,0,"- ","- ",34.584499359130859,-119.26509857177734,VENTURA,UNINCORPORATED,-119.26514434814453,34.584609985351562
9108723,2020,2020-11-13,5600,2020-05-29,1321,4550,9006,5,5,6,5607,0,0,0,,0,9A01,"MOORPARK RD","N MOORPARK RD 4500",880.00,S,N,A,-,N,,,,,,,,,,Y,3,0,1,1,A,-,08,22107,,N,E,I,A,A,H,-,A,D,0,,,,,Y,,A,07,0,1,0,0,0,0,0,0,0,"- ","- ",,,VENTURA,"THOUSAND OAKS",,
91093468,2019,2019-10-09,9770,2019-10-03,0644,017627,,4,1,9,5600,0,3,5,,2,005,"HITCH BOULEVARD","SR-118 (LOS ANGELES AVENUE)",1056.00,S,N,A,-,N,,,,,,,,,,N,4,0,1,2,A,-,05,21460,A,N,D,C,A,A,H,-,B,D,0,,,,Y,Y,,A,01,0,0,1,0,0,0,0,0,0,"- ","- ",34.272800445556641,-118.92539978027344,VENTURA,UNINCORPORATED,-118.92565155029297,34.272930145263672
91095658,2019,2019-10-11,9430,2019-10-10,1440,020504,,4,2,9,5600,0,2,4,,1,031,"SR-33 N/B","LOCKWOOD VALLEY RD",7392.00,N,N,A,-,Y,,,33,,,,,,N,N,2,0,1,1,A,-,08,22107,,N,F,J,A,A,H,-,A,D,0,,,Y,,Y,,C,02,1,0,0,0,0,0,0,0,1,"- ","- ",34.700088500976562,-119.37448883056641,VENTURA,UNINCORPORATED,-119.37445831298828,34.700111389160156
91095679,2019,2019-10-11,9770,2019-10-02,0729,016198,,3,1,6,5607,0,1,2,,2,073,"US-101 S/B (VENTURA FREEWAY)","LYNN ROAD",528.00,S,N,A,-,Y,,,101,,,,,,S,Y,3,0,1,3,A,-,07,21658,A,N,B,C,A,A,H,-,A,D,0,,,,,Y,,A,07,0,1,0,0,0,0,0,0,0,"- ","- ",34.182640075683594,-118.88990783691406,VENTURA,"THOUSAND OAKS",-118.88993072509766,34.182598114013672
91096263,2019,2019-10-14,9765,2019-09-29,2040,022337,,7,2,9,5600,0,3,5,,2,003,"VICTORIA AVENUE","GUM TREE ST",2640.00,N,N,A,-,N,,,,,,,,,,Y,3,0,1,2,A,-,08,22107,,F,E,I,A,A,H,-,D,D,0,,,,,Y,,A,01,0,1,0,0,0,0,0,0,0,"- ","- ",34.230800628662109,-119.21779632568359,VENTURA,UNINCORPORATED,-119.21779632568359,34.230800628662109
91098412,2019,2019-10-16,9770,2019-10-11,1335,021911,,5,1,9,5600,0,1,3,,1,044,"SR-126 W/B (EAST TELEGRAPH ROAD)","HONEY LANE (PRIVATE)",1450.00,W,N,A,-,Y,,,126,,,,,,W,Y,4,0,1,2,A,-,03,22350,,N,C,C,A,A,H,-,A,D,0,,,,,Y,,D,22,0,0,1,0,0,0,0,0,0,"- ","- ",34.400798797607422,-118.82096099853516,VENTURA,UNINCORPORATED,-118.82096099853516,34.400829315185547
91099116,2019,2019-10-16,9770,2019-10-12,1320,016383,,6,1,6,5607,0,1,2,,2,072,"US-101 N/B (VENTURA FREEWAY)","LYNN ROAD",300.00,S,N,A,-,Y,,,101,,,,,,N,Y,4,0,1,3,A,-,03,22350,,N,C,C,A,A,H,-,A,D,0,,,,,Y,,A,01,0,0,1,0,0,0,0,0,0,"- ","- ",34.182998657226562,-118.89019775390625,VENTURA,"THOUSAND OAKS",-118.89021301269531,34.182979583740234
9109923,2020,2020-08-21,5608,2020-06-07,1819,506,,7,5,6,5608,0,0,0,,0,004,"VICTORIA AV","TELEPHONE RD",5.00,N,N,A,-,N,,,,,,,,,,N,3,0,1,2,A,-,11,21956,A,N,G,B,E,A,H,-,A,A,0,Y,,,,Y,,N,60,0,1,0,0,1,0,0,0,0,"- ","- ",,,VENTURA,VENTURA,-119.21256256103516,34.265472412109375
91102766,2019,2019-10-22,9765,2019-10-10,0745,013555,,4,1,6,5604,0,1,2,,2,501,"US-101 S/B","RICE AVENUE",1537.00,N,N,A,-,Y,,,101,,,,,,S,Y,4,0,1,2,A,-,03,22350,,N,C,C,A,A,H,-,A,D,0,,,,,Y,,A,07,0,0,1,0,0,0,0,0,0,"- ","- ",34.223049163818359,-119.14756011962891,VENTURA,OXNARD,-119.14756011962891,34.223037719726562
91103107,2019,2019-10-22,9765,2019-10-10,1200,013206,,4,1,9,5600,0,3,5,,2,004,"CUMMINGS ROAD","TELEGRAPH ROAD",1150.00,N,N,A,G,N,,,,,,,,,,Y,3,0,1,1,A,-,08,22107,,N,E,I,A,A,H,-,A,D,0,,,,,Y,,A,08,0,1,0,0,0,0,0,0,0,"- ","- ",34.32659912109375,-119.11519622802734,VENTURA,UNINCORPORATED,-119.11503601074219,34.326416015625
91103723,2019,2019-10-23,9770,2019-10-17,1500,019930,,4,2,6,5607,0,1,2,,2,072,"US-101 N/B FROM LYNN ROAD","LYNN ROAD",20.00,N,N,A,-,Y,,,101,,,,R,,N,N,4,0,1,2,A,-,08,22107,,N,B,C,A,A,H,-,A,A,0,,,,,Y,,A,07,0,0,1,0,0,0,0,0,0,"- ","- ",34.183860778808594,-118.89151000976562,VENTURA,"THOUSAND OAKS",-118.89151000976562,34.183860778808594
91107152,2019,2019-10-25,9765,2019-10-15,1720,022296,,2,2,9,5600,0,1,3,,2,040,"SR-126 E/B","WELLS ROAD",3696.00,E,N,A,-,Y,,,126,,,,,,E,Y,4,0,1,2,A,-,03,22350,,N,C,C,A,A,H,-,A,D,0,,,,,Y,,A,07,0,0,1,0,0,0,0,0,0,"- ","- ",34.296001434326172,-119.14540100097656,VENTURA,UNINCORPORATED,-119.14542388916016,34.296035766601562
91109050,2019,2019-10-29,9765,2019-10-17,0650,014967,,4,1,9,5600,0,3,5,,2,003,"HARBOR BLVD.","GONZALEZ ROAD",917.00,S,N,A,-,N,,,,,,,,,,N,4,0,1,2,A,-,03,22350,,M,C,C,A,A,H,-,B,A,0,,,,,Y,,A,01,0,0,1,0,0,0,0,0,0,"- ","- ",34.216728210449219,-119.25199890136719,VENTURA,UNINCORPORATED,-119.25248718261719,34.2161865234375
91109276,2019,2019-10-29,9765,2019-10-20,0358,019034,,7,3,4,5606,0,1,3,,2,041,"SR-126 W/B","PECK ROAD",2321.00,W,N,A,-,Y,,,126,,,,,,W,Y,2,0,1,1,A,-,08,22107,,N,E,I,A,A,H,-,D,D,0,,,,,Y,,A,07,1,0,0,0,0,0,0,0,0,"- ","- ",34.333091735839844,-119.08830261230469,VENTURA,"SANTA PAULA",-119.08824157714844,34.333030700683594
91110224,2019,2019-10-30,9765,2019-10-07,0828,014967,,1,1,6,5608,0,1,2,,2,302,"US-101 N/B TO VICTORIA AVENUE","VICTORIA AVENUE",792.00,S,N,A,-,Y,,,,,,,,,,Y,4,0,1,2,A,-,03,22350,,N,C,C,A,A,H,-,A,D,0,,,,,Y,,A,01,0,0,1,0,0,0,0,0,0,"- ","- ",34.255760192871094,-119.20989990234375,VENTURA,VENTURA,-119.21080780029297,34.252590179443359
91112266,2019,2019-11-04,9770,2019-10-23,0751,016198,,3,1,6,5607,0,1,2,,2,072,"US-101 N/B (VENTURA FREEWAY)","WENDY DRIVE",1848.00,S,N,A,-,Y,,,101,,,,,,N,Y,3,0,1,4,A,-,03,22350,,M,C,C,A,A,H,-,A,D,0,,,,,Y,,D,22,0,1,0,0,0,0,0,0,0,"- ","- ",34.18743896484375,-118.93341827392578,VENTURA,"THOUSAND OAKS",-118.93343353271484,34.187400817871094
91115077,2019,2019-11-06,9770,2019-11-01,1310,016383,,5,1,6,5607,0,1,2,,2,072,"US-101 N/B FROM MOORPARK ROAD","MOORPARK ROAD",300.00,N,N,A,-,Y,,,101,,,,R,,N,N,4,0,1,2,A,-,03,22350,,N,C,C,A,A,H,-,A,A,0,,,,,Y,,A,07,0,0,1,0,0,0,0,0,0,"- ","- ",34.177700042724609,-118.87729644775391,VENTURA,"THOUSAND OAKS",-118.87729644775391,34.177700042724609
91115144,2019,2019-11-06,9765,2019-10-27,1845,022408,,7,2,9,5600,0,3,5,,2,006,"RICE AVENUE","CHANNEL ISLAND BLVD.",20.00,N,N,A,-,N,,,,,,,,,,N,4,0,1,2,A,-,01,23152,A,F,C,C,A,A,H,-,D,D,0,,,,,Y,Y,A,01,0,0,1,0,0,0,0,0,0,"- ","- ",34.173099517822266,-119.14260101318359,VENTURA,UNINCORPORATED,-119.14266204833984,34.173263549804688
91115911,2019,2019-11-07,9770,2019-11-02,1600,020169,,6,2,6,5609,0,1,3,,2,083,"SR-118 E/B (RONALD REAGAN FREEWAY)","KUEHNER DRIVE",600.00,E,N,A,-,Y,,,118,,,,,,E,Y,2,0,1,1,A,-,08,22107,,N,F,I,A,A,H,-,A,D,0,,,,,Y,,A,01,1,0,0,0,0,0,0,0,0,"- ","- ",34.278301239013672,-118.66091156005859,VENTURA,"SIMI VALLEY",-118.66082000732422,34.278507232666016
91116005,2019,2019-11-07,9765,2019-10-06,1520,020334,,7,2,6,5608,0,1,2,,2,103,"SR-33 S/B TO U.S. 101 S/B","FIGUEROA STREET",500.00,N,N,A,-,Y,,,,,,,,,,Y,4,0,2,2,A,-,03,22350,,N,C,C,A,A,H,-,A,D,0,,,,,Y,,A,01,0,0,2,0,0,0,0,0,0,"- ","- ",34.277198791503906,-118.29952239990234,VENTURA,VENTURA,,
91120318,2019,2019-11-14,9765,2019-11-04,1740,022318,,1,2,9,5600,0,3,5,,2,004,"TELEGRAPH ROAD","CUMMINGS ROAD",0.00,,Y,A,-,N,,,,,,,,,,Y,3,0,1,2,A,-,09,21801,A,N,D,C,A,A,H,-,C,D,0,,,,,Y,,D,22,0,1,0,0,0,0,0,0,0,"- ","- ",34.323860168457031,-119.11289215087891,VENTURA,UNINCORPORATED,-119.11282348632812,34.323848724365234
91124026,2019,2019-11-19,9770,2019-11-11,2205,021911,,1,3,9,5600,0,1,3,,1,057,"SR-23 (GRIMES CANYON ROAD)","BARDSDALE AVENUE",10560.00,S,N,A,-,Y,,,23,,,,,,,Y,2,0,1,1,A,-,08,22107,,N,F,A,A,A,H,-,D,D,0,,,,Y,Y,,G,26,1,0,0,0,0,0,0,0,0,"- ","- ",34.344459533691406,-118.9122314453125,VENTURA,UNINCORPORATED,-118.91223907470703,34.344451904296875
91130177,2019,2019-11-26,9765,2019-11-17,1430,022318,,7,2,5,5601,0,1,2,,2,504,"US-101 N/B TO CAMARILLO SPRINGS ROAD","CAMARILLO SPRINGS ROAD",165.00,N,N,A,-,Y,,,101,,,,R,,N,Y,3,0,1,1,A,-,03,22350,,N,E,I,A,A,H,-,A,D,0,,,Y,,Y,Y,C,02,0,1,0,0,0,0,0,0,1,"- ","- ",34.205600738525391,-118.98390197753906,VENTURA,CAMARILLO,-118.98390197753906,34.205600738525391
91131341,2019,2019-11-27,9765,2019-11-25,1450,021522,,1,2,6,5608,0,1,2,,2,302,"US-101 N/B","VICTORIA AVENUE",2640.00,S,N,A,-,Y,,,101,,,,,,N,N,4,0,1,2,A,-,03,22350,,N,C,C,A,A,H,-,A,D,0,,,,,Y,,A,07,0,0,1,0,0,0,0,0,0,"- ","- ",34.248809814453125,-119.20349884033203,VENTURA,VENTURA,-119.20349884033203,34.248821258544922
91131437,2019,2019-11-27,9765,2019-11-16,1712,022340,,6,2,6,5608,0,1,2,,2,503,"US-101 S/B","CAMARILLO SPRINGS ROAD",1584.00,N,N,A,-,Y,,,,,,,,,,Y,3,0,2,3,C,-,18,,,N,E,J,A,A,H,-,D,D,0,,,,,Y,,-,"- ",0,2,0,0,0,0,0,0,0,"- ","- ",34.205528259277344,-119.98921203613281,VENTURA,VENTURA,,
91132361,2019,2019-12-02,9770,2019-11-21,1750,019276,,4,2,6,5609,0,1,3,,2,083,"SR-118 E/B (RONALD REAGAN FREEWAY)","ROCKY PEAK ROAD",3168.00,W,N,A,-,Y,,,118,,,,,,E,Y,4,0,2,3,A,-,03,22350,,N,C,C,A,A,H,-,D,D,0,,,,,Y,,A,01,0,0,2,0,0,0,0,0,0,"- ","- ",34.268581390380859,-118.64555358886719,VENTURA,"SIMI VALLEY",-118.64557647705078,34.268543243408203
9113472,2020,2020-10-20,5600,2020-06-19,1859,4498,8050,5,5,5,5601,0,0,0,,0,8A01,"CENTRAL AV","DEL NORTE RD",173.00,E,N,A,-,N,,,,,,,,,,Y,4,0,1,2,A,-,01,23153,B,N,H,C,A,A,H,-,A,A,0,,,,,Y,Y,A,07,0,0,1,0,0,0,0,0,0,"- ","- ",,,VENTURA,CAMARILLO,-119.10332489013672,34.223701477050781
91138017,2019,2019-12-06,9765,2019-11-19,1642,022340,,2,2,9,5600,0,1,2,,2,501,"US-101 S/B","ROSE AVENUE",1056.00,S,N,A,-,Y,,,,,,,,,,Y,4,0,1,3,A,-,03,22350,,N,C,C,A,A,H,-,C,D,0,,,,,Y,,D,22,0,0,1,0,0,0,0,0,0,"- ","- ",34.223491668701172,-119.15248107910156,VENTURA,UNINCORPORATED,,
91138242,2019,2019-12-10,9770,2019-12-02,0840,016383,,1,1,6,5607,0,1,3,,2,077,"SR-23 S/B (MOORPARK FREEWAY)","SUNSET HILLS BLVD",528.00,S,N,A,-,Y,,,23,,,,,,S,Y,4,0,1,2,A,-,03,22350,,N,C,C,A,A,H,-,A,D,0,,,,,Y,,A,01,0,0,1,0,0,0,0,0,0,"- ","- ",34.2239990234375,-118.84880065917969,VENTURA,"THOUSAND OAKS",-118.84889984130859,34.224044799804688
91138548,2019,2019-12-10,9770,2019-12-05,1840,018942,,4,2,9,5600,0,2,4,,1,088,"BOX CANYON ROAD","BRYANT DRIVE",4224.00,S,N,A,-,N,,,,,,,,,,Y,3,0,1,1,A,-,08,22107,,N,E,I,A,A,H,-,D,D,0,,,,,Y,,A,01,0,1,0,0,0,0,0,0,0,"- ","- ",34.249099731445312,-118.65029907226562,VENTURA,UNINCORPORATED,-118.6507568359375,34.241798400878906
91138571,2019,2019-12-10,9765,2019-11-27,0930,016420,,3,1,6,5604,0,1,2,,2,302,"US-101 N/B FROM OXNARD BLVD.","OXNARD BLVD.",225.00,N,N,C,-,Y,,,101,,,,R,,N,Y,4,0,1,2,A,-,03,22350,,N,D,C,A,B,H,-,A,D,0,,,,,Y,,A,01,0,0,1,0,0,0,0,0,0,"- ","- ",34.240131378173828,-119.18186187744141,VENTURA,OXNARD,-119.18186187744141,34.240131378173828
91139291,2019,2019-12-10,9765,2019-11-27,0345,020497,,3,3,9,5600,0,3,5,,2,004,"SOUTH MOUNTAIN ROAD","MORGAN CANYON ROAD",6336.00,E,N,B,C,N,,,,,,,,,,Y,3,0,1,1,A,-,03,22350,,N,E,I,A,B,H,-,D,D,0,,,,,Y,,A,01,0,1,0,0,0,0,0,0,0,"- ","- ",34.352088928222656,-119.03008270263672,VENTURA,UNINCORPORATED,-119.03008270263672,34.352088928222656
91140435,2019,2019-12-10,9765,2019-11-30,1505,020729,,6,2,9,5600,0,3,5,,2,006,"COTHARIN ROAD","MIPOLOMOL ROAD",792.00,W,N,B,C,N,,,,,,,,,,Y,3,0,1,1,A,-,08,22107,,N,E,I,A,B,H,-,A,D,0,,,,,Y,,D,22,0,1,0,0,0,0,0,0,0,"- ","- ",34.092620849609375,-118.96067810058594,VENTURA,UNINCORPORATED,-118.95909118652344,34.094104766845703
9114158,2020,2020-08-31,5600,2020-06-13,1955,2833,9068,6,5,6,5607,0,0,0,,0,9B01,"ERBES RD","LA GRANADA DR",0.00,,Y,A,-,N,,,,,,,,,,,2,0,1,1,A,-,03,22350,,N,H,G,A,A,H,-,A,A,0,,Y,,,Y,,L,04,1,0,0,0,0,0,1,0,0,"- ","- ",34.191001892089844,-118.8466796875,VENTURA,"THOUSAND OAKS",-118.84293365478516,34.194358825683594
91142387,2019,2019-12-12,9765,2019-12-02,2213,019884,,1,3,9,5600,0,3,5,,2,006,"RAYTHEON ROAD","HUENEME ROAD",2500.00,S,N,A,-,N,,,,,,,,,,Y,4,0,1,1,A,-,01,23152,A,N,E,I,A,A,H,-,D,D,0,,,,,Y,Y,A,01,0,0,1,0,0,0,0,0,0,"- ","- ",34.141658782958984,-119.10533905029297,VENTURA,UNINCORPORATED,-119.10572814941406,34.142120361328125
91145661,2019,2019-12-17,9765,2019-12-06,1500,017253,,5,2,4,5606,0,1,3,,2,040,"SR-126 E/B TO PECK ROAD","PECK ROAD",635.00,W,N,B,C,Y,,,126,,,,R,,E,Y,3,0,1,1,A,-,03,22350,,N,F,A,A,B,H,-,A,D,0,,,,,Y,,A,01,0,1,0,0,0,0,0,0,0,"- ","- ",34.335918426513672,-119.08434295654297,VENTURA,"SANTA PAULA",-119.08434295654297,34.335918426513672
91147338,2019,2019-12-19,9770,2019-12-10,1700,021082,,2,2,9,5600,0,2,4,,1,088,"BOX CANYON ROAD","LOS ANGELES/VENTURA COUNTY LINE",70.00,N,N,A,-,N,,,,,,,,,,Y,4,0,1,2,A,-,05,21460,A,N,A,C,A,A,H,-,D,D,0,,,Y,,Y,Y,C,02,0,0,1,0,0,0,0,0,1,"- ","- ",34.240379333496094,-118.65016937255859,VENTURA,UNINCORPORATED,-118.65007019042969,34.240451812744141
91152031,2019,2019-12-24,9770,2019-12-18,1550,021341,,3,2,6,5607,0,1,2,,2,074,"US-101 N/B (VENTURA FREEWAY)","CONEJO SCHOOL ROAD",317.00,N,N,A,-,Y,,,101,,,,,,N,N,4,0,1,3,A,-,03,22350,,N,C,C,A,A,H,-,A,D,0,,,,,Y,,A,07,0,0,1,0,0,0,0,0,0,"- ","- ",34.172428131103516,-118.84707641601562,VENTURA,"THOUSAND OAKS",-118.84712219238281,34.172370910644531
91152125,2019,2019-12-24,9770,2019-12-15,0015,021895,,7,3,9,5600,0,3,5,,2,008,"DAPPLEGRAY ROAD","STIRRUP LN",90.00,S,N,A,-,N,,,,,,,,,,Y,3,0,1,1,A,-,01,23152,A,N,E,I,A,A,H,-,C,D,0,,,,,Y,Y,A,01,0,1,0,0,0,0,0,0,0,"- ","- ",34.211158752441406,-118.67127990722656,VENTURA,UNINCORPORATED,-118.67136383056641,34.211097717285156
9115284,2020,2020-09-01,5600,2020-06-11,1130,4045,9050,4,5,6,5607,0,0,0,,0,9B01,"JANSS RD","WINDSOR DR",0.00,,Y,A,-,N,,,,,,,,,,Y,4,0,2,2,A,-,09,21801,A,N,H,C,A,A,H,-,A,A,0,,,,,Y,,A,01,0,0,2,0,0,0,0,0,0,"- ","- ",34.199199676513672,-118.86113739013672,VENTURA,"THOUSAND OAKS",-118.86115264892578,34.199260711669922
9115285,2020,2020-09-01,5600,2020-06-05,1151,5481,9078,5,5,6,5607,0,0,0,,0,9B01,"HODENCAMP RD","WILBUR RD",330.00,N,N,A,-,N,,,,,,,,,,,3,0,1,1,-,-,"- ",,,N,F,A,A,A,H,-,A,D,0,,Y,,,Y,,L,04,0,1,0,0,0,0,1,0,0,"- ","- ",,,VENTURA,"THOUSAND OAKS",-118.86839294433594,34.186626434326172
9115317,2020,2020-08-28,5600,2020-06-07,1735,3147,9128,7,5,6,5607,0,0,0,,0,9H01,"LYNN RD","HILLCREST DR",9.00,N,N,A,-,N,,,,,,,,,,N,4,0,1,2,A,-,12,21453,A,M,G,B,B,A,H,-,A,A,0,Y,,,,Y,,D,22,0,0,1,0,1,0,0,0,0,"- ","- ",34.182750701904297,-118.89601135253906,VENTURA,"THOUSAND OAKS",-118.89226531982422,34.185768127441406