CASE_ID,ACCIDENT_YEAR,PROC_DATE,JURIS,COLLISION_DATE,COLLISION_TIME,OFFICER_ID,REPORTING_DISTRICT,DAY_OF_WEEK,CHP_SHIFT,POPULATION,CNTY_CITY_LOC,SPECIAL_COND,BEAT_TYPE,CHP_BEAT_TYPE,CITY_DIVISION_LAPD,CHP_BEAT_CLASS,BEAT_NUMBER,PRIMARY_RD,SECONDARY_RD,DISTANCE,DIRECTION,INTERSECTION,WEATHER_1,WEATHER_2,STATE_HWY_IND,CALTRANS_COUNTY,CALTRANS_DISTRICT,STATE_ROUTE,ROUTE_SUFFIX,POSTMILE_PREFIX,POSTMILE,LOCATION_TYPE,RAMP_INTERSECTION,SIDE_OF_HWY,TOW_AWAY,COLLISION_SEVERITY,NUMBER_KILLED,NUMBER_INJURED,PARTY_COUNT,PRIMARY_COLL_FACTOR,PCF_CODE_OF_VIOL,PCF_VIOL_CATEGORY,PCF_VIOLATION,PCF_VIOL_SUBSECTION,HIT_AND_RUN,TYPE_OF_COLLISION,MVIW,PED_ACTION,ROAD_SURFACE,ROAD_COND_1,ROAD_COND_2,LIGHTING,CONTROL_DEVICE,CHP_ROAD_TYPE,PEDESTRIAN_ACCIDENT,BICYCLE_ACCIDENT,MOTORCYCLE_ACCIDENT,TRUCK_ACCIDENT,NOT_PRIVATE_PROPERTY,ALCOHOL_INVOLVED,STWD_VEHTYPE_AT_FAULT,CHP_VEHTYPE_AT_FAULT,COUNT_SEVERE_INJ,COUNT_VISIBLE_INJ,COUNT_COMPLAINT_PAIN,COUNT_PED_KILLED,COUNT_PED_INJURED,COUNT_BICYCLIST_KILLED,COUNT_BICYCLIST_INJURED,COUNT_MC_KILLED,COUNT_MC_INJURED,PRIMARY_RAMP,SECONDARY_RAMP,LATITUDE,LONGITUDE,COUNTY,CITY,POINT_X,POINT_Y
9251594,2021,2021-05-03,5600,2021-04-05,0859,5133,9160,1,5,6,5607,0,0,0,,0,9D01,"THOUSAND OAKS BL","PACKARD CIR",0.00,,Y,A,-,N,,,,,,,,,,N,4,0,1,2,A,-,12,21453,A,N,D,C,A,A,H,-,A,A,0,,,,,Y,,A,01,0,0,1,0,0,0,0,0,0,"- ","- ",34.158298492431641,-118.82862091064453,VENTURA,"THOUSAND OAKS",-118.82440948486328,34.161697387695312
9251596,2021,2021-05-04,5600,2021-04-03,1212,5244,9128,6,5,6,5607,0,0,0,,0,9H01,"HILLCREST DR","LYNN RD",0.00,,Y,A,-,N,,,,,,,,,,Y,4,0,1,3,A,-,12,21453,A,N,D,C,A,A,H,-,A,A,0,,,,,Y,,A,01,0,0,1,0,0,0,0,0,0,"- ","- ",34.185699462890625,-118.8922119140625,VENTURA,"THOUSAND OAKS",-118.89225006103516,34.185752868652344
9251738,2021,2021-04-22,5604,2021-03-04,0638,5430,,4,5,6,5604,0,0,0,,0,031,"E 3RD ST","S CAMPTON DR",0.00,,Y,A,-,N,,,,,,,,,,Y,4,0,1,2,A,-,09,21801,B,F,D,C,A,A,H,-,A,D,0,,,,,Y,,A,01,0,0,1,0,0,0,0,0,0,"- ","- ",34.200458526611328,-119.16442108154297,VENTURA,OXNARD,-119.16444396972656,34.200477600097656
9251856,2021,2021-04-26,5600,2021-02-07,1909,3147,9154,7,5,6,5607,0,0,0,,0,9G01,"HILLCREST DR","WESTLAKE VISTA LN",0.00,,Y,A,-,N,,,,,,,,,,Y,3,0,1,2,A,-,01,23152,A,N,C,E,A,A,H,-,C,D,0,,,,,Y,Y,A,07,0,1,0,0,0,0,0,0,0,"- ","- ",34.175239562988281,-118.83757781982422,VENTURA,"THOUSAND OAKS",-118.83763885498047,34.175277709960938
9252425,2021,2021-04-23,5604,2021-03-18,1749,5530,,4,5,6,5604,0,0,0,,0,021,"WEST 5TH ST","HARBER BL",0.00,,Y,A,-,N,,,,,,,,,,Y,4,0,1,1,A,-,01,23152,A,N,A,I,A,A,H,-,A,A,0,,,,,Y,Y,A,07,0,0,1,0,0,0,0,0,0,"- ","- ",34.197788238525391,-119.24240112304688,VENTURA,OXNARD,-119.24250030517578,34.197803497314453
9252431,2021,2021-04-20,5604,2021-03-16,1341,4950,,2,5,6,5604,0,0,0,,0,032,"EL DORADO AV","SAN BENITO ST",300.00,N,N,A,-,N,,,,,,,,,,N,3,0,1,2,A,-,09,21804,A,N,D,G,A,A,H,-,A,D,0,,Y,,,Y,,L,04,0,1,0,0,0,0,1,0,0,"- ","- ",34.176048278808594,-119.14893341064453,VENTURA,OXNARD,-119.14898681640625,34.174583435058594
9252863,2021,2021-04-28,5604,2021-03-09,1951,5512,,2,5,6,5604,0,0,0,,0,023,"W WOOLEY RD","S C ST",0.00,,Y,A,-,N,,,,,,,,,,Y,4,0,1,3,A,-,12,21453,A,F,D,C,A,A,H,-,D,A,0,,,,,Y,Y,A,01,0,0,1,0,0,0,0,0,0,"- ","- ",34.189929962158203,-119.18109893798828,VENTURA,OXNARD,-119.18119049072266,34.189956665039062
9252871,2021,2021-04-28,5604,2021-03-06,0030,5539,,6,5,6,5604,0,0,0,,0,031,"E GONZALES RD","ENTRADA DR",300.00,S,N,A,-,N,,,,,,,,,,Y,3,0,2,2,A,-,01,23152,A,N,A,C,A,A,H,-,C,D,0,,,,,Y,Y,A,01,0,1,1,0,0,0,0,0,0,"- ","- ",34.218288421630859,-119.1702880859375,VENTURA,OXNARD,-119.17227172851562,34.218971252441406
9254002,2021,2021-05-04,5600,2021-04-15,1327,4527,9128,4,5,6,5607,0,0,0,,0,9H01,"HILLCREST DR","CITATION WY",570.00,W,N,A,-,N,,,,,,,,,,N,3,0,1,1,D,-,00,,,N,F,I,A,A,H,-,A,D,0,,Y,,,Y,,-,"- ",0,1,0,0,0,0,1,0,0,"- ","- ",34.184940338134766,-118.90647888183594,VENTURA,"THOUSAND OAKS",-118.90790557861328,34.185878753662109
9254006,2021,2021-05-04,5600,2021-04-06,1516,5481,9132,2,5,6,5607,0,0,0,,0,9C01,"LYNN RD","HAIGH RD",845.00,W,N,A,-,N,,,,,,,,,,Y,3,0,1,1,A,-,08,22107,,N,E,I,A,A,H,-,A,D,0,,,,,Y,,A,01,0,1,0,0,0,0,0,0,0,"- ","- ",,,VENTURA,"THOUSAND OAKS",-118.906494140625,34.176853179931641
9254022,2021,2021-05-03,5608,2021-04-19,1338,422,VENTU,1,5,6,5608,0,0,0,,0,001,"NORTH VENTURA AV","EL MEDIO ST",0.00,,Y,A,-,N,,,,,,,,,,N,4,0,1,2,A,-,09,21801,,N,D,C,A,A,H,-,A,A,0,,,,,Y,,-,,0,0,1,0,0,0,0,0,0,"- ","- ",,,VENTURA,VENTURA,-119.29721069335938,34.293319702148438
9254026,2021,2021-05-03,5608,2021-04-18,1308,422,VENTU,7,5,6,5608,0,0,0,,0,001,"EAST THOMPSON BL","S CALIFORNIA ST",0.00,,Y,A,-,N,,,,,,,,,,Y,4,0,2,2,A,-,09,21801,A,N,A,C,A,A,H,-,A,A,0,,,,,Y,,-,,0,0,2,0,0,0,0,0,0,"- ","- ",,,VENTURA,VENTURA,-119.29306030273438,34.278247833251953
9254143,2021,2021-05-03,5608,2021-04-11,2205,526,,7,5,6,5608,0,0,0,,0,001,"NORTH VENTURA AV","COMSTOCK DR",4.00,S,N,A,-,N,,,,,,,,,,Y,4,0,1,2,A,-,09,21801,A,N,D,C,A,A,H,-,C,D,0,,,,,Y,,D,22,0,0,1,0,0,0,0,0,0,"- ","- ",,,VENTURA,VENTURA,-119.29586029052734,34.297767639160156
9254196,2021,2021-05-06,5604,2021-03-23,1551,5175,,2,5,6,5604,0,0,0,,0,041,"S F ST","GLACIER AV",300.00,S,N,A,-,N,,,,,,,,,,N,3,0,2,2,A,-,03,22350,,N,B,C,A,A,H,-,A,D,0,,,Y,,Y,,C,03,0,2,0,0,0,0,0,0,2,"- ","- ",34.163871765136719,-119.18427276611328,VENTURA,OXNARD,-119.18403625488281,34.164436340332031
9254208,2021,2021-05-05,5604,2021-03-26,1250,5623,,5,5,6,5604,0,0,0,,0,011,"N VICTORIA AV","GUM TREE ST",718.00,S,N,A,-,N,,,,,,,,,,Y,3,0,2,3,A,-,04,21703,,N,C,C,A,A,H,-,A,A,0,,,,,Y,,-,,0,1,1,0,0,0,0,0,0,"- ","- ",,,VENTURA,OXNARD,-119.22122192382812,34.223049163818359
9254232,2021,2021-05-05,5604,2021-04-05,1828,5535,,1,5,6,5604,0,0,0,,0,032,"S OXNARD BL","DATE ST",200.00,S,N,A,-,N,,,,,,,,,,Y,3,0,2,2,A,-,09,21804,A,N,D,C,A,A,H,-,A,D,0,,,,Y,Y,,F,25,0,1,1,0,0,0,0,0,0,"- ","- ",34.184280395507812,-119.17044067382812,VENTURA,OXNARD,-119.16999053955078,34.183917999267578
9255643,2021,2021-05-19,5604,2021-04-26,2025,5459,,1,5,6,5604,0,0,0,,0,041,"ANCHORAGE ST","BARD RD",0.00,,Y,A,-,N,,,,,,,,,,Y,4,0,1,2,A,-,01,23153,A,N,D,C,A,A,H,-,C,D,0,,,,,Y,Y,A,01,0,0,1,0,0,0,0,0,0,"- ","- ",34.162250518798828,-119.16288757324219,VENTURA,OXNARD,-119.16289520263672,34.162261962890625
9255658,2021,2021-05-17,5604,2021-04-19,0553,5172,,1,5,6,5604,0,0,0,,0,031,"CAMINO DEL SOL","RICE AV",0.00,,Y,A,-,N,,,,,,,,,,Y,4,0,2,2,A,-,09,21801,A,N,D,C,A,A,H,-,A,A,0,,,,,Y,,A,01,0,0,2,0,0,0,0,0,0,"- ","- ",34.206150054931641,-119.14215850830078,VENTURA,OXNARD,-119.14227294921875,34.206157684326172
9255661,2021,2021-05-17,5604,2021-04-04,0157,5614,,7,5,6,5604,0,0,0,,0,032,"STATHEM BL","SUNKIST CIR",25.00,S,N,A,-,N,,,,,,,,,,Y,3,0,1,1,A,-,01,23152,A,N,E,I,A,A,H,-,C,D,0,,,,,Y,Y,A,01,0,1,0,0,0,0,0,0,0,"- ","- ",34.178989410400391,-119.16573333740234,VENTURA,OXNARD,-119.16558074951172,34.1793212890625
9255663,2021,2021-05-24,5604,2021-04-03,1001,5306,,6,5,6,5604,0,0,0,,0,042,"BILLINGS ST","CONCORD WY",5.00,W,N,A,-,N,,,,,,,,,,N,4,0,1,2,A,-,"- ",,,M,C,E,A,A,H,-,A,D,0,,,,,Y,,A,01,0,0,1,0,0,0,0,0,0,"- ","- ",34.160060882568359,-119.16139984130859,VENTURA,OXNARD,-119.16115570068359,34.160251617431641
9256652,2021,2021-06-07,5604,2021-04-30,1435,5586,,5,5,6,5604,0,0,0,,0,032,"S OXNARD BL","E DATE ST",400.00,S,N,A,-,N,,,,,,,,,,Y,4,0,3,2,A,-,03,22350,,N,C,C,A,A,H,-,A,D,0,,,,,Y,,A,01,0,0,3,0,0,0,0,0,0,"- ","- ",34.183040618896484,-119.16925811767578,VENTURA,OXNARD,-119.16950988769531,34.183536529541016
9257121,2021,2021-05-12,5600,2021-04-10,1738,2913,9130,6,5,6,5607,0,0,0,,0,9A01,"AVENIDA DE LOS ARBOLES","ARCTURUS ST",0.00,,Y,A,-,N,,,,,,,,,,Y,3,0,3,2,A,-,09,21804,A,N,D,C,A,A,H,-,A,D,0,,,,,Y,,A,01,0,1,2,0,0,0,0,0,0,"- ","- ",34.217758178710938,-118.87013244628906,VENTURA,"THOUSAND OAKS",-118.87004089355469,34.217746734619141
9257123,2021,2021-05-12,5600,2021-04-09,1348,5586,9040,5,5,6,5607,0,0,0,,0,9B01,"AVENIDA DE LOS ARBOLES","KENSINGTON AV",324.00,E,N,A,-,N,,,,,,,,,,N,4,0,1,2,A,-,03,22350,,N,C,C,A,A,H,-,A,A,0,,,,,Y,,A,07,0,0,1,0,0,0,0,0,0,"- ","- ",34.212371826171875,-118.83168029785156,VENTURA,"THOUSAND OAKS",-118.83049011230469,34.212570190429688
92572006,2024,2024-07-23,9765,2024-07-14,1200,023703,,7,1,6,5608,0,1,2,,2,103,"US-101 S/B (VENTURA FREEWAY)","CALIFORNIA STREET",634.00,N,N,B,-,Y,VEN,,101," "," ",30.273,H,,L,Y,4,0,3,2,A,-,03,22350,,N,C,2,A,A,H,-,A,D,0,,,,,Y,,A,01,0,0,3,0,0,0,0,0,0,"- ","- ",34.277381896972656,-119.2952880859375,VENTURA,VENTURA,-119.2952880859375,34.277359008789062
9258596,2021,2021-05-12,5600,2021-04-12,1448,5249,1000,1,5,2,5603,0,0,0,,0,1A01,"CANADA ST","EL PASEO RD",0.00,,Y,A,-,N,,,,,,,,,,N,3,0,1,2,A,-,11,21950,B,N,G,B,B,A,H,-,A,A,0,Y,,,,Y,,N,60,0,1,0,0,1,0,0,0,0,"- ","- ",34.475120544433594,-119.24941253662109,VENTURA,OJAI,-119.24936676025391,34.447528839111328
92592150,2024,2024-07-23,9765,2024-07-13,"702 ",022106,,6,1,9,5600,0,1,3,,1,022,SR-150,"RAMELI RANCH RD",1584.00,W,N,B,E,Y,VEN,,150," "," ",2.822,H,,R,Y,2,0,1,1,A,-,08,22107,,N,E,I,A,B,H,-,A,D,0,,,Y,,Y,,C,02,1,0,0,0,0,0,0,0,1,"- ","- ",34.386051177978516,-119.41541290283203,VENTURA,UNINCORPORATED,-119.41537475585938,34.386058807373047
9259245,2021,2021-05-18,5608,2021-05-04,1258,503,,2,5,6,5608,0,0,0,,0,002,"EAST THOMPSON BL","S PACIFIC",15.00,E,N,A,-,N,,,,,,,,,,Y,4,0,2,2,A,-,03,22350,A,N,D,C,A,A,H,-,A,D,0,,,,,Y,,-,,0,0,2,0,0,0,0,0,0,"- ","- ",,,VENTURA,VENTURA,-119.27431488037109,34.275150299072266
9259255,2021,2021-05-18,5608,2021-05-02,1402,533,30,7,5,6,5608,0,0,0,,0,004,"VICTORIA AV","VENTURA BL",259.00,N,N,A,-,N,,,,,,,,,,Y,3,0,1,1,A,-,03,22350,,N,A,I,A,A,H,-,A,D,0,,,,,Y,,A,01,0,1,0,0,0,0,0,0,0,"- ","- ",,,VENTURA,VENTURA,-119.21029663085938,34.254756927490234
9259256,2021,2021-05-18,5608,2021-05-03,1414,441,,1,5,6,5608,0,0,0,,0,002,"E MAIN ST",CATALINA,0.00,,Y,A,-,N,,,,,,,,,,N,3,0,1,2,A,-,03,22350,,N,C,C,A,A,H,-,A,A,0,,,,,Y,,-,,0,1,0,0,0,0,0,0,0,"- ","- ",34.277809143066406,-119.26917266845703,VENTURA,VENTURA,-119.26902008056641,34.277751922607422
9259777,2021,2021-05-20,5600,2021-04-22,1352,5150,8213,4,5,5,5601,0,0,0,,0,8D01,"MISSION OAKS BL","FIELDCREST DR",0.00,,Y,A,-,N,,,,,,,,,,Y,4,0,1,2,A,-,12,22450,A,N,H,C,A,A,H,-,A,A,0,,,,,Y,,A,07,0,0,1,0,0,0,0,0,0,"- ","- ",34.235519409179688,-119.98857116699219,VENTURA,CAMARILLO,-118.98857879638672,34.235523223876953
9260391,2021,2021-06-22,5608,2021-05-22,1306,515,,6,5,6,5608,0,0,0,,0,002,"PIERPONT BL","GREENOCK LN",111.00,W,N,A,-,N,,,,,,,,,,Y,4,0,2,1,A,-,08,22107,,N,A,I,A,A,H,-,A,D,0,,,,,Y,,A,01,0,0,2,0,0,0,0,0,0,"- ","- ",,,VENTURA,VENTURA,-119.26765441894531,34.255435943603516
9260392,2021,2021-06-22,5608,2021-05-08,2212,540,,6,5,6,5608,0,0,0,,0,003,"S WELLS RD","TELEGRAPH RD",0.00,,Y,A,-,N,,,,,,,,,,Y,2,0,1,1,A,-,03,22350,,N,F,I,A,A,H,-,C,A,0,,,,,Y,,-,,1,0,0,0,0,0,0,0,0,"- ","- ",34.174098968505859,-119.94100189208984,VENTURA,VENTURA,-119.16130828857422,34.295013427734375
9261145,2021,2021-05-14,5600,2021-02-03,1740,4456,5101,3,5,4,5690,0,0,0,,0,2B01,"E LOS ANGELES AV","RT 23",160.00,E,N,A,-,Y,VEN,7,23,-,T,11.580,H,-,S,Y,2,0,1,2,A,-,01,23152,A,N,C,C,A,A,H,-,B,D,0,,,,,Y,Y,A,01,1,0,0,0,0,0,0,0,0,"- ",SO,,,VENTURA,MOORPARK,-118.86383819580078,34.281864166259766
9261382,2021,2021-05-07,5600,2021-04-21,1731,5284,6018,3,5,3,5602,0,0,0,,0,6B01,"CENTRAL AV","SESPE AV",246.00,S,N,A,-,,,,,,,,,,,Y,3,0,1,2,A,-,09,21804,A,N,D,G,A,A,H,-,A,D,0,,Y,,,Y,,-,"- ",0,1,0,0,0,0,1,0,0,"- ","- ",,,VENTURA,FILLMORE,-118.91362762451172,34.400012969970703
9261763,2021,2021-05-04,5604,2021-03-22,1619,5535,,1,5,6,5604,0,0,0,,0,032,"GISLER AV","ELM ST",50.00,S,N,A,-,N,,,,,,,,,,Y,3,0,2,3,A,-,08,22107,,N,A,C,A,A,H,-,A,D,0,,,,,Y,,A,01,0,1,1,0,0,0,0,0,0,"- ","- ",34.182449340820312,-119.17092132568359,VENTURA,OXNARD,-119.17131805419922,34.182594299316406
9261787,2021,2021-05-04,5604,2021-03-05,1752,5181,,5,5,6,5604,0,0,0,,0,042,"PLEASANT VALLEY RD","SAVIERS RD",40.00,E,N,A,-,N,,,,,,,,,,Y,4,0,2,5,A,-,03,22350,,N,C,C,A,A,H,-,B,A,0,,,,,Y,,A,01,0,0,2,0,0,0,0,0,0,"- ","- ",34.154708862304688,-119.17774963378906,VENTURA,OXNARD,-119.17784881591797,34.154731750488281
9261798,2021,2021-05-05,5604,2021-04-03,1733,5514,,6,5,6,5604,0,0,0,,0,012,"ISABELLA ST","EMERALD ST",300.00,S,N,A,-,N,,,,,,,,,,N,3,0,1,2,A,-,11,21954,A,N,G,B,D,A,H,-,A,D,0,Y,,,,Y,,N,60,0,1,0,0,1,0,0,0,0,"- ","- ",34.221061706542969,-119.16394805908203,VENTURA,OXNARD,-119.16371154785156,34.221767425537109
9261802,2021,2021-05-05,5604,2021-04-03,1515,5422,,6,5,6,5604,0,0,0,,0,024,"W KAMALA ST","C ST",25.00,W,N,A,-,N,,,,,,,,,,Y,4,0,1,3,A,-,11,21954,A,F,B,B,E,A,H,-,A,D,0,Y,,,,Y,,N,60,0,0,1,0,1,0,0,0,0,"- ","- ",34.178920745849609,-119.182861328125,VENTURA,OXNARD,-119.18138885498047,34.178730010986328
9261814,2021,2021-05-05,5604,2021-04-02,1809,5501,,5,5,6,5604,0,0,0,,0,042,"PERKINS RD","CAMPBELL RD",0.00,,Y,A,-,N,,,,,,,,,,,4,0,4,4,A,-,09,21801,A,N,D,C,A,-,H,-,A,A,0,,,,,Y,,A,01,0,0,4,0,0,0,0,0,0,"- ","- ",34.152839660644531,-119.183837890625,VENTURA,OXNARD,-119.18386840820312,34.152847290039062
9261837,2021,2021-05-05,5604,2021-04-09,1607,5434,,5,5,6,5604,0,0,0,,0,031,"ROSE AV","CAMINO DEL SOL",10.00,N,N,A,-,N,,,,,,,,,,Y,4,0,1,2,A,-,01,23153,A,N,C,C,A,A,H,-,A,A,0,,,,,Y,Y,A,07,0,0,1,0,0,0,0,0,0,"- ","- ",34.206211090087891,-119.16322326660156,VENTURA,OXNARD,-119.15969085693359,34.206378936767578
9261971,2021,2021-05-07,5604,2021-04-17,0755,5459,,6,5,6,5604,0,0,0,,0,024,"S C ST","WOOLEY RD",0.00,,Y,A,-,N,,,,,,,,,,N,3,0,1,2,A,-,12,21453,A,N,D,G,A,A,H,-,A,A,0,,Y,,,Y,,L,04,0,1,0,0,0,0,1,0,0,"- ","- ",34.189929962158203,-119.18115234375,VENTURA,OXNARD,-119.18119049072266,34.189956665039062
9261996,2021,2021-05-04,5604,2021-03-29,1901,5512,,1,5,6,5604,0,0,0,,0,024,"W WOOLEY RD","S VENTURA RD",0.00,,Y,A,-,N,,,,,,,,,,Y,3,0,1,1,A,-,08,22107,,N,E,I,A,A,H,-,A,A,0,,,,,Y,,A,08,0,1,0,0,0,0,0,0,0,"- ","- ",34.190311431884766,-119.19509887695312,VENTURA,OXNARD,-119.19512176513672,34.190296173095703
9263107,2021,2021-05-18,5600,2021-04-25,1128,5292,1000,7,5,2,5603,0,0,0,,0,1A01,"RT 33","VALLERIO AV",112.00,S,N,B,-,Y,VEN,7,33,-,-,11.400,H,-,N,Y,2,0,1,1,A,-,08,22107,,N,E,I,A,A,H,-,A,A,0,,,Y,,Y,,C,02,1,0,0,0,0,0,0,0,1,"- ","- ",34.263198852539062,-119.15499877929688,VENTURA,OJAI,-119.26375579833984,34.442150115966797
9263451,2021,2021-05-17,5608,2021-04-20,1649,446,,2,5,6,5608,0,0,0,,0,004,"RALSTON ST","ANTELOPE AV",400.00,E,N,A,-,N,,,,,,,,,,N,4,0,1,2,A,-,08,22100,5,N,H,A,A,A,H,-,A,D,0,,,Y,,Y,,A,01,0,0,1,0,0,0,0,0,1,"- ","- ",,,VENTURA,VENTURA,-119.19364929199219,34.261627197265625
9263472,2021,2021-05-18,5608,2021-04-28,0945,409,,3,5,6,5608,0,0,0,,0,004,"TELEPHONE RD","JASPER AV",0.00,,Y,A,-,N,,,,,,,,,,Y,3,0,1,2,A,-,12,21453,,N,-,C,A,A,H,-,A,A,0,,,,,Y,,-,,0,1,0,0,0,0,0,0,0,"- ","- ",,,VENTURA,VENTURA,-119.16661834716797,34.274581909179688
9264156,2021,2021-06-15,5600,2021-04-22,2048,2423,5104,4,5,4,5690,0,0,0,,0,2B01,"PRINCETON AV","RT 118",0.00,,Y,B,-,Y,VEN,7,118,-,T,19.363,R,4,W,Y,4,0,2,2,A,-,12,21453,A,N,D,C,A,A,H,-,C,A,0,,,,,Y,,A,01,0,0,2,0,0,0,0,0,0,"- ",WF,34.293281555175781,-118.85751342773438,VENTURA,MOORPARK,-118.85362243652344,34.293106079101562
9265335,2020,2021-05-25,5605,2020-07-13,1033,147,PATRO,1,5,3,5605,0,0,0,,0,002,"CHANNEL ISLANDS BL","VENTURA RD",420.00,W,N,A,-,N,,,,,,,,,,Y,4,0,2,2,A,-,09,21802,A,N,C,C,A,A,H,-,A,A,0,,,,,Y,,A,07,0,0,2,0,0,0,0,0,0,"- ","- ",34.175689697265625,-119.19496917724609,VENTURA,"PORT HUENEME",-119.19644165039062,34.175899505615234
9265617,2020,2021-06-02,5605,2020-09-06,1736,218,PATRO,7,5,3,5605,0,0,0,,0,003,"EAST PORT HUENEME RD","NORTH SURFSIDE RD",0.00,,Y,A,-,N,,,,,,,,,,Y,3,0,1,2,A,-,09,21801,A,N,D,C,A,A,H,-,A,A,0,,,,,Y,,A,01,0,1,0,0,0,0,0,0,0,"- ","- ",,,VENTURA,"PORT HUENEME",-119.19046020507812,34.147598266601562
9265618,2020,2021-06-18,5605,2020-06-30,1144,126,PATRO,2,5,3,5605,0,0,0,,0,001,"CHANNEL ISLANDS BL","WHEELHOUSE AV",146.00,E,N,A,-,N,,,,,,,,,,,4,0,1,2,A,-,09,21804,A,N,B,G,A,A,H,-,A,D,0,,Y,,,Y,,L,04,0,0,1,0,0,0,1,0,0,"- ","- ",34.176189422607422,-119.21266937255859,VENTURA,"PORT HUENEME",-119.21223449707031,34.176010131835938
9266447,2021,2021-06-17,5600,2021-05-16,1907,4637,5102,7,5,4,5690,0,0,0,,0,2A01,"LOS ANGELES AV","TIERRA REJADA RD",0.00,,Y,B,-,Y,VEN,7,118,-,-,16.440,H,-,E,Y,4,0,3,3,A,-,03,22350,,N,C,C,A,A,H,-,B,A,0,,,,,Y,,A,01,0,0,3,0,0,0,0,0,0,"- ","- ",34.278900146484375,-118.90088653564453,VENTURA,MOORPARK,-118.90132141113281,34.278865814208984
9266499,2021,2021-06-09,5600,2021-05-14,1224,5349,9166,5,5,6,5607,0,0,0,,0,9D01,"THOUSAND OAKS BL","WESTLAKE BL",40.00,W,N,A,-,N,,,,,,,,,,N,4,0,1,2,A,-,21,22106,,N,C,C,A,A,H,-,A,A,0,,,,,Y,,D,22,0,0,1,0,0,0,0,0,0,"- ","- ",34.160961151123047,-118.82283782958984,VENTURA,"THOUSAND OAKS",-118.82302856445312,34.160980224609375
9266609,2021,2021-06-17,5604,2021-05-19,2036,5521,,3,5,6,5604,0,0,0,,0,032,"S OXNARD BL","DATE ST",200.00,S,N,A,-,N,,,,,,,,,,Y,4,0,1,2,A,-,09,21804,A,F,D,C,A,A,H,-,C,D,0,,,,,Y,,D,22,0,0,1,0,0,0,0,0,0,"- ","- ",34.183841705322266,-119.17035675048828,VENTURA,OXNARD,-119.16999053955078,34.183917999267578
9266633,2021,2021-06-15,5604,2021-05-11,0755,5249,,2,5,6,5604,0,0,0,,0,032,"RICHMOND AV","MOUNTAIN VIEW ST",0.00,,Y,A,-,N,,,,,,,,,,Y,3,0,1,2,A,-,09,21800,A,N,D,C,A,A,H,-,A,D,0,,,,Y,Y,,F,27,0,1,0,0,0,0,0,0,0,"- ","- ",,,VENTURA,OXNARD,-119.16958618164062,34.193511962890625
9267674,2020,2021-06-14,5605,2020-03-10,0730,158,PATRO,2,5,3,5605,0,0,0,,0,002,"N 6TH PL","HELEN ST",450.00,N,N,C,-,N,,,,,,,,,,Y,3,0,1,2,A,-,21,22106,,N,D,C,A,B,H,-,A,D,0,,,,,Y,,D,72,0,1,0,0,0,0,0,0,0,"- ","- ",,,VENTURA,"PORT HUENEME",-119.19167327880859,34.163986206054688
9270158,2021,2021-06-09,5604,2021-04-19,0705,5375,,1,5,6,5604,0,0,0,,0,024,"S VENTURA RD","W HILL ST",0.00,,Y,A,-,N,,,,,,,,,,Y,4,0,1,2,A,-,09,21801,A,N,A,C,A,A,H,-,A,A,0,,,,,Y,,A,01,0,0,1,0,0,0,0,0,0,"- ","- ",34.1864013671875,-119.19523620605469,VENTURA,OXNARD,-119.19568634033203,34.1864013671875
9270417,2021,2021-06-07,5600,2021-05-24,0044,2913,9144,1,5,6,5607,0,0,0,,0,9D01,"WESTLAKE BL","SKELTON CANYON CIR",356.00,N,N,A,-,N,,,,,,,,,,Y,2,0,1,1,A,-,03,22350,,N,E,I,A,A,H,-,D,D,0,,,,,Y,,A,07,1,0,0,0,0,0,0,0,0,"- ","- ",34.172359466552734,-118.824462890625,VENTURA,"THOUSAND OAKS",-118.82036590576172,34.176853179931641
9270782,2021,2021-06-15,5604,2021-05-01,1149,5306,,6,5,6,5604,0,0,0,,0,042,"PLEASANT VALLEY RD","ROSE AV",0.00,,Y,A,-,N,,,,,,,,,,N,3,0,1,2,A,-,12,21453,A,F,A,G,A,A,H,-,A,A,0,,Y,,,Y,,A,01,0,1,0,0,0,0,1,0,0,"- ","- ",34.157928466796875,-119.15944671630859,VENTURA,OXNARD,-119.15953063964844,34.157852172851562
9270792,2021,2021-06-15,5604,2021-05-20,1024,5555,,4,5,6,5604,0,0,0,,0,022,"W NINTH ST","J ST",145.00,E,N,A,-,N,,,,,,,,,,Y,4,0,2,2,A,-,09,21804,A,N,D,C,A,A,H,-,A,D,0,,,,,Y,,A,01,0,0,2,0,0,0,0,0,0,"- ","- ",,,VENTURA,OXNARD,-119.18869018554688,34.192451477050781
9270794,2021,2021-06-15,5604,2021-05-16,1348,5508,,7,5,6,5604,0,0,0,,0,014,"N VENTURE RD","STONE CREEK DR",300.00,N,N,A,-,N,,,,,,,,,,Y,2,0,1,1,A,-,03,22350,,N,A,I,A,A,H,-,A,D,0,,,,,Y,,A,01,1,0,0,0,0,0,0,0,0,"- ","- ",34.232288360595703,-119.19441223144531,VENTURA,OXNARD,-119.19452667236328,34.233184814453125