CASE_ID,ACCIDENT_YEAR,PROC_DATE,JURIS,COLLISION_DATE,COLLISION_TIME,OFFICER_ID,REPORTING_DISTRICT,DAY_OF_WEEK,CHP_SHIFT,POPULATION,CNTY_CITY_LOC,SPECIAL_COND,BEAT_TYPE,CHP_BEAT_TYPE,CITY_DIVISION_LAPD,CHP_BEAT_CLASS,BEAT_NUMBER,PRIMARY_RD,SECONDARY_RD,DISTANCE,DIRECTION,INTERSECTION,WEATHER_1,WEATHER_2,STATE_HWY_IND,CALTRANS_COUNTY,CALTRANS_DISTRICT,STATE_ROUTE,ROUTE_SUFFIX,POSTMILE_PREFIX,POSTMILE,LOCATION_TYPE,RAMP_INTERSECTION,SIDE_OF_HWY,TOW_AWAY,COLLISION_SEVERITY,NUMBER_KILLED,NUMBER_INJURED,PARTY_COUNT,PRIMARY_COLL_FACTOR,PCF_CODE_OF_VIOL,PCF_VIOL_CATEGORY,PCF_VIOLATION,PCF_VIOL_SUBSECTION,HIT_AND_RUN,TYPE_OF_COLLISION,MVIW,PED_ACTION,ROAD_SURFACE,ROAD_COND_1,ROAD_COND_2,LIGHTING,CONTROL_DEVICE,CHP_ROAD_TYPE,PEDESTRIAN_ACCIDENT,BICYCLE_ACCIDENT,MOTORCYCLE_ACCIDENT,TRUCK_ACCIDENT,NOT_PRIVATE_PROPERTY,ALCOHOL_INVOLVED,STWD_VEHTYPE_AT_FAULT,CHP_VEHTYPE_AT_FAULT,COUNT_SEVERE_INJ,COUNT_VISIBLE_INJ,COUNT_COMPLAINT_PAIN,COUNT_PED_KILLED,COUNT_PED_INJURED,COUNT_BICYCLIST_KILLED,COUNT_BICYCLIST_INJURED,COUNT_MC_KILLED,COUNT_MC_INJURED,PRIMARY_RAMP,SECONDARY_RAMP,LATITUDE,LONGITUDE,COUNTY,CITY,POINT_X,POINT_Y
9302876,2021,2021-09-03,5608,2021-07-24,0955,512,,6,5,6,5608,0,0,0,,0,001,"SENECA ST","YUMA CT",0.00,,Y,A,-,N,,,,,,,,,,N,3,0,2,2,A,-,09,21801,A,N,D,C,A,A,H,-,A,A,0,,,,,Y,,A,01,0,2,0,0,0,0,0,0,0,"- ","- ",,,VENTURA,VENTURA,-119.29203796386719,34.305660247802734
9303083,2021,2021-09-14,5600,2021-07-17,0835,5109,9104,6,5,6,5607,0,0,0,,0,9C01,"N REINO RD","CALLE CLARA VISTA",0.00,,Y,A,C,N,,,,,,,,,,Y,4,0,2,2,A,-,09,21802,A,N,D,C,A,A,H,-,A,D,0,,,,,Y,,A,07,0,0,2,0,0,0,0,0,0,"- ","- ",,,VENTURA,"THOUSAND OAKS",-118.95433044433594,34.189281463623047
9303366,2021,2021-08-20,5600,2021-06-18,0928,4617,9024,5,5,6,5607,0,0,0,,0,9B01,"ERBES RD","PINE TERRACE DR",254.00,N,N,A,-,N,,,,,,,,,,Y,4,0,1,2,A,-,09,21801,A,N,H,C,A,A,H,-,A,D,0,,,,,Y,,A,01,0,0,1,0,0,0,0,0,0,"- ","- ",34.2093505859375,-118.83946228027344,VENTURA,"THOUSAND OAKS",-118.83967590332031,34.210067749023438
9306508,2021,2021-09-16,5604,2021-08-20,2144,5583,,5,5,6,5604,0,0,0,,0,024,"S J ST","G ST",60.00,S,N,A,-,N,,,,,,,,,,Y,4,0,1,2,A,-,03,22350,,N,C,C,A,A,H,-,C,D,0,,,,Y,Y,,A,01,0,0,1,0,0,0,0,0,0,"- ","- ",34.181598663330078,-119.18708801269531,VENTURA,OXNARD,-119.18694305419922,34.181507110595703
9306514,2021,2021-09-18,5604,2021-08-12,1748,5641,,4,5,6,5604,0,0,0,,0,032,"OXNARD BL","STATHAM BL",0.00,,Y,A,-,N,,,1,,,,,,,Y,4,0,1,2,A,-,03,22350,,N,C,C,A,A,H,-,A,A,0,,,,,Y,,A,07,0,0,1,0,0,0,0,0,0,"- ","- ",34.179878234863281,-119.16523742675781,VENTURA,OXNARD,-119.16525268554688,34.179866790771484
9307864,2021,2021-08-24,5600,2021-06-05,2112,5290,9128,6,5,6,5607,0,0,0,,0,9H01,"HILLCREST DR","CITATION WY",100.00,W,N,A,-,N,,,,,,,,,,N,4,0,1,2,A,-,08,22107,,N,G,B,E,A,H,-,D,D,0,Y,,,,Y,Y,A,08,0,0,1,0,1,0,0,0,0,"- ","- ",34.184940338134766,-118.90647888183594,VENTURA,"THOUSAND OAKS",-118.90676116943359,34.185024261474609
9309652,2021,2021-10-07,5608,2021-08-02,1407,500,,1,5,6,5608,0,0,0,,0,001,"THOMPSON BL","PALM ST",15.00,S,N,B,-,N,,,,,,,,,,N,4,0,1,2,A,-,09,21802,A,N,D,C,A,A,H,-,A,A,0,,,,,Y,,A,01,0,0,1,0,0,0,0,0,0,"- ","- ",,,VENTURA,VENTURA,-119.29618835449219,34.27825927734375
93097567,2024,2024-08-01,9770,2024-07-30,1240,017662,,2,1,6,5607,0,1,2,,2,073,"US-101 S/B (VENTURA FREEWAY)","WENDY DRIVE",7920.00,N,N,A,-,Y,VEN,,101," "," ",9.327,H,,L,N,4,0,1,2,A,-,07,21658,A,N,B,C,A,A,H,-,A,D,0,,,,,Y,,A,01,0,0,1,0,0,0,0,0,0,"- ","- ",34.200218200683594,-118.96064758300781,VENTURA,"THOUSAND OAKS",-118.96063995361328,34.200160980224609
9313618,2021,2021-10-06,5604,2021-08-01,0730,5177,,7,5,6,5604,0,0,0,,0,032,"E CHANNEL ISLANDS BL W","S ROSE AV S",0.00,,Y,A,-,N,,,,,,,,,,Y,4,0,1,2,D,-,00,,,N,B,C,A,A,H,-,A,A,0,,,,,Y,,-,"- ",0,0,1,0,0,0,0,0,0,"- ","- ",34.17327880859375,-119.16002655029297,VENTURA,OXNARD,-119.16017150878906,34.1732177734375
9313689,2021,2021-09-10,5604,2021-07-10,0150,5434,,6,5,6,5604,0,0,0,,0,032,"ROSE AV","OXNARD BL",20.00,S,N,A,-,N,,,,,,,,,,Y,4,0,1,2,A,-,03,22350,,F,C,C,A,A,H,-,C,A,0,,,,,Y,Y,A,01,0,0,1,0,0,0,0,0,0,"- ","- ",34.175228118896484,-119.15998077392578,VENTURA,OXNARD,-119.15992736816406,34.175144195556641
9313698,2021,2021-09-14,5604,2021-07-31,1035,4755,,6,5,6,5604,0,0,0,,0,024,"S VENTURA RD","HEMLOCK ST",0.00,,Y,B,-,N,,,,,,,,,,Y,4,0,1,2,A,-,09,21804,A,N,D,C,A,A,H,-,A,A,0,,,,,Y,,A,01,0,0,1,0,0,0,0,0,0,"- ","- ",34.181110382080078,-119.1953125,VENTURA,OXNARD,-119.19532012939453,34.181118011474609
9313699,2021,2021-09-14,5604,2021-07-30,1426,5555,,5,5,6,5604,0,0,0,,0,031,"CAMINO DEL SOL",GIBRALTAR,135.00,W,N,A,-,N,,,,,,,,,,Y,4,0,3,2,A,-,09,21804,A,N,D,C,A,A,H,-,A,D,0,,,,,Y,,A,01,0,0,3,0,0,0,0,0,0,"- ","- ",,,VENTURA,OXNARD,-119.15460968017578,34.206298828125
9313920,2021,2021-09-22,5608,2021-08-21,1805,275,,6,5,6,5608,0,0,0,,0,001,"RAMONA DR","SHERIDAN  WY",125.00,E,N,A,-,N,,,,,,,,,,N,3,0,1,2,A,-,03,22350,,N,C,C,A,A,H,-,A,D,0,,,,,Y,,-,,0,1,0,0,0,0,0,0,0,"- ","- ",,,VENTURA,VENTURA,-119.303466796875,34.290729522705078
9316098,2021,2021-09-18,5600,2021-08-20,0718,5343,8251,5,5,5,5601,0,0,0,,0,8C01,"PLEASANT VALLEY RD","LEWIS RD",0.00,,Y,B,-,N,,,,,,,,,,Y,4,0,1,2,A,-,21,22106,,N,C,C,A,A,H,-,A,A,0,,,,,Y,,A,07,0,0,1,0,0,0,0,0,0,"- ","- ",34.205329895019531,-119.03489685058594,VENTURA,CAMARILLO,-119.03456878662109,34.205417633056641
9318168,2021,2021-10-05,5600,2021-08-06,0731,4617,9130,5,5,6,5607,0,0,0,,0,9C01,"NEWBURY RD","VENTU PARK RD",930.00,W,N,A,-,N,,,,,,,,,,Y,3,0,1,1,A,-,03,22350,,N,E,I,A,A,H,-,A,D,0,,Y,,,Y,,L,04,0,1,0,0,0,0,1,0,0,"- ","- ",34.179420471191406,-118.91506195068359,VENTURA,"THOUSAND OAKS",-118.91335296630859,34.183845520019531
9318713,2021,2021-09-28,5608,2021-08-21,1801,397,VENTU,6,5,6,5608,0,0,0,,0,001,"POLI ST","PALM ST",0.00,,Y,A,-,N,,,,,,,,,,Y,3,0,2,4,A,-,09,21801,,N,A,C,A,A,H,-,A,D,0,,,,,Y,,-,,0,1,1,0,0,0,0,0,0,"- ","- ",,,VENTURA,VENTURA,-119.29618835449219,34.282135009765625
9318724,2021,2021-09-22,5608,2021-08-25,2015,542,,3,5,6,5608,0,0,0,,0,004,"VICTORIA AV","TELEPHONE RD",500.00,S,N,A,-,N,,,,,,,,,,Y,3,0,1,2,A,-,12,21453,A,N,D,C,A,A,H,-,C,A,0,,,,,Y,,A,01,0,1,0,0,0,0,0,0,0,"- ","- ",,,VENTURA,VENTURA,-119.21227264404297,34.264106750488281
9321394,2022,2022-09-20,5608,2022-06-24,1731,442,,5,5,6,5608,0,0,0,,0,002,"HARBOR BL","MONMOUTH WY",40.00,S,N,-,-,Y,VEN,7,101,-,-,28.322,R,4,S,N,4,0,1,2,A,-,21,22106,,N,-,-,A,-,-,-,-,-,0,,,,,Y,,A,01,0,0,1,0,0,0,0,0,0,"- ","- ",,,VENTURA,VENTURA,-119.26767730712891,34.263771057128906
9321897,2021,2021-10-09,5604,2021-08-20,1615,5465,,5,5,6,5604,0,0,0,,0,011,"LANTANA ST","LODGEWOOD WY",0.00,,Y,A,-,N,,,,,,,,,,Y,3,0,2,3,A,-,09,21801,A,N,A,C,A,A,H,-,A,D,0,,,,,Y,,A,01,0,1,1,0,0,0,0,0,0,"- ","- ",,,VENTURA,OXNARD,-119.19022369384766,34.218181610107422
9322005,2021,2021-10-21,5604,2021-09-05,2040,5567,,7,5,6,5604,0,0,0,,0,031,"PIEDRA WAY","GRACIA DR",50.00,S,N,A,-,N,,,,,,,,,,Y,3,0,2,2,A,-,08,22107,,N,D,E,A,A,H,-,C,D,0,,,,,Y,,A,07,0,2,0,0,0,0,0,0,0,"- ","- ",34.213409423828125,-119.17102813720703,VENTURA,OXNARD,-119.17173004150391,34.213569641113281
9322008,2021,2021-10-21,5604,2021-09-05,1331,5472,,7,5,6,5604,0,0,0,,0,031,"EAST 5TH ST","ROSE AV",100.00,E,N,A,-,N,,,,,,,,,,Y,4,0,1,2,A,-,03,22350,,N,C,C,A,A,H,-,A,A,0,,,,,Y,,A,01,0,0,1,0,0,0,0,0,0,"- ","- ",34.197029113769531,-119.15978240966797,VENTURA,OXNARD,-119.15956115722656,34.196994781494141
9322011,2021,2021-10-21,5604,2021-09-03,1920,5431,,5,5,6,5604,0,0,0,,0,012,"SOLAR DR","GONZALES RD",0.00,,Y,A,-,N,,,,,,,,,,Y,4,0,4,2,A,-,12,21453,A,N,D,C,A,A,H,-,B,A,0,,,,,Y,,A,01,0,0,4,0,0,0,0,0,0,"- ","- ",34.128791809082031,-119.1448974609375,VENTURA,OXNARD,-119.14492797851562,34.218738555908203
9322014,2021,2021-10-21,5604,2021-09-03,1609,5583,,5,5,6,5604,0,0,0,,0,024,"S J ST","WOOLEY RD",200.00,S,N,A,-,N,,,,,,,,,,N,4,0,1,2,A,-,04,21703,,N,C,C,A,A,H,-,A,D,0,,,,,Y,,A,07,0,0,1,0,0,0,0,0,0,"- ","- ",34.189998626708984,-119.18950653076172,VENTURA,OXNARD,-119.18954467773438,34.189491271972656
9322267,2021,2021-09-20,5604,2021-08-18,0943,4577,,3,5,6,5604,0,0,0,,0,012,"CAMINO DEL SOL AV","RT 1",0.00,,Y,C,-,N,,,,,,,,,,Y,2,0,1,2,A,-,12,21453,A,N,D,C,A,B,H,-,A,A,0,,,,Y,Y,,D,22,1,0,0,0,0,0,0,0,0,"- ","- ",,,VENTURA,OXNARD,-119.14227,34.206159999999997
9322724,2021,2021-10-04,5604,2021-08-24,2040,5530,,2,5,6,5604,0,0,0,,0,032,"RT 1","ASH ST",100.00,N,N,A,-,N,,,1,,,,,,,N,4,0,3,2,A,-,09,21804,A,N,D,C,A,A,H,-,C,D,0,,,,,Y,,A,07,0,0,3,0,0,0,0,0,0,"- ","- ",34.187091827392578,-119.17347717285156,VENTURA,OXNARD,-119.17366790771484,34.186847686767578
9324375,2021,2021-11-08,5608,2021-09-02,0840,543,,4,5,6,5608,0,0,0,,0,003,"TELEGRAPH RD","KIMBALL RD",10.00,E,Y,A,-,N,,,,,,,,,,N,4,0,1,2,A,-,03,22350,,N,C,C,A,A,H,-,A,A,0,,,Y,,Y,,C,06,0,0,1,0,0,0,0,0,0,"- ","- ",,,VENTURA,VENTURA,-119.1927490234375,34.281276702880859
9324837,2021,2021-10-18,5608,2021-09-10,1156,505,,5,5,6,5608,0,0,0,,0,004,"VENTURA BL","ALAMEDA AV",0.00,,Y,A,-,N,,,,,,,,,,N,3,0,1,1,A,-,03,22350,,N,F,A,A,A,H,-,A,D,0,,,Y,,Y,,C,02,0,1,0,0,0,0,0,0,1,"- ","- ",,,VENTURA,VENTURA,-119.20805358886719,34.251274108886719
9327832,2021,2021-10-14,5605,2021-09-03,1544,224,PATRO,5,5,3,5605,0,0,0,,0,002,"VENTURA RD","CLARA ST",100.00,S,N,A,-,,,,,,,,,,,Y,4,0,1,1,A,-,08,22107,,N,E,I,A,A,H,-,A,D,0,,,,,Y,,A,01,0,0,1,0,0,0,0,0,0,"- ","- ",34.151611328125,-119.19551086425781,VENTURA,"PORT HUENEME",-119.19558715820312,34.151325225830078
9336735,2021,2021-09-30,5604,2021-08-30,1442,4919,,1,5,6,5604,0,0,0,,0,024,"G ST","ELM ST",0.00,,Y,A,-,N,,,,,,,,,,Y,4,0,1,2,A,-,12,22450,A,F,A,C,A,A,H,-,A,D,0,,,,,Y,Y,A,01,0,0,1,0,0,0,0,0,0,"- ","- ",,,VENTURA,OXNARD,-119.18618011474609,34.183582305908203
9339332,2021,2021-11-17,5606,2021-03-08,0442,1134,5606,1,5,4,5606,0,0,0,,0,001,"HARVARD W BL","STECKEL DR",19.00,W,N,B,-,N,,,,,,,,,,N,4,0,1,2,A,-,14,21201,D,N,D,G,A,B,H,-,C,A,0,,Y,,,Y,,L,04,0,0,1,0,0,0,1,0,0,"- ","- ",,,VENTURA,"SANTA PAULA",-119.07807922363281,34.344417572021484
9341152,2021,2021-11-05,5605,2021-09-22,1117,224,PATRO,3,5,3,5605,0,0,0,,0,003,"PORT HUENEME RD","MARKET ST",0.00,,Y,A,-,N,,,,,,,,,,Y,4,0,1,2,A,-,12,22450,A,N,D,C,A,A,H,-,A,D,0,,,,,Y,,A,01,0,0,1,0,0,0,0,0,0,"- ","- ",34.147708892822266,-119.19930267333984,VENTURA,"PORT HUENEME",-119.19933319091797,34.147762298583984
9341890,2021,2021-11-23,5608,2021-10-10,1549,441,,7,5,6,5608,0,0,0,,0,002,"E MAIN ST","E MAIN ST  1700 BLOCK",0.00,,Y,A,-,N,,,,,,,,,,N,3,0,1,2,A,-,03,22350,A,F,G,B,E,A,H,-,A,D,0,Y,Y,,,Y,,L,04,0,1,0,0,1,0,0,0,0,"- ","- ",,,VENTURA,VENTURA,-119.25711059570312,34.271785736083984
9342172,2021,2021-11-17,5606,2021-03-30,1310,1116,5606,2,5,4,5606,0,0,0,,0,001,"HARVARD W BL","CRAIG DR",236.00,W,N,A,-,N,,,,,,,,,,Y,2,0,1,2,A,-,09,21801,A,N,D,C,A,A,H,-,A,D,0,,,Y,,Y,,D,22,1,0,0,0,0,0,0,0,1,"- ","- ",,,VENTURA,"SANTA PAULA",-119.07511901855469,34.345340728759766
9350305,2021,2021-10-22,5608,2021-09-24,0449,498,,5,5,6,5608,0,0,0,,0,004,"VICTORIA AV","BALSTON ST",180.00,S,N,A,-,N,,,,,,,,,,Y,3,0,1,1,A,-,16,27465,B,N,E,I,A,A,H,-,C,D,0,,,,,Y,,-,"- ",0,1,0,0,0,0,0,0,0,"- ","- ",,,VENTURA,VENTURA,-119.2115478515625,34.260566711425781
9353022,2021,2021-12-15,5600,2021-10-19,1725,3147,9170,2,5,6,5607,0,0,0,,0,9D01,"WESTLAKE BL","RT 101",200.00,S,N,A,-,N,,,,,,,,,,,4,0,1,2,A,-,04,21703,,N,C,C,A,A,H,-,A,A,0,,,,,Y,,A,07,0,0,1,0,0,0,0,0,0,"- ",SF,34.154518127441406,-118.82930755615234,VENTURA,"THOUSAND OAKS",,
9353049,2021,2021-12-03,5608,2021-10-13,2114,533,30,3,5,6,5608,0,0,0,,0,002,"SEAWARD AV","RT 101",0.00,,Y,A,-,Y,VEN,7,101,-,-,28.214,R,4,N,Y,3,0,2,2,A,-,01,23153,A,N,D,C,A,A,H,-,C,A,0,,,Y,,Y,Y,C,02,0,1,1,0,0,0,0,0,1,"- ",NF,,,VENTURA,VENTURA,-119.26576232910156,34.263145446777344
9353594,2021,2021-11-09,5604,2021-09-13,1331,5354,,1,5,6,5604,0,0,0,,0,024,"CHANNEL ISLANDS BL","C ST",0.00,,Y,A,-,N,,,,,,,,,,Y,3,0,3,2,A,-,09,21801,A,N,D,C,A,A,H,-,A,A,0,,,,,Y,,A,01,0,1,2,0,0,0,0,0,0,"- ","- ",,,VENTURA,OXNARD,-119.18112945556641,34.173702239990234
9353596,2021,2021-11-09,5604,2021-09-05,1817,5539,,7,5,6,5604,0,0,0,,0,014,"N OXNARD BK","W GONZALES RD W",0.00,,Y,A,-,N,,,,,,,,,,Y,4,0,1,2,A,-,12,21453,A,N,D,C,A,A,H,-,A,A,0,,,,,Y,,A,01,0,0,1,0,0,0,0,0,0,"- ","- ",34.219058990478516,-119.17717742919922,VENTURA,OXNARD,-119.17726135253906,34.218990325927734
9353617,2021,2021-11-05,5604,2021-09-25,0201,5405,,6,5,6,5604,0,0,0,,0,032,"SAVIERS RD","BARD RD",50.00,S,N,A,-,N,,,,,,,,,,Y,4,0,1,2,B,-,22,,,M,A,C,A,A,H,-,C,D,0,,,,,Y,,A,01,0,0,1,0,0,0,0,0,0,"- ","- ",34.1656494140625,-119.17707061767578,VENTURA,OXNARD,-119.17778015136719,34.160861968994141
9353685,2021,2021-11-10,5604,2021-09-22,2046,5472,,3,5,6,5604,0,0,0,,0,021,"SOUTH VICTORIA AV","WEST 5TH ST",100.00,S,N,A,-,N,,,,,,,,,,N,4,0,1,2,A,-,09,21800,A,F,B,C,A,A,H,-,C,A,0,,,,,Y,,-,,0,0,1,0,0,0,0,0,0,"- ","- ",34.198261260986328,-119.22023773193359,VENTURA,OXNARD,-119.22127532958984,34.197303771972656
9353691,2021,2021-11-10,5604,2021-09-28,1833,5285,,2,5,6,5604,0,0,0,,0,011,"N VENTURA RD","GONZALES RD",50.00,N,N,A,-,N,,,,,,,,,,N,2,0,1,2,A,-,07,21658,A,N,C,C,A,A,H,-,B,A,0,,,Y,,Y,,C,02,1,0,0,0,0,0,0,0,1,"- ","- ",34.219268798828125,-119.19454956054688,VENTURA,OXNARD,-119.19464111328125,34.219356536865234
9353702,2021,2021-11-09,5604,2021-09-24,0625,5172,,5,5,6,5604,0,0,0,,0,023,"W CHANNEL ISLANDS BL","J ST",0.00,,Y,A,-,N,,,,,,,,,,Y,4,0,3,2,A,-,12,21453,A,N,D,C,A,A,H,-,B,A,0,,,,,Y,,-,"- ",0,0,3,0,0,0,0,0,0,"- ","- ",34.175540924072266,-119.1861572265625,VENTURA,OXNARD,-119.18617248535156,34.175582885742188
9353738,2021,2021-12-07,5604,2021-10-01,2010,5591,,5,5,6,5604,0,0,0,,0,031,"EAST 5TH ST","S ROSE AV S",0.00,,Y,A,-,N,,,,,,,,,,Y,4,0,1,2,A,-,12,21453,A,N,D,C,A,A,H,-,C,A,0,,,,,Y,,-,"- ",0,0,1,0,0,0,0,0,0,"- ","- ",34.197029113769531,-119.15978240966797,VENTURA,OXNARD,-119.15988922119141,34.197002410888672
9354162,2021,2021-11-10,5604,2021-09-20,1550,4737,,1,5,6,5604,0,0,0,,0,031,"E 3RD ST","S WILSON AV",0.00,,Y,A,-,N,,,,,,,,,,Y,4,0,1,2,A,-,03,22350,,N,C,C,A,A,H,-,A,A,0,,,,,Y,,D,22,0,0,1,0,0,0,0,0,0,"- ","- ",34.200531005859375,-119.17012786865234,VENTURA,OXNARD,-119.16947174072266,34.200550079345703
9354167,2021,2021-11-10,5604,2021-09-13,1630,4737,,1,5,6,5604,0,0,0,,0,031,"N DEL NORTE BL","E STURGIS RD",0.00,,Y,B,-,N,,,,,,,,,,Y,4,0,3,3,A,-,12,21453,A,N,D,C,A,A,H,-,A,A,0,,,,Y,Y,,A,01,0,0,3,0,0,0,0,0,0,"- ","- ",34.201839447021484,-119.12731170654297,VENTURA,OXNARD,-119.12744140625,34.201835632324219
9354187,2021,2021-12-10,5604,2021-10-07,0913,5172,,4,5,6,5604,0,0,0,,0,011,"VENTURA RD","VINEYARD AV",10.00,S,N,B,-,N,,,,,,,,,,N,4,0,1,2,A,-,04,21703,,N,C,C,A,A,H,-,A,A,0,,,,,Y,,D,22,0,0,1,0,0,0,0,0,0,"- ","- ",34.229358673095703,-119.19444274902344,VENTURA,OXNARD,-119.19457244873047,34.229263305664062
9354198,2021,2021-11-10,5604,2021-09-10,1627,5561,,5,5,6,5604,0,0,0,,0,011,"N VENTURA RD","DORIS AV",0.00,,Y,A,-,N,,,,,,,,,,Y,3,0,2,2,A,-,08,22107,,N,D,C,A,A,H,-,A,A,0,,,,,Y,,A,01,0,1,1,0,0,0,0,0,0,"- ","- ",34.208328247070312,-119.19467163085938,VENTURA,OXNARD,-119.19464111328125,34.208362579345703
9354228,2021,2021-12-06,5604,2021-09-17,0507,5135,,5,5,6,5604,0,0,0,,0,042,"PLEASANT VALLEY RD","SAVIERS RD",120.00,W,N,A,-,N,,,,,,,,,,N,3,0,1,2,A,-,11,21954,A,N,G,B,D,A,H,-,C,A,0,Y,,,,Y,,N,60,0,1,0,0,1,0,0,0,0,"- ","- ",34.154708862304688,-119.17774963378906,VENTURA,OXNARD,-119.17824554443359,34.154720306396484
9355395,2021,2021-11-16,5604,2021-09-09,0644,5641,,4,5,6,5604,0,0,0,,0,031,"N RICE AV","CELSIUS AV",0.00,,Y,A,-,N,,,,,,,,,,N,3,0,1,2,A,-,09,21801,A,N,D,C,A,A,H,-,A,A,0,,,Y,,Y,,D,22,0,1,0,0,0,0,0,0,1,"- ","- ",34.204048156738281,-119.14218902587891,VENTURA,OXNARD,-119.14231109619141,34.204105377197266
9355439,2021,2021-11-13,5604,2021-09-29,0753,5475,,3,5,6,5604,0,0,0,,0,031,"COLONIA RD","CAMINO DEL SOL",25.00,S,N,A,-,N,,,,,,,,,,N,4,0,1,2,A,-,03,22350,,F,C,C,A,A,H,-,A,A,0,,,,Y,Y,,A,08,0,0,1,0,0,0,0,0,0,"- ","- ",34.207328796386719,-119.16352081298828,VENTURA,OXNARD,-119.16361999511719,34.207221984863281
9355612,2021,2021-11-01,5606,2021-04-20,0915,1101,5606,2,5,4,5606,0,0,0,,0,002,"VIRGINIA E TERR","OJAI N RD",0.00,,Y,A,-,Y,VEN,7,150,-,-,33.601,I,6,E,N,4,0,1,2,D,-,00,,,N,G,B,B,A,H,-,A,D,0,Y,,,,Y,,-,"- ",0,0,1,0,1,0,0,0,0,"- ","- ",,,VENTURA,"SANTA PAULA",-119.06105804443359,34.360755920410156
9355971,2021,2021-11-05,5604,2021-09-24,1955,5435,,5,5,6,5604,0,0,0,,0,022,"S VENTURA RD","7TH ST",150.00,N,N,A,-,N,,,,,,,,,,Y,4,0,1,2,A,-,09,21801,A,N,D,C,A,A,H,-,C,D,0,,,,,Y,,A,01,0,0,1,0,0,0,0,0,0,"- ","- ",34.195140838623047,-119.19481658935547,VENTURA,OXNARD,-119.19489288330078,34.195552825927734
9359073,2021,2021-11-15,5604,2021-09-10,1525,5637,,5,5,6,5604,0,0,0,,0,012,"N OXNARD BL","GONZALES RD",100.00,S,N,A,-,N,,,,,,,,,,N,4,0,1,2,A,-,04,21703,,N,C,C,A,A,H,-,A,A,0,,,,,Y,,A,07,0,0,1,0,0,0,0,0,0,"- ","- ",,,VENTURA,OXNARD,-119.17726135253906,34.218715667724609
9359095,2021,2021-12-13,5604,2021-10-13,2342,5583,,3,5,6,5604,0,0,0,,0,022,"WEST 5TH ST","VENTURA RD",1056.00,W,N,A,-,N,,,,,,,,,,Y,3,0,2,1,A,-,08,22107,,N,E,I,A,A,H,-,C,D,0,,,,,Y,,A,01,0,1,1,0,0,0,0,0,0,"- ","- ",34.197540283203125,-119.20799255371094,VENTURA,OXNARD,-119.19834136962891,34.197509765625
9360542,2021,2021-11-29,5605,2021-10-05,1612,220,PATRO,2,5,3,5605,0,0,0,,0,002,"CHANNEL ISLANDS BL",BOLKDER,0.00,,Y,A,-,N,,,,,,,,,,Y,3,0,2,2,A,-,09,21801,A,N,D,C,A,A,H,-,A,D,0,,,,,Y,,A,01,0,1,1,0,0,0,0,0,0,"- ","- ",34.175540924072266,-119.20603179931641,VENTURA,"PORT HUENEME",-119.20624542236328,34.175968170166016
9361373,2021,2021-12-15,5608,2021-11-01,0253,575,,1,5,6,5608,0,0,0,,0,001,"NORTH VENTURA AV","FIX WY",193.00,N,N,A,-,N,,,,,,,,,,Y,3,0,1,2,A,-,03,22350,,N,C,E,A,A,H,-,C,D,0,,,,Y,Y,,A,01,0,1,0,0,0,0,0,0,0,"- ","- ",,,VENTURA,VENTURA,-119.30009460449219,34.283771514892578
9362133,2021,2021-12-21,5608,2021-11-02,0547,529,,2,5,6,5608,0,0,0,,0,003,"NORTH VICTORIA RD","TELEGRAPH RD",25.00,N,N,A,-,N,,,,,,,,,,Y,4,0,2,2,A,-,12,21453,A,N,A,C,A,A,H,-,C,A,0,,,,,Y,,A,01,0,0,2,0,0,0,0,0,0,"- ","- ",,,VENTURA,VENTURA,-119.21464538574219,34.278076171875
9362134,2021,2021-12-20,5608,2021-11-02,1247,397,VENTU,2,5,6,5608,0,0,0,,0,001,"NORTH VENTURA AV","PROSPECT ST",0.00,,Y,A,-,N,,,,,,,,,,N,3,0,1,2,A,-,03,22350,,F,C,C,A,A,H,-,A,A,0,,,,,Y,,D,22,0,1,0,0,0,0,0,0,0,"- ","- ",,,VENTURA,VENTURA,-119.29920959472656,34.286697387695312
9362138,2021,2021-12-21,5608,2021-11-04,1406,342,,4,5,6,5608,0,0,0,,0,003,"LOMA VISTA RD","DAYCOMA AV",150.00,W,N,A,-,N,,,,,,,,,,Y,3,0,2,2,A,-,09,21804,A,N,B,C,A,A,H,-,A,D,0,,,,,Y,,-,,0,2,0,0,0,0,0,0,0,"- ","- ",,,VENTURA,VENTURA,-119.22845458984375,34.279647827148438
9363922,2021,2021-12-23,5605,2021-11-12,1808,228,PATRO,5,5,3,5605,0,0,0,,0,002,"CHANNEL ISLANDS BL","LIDO BL",345.00,E,N,A,-,N,,,,,,,,,,Y,4,0,1,3,A,-,03,22350,,N,C,C,A,A,H,-,C,D,0,,,,,Y,,A,01,0,0,1,0,0,0,0,0,0,"- ","- ",34.175739288330078,-119.20236968994141,VENTURA,"PORT HUENEME",-119.20236968994141,34.175689697265625
9367134,2021,2021-12-06,5604,2021-10-19,0123,5216,,2,5,6,5604,0,0,0,,0,012,"AUTO CENTER DR","SANTA CLARA AV",0.00,,Y,A,-,Y,VEN,7,101,-,-,19.854,R,4,N,Y,4,0,2,2,A,-,12,21453,A,M,D,C,A,A,H,-,C,A,0,,,,,Y,,A,08,0,0,2,0,0,0,0,0,0,"- ","- ",34.224311828613281,-119.14089965820312,VENTURA,OXNARD,-119.13872528076172,34.222465515136719