CASE_ID,ACCIDENT_YEAR,PROC_DATE,JURIS,COLLISION_DATE,COLLISION_TIME,OFFICER_ID,REPORTING_DISTRICT,DAY_OF_WEEK,CHP_SHIFT,POPULATION,CNTY_CITY_LOC,SPECIAL_COND,BEAT_TYPE,CHP_BEAT_TYPE,CITY_DIVISION_LAPD,CHP_BEAT_CLASS,BEAT_NUMBER,PRIMARY_RD,SECONDARY_RD,DISTANCE,DIRECTION,INTERSECTION,WEATHER_1,WEATHER_2,STATE_HWY_IND,CALTRANS_COUNTY,CALTRANS_DISTRICT,STATE_ROUTE,ROUTE_SUFFIX,POSTMILE_PREFIX,POSTMILE,LOCATION_TYPE,RAMP_INTERSECTION,SIDE_OF_HWY,TOW_AWAY,COLLISION_SEVERITY,NUMBER_KILLED,NUMBER_INJURED,PARTY_COUNT,PRIMARY_COLL_FACTOR,PCF_CODE_OF_VIOL,PCF_VIOL_CATEGORY,PCF_VIOLATION,PCF_VIOL_SUBSECTION,HIT_AND_RUN,TYPE_OF_COLLISION,MVIW,PED_ACTION,ROAD_SURFACE,ROAD_COND_1,ROAD_COND_2,LIGHTING,CONTROL_DEVICE,CHP_ROAD_TYPE,PEDESTRIAN_ACCIDENT,BICYCLE_ACCIDENT,MOTORCYCLE_ACCIDENT,TRUCK_ACCIDENT,NOT_PRIVATE_PROPERTY,ALCOHOL_INVOLVED,STWD_VEHTYPE_AT_FAULT,CHP_VEHTYPE_AT_FAULT,COUNT_SEVERE_INJ,COUNT_VISIBLE_INJ,COUNT_COMPLAINT_PAIN,COUNT_PED_KILLED,COUNT_PED_INJURED,COUNT_BICYCLIST_KILLED,COUNT_BICYCLIST_INJURED,COUNT_MC_KILLED,COUNT_MC_INJURED,PRIMARY_RAMP,SECONDARY_RAMP,LATITUDE,LONGITUDE,COUNTY,CITY,POINT_X,POINT_Y
9467216,2022,2023-02-09,5604,2022-12-26,1659,5676,,1,5,6,5604,0,0,0,,0,031,"RICE AV","CAMINO DEL SOL AV",0.00,,Y,A,-,N,,,,,,,,,,N,4,0,3,2,A,-,04,21703,,N,C,C,A,A,H,-,B,A,0,,,,,Y,,D,22,0,0,3,0,0,0,0,0,0,"- ","- ",34.206150054931641,-119.14215850830078,VENTURA,OXNARD,-119.14227294921875,34.206157684326172
9467235,2023,2023-02-15,5604,2023-01-10,"840 ",5172,,2,5,6,5604,0,0,0,,0,042,"BARD RD","JUSTIN WY",0.00,,Y,C,-,N,,,,,,,,,,N,4,0,1,2,A,-,09,21802,A,N,D,C,A,B,H,-,A,A,0,,,,,Y,,D,22,0,0,1,0,0,0,0,0,0,"- ","- ",34.161960601806641,-119.17002105712891,VENTURA,OXNARD,-119.17313385009766,34.161209106445312
9467448,2023,2023-02-14,5604,2023-01-11,"658 ",5650,,3,5,6,5604,0,0,0,,0,032,"OXNARD BL","WOOLEY RD",338.00,E,N,A,-,N,,,,,,,,,,Y,3,0,3,2,A,-,09,21801,A,N,D,C,A,B,H,-,A,D,0,,,,,Y,,A,01,0,1,2,0,0,0,0,0,0,"- ","- ",34.189781188964844,-119.17662048339844,VENTURA,OXNARD,-119.17694854736328,34.189449310302734
9467449,2023,2023-02-14,5604,2023-01-11,1013,5001,,3,5,6,5604,0,0,0,,0,014,"VINEYARD AV","H ST",0.00,,Y,A,-,N,,,,,,,,,,Y,4,0,2,2,A,-,09,21801,A,N,D,C,A,A,H,-,A,A,0,,,,,Y,,A,01,0,0,2,0,0,0,0,0,0,"- ","- ",,,VENTURA,OXNARD,-119.18618011474609,34.229251861572266
9467450,2023,2023-02-14,5604,2023-01-11,1209,4947,,3,5,6,5604,0,0,0,,0,014,"VINEYARD AV","ESPLANADE DR",0.00,,Y,A,-,N,,,,,,,,,,Y,4,0,1,2,D,-,00,,,N,D,C,A,A,H,-,A,A,0,,,,,Y,,-,"- ",0,0,1,0,0,0,0,0,0,"- ","- ",,,VENTURA,OXNARD,-119.17465972900391,34.229995727539062
9467456,2023,2023-02-24,5604,2023-01-09,2217,5649,,1,5,6,5604,0,0,0,,0,041,"ROSE AV","BARD RD",0.00,,Y,C,-,N,,,,,,,,,,Y,4,0,1,2,A,-,09,21801,A,N,A,C,A,B,A,H,C,A,0,,,,,Y,,A,01,0,0,1,0,0,0,0,0,0,"- ","- ",34.162220001220703,-119.15943145751953,VENTURA,OXNARD,-119.15950012207031,34.162227630615234
94675867,2025,2025-05-05,9765,2025-05-01,"615 ",024183,,4,1,9,5600,0,3,5,,2,006,"NAVAL AIR RD","HUENEME ROAD",2640.00,S,N,B,-,N,,,,,,,,,,N,3,0,1,2,A,-,08,22107,,N,G,B,E,A,H,-,B,D,0,Y,,,,Y,,D,22,0,1,0,0,1,0,0,0,0,"- ","- ",34.141410827636719,-119.105712890625,VENTURA,UNINCORPORATED,-119.10640716552734,34.1419677734375
94676553,2025,2025-05-06,9765,2025-04-23,2138,023739,,3,2,6,5608,0,1,3,,2,010,"SR-33 N/B (OJAI FREEWAY)","STANLEY AVENUE",1625.00,N,N,A,-,Y,VEN,,33," "," ",1.883,H,,R,Y,2,0,1,1,A,-,08,22107,,N,E,I,A,A,H,-,D,D,0,,,,,Y,Y,A,01,1,0,0,0,0,0,0,0,0,"- ","- ",34.304901123046875,-119.29930877685547,VENTURA,VENTURA,-119.29935455322266,34.304916381835938
9467959,2022,2023-01-13,5604,2022-11-24,2054,5415,,4,5,6,5604,0,0,0,,0,031,"DEL NORTE BL","RT 34",0.00,,Y,A,-,Y,VEN,7,34,-,-,7.181,I,5,W,Y,4,0,1,2,A,-,01,23152,A,N,D,C,A,A,H,-,C,A,0,,,,,Y,Y,A,01,0,0,1,0,0,0,0,0,0,"- ","- ",34.196781158447266,-119.12737274169922,VENTURA,OXNARD,-119.12738800048828,34.196784973144531
94680767,2025,2025-05-08,9770,2025-04-27,"635 ",023812,,7,1,6,5607,0,1,3,,2,076,"SR-23 N/B (MOORPARK FREEWAY)","AVENIDA DE LOS ARBOLES",2112.00,S,N,B,-,Y,VEN,,23," ",R,5.635,H,,R,N,3,0,1,1,A,-,08,22107,,N,F,8,A,A,H,-,A,D,0,,,,,Y,,D,22,0,1,0,0,0,0,0,0,0,"- ","- ",34.205959320068359,-118.85045623779297,VENTURA,"THOUSAND OAKS",-118.85056304931641,34.206016540527344
94683459,2025,2025-05-12,9770,2025-05-01,1758,023577,,4,2,9,5600,0,1,3,,1,057,"SR-23 (GRIMES CANYON ROAD)","3500 GRIMES CANYON ROAD",800.00,N,N,A,-,N,,,,,,,,,,Y,2,0,1,1,A,-,08,22107,,N,B,I,A,A,H,-,A,D,0,,,,,Y,,A,01,1,0,0,0,0,0,0,0,0,"- ","- ",34.345859527587891,-118.91294860839844,VENTURA,UNINCORPORATED,,
94683559,2025,2025-05-12,9770,2025-05-03,1450,022318,,6,2,6,5607,0,1,2,,2,071,"US-101 S/B (VENTURA FREEWAY)","CAMARILLO SPRINGS ROAD",5280.00,S,N,B,-,Y,VEN,,101," "," ",9.679,H,,L,Y,2,0,2,1,A,-,08,22107,,N,E,I,A,B,H,-,A,D,0,,,,,Y,,A,01,1,1,0,0,0,0,0,0,0,"- ","- ",34.200851440429688,-118.96663665771484,VENTURA,"THOUSAND OAKS",-118.96662902832031,34.200965881347656
94683835,2025,2025-05-12,9765,2025-05-05,"35  ",024278,,1,3,9,5600,0,3,5,,2,003,"DORIS AVE","VICTORIA AVE",400.00,W,N,A,-,N,,,,,,,,,,Y,2,0,1,1,A,-,01,23152,A,N,E,I,A,A,H,-,C,A,0,,,,,Y,Y,D,22,1,0,0,0,0,0,0,0,0,"- ","- ",34.208568572998047,-119.222412109375,VENTURA,UNINCORPORATED,-119.22215270996094,34.208541870117188
94685301,2025,2025-05-13,9765,2025-05-06,1807,021999,,2,2,9,5600,0,1,3,,1,062,"SR-1 N/B (PACIFIC COAST HIGHWAY)","WOOD ROAD",2386.00,N,N,B,-,Y,VEN,,1," "," ",12.049,H,,R,Y,3,0,1,1,A,-,08,22107,,N,E,8,A,A,H,-,A,D,0,,,,,Y,,A,07,0,1,0,0,0,0,0,0,0,"- ","- ",34.138919830322266,-119.10276031494141,VENTURA,UNINCORPORATED,-119.10285186767578,34.138870239257812
94685871,2025,2025-05-13,9765,2025-05-07,2020,022453,,3,2,9,5600,0,3,5,,2,006,SR-1,"LAS POSAS ROAD",4115.00,S,N,A,-,Y,VEN,,1," "," ",9.449,H,,R,Y,3,0,1,1,A,-,03,22350,,N,F,J,A,A,H,-,D,D,0,,,,,Y,,A,01,0,1,0,0,0,0,0,0,0,"- ","- ",34.106739044189453,-119.07916259765625,VENTURA,UNINCORPORATED,-119.07933807373047,34.106765747070312
94691827,2025,2026-02-11,9770,2025-05-11,"110 ",023187,,7,3,6,5609,0,1,3,,2,083,"SR-118 E/B TO STEARNS ST","STEARNS ST",525.00,W,N,A,-,Y,,,,,,,,,,N,4,0,1,2,A,-,07,21658,A,N,B,C,A,A,H,-,D,D,0,,,,,Y,,A,07,0,0,1,0,0,0,0,0,0,"- ","- ",34.280860900878906,-118.69320678710938,VENTURA,"SIMI VALLEY",-118.69165802001953,34.281459808349609
94694645,2025,2025-05-20,9770,2025-05-12,1555,021738,,1,2,6,5609,0,1,3,,2,082,"SR-118 W/B (RONALD REAGAN FREEWAY)","YOSEMITE AVE. OVERCROSSING",350.00,E,N,A,-,Y,VEN,,118," ",R,29.619,H,,L,Y,2,0,2,1,A,-,08,22107,,N,F,A,A,A,H,-,A,D,0,,,,,Y,,A,07,1,0,1,0,0,0,0,0,0,"- ","- ",34.281730651855469,-118.67759704589844,VENTURA,"SIMI VALLEY",-118.67759704589844,34.281734466552734
9469585,2023,2023-09-14,5604,2023-08-21,1005,,,1,5,6,5604,0,0,0,,0,022,"S J ST","WOOLEY RD",150.00,N,N,A,-,N,,,,,,,,,,N,3,0,1,2,A,-,09,21801,A,N,D,C,A,B,H,-,A,D,0,,,,,Y,Y,A,01,0,1,0,0,0,0,0,0,0,"- ","- ",34.189998626708984,-119.18950653076172,VENTURA,OXNARD,-119.18950653076172,34.190452575683594
9469633,2023,2023-09-12,5604,2023-08-27,1716,5592,,7,5,6,5604,0,0,0,,0,021,"VICTORIA AV","VIA MARINA AV",10.00,W,N,A,-,N,,,,,,,,,,Y,4,0,2,2,A,-,01,23153,A,N,D,C,A,A,H,-,A,D,0,,,,,Y,Y,A,01,0,0,2,0,0,0,0,0,0,"- ","- ",34.188079833984375,-119.22126007080078,VENTURA,OXNARD,-119.22135925292969,34.188079833984375
9469634,2023,2023-09-12,5604,2023-08-28,"615 ",5648,,1,5,6,5604,0,0,0,,0,032,"EAST 5TH ST","S ROSE AV",20.00,W,N,A,-,N,,,,,,,,,,N,4,0,1,2,A,-,03,22350,,N,C,C,A,A,H,-,A,A,0,,,,,Y,,A,07,0,0,1,0,0,0,0,0,0,"- ","- ",34.197029113769531,-119.15978240966797,VENTURA,OXNARD,-119.15995788574219,34.197002410888672
9469641,2023,2023-09-12,5604,2023-08-04,1430,4755,2,5,5,6,5604,0,0,0,,0,014,"TOWN CENTER DR","RIVER PARK BL",0.00,,Y,A,-,N,,,,,,,,,,N,4,0,1,2,A,-,05,21650,1,F,D,G,A,A,H,-,A,A,0,,Y,,,Y,Y,L,04,0,0,1,0,0,0,1,0,0,"- ","- ",34.238048553466797,-119.17548370361328,VENTURA,OXNARD,-119.175537109375,34.238059997558594
9469645,2023,2023-09-12,5604,2023-08-01,1531,5631,,2,5,6,5604,0,0,0,,0,042,"CLOVER DR","JUSTIN WY",200.00,S,N,A,-,N,,,,,,,,,,N,4,0,2,2,A,-,08,22107,,N,D,C,A,A,H,-,A,D,0,,,,,Y,,A,07,0,0,2,0,0,0,0,0,0,"- ","- ",34.159690856933594,-119.17162322998047,VENTURA,OXNARD,-119.1719970703125,34.159706115722656
9469686,2023,2023-09-19,5604,2023-08-25,1712,5675,,5,5,6,5604,0,0,0,,0,011,"N VICTORIA AV","GUM TREE ST",200.00,N,N,A,-,N,,,,,,,,,,Y,4,0,2,2,A,-,09,21804,B,N,C,C,A,A,H,-,A,D,0,,,,,Y,Y,D,22,0,0,2,0,0,0,0,0,0,"- ","- ",34.224960327148438,-119.22113037109375,VENTURA,OXNARD,-119.22118377685547,34.225570678710938
94696925,2025,2025-05-22,9770,2025-05-15,1610,024421,,4,2,6,5607,0,1,3,,2,076,"SR-23 N/B (MOORPARK FREEWAY)","AVENIDA DE LOS ARBOLES",20.00,S,N,A,-,Y,,,,,,,,,,N,4,0,1,2,A,-,03,22350,,N,C,C,A,A,H,-,A,A,0,,,,,Y,,A,07,0,0,1,0,0,0,0,0,0,"- ","- ",34.211368560791016,-118.84764099121094,VENTURA,"THOUSAND OAKS",-118.84893035888672,34.211536407470703
9469718,2023,2023-09-18,5604,2023-08-22,1559,5723,,2,5,6,5604,0,0,0,,0,031,"EAST 5TH ST","S ROSE AV S",0.00,,Y,A,-,N,,,,,,,,,,,4,0,1,3,A,-,08,22107,,N,D,C,A,A,H,-,A,A,0,,,,,Y,,A,01,0,0,1,0,0,0,0,0,0,"- ","- ",,,VENTURA,OXNARD,-119.15988922119141,34.197002410888672
9469726,2023,2023-09-14,5604,2023-08-25,1107,5609,,5,5,6,5604,0,0,0,,0,021,"W WOOLEY RD","S PATTERSON RD",0.00,,Y,A,-,N,,,,,,,,,,Y,3,0,2,3,A,-,08,22107,,N,D,C,A,A,H,-,A,A,0,,,,,Y,,A,01,0,1,1,0,0,0,0,0,0,"- ","- ",34.190288543701172,-119.2080078125,VENTURA,OXNARD,-119.20809936523438,34.19036865234375
9469746,2023,2023-09-14,5604,2023-08-21,2309,5614,,1,5,6,5604,0,0,0,,0,042,"ALEXANDER DR","SANFORD ST",0.00,,Y,A,-,N,,,,,,,,,,Y,3,0,3,3,A,-,01,23153,G,N,C,E,A,A,H,-,C,D,0,,,,,Y,Y,A,01,0,2,1,0,0,0,0,0,0,"- ","- ",34.155448913574219,-119.15749359130859,VENTURA,OXNARD,-119.15724182128906,34.155170440673828
94697726,2025,2025-05-22,9770,2025-05-12,1544,023812,,1,2,9,5600,0,3,5,,2,004,"SHANNON LANE","ALLEY EAST OF TANGO AVENUE",0.00,,Y,A,-,N,,,,,,,,,,N,2,0,1,2,A,-,09,21804,A,N,D,G,A,A,D,-,A,D,0,,Y,,,Y,,L,04,1,0,0,0,0,0,1,0,0,"- ","- ",34.408649444580078,-118.79515838623047,VENTURA,UNINCORPORATED,,
94697788,2025,2025-05-22,9765,2025-05-14,2335,022296,,3,3,9,5600,0,1,2,,2,103,"US-101 S/B (VENTURA FREEWAY)","W MAIN ST",14784.00,N,N,A,-,Y,VEN,,101," ",R,33.759,H,,L,Y,4,0,1,3,A,-,03,22350,,N,C,C,A,A,D,-,D,A,0,,,,,Y,,A,01,0,0,1,0,0,0,0,0,0,"- ","- ",34.302440643310547,-119.34526062011719,VENTURA,UNINCORPORATED,-119.3453369140625,34.302394866943359
9469804,2023,2023-09-20,5604,2023-07-05,"727 ",4919,,3,5,6,5604,0,0,0,,0,041,"PLEASANT VALLEY RD","ETTING RD",0.00,,Y,-,-,N,,,,,,,,,,N,4,0,1,2,A,-,12,21453,A,N,D,C,A,A,H,-,A,A,0,,,,,Y,,A,01,0,0,1,0,0,0,0,0,0,"- ","- ",,,VENTURA,OXNARD,-119.15148162841797,34.161895751953125
9469808,2023,2023-09-25,5604,2023-07-30,1700,5649,,7,5,6,5604,0,0,0,,0,012,"E GONZALES RD","N WILLIAMS DR N",0.00,,Y,A,-,N,,,,,,,,,,Y,4,0,3,2,A,-,12,21453,A,N,D,C,A,A,H,-,A,A,0,,,,,Y,,A,01,0,0,3,0,0,0,0,0,0,"- ","- ",34.218860626220703,-119.1539306640625,VENTURA,OXNARD,-119.15392303466797,34.218936920166016
9469819,2023,2023-09-20,5604,2023-07-04,1844,5135,,2,5,6,5604,0,0,0,,0,041,"SAVIERS RD","BRYCE CANYON AV",0.00,,Y,A,B,N,,,,,,,,,,N,4,0,1,2,A,-,12,21453,A,N,D,C,A,-,H,-,A,A,0,,,,,Y,,A,01,0,0,1,0,0,0,0,0,0,"- ","- ",34.16973876953125,-119.17758178710938,VENTURA,OXNARD,-119.17768859863281,34.169776916503906
9469835,2023,2023-10-20,5604,2023-07-02,1945,5673,,7,5,6,5604,0,0,0,,0,041,"SAVIERS RD","BARD RD",0.00,,Y,A,-,N,,,,,,,,,,Y,4,0,2,3,A,-,12,21453,A,F,D,C,A,A,H,-,A,A,0,,,,,Y,,A,01,0,0,2,0,0,0,0,0,0,"- ","- ",34.160999298095703,-119.17768859863281,VENTURA,OXNARD,-119.17778015136719,34.161003112792969
9469901,2023,2023-10-09,5604,2023-08-15,1500,5472,,2,5,6,5604,0,0,0,,0,042,"PERKINS RD","HUENEME RD",40.00,S,N,A,-,N,,,,,,,,,,N,3,0,1,1,C,-,18,,,N,E,J,A,A,B,-,A,A,0,,,Y,,Y,,-,"- ",0,1,0,0,0,0,0,0,1,"- ","- ",34.147480010986328,-119.18392944335938,VENTURA,OXNARD,-119.18394470214844,34.147331237792969
9469906,2023,2023-10-05,5604,2023-08-11,1353,5693,,5,5,6,5604,0,0,0,,0,042,"S C ST","W PLEASANT VALLEY RD W",0.00,,Y,A,-,N,,,,,,,,,,Y,4,0,2,2,A,-,12,21453,A,N,D,C,A,A,H,-,A,A,0,,,,,Y,,A,01,0,0,2,0,0,0,0,0,0,"- ","- ",,,VENTURA,OXNARD,-119.18060302734375,34.154720306396484
9469910,2023,2023-10-04,5604,2023-08-14,"556 ",5696,,1,5,6,5604,0,0,0,,0,014,"E VINEYARD AV","E ESPLANADE DR E",0.00,,Y,A,-,N,,,,,,,,,,,4,0,2,2,A,-,09,21800,A,N,A,C,A,A,H,-,B,A,0,,,,,Y,,A,01,0,0,2,0,0,0,0,0,0,"- ","- ",34.229999542236328,-119.17465209960938,VENTURA,OXNARD,-119.17465972900391,34.229995727539062
9469919,2023,2023-10-04,5604,2023-08-03,1459,5693,,4,5,6,5604,0,0,0,,0,012,"AUTO CENTER DR","N LOS OLIVOS N",0.00,,Y,A,-,N,,,,,,,,,,N,4,0,1,2,A,-,03,22350,,N,C,C,A,A,H,-,A,A,0,,,,,Y,,A,01,0,0,1,0,0,0,0,0,0,"- ","- ",,,VENTURA,OXNARD,-119.14649200439453,34.226261138916016
9469971,2023,2023-09-13,5604,2023-06-30,1412,5674,,5,5,6,5604,0,0,0,,0,024,"W CHANNEL ISLANDS BL","SAVIERS RD",75.00,W,N,A,-,N,,,,,,,,,,Y,4,0,1,2,A,-,08,22107,,N,A,C,A,A,H,-,A,A,0,,,,,Y,,A,01,0,0,1,0,0,0,0,0,0,"- ","- ",34.17340087890625,-119.17755126953125,VENTURA,OXNARD,-119.17790985107422,34.173446655273438
9470029,2023,2023-09-12,5604,2023-05-27,2037,4674,,6,5,6,5604,0,0,0,,0,041,"BARD RD","ROSE AV",0.00,,Y,A,-,N,,,,,,,,,,Y,4,0,2,2,A,-,09,21801,A,N,A,C,A,A,H,-,C,A,0,,,,,Y,,A,01,0,0,2,0,0,0,0,0,0,"- ","- ",34.162220001220703,-119.15943145751953,VENTURA,OXNARD,-119.15950012207031,34.162227630615234
94700633,2025,2025-05-26,9765,2025-05-24,1425,022453,,6,2,6,5604,0,1,2,,2,501,US-101,"DEL NORTE BLVD",1700.00,S,N,A,-,Y,VEN,,101," "," ",18.672,H,,R,Y,3,0,1,3,A,-,07,21658,A,N,B,C,A,A,H,-,A,D,0,,,Y,Y,Y,,A,07,0,1,0,0,0,0,0,0,1,"- ","- ",34.221950531005859,-119.12119293212891,VENTURA,OXNARD,-119.12119293212891,34.222148895263672
94702035,2025,2025-05-27,9770,2025-05-17,"5   ",023187,,6,3,6,5609,0,1,3,,2,083,"SR-118 E/B TO KUEHNER DRIVE","KUEHNER DRIVE",115.00,W,N,A,-,Y,,,,,,,,,,N,3,0,1,2,A,-,07,21658,A,N,B,D,A,A,H,-,C,D,0,,,,,Y,,A,01,0,1,0,0,0,0,0,0,0,"- ","- ",34.278640747070312,-118.66255950927734,VENTURA,"SIMI VALLEY",-118.66130828857422,34.278682708740234
94705177,2025,2025-05-29,9765,2025-05-21,1832,024375,,3,2,6,5604,0,1,2,,2,502,"US-101 N/B","LOS POSAS",1320.00,N,N,A,-,Y,VEN,,101," "," ",16.140,H,,R,N,3,0,1,2,A,-,03,22350,,N,C,C,A,A,H,-,A,D,0,,,,,Y,,A,01,0,1,0,0,0,0,0,0,0,"- ","- ",34.219600677490234,-119.07415771484375,VENTURA,OXNARD,-119.07416534423828,34.219577789306641
94705582,2025,2025-05-29,9770,2025-05-24,"418 ",021911,,6,3,6,5607,0,1,3,,2,077,"SR-23 S/B (MOORPARK FREEWAY)","AVENIDA DE LOS ARBOLES",670.00,N,N,A,-,Y,VEN,,23," ",R,6.175,H,,L,N,3,0,1,1,A,-,08,22107,,N,E,8,A,A,H,-,D,D,0,,,,,Y,,A,01,0,1,0,0,0,0,0,0,0,"- ","- ",34.213569641113281,-118.84957122802734,VENTURA,"THOUSAND OAKS",-118.84951019287109,34.213573455810547
94709342,2025,2025-06-02,9765,2025-05-18,1654,023700,,7,2,6,5608,0,1,2,,2,301,"US-101 S/B (VENTURA FREEWAY)","VICTORIA AVE",641.00,N,N,A,-,Y,VEN,,101," ",R,24.790,H,,L,N,4,0,2,2,A,-,01,23152,A,N,C,C,A,A,H,-,A,D,0,,,,,Y,Y,A,07,0,0,2,0,0,0,0,0,0,"- ","- ",34.253620147705078,-119.21295928955078,VENTURA,VENTURA,-119.21296691894531,34.253612518310547
94709658,2025,2025-06-02,9765,2025-05-23,"645 ",020832,,5,1,9,5600,0,1,3,,2,040,"SR-126 E/B (SANTA PAULA)","TODD ROAD",20.00,W,N,B,-,Y,VEN,,126," ",R,7.807,H,,R,Y,4,0,3,1,A,-,08,22107,,N,B,I,A,A,H,-,A,D,0,,,,,Y,,A,01,0,0,3,0,0,0,0,0,0,"- ","- ",34.31304931640625,-119.11689758300781,VENTURA,UNINCORPORATED,-119.11685943603516,34.312999725341797
94709913,2025,2025-06-02,9765,2025-05-25,1125,020983,,7,1,9,5600,0,1,3,,1,021,"SR-33 N/B","ROSE VALLEY ROAD",15840.00,N,N,A,-,N,,,,,,,,,,N,2,0,1,1,A,-,03,22350,,N,E,I,A,A,H,-,A,D,0,,,Y,,Y,,C,02,1,0,0,0,0,0,0,0,1,"- ","- ",34.560379028320312,-119.26756286621094,VENTURA,UNINCORPORATED,-119.25705718994141,34.556667327880859
94710032,2025,2025-06-02,9765,2025-05-26,1255,016234,,1,1,9,5600,0,1,3,,2,053,SR-232,"JUVENILE JUSTICE CENTER",20.00,N,N,A,-,Y,VEN,,232," "," ",2.270,H,,R,Y,4,0,2,2,A,-,03,22350,,M,C,C,A,A,H,-,A,D,0,,,,,Y,,D,22,0,0,2,0,0,0,0,0,0,"- ","- ",34.254360198974609,-119.15632629394531,VENTURA,UNINCORPORATED,-119.15619659423828,34.254291534423828
94714993,2025,2025-06-05,9770,2025-06-04,1705,021911,,3,2,6,5607,0,1,3,,2,084,"SR-23 N/B (MOORPARK FREEWAY)","ERBES ROAD",343.00,S,N,A,-,Y,VEN,,23," ",R,7.680,H,,R,Y,3,0,1,2,A,-,03,22350,,N,C,C,A,A,H,-,A,D,0,,,,,Y,,D,22,0,1,0,0,0,0,0,0,0,"- ","- ",34.234138488769531,-118.84294128417969,VENTURA,"THOUSAND OAKS",-118.84294891357422,34.234142303466797
94716558,2025,2025-06-06,9765,2025-05-24,1854,022472,,6,2,9,5600,0,3,5,,2,002,"ENCINO DRIVE",SR-33,1352.00,E,N,A,-,N,,,,,,,,,,N,3,0,1,2,A,-,08,22107,,N,B,1,E,A,H,-,A,D,0,Y,,,,Y,,D,22,0,1,0,0,1,0,0,0,0,"- ","- ",34.414360046386719,-119.29264068603516,VENTURA,UNINCORPORATED,-119.29257965087891,34.414196014404297
94719536,2025,2025-06-10,9765,2025-05-30,"200 ",023908,,5,3,6,5608,0,1,3,,2,030,"SR-126 E/B (SANTA PAULA FREEWAY)","KIMBALL ROAD",3432.00,E,N,A,-,Y,VEN,,126," "," ",3.453,H,,R,N,4,0,1,1,A,-,01,23152,A,N,D,8,A,A,H,-,D,D,0,,,,,Y,Y,A,07,0,0,1,0,0,0,0,0,0,"- ","- ",34.276481628417969,-119.17900848388672,VENTURA,VENTURA,-119.1790771484375,34.276615142822266
9472164,2022,2022-07-21,5604,2022-06-20,1757,5648,,1,5,6,5604,0,0,0,,0,031,"EAST 5TH ST","ROSE AV",50.00,W,N,A,-,N,,,,,,,,,,Y,4,0,1,2,A,-,05,21651,B,F,A,C,A,A,H,-,A,A,0,,,,,Y,,A,01,0,0,1,0,0,0,0,0,0,"- ","- ",34.197029113769531,-119.15978240966797,VENTURA,OXNARD,-119.16005706787109,34.197002410888672
9472166,2022,2022-07-21,5604,2022-06-17,0929,5508,,5,5,6,5604,0,0,0,,0,032,"SAVIERS RD","CEDAR ST",0.00,,Y,A,-,N,,,,,,,,,,N,3,0,1,2,A,-,11,21954,A,N,A,B,E,A,H,-,A,D,0,Y,,,,Y,,N,60,0,1,0,0,1,0,0,0,0,"- ","- ",34.183589935302734,-119.17746734619141,VENTURA,OXNARD,-119.17755889892578,34.184501647949219
94723222,2025,2025-06-12,9770,2025-06-03,1610,024421,,2,2,6,5607,0,1,2,,2,071,"US-101 S/B (VENTURA FREEWAY)","LYNN ROAD",2112.00,S,N,A,-,Y,VEN,,101," "," ",4.574,H,,L,N,4,0,1,1,C,-,18,,,N,E,I,A,A,H,-,A,D,0,,,,,Y,,-,"- ",0,0,1,0,0,0,0,0,0,"- ","- ",34.179950714111328,-118.88442230224609,VENTURA,"THOUSAND OAKS",-118.88444519042969,34.179912567138672
9472507,2022,2022-07-21,5604,2022-07-06,1920,4759,,3,5,6,5604,0,0,0,,0,031,"E GONZALES RD","SNOW AV",20.00,W,N,A,-,N,,,,,,,,,,N,4,0,2,2,A,-,03,22350,,N,C,C,A,A,H,-,A,A,0,,,,,Y,,A,01,0,0,2,0,0,0,0,0,0,"- ","- ",34.218959808349609,-119.16532897949219,VENTURA,OXNARD,-119.16543579101562,34.218910217285156
94727168,2025,2025-06-16,9770,2025-06-08,"915 ",021738,,7,1,6,5609,0,1,3,,2,080,"SR-118 W/B (RONALD REAGAN FREEWAY)","LOS ALAMOS ROAD UNDERCROSSING",300.00,E,N,B,-,Y,VEN,,118," ",R,21.946,H,,L,Y,2,0,1,1,A,-,08,22107,,N,E,I,A,A,H,-,A,D,0,,,,,Y,,A,01,1,0,0,0,0,0,0,0,0,"- ","- ",34.290981292724609,-118.80903625488281,VENTURA,"SIMI VALLEY",-118.80904388427734,34.290950775146484
94729048,2025,2025-06-17,9765,2025-06-13,"650 ",020983,,5,1,9,5600,0,1,3,,1,022,SR-150,"SANTA ANA ROAD",6864.00,W,N,B,-,N,,,,,,,,,,N,4,0,1,1,C,-,18,,,N,E,H,A,A,H,-,A,D,0,,,,,Y,,-,"- ",0,0,1,0,0,0,0,0,0,"- ","- ",34.413440704345703,-119.35981750488281,VENTURA,UNINCORPORATED,-119.35983276367188,34.414436340332031
94732046,2025,2025-06-19,9770,2025-06-09,1730,023434,,1,2,6,5607,0,1,2,,2,073,"US-101 S/B (VENTURA FWY)","BORCHARD ROAD",1320.00,N,N,A,-,Y,VEN,,101," "," ",7.503,H,,L,N,3,0,1,2,A,-,03,22350,,N,C,C,A,A,H,-,A,D,0,,,Y,,Y,,C,02,0,1,0,0,0,0,0,0,1,"- ","- ",34.187290191650391,-118.93338775634766,VENTURA,"THOUSAND OAKS",-118.93344879150391,34.187191009521484