CASE_ID,ACCIDENT_YEAR,PROC_DATE,JURIS,COLLISION_DATE,COLLISION_TIME,OFFICER_ID,REPORTING_DISTRICT,DAY_OF_WEEK,CHP_SHIFT,POPULATION,CNTY_CITY_LOC,SPECIAL_COND,BEAT_TYPE,CHP_BEAT_TYPE,CITY_DIVISION_LAPD,CHP_BEAT_CLASS,BEAT_NUMBER,PRIMARY_RD,SECONDARY_RD,DISTANCE,DIRECTION,INTERSECTION,WEATHER_1,WEATHER_2,STATE_HWY_IND,CALTRANS_COUNTY,CALTRANS_DISTRICT,STATE_ROUTE,ROUTE_SUFFIX,POSTMILE_PREFIX,POSTMILE,LOCATION_TYPE,RAMP_INTERSECTION,SIDE_OF_HWY,TOW_AWAY,COLLISION_SEVERITY,NUMBER_KILLED,NUMBER_INJURED,PARTY_COUNT,PRIMARY_COLL_FACTOR,PCF_CODE_OF_VIOL,PCF_VIOL_CATEGORY,PCF_VIOLATION,PCF_VIOL_SUBSECTION,HIT_AND_RUN,TYPE_OF_COLLISION,MVIW,PED_ACTION,ROAD_SURFACE,ROAD_COND_1,ROAD_COND_2,LIGHTING,CONTROL_DEVICE,CHP_ROAD_TYPE,PEDESTRIAN_ACCIDENT,BICYCLE_ACCIDENT,MOTORCYCLE_ACCIDENT,TRUCK_ACCIDENT,NOT_PRIVATE_PROPERTY,ALCOHOL_INVOLVED,STWD_VEHTYPE_AT_FAULT,CHP_VEHTYPE_AT_FAULT,COUNT_SEVERE_INJ,COUNT_VISIBLE_INJ,COUNT_COMPLAINT_PAIN,COUNT_PED_KILLED,COUNT_PED_INJURED,COUNT_BICYCLIST_KILLED,COUNT_BICYCLIST_INJURED,COUNT_MC_KILLED,COUNT_MC_INJURED,PRIMARY_RAMP,SECONDARY_RAMP,LATITUDE,LONGITUDE,COUNTY,CITY,POINT_X,POINT_Y
6648034,2014,2014-10-21,5600,2014-09-23,1421,4221,9072,2,5,6,5607,0,0,0,,0,9G01,"LOS FELIZ DR","DINSMORE AV",378.00,W,N,A,-,N,,,,,,,,,,N,3,0,2,3,A,-,21,22106,,N,B,C,A,A,H,-,A,D,0,,,,,Y,,A,01,0,1,1,0,0,0,0,0,0,"- ","- ",,,VENTURA,"THOUSAND OAKS",-118.84654202999999,34.177493300000002
6648373,2014,2016-05-17,5600,2014-09-26,1252,4221,9088,5,5,6,5607,0,0,0,,0,9G01,"MOORPARK RD","RT 101",40.00,S,N,A,-,Y,VEN,7,101,-,-,3.925,R,4,N,N,4,0,2,2,A,-,03,22350,,N,C,C,A,A,H,-,A,A,0,,,,,Y,,A,01,0,0,2,0,0,0,0,0,0,"- ",NF,,,VENTURA,"THOUSAND OAKS",-118.87390422,34.177242159999999
6648377,2014,2014-10-15,5600,2014-09-30,0725,3292,9080,2,5,6,5607,0,0,0,,0,09G,"SAINT CHARLES DR","MARIN AV",950.00,S,N,A,-,N,,,,,,,,,,Y,4,0,3,2,A,-,08,22107,,N,H,C,A,A,H,-,A,D,0,,,,,Y,,A,01,0,0,3,0,0,0,0,0,0,"- ","- ",,,VENTURA,"THOUSAND OAKS",,
6651124,2014,2016-06-18,5600,2014-09-07,1033,2900,8254,7,5,5,5601,0,0,0,,0,08D,"SANTA ROSA RD","CALLE CUESTA",0.00,,Y,A,-,Y,VEN,7,101,-,-,12.396,R,4,S,N,2,0,1,2,A,-,03,22350,,N,D,C,A,A,H,-,A,A,0,,Y,,,Y,,L,04,1,0,0,0,0,0,1,0,0,"- ","- ",34.2119,-119.00885,VENTURA,CAMARILLO,-119.00938324000001,34.214138910000003
6651602,2014,2014-10-29,5608,2014-09-26,0622,446,,5,5,6,5608,0,0,0,,0,002,"OLIVE ST","MAIN ST",257.00,N,N,A,-,N,,,,,,,,,,N,3,0,1,2,A,-,11,21954,A,N,A,B,D,A,H,-,B,A,0,Y,,,,Y,,-,"- ",0,1,0,0,1,0,0,0,0,"- ","- ",,,VENTURA,VENTURA,-119.30388000000001,34.281440000000003
6651642,2014,2014-10-21,5608,2014-09-30,1945,458,,2,5,6,5608,0,0,0,,0,002,"NAVIGATOR DR","SPINNAKER DR",102.00,N,N,A,-,N,,,,,,,,,,Y,3,0,1,1,A,-,08,22107,,N,E,J,A,A,H,-,C,D,0,,,,,Y,,-,,0,1,0,0,0,0,0,0,0,"- ","- ",,,VENTURA,VENTURA,-119.25780675,34.244450219999997
6651972,2014,2014-12-18,5609,2014-10-08,1208,310,118,3,5,6,5609,0,0,0,,0,001,"EASY ST","MADERA RD",325.00,E,N,A,-,N,,,,,,,,,,Y,3,0,1,2,A,-,09,21804,A,N,D,C,A,A,H,-,A,D,0,,,,,Y,,A,01,0,1,0,0,0,0,0,0,0,"- ","- ",34.278219999999997,-118.79518,VENTURA,"SIMI VALLEY",-118.79648,34.27825
6657402,2014,2014-12-17,5600,2014-10-04,1455,3754,8252,6,5,5,5601,0,0,0,,0,08C,"VILLAGE COMMONS BL","SPRING PARK RD",5.00,S,N,A,-,N,,,,,,,,,,N,3,0,1,2,A,-,08,22107,,N,H,G,A,A,H,-,A,D,0,,Y,,,Y,,D,22,0,1,0,0,0,0,1,0,0,"- ","- ",34.205849999999998,-119.02500000000001,VENTURA,CAMARILLO,-119.02507964,34.205856279999999
6657442,2014,2014-11-13,9765,2014-09-28,0159,020510,,7,3,9,5600,0,3,5,,2,004,"WHEELER CANYON RD","FOOTHILL RD",2640.00,N,N,A,-,N,,,,,,,,,,Y,4,0,1,1,A,-,01,23152,A,N,E,I,A,A,H,-,D,D,0,,,,,Y,Y,D,22,0,0,1,0,0,0,0,0,0,"- ","- ",34.341720000000002,-119.14276,VENTURA,UNINCORPORATED,-119.14231691000001,34.34131979
6657465,2014,2014-12-12,9765,2014-10-07,1545,16420,,2,2,9,5600,0,3,5,,2,005,"BALCOM CANYON RD","BRADLEY RD",1056.00,N,N,A,-,N,,,,,,,,,,Y,4,0,1,1,A,-,08,22107,,N,E,I,A,A,H,-,A,D,0,,,,,Y,,D,22,0,0,1,0,0,0,0,0,0,"- ","- ",34.31664,-118.97255,VENTURA,UNINCORPORATED,-118.97272861,34.315892920000003
6657469,2014,2014-12-12,9765,2014-10-08,0624,13943,,3,1,9,5600,0,2,4,,2,064,"HUENEME RD","OLDS RD",528.00,W,N,A,-,N,,,,,,,,,,Y,4,0,1,3,A,-,03,22350,,M,C,C,A,A,H,-,B,A,0,,,,,Y,,A,07,0,0,1,0,0,0,0,0,0,"- ","- ",34.147190000000002,-119.1511,VENTURA,UNINCORPORATED,-119.15065300000001,34.147273200000001
6657481,2014,2016-06-09,9765,2014-09-25,1300,20866,,4,1,6,5608,0,1,3,,2,030,"RT 126","SATICOY AV",450.00,W,N,A,-,Y,VEN,7,126,-,-,4.400,H,-,W,Y,3,0,1,2,A,-,03,22350,,N,C,C,A,A,D,-,A,D,1,,,,Y,Y,,D,22,0,1,0,0,0,0,0,0,0,"- ","- ",34.284439999999996,-119.16526,VENTURA,VENTURA,-119.16539116,34.284345289999997
6657513,2014,2016-06-06,9765,2014-09-24,2035,020808,,3,2,9,5600,0,1,3,,1,021,"RT 33","BALDWIN RD",500.00,S,N,A,-,Y,VEN,7,33,-,-,11.110,H,-,S,N,3,0,1,2,A,-,"- ",,,N,G,B,D,C,H,-,C,D,0,Y,,,,Y,,A,08,0,1,0,0,1,0,0,0,0,"- ","- ",34.427599999999998,-119.28888999999999,VENTURA,UNINCORPORATED,-119.28885907999999,34.428621329999999
6657973,2014,2016-07-08,9765,2014-10-11,0734,17897,,6,1,9,5600,0,1,3,,1,062,"RT 1","LAS POSAS RD",3696.00,S,N,A,-,Y,VEN,7,1,-,-,9.530,H,-,S,Y,2,0,1,1,A,-,08,22107,,N,E,I,A,A,H,-,A,A,0,,,,,Y,Y,A,01,1,0,0,0,0,0,0,0,0,"- ","- ",34.10821,-119.07958000000001,VENTURA,UNINCORPORATED,-119.07939537999999,34.107789599999997
6659694,2014,2014-10-20,5600,2014-09-21,1639,3411,8059,7,5,5,5601,0,0,0,,0,08A,"VENTURA BL","OVERLAND RD",28.00,W,N,A,-,N,,,,,,,,,,Y,3,0,1,1,A,-,08,22107,,N,E,I,A,A,H,-,A,D,0,,,,,Y,,A,01,0,1,0,0,0,0,0,0,0,"- ","- ",34.21716,-119.07674,VENTURA,CAMARILLO,-119.07665249999999,34.216990000000003
6661797,2014,2014-12-18,5608,2014-10-07,1937,441,,2,5,6,5608,0,0,0,,0,003,"TELEPHONE RD",PLACID,146.00,E,N,A,-,N,,,,,,,,,,Y,4,0,1,1,A,-,08,22107,,N,E,I,A,A,H,-,C,D,0,,,,,Y,,-,,0,0,1,0,0,0,0,0,0,"- ","- ",,,VENTURA,VENTURA,-119.18259397,34.269736279999996
6661825,2014,2014-12-18,5608,2014-10-04,1240,439,,6,5,6,5608,0,0,0,,0,004,"RALSTON ST","SOUTH VICTORIA AV",100.00,E,N,A,-,N,,,,,,,,,,Y,2,0,1,1,D,-,00,,,N,E,J,A,A,H,-,A,D,0,,,,,Y,,-,"- ",1,0,0,0,0,0,0,0,0,"- ","- ",,,VENTURA,VENTURA,-119.21132381,34.26110362
6664505,2014,2014-10-22,9765,2014-09-26,1618,017599,,5,2,9,5600,0,3,5,,2,006,"POTRERO RD","VIA ACOSTA",1584.00,W,N,A,-,N,,,,,,,,,,Y,3,0,1,2,A,-,21,22106,,N,H,C,A,A,H,-,A,D,0,,,,,Y,,A,07,0,1,0,0,0,0,0,0,0,"- ","- ",34.158769999999997,-118.99312999999999,VENTURA,UNINCORPORATED,-118.99371410000001,34.158737530000003
6665256,2014,2016-05-17,9770,2014-09-18,1200,017638,,4,1,6,5607,0,1,2,,2,075,"RT 101","RANCHO RD",2376.00,N,N,A,-,Y,VEN,7,101,-,-,3.510,H,-,S,Y,2,0,1,2,A,-,07,21658,A,N,B,C,A,A,D,-,A,D,1,,,,Y,Y,,G,25,1,0,0,0,0,0,0,0,0,"- ","- ",34.176369999999999,-118.86573,VENTURA,"THOUSAND OAKS",-118.86686553,34.176536400000003
6665290,2014,2014-12-15,9770,2014-10-04,1335,019849,,6,1,9,5600,0,3,5,,2,003,"EAST LAS POSAS RD","ESCOLLERA AV",70.00,W,N,A,-,N,,,,,,,,,,Y,4,0,2,1,A,-,08,22107,,N,E,I,A,A,H,-,A,D,0,,,,,Y,,A,01,0,0,2,0,0,0,0,0,0,"- ","- ",34.244909999999997,-118.91274,VENTURA,UNINCORPORATED,-118.91285344000001,34.245010350000001
6665355,2014,2014-12-12,9770,2014-10-05,1218,19849,,7,1,6,5607,0,1,2,,2,074,"RT 101","MOORPARK RD",50.00,S,N,A,-,Y,,,101,,,,,,,N,4,0,1,3,A,-,03,22350,,N,C,C,A,A,D,-,A,D,0,,,,,Y,,A,01,0,0,1,0,0,0,0,0,0,"- ","- ",34.177430000000001,-118.87603,VENTURA,"THOUSAND OAKS",-118.87603141,34.1774117
6666091,2014,2016-05-17,9770,2014-09-25,0750,015489,,4,1,6,5607,0,1,2,,2,073,"RT 101","WENDY DR",1500.00,N,N,A,-,Y,VEN,7,101,-,-,8.170,H,-,S,Y,2,0,1,2,A,-,07,21658,A,N,B,C,A,A,H,-,A,D,1,,,Y,,Y,,A,01,1,0,0,0,0,0,0,0,1,"- ","- ",34.192030000000003,-118.94481,VENTURA,"THOUSAND OAKS",-118.94378691999999,34.191664670000002
6666099,2014,2016-05-17,9770,2014-09-23,1010,012869,,2,1,6,5607,0,1,2,,2,075,"RT 101","HAMPSHIRE RD",1460.00,N,N,A,-,Y,VEN,7,101,-,-,1.930,H,-,S,Y,4,0,1,3,A,-,03,22350,,N,C,C,A,A,D,-,A,D,1,,,,,Y,,A,07,0,0,1,0,0,0,0,0,0,"- ","- ",34.168469999999999,-118.84184999999999,VENTURA,"THOUSAND OAKS",-118.84197595000001,34.168657140000001
6666103,2014,2016-05-17,9770,2014-09-24,1600,012869,,3,2,6,5607,0,1,2,,2,074,"RT 101","CONEJO SCHOOL RD",376.00,N,N,A,-,Y,VEN,7,101,-,-,2.340,H,-,N,N,4,0,1,2,A,-,03,22350,,N,C,C,A,A,D,-,A,D,1,,,,,Y,,A,07,0,0,1,0,0,0,0,0,0,"- ","- ",34.172519999999999,-118.84729,VENTURA,"THOUSAND OAKS",-118.84743465,34.172589199999997
6667597,2014,2014-11-20,5600,2014-09-17,0752,3006,9072,3,5,6,5607,0,0,0,,0,09G,"AGOURA RD","LA VENTA RD",0.00,,Y,A,-,N,,,,,,,,,,N,3,0,1,2,A,-,12,21453,A,N,H,G,A,A,H,-,A,A,0,,Y,,,Y,,L,04,0,1,0,0,0,0,1,0,0,"- ","- ",,,VENTURA,"THOUSAND OAKS",-118.82244006000001,34.149190050000001
6668322,2014,2014-12-15,9430,2014-10-12,1220,016750,,7,1,9,5600,0,2,4,,1,031,"LOCKWOOD VALLEY RD","CHICO LARSEN RD",15840.00,W,N,A,-,N,,,,,,,,,,Y,3,0,1,2,A,-,03,22350,,N,F,A,A,A,H,-,A,D,0,,,Y,,Y,,C,02,0,1,0,0,0,0,0,0,1,"- ","- ",34.723100000000002,-119.14767999999999,VENTURA,UNINCORPORATED,-119.13798983,34.72151453
6674121,2014,2014-12-03,5600,2014-10-14,1220,4455,8250,2,5,5,5601,0,0,0,,0,8C01,"DAWSON PL","LEWIS RD",52.00,W,N,A,-,Y,,,,,,,,,,N,4,0,1,2,A,-,21,22106,,N,C,C,A,A,H,-,A,A,0,,,,,Y,,I,11,0,0,1,0,0,0,0,0,0,"- ","- ",34.210659999999997,-119.03609,VENTURA,CAMARILLO,-119.03593617999999,34.210683869999997
6674406,2014,2016-06-24,5600,2014-10-10,1359,4404,6004,5,5,3,5602,0,0,0,,0,6A01,"RT 126","A ST",603.00,W,N,A,-,Y,VEN,7,126,-,-,21.040,H,-,E,Y,3,0,2,2,A,-,09,21804,A,N,D,C,A,A,H,-,A,-,0,,,,,Y,,A,01,0,1,1,0,0,0,0,0,0,"- ","- ",,,VENTURA,FILLMORE,-118.91943157,34.395947329999998
6675057,2014,2015-01-06,9765,2014-10-20,1725,015696,,1,2,6,5608,0,1,2,,2,531,"RT 101","VICTORIA AV",50.00,S,N,A,-,Y,,,101,,,,,,,Y,4,0,1,3,A,-,03,22350,,N,C,C,A,A,H,-,A,D,0,,,,,Y,,A,08,0,0,1,0,0,0,0,0,0,"- ","- ",34.251710000000003,-119.21005,VENTURA,VENTURA,-119.21000927999999,34.25177712
6675061,2014,2014-12-29,9765,2014-10-14,0245,020866,,2,3,6,5608,0,1,2,,1,104,"RT 101","RT 33",528.00,S,N,A,-,Y,,,101,,,,,,,Y,4,0,1,1,A,-,08,22107,,N,E,I,A,A,H,-,D,D,0,,,,,Y,,D,22,0,0,1,0,0,0,0,0,0,"- ","- ",34.277709999999999,-119.30137000000001,VENTURA,VENTURA,-119.30136371,34.277741110000001
6677762,2014,2014-12-24,9765,2014-10-15,1648,015696,,3,2,6,5604,0,1,2,,2,530,"RT 101","ROSE AV",1584.00,N,N,A,-,Y,,,101,,,,,,,Y,3,0,2,2,A,-,03,22350,,N,C,C,A,A,H,-,A,D,0,,,,,Y,,A,01,0,1,1,0,0,0,0,0,0,"- ","- ",34.226500000000001,-119.16314,VENTURA,OXNARD,-119.16317178,34.226380499999998
6677798,2014,2014-12-11,9765,2014-10-17,1310,016234,,5,1,5,5601,0,1,2,,2,501,"RT 101","SPRINGVILLE DR",1000.00,S,N,A,-,Y,,,101,,,,,,,Y,4,0,1,2,A,-,03,22350,,N,C,C,A,A,H,-,A,D,0,,,,,Y,,A,01,0,0,1,0,0,0,0,0,0,"- ","- ",34.219830000000002,-119.07965,VENTURA,CAMARILLO,-119.07965177,34.219808630000003
6677802,2014,2014-12-11,9765,2014-10-17,1710,020540,,5,2,9,5600,0,2,4,,2,190,"VENTURA AV","CASITAS VISTA RD",716.00,N,N,A,-,Y,,,,,,,,,,N,3,0,1,1,A,-,03,22350,,N,F,A,A,A,H,-,A,A,0,,,Y,,Y,,C,02,0,1,0,0,0,0,0,0,1,"- ","- ",34.355899999999998,-119.30833,VENTURA,UNINCORPORATED,-119.30732724000001,34.354764009999997
6678118,2015,2016-03-15,5608,2015-10-20,1010,435,5608,2,5,6,5608,0,0,0,,0,002,"EAST THOMPSON BL","BORCHARD DR",243.00,E,N,A,-,N,,,,,,,,,,Y,1,1,0,2,A,-,09,21804,A,N,D,C,A,A,H,-,A,A,0,,,,,Y,,-,,0,0,0,0,0,0,0,0,0,"- ","- ",,,VENTURA,VENTURA,-119.25952856000001,34.272215119999998
6679054,2014,2014-12-19,5608,2014-10-17,1416,440,,5,5,6,5608,0,0,0,,0,002,"E MAIN ST","SANTA ROSA ST",0.00,,Y,A,-,N,,,,,,,,,,Y,4,0,2,2,A,-,04,21703,,N,C,C,A,A,H,-,A,D,0,,,,,Y,,-,,0,0,2,0,0,0,0,0,0,"- ","- ",,,VENTURA,VENTURA,-119.27217998,34.278540069999998
6682761,2014,2014-11-26,5600,2014-10-21,1000,4483,9122,2,5,6,5607,0,0,0,,0,09C,"BORCHARD RD","MICHAEL DR",36.00,N,N,A,-,N,,,,,,,,,,N,4,0,1,3,A,-,03,22350,,N,C,C,A,A,H,-,A,A,0,,,,,Y,,D,22,0,0,1,0,0,0,0,0,0,"- ","- ",,,VENTURA,"THOUSAND OAKS",-118.9273098,34.181982910000002
6682966,2014,2014-12-24,5600,2014-10-17,1249,2693,8007,5,5,5,5601,0,0,0,,0,08A,"LAS POSAS RD","RT 101",39.00,S,N,A,-,Y,,,,,,,,,,N,4,0,1,2,A,-,03,22350,,N,C,C,A,A,H,-,A,A,0,,,,,Y,,A,01,0,0,1,0,0,0,0,0,0,"- ",NF,34.220210000000002,-119.06972,VENTURA,CAMARILLO,-119.06981,34.219192970000002
6683004,2014,2014-12-23,5600,2014-10-17,1610,3364,9000,5,5,6,5607,0,0,0,,0,09A,"OLSEN RD","STARFIRE AV",481.00,S,N,A,-,N,,,,,,,,,,Y,2,0,1,1,A,-,08,22107,,N,E,I,A,A,H,-,A,D,0,,,Y,,Y,,C,02,1,0,0,0,0,0,0,0,1,"- ","- ",,,VENTURA,"THOUSAND OAKS",-118.88831977,34.222285960000001
6683020,2014,2014-12-23,5600,2014-10-21,1753,2913,9154,2,5,6,5607,0,0,0,,0,09D,"THOUSAND OAKS BL","SUNSET DR",4.00,W,N,A,-,N,,,,,,,,,,N,3,0,1,2,A,-,05,21650,1,N,H,G,A,A,H,-,A,A,0,,Y,,,Y,,L,04,0,1,0,0,0,0,1,0,0,"- ","- ",,,VENTURA,"THOUSAND OAKS",-118.83377967,34.16742747
6684185,2014,2014-12-19,5600,2014-10-15,1013,3147,9072,3,5,6,5607,0,0,0,,0,9G01,"THOUSAND OAKS BL","LOS FELIZ DR",74.00,E,N,A,-,N,,,,,,,,,,N,4,0,1,2,A,-,03,22350,,N,C,C,A,A,D,-,A,A,0,,,,,Y,,A,01,0,0,1,0,0,0,0,0,0,"- ","- ",,,VENTURA,"THOUSAND OAKS",-118.85071499,34.177248319999997
6691093,2014,2016-02-17,9765,2014-10-29,1705,016420,,3,2,9,5600,0,2,4,,2,064,"PLEASANT VALLEY RD","RT 34",528.00,N,N,A,-,N,,,,,,,,,,Y,3,0,2,3,A,-,03,22350,,N,C,C,A,A,H,-,A,D,0,,,,,Y,,A,01,0,1,1,0,0,0,0,0,0,"- ","- ",34.198369999999997,-119.10274,VENTURA,UNINCORPORATED,-119.03874278000001,34.205440430000003
6691891,2014,2014-11-20,5606,2014-06-18,0537,1114,5606,3,5,4,5606,0,0,0,,0,002,"8TH ST","VENTURA ST",0.00,,Y,A,-,N,,,,,,,,,,N,4,0,1,2,A,-,09,21801,A,N,D,C,A,A,H,-,A,D,0,,,,,Y,,A,07,0,0,1,0,0,0,0,0,0,"- ","- ",,,VENTURA,"SANTA PAULA",-119.06328001999999,34.350969999999997
6693176,2014,2014-12-23,5609,2014-10-24,1658,437,,5,5,6,5609,0,0,0,,0,006,"KUEHNER DR","SANDALWOOD DR",0.00,,Y,A,-,N,,,,,,,,,,Y,3,0,1,2,A,-,09,21801,A,N,D,C,A,A,H,-,A,A,0,,,,,Y,Y,A,07,0,1,0,0,0,0,0,0,0,"- ","- ",,,VENTURA,"SIMI VALLEY",-118.66206013,34.266990010000001
6693183,2014,2014-12-23,5609,2014-10-22,1614,388,,3,5,6,5609,0,0,0,,0,002,"MADERA RD","IRVINE RD",37.00,E,N,A,-,N,,,,,,,,,,Y,4,0,2,2,A,-,03,22350,,N,C,C,A,A,H,-,A,A,0,,,,,Y,,A,01,0,0,2,0,0,0,0,0,0,"- ","- ",,,VENTURA,"SIMI VALLEY",-118.79851748,34.25575971
6694197,2014,2014-12-30,9770,2014-10-10,1655,017638,,5,2,6,5607,0,1,2,,2,074,"RT 101","CONEJO SCHOOL RD",700.00,N,N,A,-,Y,,,101,,,,,,,Y,4,0,1,2,A,-,03,22350,,N,C,C,A,A,D,-,A,D,0,,,,,Y,,A,01,0,0,1,0,0,0,0,0,0,"- ","- ",34.174669999999999,-118.85029,VENTURA,"THOUSAND OAKS",-118.85037429,34.17451269
6694306,2014,2014-12-30,9770,2014-10-15,0925,012869,,3,1,9,5600,0,2,4,,2,079,"KANAN RD","SUNNYCREST DR",0.00,,Y,B,-,N,,,,,,,,,,Y,4,0,2,2,A,-,12,21453,A,N,D,C,A,A,H,-,A,A,0,,,,,Y,,A,01,0,0,2,0,0,0,0,0,0,"- ","- ",34.176490000000001,-118.75967,VENTURA,UNINCORPORATED,-118.75986008,34.176460120000002
6695147,2014,2015-01-07,9765,2014-11-04,1345,016420,,2,1,9,5600,0,1,3,,1,020,"RT 33","PARK VIEW DR",528.00,S,N,A,-,Y,,,33,,,,,,,Y,2,0,1,1,A,-,08,22107,,N,E,I,A,A,H,-,A,D,0,,,,,Y,,A,07,1,0,0,0,0,0,0,0,0,"- ","- ",34.360660000000003,-119.30959,VENTURA,UNINCORPORATED,-119.30961619999999,34.36065782
6695798,2014,2015-01-05,5600,2014-10-24,1033,4221,9024,5,5,6,5607,0,0,0,,0,9B01,"AVENIDA DE LOS ARBOLES","VISTA WOOD CIR",0.00,,Y,A,-,N,,,,,,,,,,N,4,0,1,2,A,-,09,21802,A,N,D,D,A,A,H,-,A,D,0,,,,,Y,,A,01,0,0,1,0,0,0,0,0,0,"- ","- ",,,VENTURA,"THOUSAND OAKS",-118.82664011,34.214110099999999
6702313,2014,2015-01-07,5600,2014-11-01,1701,4380,8112,6,5,5,5601,0,0,0,,0,08B,"MOBIL AV","RAEMERE ST",95.00,N,N,A,-,N,,,,,,,,,,N,3,0,1,2,A,-,09,21804,A,N,A,C,A,A,-,-,A,D,0,,Y,,,Y,,L,04,0,1,0,0,0,0,1,0,0,"- ","- ",34.218809999999998,-119.04301,VENTURA,CAMARILLO,-119.04298,34.218770720000002
6702422,2014,2015-01-23,5608,2014-10-30,1157,464,,4,5,6,5608,0,0,0,,0,001,"N OLIVE ST","W PARK ROW AV",0.00,,Y,A,-,N,,,,,,,,,,Y,3,0,2,2,A,-,09,21801,A,N,D,C,A,A,H,-,A,D,0,,,,,Y,,-,,0,1,1,0,0,0,0,0,0,"- ","- ",,,VENTURA,VENTURA,-119.30289998000001,34.285089999999997
6704521,2014,2015-01-12,9765,2014-11-10,1720,20912,,1,2,9,5600,0,2,4,,2,064,"HUENEME RD","WOOD RD",2640.00,E,N,B,-,N,,,,,,,,,,Y,4,0,1,2,A,-,03,22350,,N,C,C,A,A,H,-,B,D,0,,,,,Y,,A,01,0,0,1,0,0,0,0,0,0,"- ","- ",34.151040000000002,-119.08868,VENTURA,UNINCORPORATED,-119.08920867,34.150789430000003
6705116,2014,2015-01-08,9765,2014-11-07,1735,20302,,5,2,6,5604,0,1,2,,2,531,"RT 101","RT 1",35.00,N,N,A,-,Y,,,101,,,,,,,N,4,0,2,2,A,-,03,22350,,M,C,C,A,A,H,-,C,D,0,,,,,Y,,A,07,0,0,2,0,0,0,0,0,0,TO,"- ",34.238480000000003,-119.18138999999999,VENTURA,OXNARD,-119.18105378,34.239263440000002
6705267,2014,2014-11-18,5609,2014-10-30,0746,227,,4,5,6,5609,0,0,0,,0,004,"COCHRAN ST","SEQUOIA AV",611.00,W,N,A,-,N,,,,,,,,,,Y,4,0,1,1,A,-,03,22350,,N,E,I,A,A,H,-,A,D,0,,,,,Y,,A,01,0,0,1,0,0,0,0,0,0,"- ","- ",,,VENTURA,"SIMI VALLEY",-118.73253944,34.279010030000002
6705445,2014,2015-01-07,9765,2014-11-01,1505,020423,,6,2,5,5601,0,1,2,,2,503,"RT 101","CARMEN DR",2112.00,N,N,A,-,Y,,,101,,,,,,,Y,2,0,1,1,A,-,01,23152,A,N,F,A,A,A,H,-,A,D,0,,,Y,,Y,Y,C,02,1,0,0,0,0,0,0,0,1,"- ","- ",34.217649999999999,-119.05459,VENTURA,CAMARILLO,-119.05457669,34.217837189999997
6705968,2014,2014-12-04,5600,2014-10-31,1231,5041,9158,5,5,6,5607,0,0,0,,0,09D,"RT 23","TOWNSGATE RD",392.00,S,N,B,-,Y,,,,,,,,,,N,4,0,2,2,A,-,04,21703,,N,C,C,A,A,H,-,A,A,0,,,,,Y,,A,01,0,0,2,0,0,0,0,0,0,"- ","- ",,,VENTURA,"THOUSAND OAKS",,
6708027,2014,2015-01-12,9765,2014-11-14,1725,020302,,5,2,9,5600,0,1,3,,1,020,"RT 33","VILLANOVA RD",0.00,,Y,A,-,Y,,,33,,,,,,,N,4,0,1,2,A,-,09,21801,A,N,D,C,A,A,H,-,C,A,0,,,Y,,Y,,A,01,0,0,1,0,0,0,0,0,1,"- ","- ",34.42559,-119.28881,VENTURA,UNINCORPORATED,-119.28903256,34.425601260000001
6708077,2014,2015-01-07,5608,2014-11-12,1713,370,,3,5,6,5608,0,0,0,,0,004,"VALENTINE RD","KNOLL DR",528.00,W,N,A,-,N,,,,,,,,,,Y,3,0,2,2,A,-,08,22107,,N,D,C,A,A,H,-,D,D,0,,,,,Y,,-,,0,1,1,0,0,0,0,0,0,"- ","- ",,,VENTURA,VENTURA,-119.22123757999999,34.257442760000004
6708130,2014,2015-01-21,5608,2014-11-04,1159,428,VTA,2,5,6,5608,0,0,0,,0,002,"VISTA DEL MAR DR","VISTA DEL MAR 2100 BLK",19.00,N,N,A,-,N,,,,,,,,,,Y,3,0,2,1,A,-,08,22107,,N,A,I,A,A,H,-,A,D,0,,,,,Y,,-,,0,1,1,0,0,0,0,0,0,"- ","- ",,,VENTURA,VENTURA,,
6712364,2014,2015-01-07,5600,2014-11-13,1800,3364,9080,4,5,6,5607,0,0,0,,0,09H,"LYNN RD","HILLCREST DR",430.00,N,N,B,C,N,,,,,,,,,,Y,4,0,1,2,A,-,04,21703,,N,C,C,A,B,H,-,D,D,0,,,,,Y,,A,01,0,0,1,0,0,0,0,0,0,"- ","- ",,,VENTURA,"THOUSAND OAKS",-118.89293737,34.186772099999999
6712368,2014,2015-01-07,5600,2014-11-13,0835,VO4054,9150,4,5,6,5607,0,0,0,,0,09G,"WILLOW LN","HAMPSHIRE RD",0.00,,Y,A,-,N,,,,,,,,,,N,4,0,2,2,A,-,03,22350,,M,C,C,A,A,H,-,A,D,0,,,,,Y,,-,99,0,0,2,0,0,0,0,0,0,"- ","- ",,,VENTURA,"THOUSAND OAKS",-118.83810009,34.165200030000001
6712635,2014,2015-01-15,5600,2014-11-13,1935,3364,9150,4,5,6,5607,0,0,0,,0,09G,"WILLOW LN","CONEJO RIDGE RD",235.00,W,N,B,C,N,,,,,,,,,,Y,4,0,1,2,A,-,05,21651,A,N,A,C,A,B,H,-,D,D,0,,,,,Y,,D,22,0,0,1,0,0,0,0,0,0,"- ","- ",,,VENTURA,"THOUSAND OAKS",-118.84644863,34.171158630000001
6714665,2014,2014-12-24,9770,2014-10-30,1530,014675,,4,2,9,5600,0,2,4,,1,032,"MOORPARK RD","READ RD",200.00,S,N,A,-,N,,,,,,,,,,Y,4,0,1,2,A,-,03,22350,,N,C,C,A,A,H,-,A,D,0,,,,,Y,,D,22,0,0,1,0,0,0,0,0,0,"- ","- ",34.250239999999998,-118.86527,VENTURA,UNINCORPORATED,-118.86551119000001,34.25015397