CASE_ID,ACCIDENT_YEAR,PROC_DATE,JURIS,COLLISION_DATE,COLLISION_TIME,OFFICER_ID,REPORTING_DISTRICT,DAY_OF_WEEK,CHP_SHIFT,POPULATION,CNTY_CITY_LOC,SPECIAL_COND,BEAT_TYPE,CHP_BEAT_TYPE,CITY_DIVISION_LAPD,CHP_BEAT_CLASS,BEAT_NUMBER,PRIMARY_RD,SECONDARY_RD,DISTANCE,DIRECTION,INTERSECTION,WEATHER_1,WEATHER_2,STATE_HWY_IND,CALTRANS_COUNTY,CALTRANS_DISTRICT,STATE_ROUTE,ROUTE_SUFFIX,POSTMILE_PREFIX,POSTMILE,LOCATION_TYPE,RAMP_INTERSECTION,SIDE_OF_HWY,TOW_AWAY,COLLISION_SEVERITY,NUMBER_KILLED,NUMBER_INJURED,PARTY_COUNT,PRIMARY_COLL_FACTOR,PCF_CODE_OF_VIOL,PCF_VIOL_CATEGORY,PCF_VIOLATION,PCF_VIOL_SUBSECTION,HIT_AND_RUN,TYPE_OF_COLLISION,MVIW,PED_ACTION,ROAD_SURFACE,ROAD_COND_1,ROAD_COND_2,LIGHTING,CONTROL_DEVICE,CHP_ROAD_TYPE,PEDESTRIAN_ACCIDENT,BICYCLE_ACCIDENT,MOTORCYCLE_ACCIDENT,TRUCK_ACCIDENT,NOT_PRIVATE_PROPERTY,ALCOHOL_INVOLVED,STWD_VEHTYPE_AT_FAULT,CHP_VEHTYPE_AT_FAULT,COUNT_SEVERE_INJ,COUNT_VISIBLE_INJ,COUNT_COMPLAINT_PAIN,COUNT_PED_KILLED,COUNT_PED_INJURED,COUNT_BICYCLIST_KILLED,COUNT_BICYCLIST_INJURED,COUNT_MC_KILLED,COUNT_MC_INJURED,PRIMARY_RAMP,SECONDARY_RAMP,LATITUDE,LONGITUDE,COUNTY,CITY,POINT_X,POINT_Y
7108253,2015,2015-11-03,5600,2015-10-25,0058,4582,9178,7,5,6,5607,0,0,0,,0,09D,"10TH ST","VISTA OAKS WY",160.00,W,N,A,-,N,,,,,,,,,,Y,3,0,1,1,A,-,08,22107,,N,E,I,A,A,H,-,D,D,0,,,,,Y,,A,07,0,1,0,0,0,0,0,0,0,"- ","- ",,,VENTURA,"THOUSAND OAKS",,
7108257,2015,2015-11-03,5600,2015-10-19,1918,5128,9036,1,5,6,5607,0,0,0,,0,09B,"ERBES RD","AVENIDA DE LAS FLORES",0.00,,Y,A,-,N,,,,,,,,,,Y,3,0,3,2,A,-,09,21801,A,N,H,C,A,A,H,-,C,A,0,,,,,Y,,A,01,0,1,2,0,0,0,0,0,0,"- ","- ",,,VENTURA,"THOUSAND OAKS",-118.83962008,34.207880009999997
7109407,2015,2015-11-19,5608,2015-10-30,2230,439,,5,5,6,5608,0,0,0,,0,004,"SOUTH VICTORIA AV","VENTURA BL",500.00,S,N,A,-,N,,,,,,,,,,Y,4,0,1,2,D,-,00,,,N,B,C,A,A,G,-,C,A,0,,,,,Y,,-,"- ",0,0,1,0,0,0,0,0,0,"- ","- ",,,VENTURA,VENTURA,-119.21093397999999,34.252794880000003
7109469,2015,2015-11-17,5600,2015-11-04,0940,2913,9146,3,5,6,5607,0,0,0,,0,09D,"KANAN RD","LINDERO CANYON RD",0.00,,Y,A,-,N,,,,,,,,,,Y,4,0,2,2,A,-,12,21453,A,N,D,D,A,A,H,-,A,A,0,,,,,Y,,-,"- ",0,0,2,0,0,0,0,0,0,"- ","- ",,,VENTURA,"THOUSAND OAKS",-118.78598009,34.184940019999999
7110167,2015,2015-11-16,5600,2015-10-26,0800,3147,9106,1,5,6,5607,0,0,0,,0,9C01,"REINO RD","CABRILLO AV",0.00,,Y,A,-,N,,,,,,,,,,Y,3,0,1,2,A,-,09,21802,A,N,D,D,A,A,H,-,A,A,0,,,,,Y,,A,01,0,1,0,0,0,0,0,0,0,"- ","- ",,,VENTURA,"THOUSAND OAKS",-118.95361013999999,34.183100099999997
7110182,2015,2017-01-28,5600,2015-10-28,1420,2740,9158,3,5,6,5607,0,0,0,,0,09D,"RT 23","TOWNSGATE RD",120.00,N,N,A,-,Y,VEN,7,23,-,R,3.120,H,-,S,N,4,0,1,2,A,-,21,22106,,N,C,C,A,A,H,-,A,D,0,,,,,Y,,A,07,0,0,1,0,0,0,0,0,0,"- ","- ",,,VENTURA,"THOUSAND OAKS",-118.82711893,34.155023649999997
7112513,2015,2015-11-18,5608,2015-10-12,0939,370,,1,5,6,5608,0,0,0,,0,001,"CEDAR ST","RAMONA ST",78.00,S,N,A,-,N,,,,,,,,,,Y,3,0,1,2,A,-,08,22107,,N,C,E,A,A,H,-,A,D,0,,,,,Y,,-,,0,1,0,0,0,0,0,0,0,"- ","- ",,,VENTURA,VENTURA,-119.29571524000001,34.288842889999998
7112806,2015,2015-11-16,5608,2015-10-25,1803,430,,7,5,6,5608,0,0,0,,0,002,"E MAIN ST","BORCHARD DR",0.00,,Y,A,-,N,,,,,,,,,,Y,4,0,2,2,A,-,12,21453,A,N,D,C,A,A,H,-,A,A,0,,,,,Y,,-,,0,0,2,0,0,0,0,0,0,"- ","- ",,,VENTURA,VENTURA,-119.25973990999999,34.273580070000001
7112818,2015,2015-11-16,5608,2015-10-12,0744,439,,1,5,6,5608,0,0,0,,0,004,"TELEPHONE RD","PLACID AV",0.00,,Y,A,-,N,,,,,,,,,,Y,3,0,2,3,A,-,08,22107,,N,D,C,A,A,H,-,A,D,0,,,,,Y,,-,,0,1,1,0,0,0,0,0,0,"- ","- ",,,VENTURA,VENTURA,-119.18307009999999,34.269670040000001
7112834,2015,2016-08-05,5608,2015-10-26,2150,406,,1,5,6,5608,0,0,0,,0,002,"MAIN ST","MILLS RD",47.00,W,N,A,-,N,,,,,,,,,,N,3,0,1,2,A,-,11,21954,A,N,G,B,D,A,H,-,C,A,0,Y,,,,Y,,N,60,0,1,0,0,1,0,0,0,0,"- ","- ",,,VENTURA,VENTURA,-119.24619709,34.265101569999999
7120421,2015,2015-11-24,5600,2015-11-10,1746,4438,8213,2,5,5,5601,0,0,0,,0,8D1,"SANTA ROSA RD","WOODCREEK RD",312.00,N,N,A,-,N,,,,,,,,,,Y,3,0,3,2,A,-,03,22350,,N,C,C,A,A,H,-,C,A,0,,,,,Y,,D,22,0,1,2,0,0,0,0,0,0,"- ","- ",34.224130000000002,-118.99327,VENTURA,CAMARILLO,-118.99337909,34.224107400000001
7120427,2015,2015-11-24,5609,2015-11-04,0820,312,,3,5,6,5609,0,0,0,,0,,"MADERA RD","ARISTOTLE ST",0.00,,Y,A,-,N,,,,,,,,,,Y,4,0,1,2,A,-,09,21802,A,N,D,C,A,A,H,-,A,A,0,,,,,Y,,A,01,0,0,1,0,0,0,0,0,0,"- ","- ",34.277270000000001,-118.79631000000001,VENTURA,"SIMI VALLEY",-118.79646006,34.277300070000003
7121101,2015,2015-12-01,5608,2015-11-14,1405,464,,6,5,6,5608,0,0,0,,0,003,"KIMBALL RD","THILLE ST",0.00,,Y,A,-,N,,,,,,,,,,Y,4,0,1,2,A,-,12,21453,A,N,D,C,A,A,H,-,A,A,0,,,,,Y,,-,,0,0,1,0,0,0,0,0,0,"- ","- ",,,VENTURA,VENTURA,-119.18914013,34.271100079999997
7121491,2015,2015-12-07,5600,2015-11-14,0905,3774,9020,6,5,6,5607,0,0,0,,0,09A,"PEDERSON RD","CALLE CASTANO",500.00,W,N,A,-,N,,,,,,,,,,N,4,0,1,1,D,-,00,,,N,H,A,A,A,G,-,A,D,0,,Y,,,Y,,-,"- ",0,0,1,0,0,0,1,0,0,"- ","- ",,,VENTURA,"THOUSAND OAKS",-118.86027937999999,34.226048650000003
7122569,2015,2015-12-01,5609,2015-10-31,1728,437,,6,5,6,5609,0,0,0,,0,,"TAPO ST","ALPINE ST",15.00,S,N,A,-,N,,,,,,,,,,N,3,0,1,2,A,-,00,21760,B,N,B,G,A,A,H,-,A,D,0,,Y,,,Y,,D,22,0,1,0,0,0,0,1,0,0,"- ","- ",34.274659999999997,-118.70898,VENTURA,"SIMI VALLEY",-118.70895946,34.274758849999998
7123910,2015,2015-12-04,5608,2015-11-23,1018,391,,1,5,6,5608,0,0,0,,0,002,"MAIN ST","KATHERINE DR",0.00,,Y,A,-,N,,,,,,,,,,Y,3,0,1,2,A,-,08,22107,,N,B,C,A,A,H,-,-,D,0,,,,,Y,,-,,0,1,0,0,0,0,0,0,0,"- ","- ",,,VENTURA,VENTURA,-119.26152998000001,34.274780110000002
7127603,2015,2017-01-27,5600,2015-12-11,1755,4455,8215,5,5,5,5601,0,0,0,,0,8D01,"SANTA ROSA RD","UPLAND RD",0.00,,Y,A,-,N,,,,,,,,,,Y,4,0,3,2,A,-,09,21801,A,N,H,C,A,A,H,-,C,A,0,,,,,Y,,D,22,0,0,3,0,0,0,0,0,0,"- ","- ",34.233199999999997,-118.97324999999999,VENTURA,CAMARILLO,-118.97329003999999,34.233150070000001
7128847,2015,2015-12-09,5600,2015-11-29,0809,4722,9128,7,5,6,5607,0,0,0,,0,9H01,"HILLCREST DR","KALINDA PL",31.00,W,N,A,-,N,,,,,,,,,,Y,4,0,1,1,A,-,08,22107,,N,E,I,A,A,H,-,A,D,0,,,,,Y,,A,01,0,0,1,0,0,0,0,0,0,"- ","- ",,,VENTURA,"THOUSAND OAKS",-118.90274219,34.184814869999997
7129444,2015,2015-12-08,5600,2015-11-19,0848,4498,9031,4,5,6,5607,0,0,0,,0,09B,"WESTLAKE BL","AVENIDA DE LOS ARBOLES",258.00,N,N,A,-,N,,,,,,,,,,N,3,0,1,1,A,-,03,22350,,N,F,A,A,A,A,-,A,A,0,,Y,,,Y,,L,04,0,1,0,0,0,0,1,0,0,"- ","- ",,,VENTURA,"THOUSAND OAKS",-118.82311556000001,34.215027810000002
7129448,2015,2015-12-08,5600,2015-11-20,0223,3147,9116,5,5,6,5607,0,0,0,,0,9C01,"LYNN RD","BOXTHORN AV",67.00,W,N,A,-,N,,,,,,,,,,Y,3,0,1,1,A,-,01,23152,A,N,E,I,A,A,H,-,C,D,0,,,,,Y,Y,A,01,0,1,0,0,0,0,0,0,0,"- ","- ",,,VENTURA,"THOUSAND OAKS",-118.95287454,34.161742699999998
7129468,2015,2015-12-08,5600,2015-11-16,2227,3063,9114,1,5,6,5607,0,0,0,,0,09C,"WALTER AV","DICKINSON AV",78.00,W,N,A,-,N,,,,,,,,,,Y,4,0,1,2,A,-,08,22107,,N,E,I,A,A,H,-,C,D,0,,,,,Y,,A,01,0,0,1,0,0,0,0,0,0,"- ","- ",,,VENTURA,"THOUSAND OAKS",-118.95309021,34.173535700000002
7129472,2015,2015-12-08,5600,2015-11-18,1834,2740,9128,3,5,6,5607,0,0,0,,0,09H,"HILLCREST DR","SHADY OAKS DR",0.00,,Y,A,-,N,,,,,,,,,,N,4,0,1,2,A,-,10,21950,A,N,G,B,B,A,H,-,C,A,0,Y,,,,Y,,A,01,0,0,1,0,1,0,0,0,0,"- ","- ",,,VENTURA,"THOUSAND OAKS",-118.91999006,34.187630030000001
7129482,2015,2015-12-16,5600,2015-11-23,1714,2913,9128,1,5,6,5607,0,0,0,,0,09H,"HILLCREST DR","LYNN RD",0.00,,Y,A,-,N,,,,,,,,,,Y,4,0,1,2,A,-,12,21453,,N,H,C,A,A,H,-,C,A,0,,,,,Y,,-,"- ",0,0,1,0,0,0,0,0,0,"- ","- ",,,VENTURA,"THOUSAND OAKS",-118.89225007,34.185750030000001
7129490,2015,2015-12-07,5600,2015-11-24,1655,2913,9046,2,5,6,5607,0,0,0,,0,09A,"LYNN RD","JANSS RD",200.00,N,N,A,-,N,,,,,,,,,,Y,4,0,1,2,A,-,21,22106,,N,C,C,A,A,H,-,C,A,0,,,,,Y,,A,01,0,0,1,0,0,0,0,0,0,"- ","- ",,,VENTURA,"THOUSAND OAKS",-118.88620005,34.206558809999997
7129494,2015,2015-12-07,5600,2015-11-25,1311,1936,9102,3,5,6,5607,0,0,0,,0,09G,"THOUSAND OAKS BL","MOORPARK RD",22.00,W,N,A,-,N,,,,,,,,,,N,4,0,1,2,A,-,21,22106,,N,C,C,A,A,H,-,A,A,0,,,,,Y,,A,07,0,0,1,0,0,0,0,0,0,"- ","- ",,,VENTURA,"THOUSAND OAKS",-118.87652,34.178930000000001
7130002,2015,2015-12-08,5600,2015-11-30,1315,3147,9100,1,5,6,5607,0,0,0,,0,9B01,"WILBUR RD","MOORPARK RD",45.00,E,N,A,-,N,,,,,,,,,,N,4,0,1,2,A,-,08,22107,,N,B,C,A,A,H,-,A,A,0,,,,,Y,,A,01,0,0,1,0,0,0,0,0,0,"- ","- ",,,VENTURA,"THOUSAND OAKS",-118.87504,34.186590000000002
7104644,2015,2017-02-03,5600,2015-10-22,1525,5151,9170,4,5,6,5607,0,0,0,,0,09D,"RT 23","RT 101",131.00,S,N,A,-,Y,VEN,7,101,-,-,0.502,R,4,N,Y,4,0,1,3,A,-,04,21703,,N,C,C,A,A,H,-,A,D,0,,,,,Y,,A,01,0,0,1,0,0,0,0,0,0,"- ",NF,,,VENTURA,"THOUSAND OAKS",-118.82230860999999,34.15590211
7066824,2015,2015-09-22,5608,2015-09-01,2214,466,,2,5,6,5608,0,0,0,,0,004,"VICTORIA AV","RALSTON ST",0.00,,Y,A,-,N,,,,,,,,,,N,4,0,2,2,A,-,12,21453,A,N,D,C,A,A,H,-,C,A,0,,,,,Y,,-,,0,0,2,0,0,0,0,0,0,"- ","- ",,,VENTURA,VENTURA,-119.21164992,34.261060069999999
7066821,2015,2016-07-19,5608,2015-09-01,1918,446,,2,5,6,5608,0,0,0,,0,001,"E MAIN ST","ANN ST",0.00,,Y,A,-,N,,,,,,,,,,Y,4,0,2,2,A,-,09,21802,A,N,D,D,A,A,H,-,B,A,0,,,,,Y,,-,,0,0,2,0,0,0,0,0,0,"- ","- ",,,VENTURA,VENTURA,-119.28395999999999,34.280850039999997
7052156,2015,2015-09-18,5609,2015-08-31,1524,310,418,1,5,6,5609,0,0,0,,0,004,"COCHRAN ST","GALENA AV",0.00,,Y,A,-,N,,,,,,,,,,Y,3,0,1,2,A,-,09,21801,A,N,D,C,A,A,H,-,A,A,0,,,,,Y,,A,07,0,1,0,0,0,0,0,0,0,"- ","- ",,,VENTURA,"SIMI VALLEY",-118.73564005999999,34.279010049999997
7052152,2015,2015-09-18,5609,2015-08-26,2252,437,,3,5,6,5609,0,0,0,,0,004,"TAPO CANYON RD","COCHRAN ST",27.00,N,N,A,-,N,,,,,,,,,,Y,3,0,1,1,A,-,08,22107,,N,E,I,A,A,H,-,C,D,0,,,,,Y,,A,01,0,1,0,0,0,0,0,0,0,"- ","- ",,,VENTURA,"SIMI VALLEY",-118.71786819,34.27914406
7052144,2015,2015-09-18,5609,2015-08-27,0901,374,,4,5,6,5609,0,0,0,,0,,"LOS ANGELES AV","YOSEMITE AV",275.00,E,N,A,-,N,,,,,,,,,,Y,3,0,2,2,A,-,09,21801,,N,A,C,A,A,H,-,A,D,0,,,,,Y,,-,"- ",0,1,1,0,0,0,0,0,0,"- ","- ",,,VENTURA,"SIMI VALLEY",-118.67749121,34.271740000000001
7050768,2015,2015-09-19,5609,2015-08-23,1859,388,,7,5,6,5609,0,0,0,,0,002,"COUNTRY CLUB DR","WOOD RANCH PKWY",0.00,,Y,A,-,N,,,,,,,,,,Y,4,0,1,2,A,-,09,21801,A,N,A,C,A,A,H,-,A,A,0,,,,,Y,,A,01,0,0,1,0,0,0,0,0,0,"- ","- ",,,VENTURA,"SIMI VALLEY",-118.81200006,34.252540070000002
7041844,2015,2017-01-04,5600,2015-08-11,1414,4529,9176,2,5,6,5607,0,0,0,,0,09D,"AGOURA RD","RT 23",50.00,E,N,A,-,Y,VEN,7,23,-,R,2.880,I,6,N,N,4,0,1,3,D,-,00,,,N,C,C,A,A,H,-,A,A,0,,,,,Y,,-,"- ",0,0,1,0,0,0,0,0,0,"- ","- ",,,VENTURA,"THOUSAND OAKS",-118.82901966999999,34.152097269999999
7012771,2015,2015-08-20,5608,2015-07-22,0623,409,,3,5,6,5608,0,0,0,,0,004,"VICTORIA AV","VALENTINE RD",550.00,S,N,B,-,N,,,,,,,,,,Y,3,0,1,1,A,-,03,22350,,N,-,J,A,A,H,-,A,A,0,,,,,Y,,-,,0,1,0,0,0,0,0,0,0,"- ","- ",,,VENTURA,VENTURA,-119.21241778,34.250126829999999
7012215,2015,2016-11-07,5600,2015-06-20,0855,4478,1000,6,5,2,5603,0,0,0,,0,1A01,"RT 33","BRISTOL RD",35.00,E,N,A,-,Y,VEN,7,150,-,-,17.160,H,-,W,N,4,0,1,2,A,-,03,22350,,N,C,C,A,A,H,-,A,A,0,,,,,Y,,A,01,0,0,1,0,0,0,0,0,0,"- ","- ",,,VENTURA,OJAI,-119.25014873000001,34.44685613
7103190,2015,2017-02-02,5600,2015-10-05,1553,3924,5145,1,5,4,5690,0,0,0,,0,02A,"RT 118","PARK LN",377.00,E,N,A,-,Y,VEN,7,118,-,-,17.400,H,-,W,Y,4,0,4,3,A,-,09,21804,A,N,D,D,A,A,H,-,A,D,0,,,,,Y,,A,01,0,0,4,0,0,0,0,0,0,"- ","- ",,,VENTURA,MOORPARK,-118.88403208,34.279013769999999
7131649,2015,2015-12-16,5600,2015-11-18,0748,2979,5100,3,5,4,5690,0,0,0,,0,02B,"2ND ST","BARD ST",0.00,,Y,A,-,N,,,,,,,,,,N,4,0,1,2,A,-,10,21950,A,N,G,B,B,A,H,-,A,A,0,Y,,,,Y,,A,01,0,0,1,0,1,0,0,0,0,"- ","- ",,,VENTURA,MOORPARK,-118.87931003,34.28293
7133127,2015,2015-12-10,5609,2015-11-13,0011,437,,5,5,6,5609,0,0,0,,0,004,"SYCAMORE DR","AVENIDA SIMI",16.00,N,N,A,G,N,,,,,,,,,,Y,3,0,2,1,A,-,01,23152,F,N,E,I,A,A,H,-,A,D,0,,,,,Y,Y,A,01,0,1,1,0,0,0,0,0,0,"- ","- ",34.289969999999997,-118.74381,VENTURA,"SIMI VALLEY",-118.74391,34.289923899999998
7135197,2015,2016-02-03,5600,2015-12-03,1723,2913,9050,4,5,6,5607,0,0,0,,0,09B,"MOORPARK RD","COLUMBIA ST",135.00,S,N,A,-,N,,,,,,,,,,Y,3,0,1,2,A,-,07,21658,A,N,B,C,A,A,H,-,C,D,0,,,Y,,Y,,D,22,0,1,0,0,0,0,0,0,1,"- ","- ",,,VENTURA,"THOUSAND OAKS",-118.86836,34.201849559999999
7135220,2015,2017-01-11,5600,2015-12-26,0849,4722,9130,6,5,6,5607,0,0,0,,0,09C,"YENTU PARK RD","RT 101",0.00,,Y,A,G,Y,VEN,7,101,-,-,5.989,R,4,N,Y,4,0,1,2,A,-,12,21453,A,N,D,D,A,A,H,-,A,A,0,,,,,Y,,A,01,0,0,1,0,0,0,0,0,0,"- ",NF,,,VENTURA,"THOUSAND OAKS",-118.90773127999999,34.184508819999998
7135265,2015,2016-01-09,5600,2015-11-16,0202,2110,9032,1,5,6,5607,0,0,0,,0,09A,"AVENIDA DE LOS ARBOLES","CALLE BOUGANVILLA",240.00,W,N,A,-,N,,,,,,,,,,Y,2,0,1,4,A,-,08,22107,,N,B,E,A,A,H,-,C,D,0,,,Y,,Y,Y,C,02,1,0,0,0,0,0,0,0,1,"- ","- ",,,VENTURA,"THOUSAND OAKS",-118.85406266,34.213063679999998
7135786,2015,2016-08-05,5608,2015-11-29,1720,282,VENTU,7,5,6,5608,0,0,0,,0,003,"WELLS RD","TELEGRAPH RD",0.00,,Y,A,-,N,,,,,,,,,,N,4,0,1,2,A,-,10,21950,A,N,A,B,B,A,H,-,C,A,0,Y,,,,Y,,-,,0,0,1,0,1,0,0,0,0,"- ","- ",,,VENTURA,VENTURA,-119.16131003,34.295010079999997
7137970,2015,2015-12-21,5600,2015-12-05,1215,4011,9002,6,5,6,5607,0,0,0,,0,9A01,"OLSEN RD","MOUNTCLEF BL",0.00,,Y,A,-,N,,,,,,,,,,Y,4,0,1,2,A,-,12,21453,A,N,D,D,A,A,-,-,A,A,0,,,,,Y,,D,22,0,0,1,0,0,0,0,0,0,"- ","- ",,,VENTURA,"THOUSAND OAKS",-118.87564001,34.225890010000001
7138012,2015,2015-12-21,5600,2015-11-23,1450,4483,9124,1,5,6,5607,0,0,0,,0,9C01,"BORCHARD RD","CAROB DR",25.00,W,N,A,-,N,,,,,,,,,,Y,3,0,1,2,A,-,09,21802,A,N,D,D,A,A,H,-,A,D,0,,,,,Y,,A,01,0,1,0,0,0,0,0,0,0,"- ","- ",,,VENTURA,"THOUSAND OAKS",-118.92936546,34.180542199999998
7138034,2015,2015-12-21,5600,2015-12-08,1400,4045,9002,2,5,6,5607,0,0,0,,0,9A01,"OLSEN RD","MOORPARK RD",36.00,W,N,A,-,N,,,,,,,,,,N,4,0,1,2,A,-,03,22350,,N,C,C,A,A,H,-,A,A,0,,,,,Y,,A,07,0,0,1,0,0,0,0,0,0,"- ","- ",,,VENTURA,"THOUSAND OAKS",-118.86989,34.227629999999998
7138839,2015,2015-12-29,5609,2015-12-02,1739,437,,3,5,6,5609,0,0,0,,0,005,"ALAMO ST","STEARNS ST",963.00,W,N,A,-,N,,,,,,,,,,N,4,0,2,2,A,-,03,22350,,N,C,C,A,A,H,-,C,D,0,,,,,Y,,A,07,0,0,2,0,0,0,0,0,0,"- ","- ",34.286140000000003,-118.69148,VENTURA,"SIMI VALLEY",-118.6946228,34.286267600000002
7138847,2015,2015-12-29,5609,2015-12-03,1623,437,,4,5,6,5609,0,0,0,,0,005,"COCHRAN ST","TAPO ST",0.00,,Y,A,-,N,,,,,,,,,,N,3,0,1,2,A,-,12,21453,A,N,D,G,A,A,H,-,A,A,0,,Y,,,Y,,L,04,0,1,0,0,0,0,1,0,0,"- ","- ",34.279000000000003,-118.70907,VENTURA,"SIMI VALLEY",-118.70896009000001,34.279010040000003
7138855,2015,2015-12-29,5609,2015-12-02,2212,437,,3,5,6,5609,0,0,0,,0,005,"COTTONWOOD DR","PRESIDIO DR",307.00,N,N,A,-,N,,,,,,,,,,Y,3,0,1,1,A,-,03,22350,,N,E,I,A,A,H,-,C,D,0,,,Y,,Y,,C,02,0,1,0,0,0,0,0,0,1,"- ","- ",34.30151,-118.70843000000001,VENTURA,"SIMI VALLEY",-118.70847173999999,34.301400960000002
7138888,2015,2016-01-05,5600,2015-12-24,1216,2913,9050,4,5,6,5607,0,0,0,,0,09B,"MOORPARK RD","GAINSBOROUGH RD",90.00,N,N,A,-,N,,,,,,,,,,Y,3,0,2,2,A,-,04,21703,,N,C,C,A,A,H,-,A,D,0,,,,,Y,,A,01,0,1,1,0,0,0,0,0,0,"- ","- ",,,VENTURA,"THOUSAND OAKS",-118.87208798,34.195127030000002
7139249,2015,2016-01-07,5608,2015-12-26,0759,448,,6,5,6,5608,0,0,0,,0,004,"HILL RD","CURLEW PL",60.00,N,N,A,-,N,,,,,,,,,,Y,4,0,1,3,A,-,05,21650,,N,A,E,A,A,H,-,A,D,0,,,,,Y,,-,,0,0,1,0,0,0,0,0,0,"- ","- ",,,VENTURA,VENTURA,-119.20392132000001,34.25587908
7140183,2015,2015-12-18,5608,2015-12-08,1453,401,,2,5,6,5608,0,0,0,,0,004,"BLACKBURN RD","BLACKBURN PL",79.00,E,N,A,-,N,,,,,,,,,,N,4,0,1,1,A,-,03,22350,,N,F,-,A,A,H,-,A,D,0,,,,,Y,,-,,0,0,1,0,0,0,0,0,0,"- ","- ",,,VENTURA,VENTURA,-119.16092291,34.287332159999998
7140210,2015,2015-12-18,5608,2015-12-04,1241,389,,5,5,6,5608,0,0,0,,0,001,"THOMPSON BL","FIR ST",0.00,,Y,A,-,N,,,,,,,,,,,4,0,1,2,A,-,09,21801,A,N,D,C,A,A,H,-,A,-,0,,,,,Y,,-,,0,0,1,0,0,0,0,0,0,"- ","- ",,,VENTURA,VENTURA,-119.29001993999999,34.278280090000003
7141043,2015,2015-12-29,5600,2015-12-08,0706,4375,8201,2,5,5,5601,0,0,0,,0,08C,"ADOLFO RD","AVENIDA ACASO",0.00,,Y,A,-,N,,,,,,,,,,Y,3,0,2,2,A,-,09,21801,A,N,H,C,A,A,H,-,A,A,0,,,,,Y,,D,22,0,1,1,0,0,0,0,0,0,"- ","- ",34.226909999999997,-119.01597,VENTURA,CAMARILLO,-119.01615009,34.226930070000002
7141357,2015,2015-12-23,5600,2015-12-05,1705,4455,8151,6,5,5,5601,0,0,0,,0,8B01,"VENTURA BL","GLENN DR",13.00,E,N,A,-,N,,,,,,,,,,N,3,0,2,3,A,-,10,21950,A,N,G,B,B,A,H,-,C,D,0,Y,,,,Y,,A,01,0,1,1,0,2,0,0,0,0,"- ","- ",34.21631,-119.03761,VENTURA,CAMARILLO,-119.03768732,34.216366000000001
7141690,2015,2017-02-02,5600,2015-12-03,1340,4787,51452,4,5,4,5690,0,0,0,,0,2B01,"RT 118","MOORPARK AV",553.00,W,N,A,-,Y,VEN,7,118,-,-,17.400,H,-,E,N,4,0,1,2,A,-,08,22107,,N,H,C,A,A,H,-,A,D,0,,,,,Y,,D,22,0,0,1,0,0,0,0,0,0,"- ","- ",,,VENTURA,MOORPARK,-118.88402984,34.27887612
7141694,2015,2017-02-03,5600,2015-12-08,1204,4218,5101,2,5,4,5690,0,0,0,,0,02B,"RT 23","SCIENCE DR",60.00,E,N,A,-,Y,VEN,7,23,-,T,11.940,H,-,N,N,4,0,2,3,A,-,03,22350,,N,C,C,A,A,H,-,A,A,0,,,,,Y,,A,07,0,0,2,0,0,0,0,0,0,"- ","- ",,,VENTURA,MOORPARK,-118.86920753,34.279587380000002
7141698,2015,2017-10-02,5600,2015-12-08,1833,4218,5182,2,5,4,5690,0,0,0,,0,02B,"RT 118","FLORY AV",180.00,E,N,A,-,Y,VEN,7,118,-,R,17.600,H,-,W,Y,4,0,1,3,A,-,03,22350,,N,C,C,A,A,H,-,C,A,0,,,,,Y,,A,01,0,0,1,0,0,0,0,0,0,"- ","- ",,,VENTURA,MOORPARK,-118.88061625,34.278991169999998
7142337,2015,2015-12-29,5608,2015-12-13,1328,465,,7,5,6,5608,0,0,0,,0,,"TELEPHONE RD","PARTRIDGE DR",0.00,,Y,A,-,N,,,,,,,,,,N,4,0,3,3,A,-,03,22350,,N,C,C,A,A,H,-,A,D,0,,,,,Y,,-,,0,0,3,0,0,0,0,0,0,"- ","- ",,,VENTURA,VENTURA,-119.2035101,34.266720059999997
7142341,2015,2016-01-05,5608,2015-12-15,0938,401,,2,5,6,5608,0,0,0,,0,004,"JOHNSON DR","NORTHBANK DR",694.00,S,N,A,-,N,,,,,,,,,,N,4,0,1,2,A,-,05,21650,,N,A,C,A,A,H,-,A,D,0,,,,,Y,,-,,0,0,1,0,0,0,0,0,0,"- ","- ",,,VENTURA,VENTURA,-119.19305563,34.245674489999999
7142825,2015,2016-01-07,5600,2015-12-13,1720,3927,8007,7,5,5,5601,0,0,0,,0,08A,"LAS POSAS RD","PONDEROSA DR",298.00,S,N,C,-,N,,,,,,,,,,Y,3,0,1,3,A,-,03,22350,,N,C,C,A,B,H,-,C,A,0,,,,,Y,,J,48,0,1,0,0,0,0,0,0,0,"- ","- ",34.222790000000003,-119.06971,VENTURA,CAMARILLO,-119.06978266,34.222892229999999
7144035,2015,2016-08-03,5609,2015-12-17,0739,312,,4,5,6,5609,0,0,0,,0,,"SEQUOIA AV","HIGHWOOD CT",324.00,N,N,A,-,N,,,,,,,,,,Y,4,0,1,1,A,-,08,22107,,N,E,I,A,A,H,-,A,D,0,,,,,Y,,D,22,0,0,1,0,0,0,0,0,0,"- ","- ",34.281129999999997,-118.73059000000001,VENTURA,"SIMI VALLEY",-118.73080424,34.281992819999999
7144062,2015,2016-01-06,5609,2015-12-12,0739,374,,6,5,6,5609,0,0,0,,0,,"ROYAL AV","SINALOA RD",0.00,,Y,A,-,N,,,,,,,,,,Y,3,0,2,2,A,-,09,21801,A,N,A,C,A,A,H,-,A,A,0,,,,,Y,,A,07,0,1,1,0,0,0,0,0,0,"- ","- ",34.26437,-118.78771,VENTURA,"SIMI VALLEY",-118.78760001000001,34.264420049999998
7144070,2015,2016-01-05,5609,2015-12-14,1943,388,,1,5,6,5609,0,0,0,,0,002,"ROYAL AVE","SINALOA RD",0.00,,Y,A,-,N,,,,,,,,,,Y,4,0,1,2,A,-,09,21801,A,N,D,C,A,A,H,-,C,A,0,,,,,Y,,A,01,0,0,1,0,0,0,0,0,0,"- ","- ",34.26437,-118.78771,VENTURA,"SIMI VALLEY",-118.78760001000001,34.264420049999998
7145057,2015,2015-12-28,5600,2015-12-01,2323,4615,8201,2,5,5,5601,0,0,0,,0,08D,"FLYNN RD","CALLE BRISA",82.00,N,N,A,-,N,,,,,,,,,,Y,4,0,1,1,A,-,05,21651,A,N,E,I,A,A,H,-,C,D,0,,,,,Y,,A,07,0,0,1,0,0,0,0,0,0,"- ","- ",34.233150000000002,-119.01300999999999,VENTURA,CAMARILLO,-119.01293454,34.233201469999997