CASE_ID,ACCIDENT_YEAR,PROC_DATE,JURIS,COLLISION_DATE,COLLISION_TIME,OFFICER_ID,REPORTING_DISTRICT,DAY_OF_WEEK,CHP_SHIFT,POPULATION,CNTY_CITY_LOC,SPECIAL_COND,BEAT_TYPE,CHP_BEAT_TYPE,CITY_DIVISION_LAPD,CHP_BEAT_CLASS,BEAT_NUMBER,PRIMARY_RD,SECONDARY_RD,DISTANCE,DIRECTION,INTERSECTION,WEATHER_1,WEATHER_2,STATE_HWY_IND,CALTRANS_COUNTY,CALTRANS_DISTRICT,STATE_ROUTE,ROUTE_SUFFIX,POSTMILE_PREFIX,POSTMILE,LOCATION_TYPE,RAMP_INTERSECTION,SIDE_OF_HWY,TOW_AWAY,COLLISION_SEVERITY,NUMBER_KILLED,NUMBER_INJURED,PARTY_COUNT,PRIMARY_COLL_FACTOR,PCF_CODE_OF_VIOL,PCF_VIOL_CATEGORY,PCF_VIOLATION,PCF_VIOL_SUBSECTION,HIT_AND_RUN,TYPE_OF_COLLISION,MVIW,PED_ACTION,ROAD_SURFACE,ROAD_COND_1,ROAD_COND_2,LIGHTING,CONTROL_DEVICE,CHP_ROAD_TYPE,PEDESTRIAN_ACCIDENT,BICYCLE_ACCIDENT,MOTORCYCLE_ACCIDENT,TRUCK_ACCIDENT,NOT_PRIVATE_PROPERTY,ALCOHOL_INVOLVED,STWD_VEHTYPE_AT_FAULT,CHP_VEHTYPE_AT_FAULT,COUNT_SEVERE_INJ,COUNT_VISIBLE_INJ,COUNT_COMPLAINT_PAIN,COUNT_PED_KILLED,COUNT_PED_INJURED,COUNT_BICYCLIST_KILLED,COUNT_BICYCLIST_INJURED,COUNT_MC_KILLED,COUNT_MC_INJURED,PRIMARY_RAMP,SECONDARY_RAMP,LATITUDE,LONGITUDE,COUNTY,CITY,POINT_X,POINT_Y
8320450,2017,2017-08-04,5608,2017-02-24,2303,386,,5,5,6,5608,0,0,0,,0,002,"HARBOR BL","SCHOONER ST",0.00,,N,A,-,N,,,,,,,,,,N,3,0,1,2,A,-,09,21804,A,N,D,G,A,A,H,-,C,A,0,,Y,,,Y,,L,04,0,1,0,0,0,0,1,0,0,"- ","- ",34.247500000000002,-119.25749999999999,VENTURA,VENTURA,-119.25799988999999,34.24909006
8323651,2017,2017-03-23,5600,2017-02-07,2251,4615,8007,2,5,5,5601,0,0,0,,0,08A,"LAS POSAS RD","PONDEROSA DR",0.00,,Y,A,-,N,,,,,,,,,,Y,3,0,1,2,A,-,12,21453,A,N,D,C,A,A,H,-,C,A,0,,,,,Y,,A,01,0,1,0,0,0,0,0,0,0,"- ","- ",34.22363,-119.06983,VENTURA,CAMARILLO,-119.06977008,34.223710060000002
8324022,2017,2017-03-23,5600,2017-01-28,1900,4615,8132,6,5,5,5601,0,0,0,,0,08C,"ADOLFO RD","ALMENDRO WY",321.00,E,N,A,-,N,,,,,,,,,,Y,2,0,3,2,A,-,01,23152,E,F,A,C,A,A,H,-,C,D,0,,,,,Y,,A,07,1,2,0,0,0,0,0,0,0,"- ","- ",34.232520000000001,-119.02106000000001,VENTURA,CAMARILLO,-119.02104376,34.232518450000001
8325260,2017,2017-03-23,5600,2017-02-07,0825,4218,2B,2,5,4,5690,0,0,0,,0,5104,"COLLINS DR","ARROYO OAKS DR",240.00,N,N,B,-,N,,,,,,,,,,Y,4,0,2,3,A,-,03,22350,,N,C,C,A,B,H,-,A,D,0,,,,,Y,,A,01,0,0,2,0,0,0,0,0,0,"- ","- ",,,VENTURA,MOORPARK,-118.84299516999999,34.292985109999996
8326024,2017,2017-03-20,5608,2017-03-03,1654,456,,5,5,6,5608,0,0,0,,0,002,"THOMPSON BL","BORCHARD DR",0.00,,Y,A,-,N,,,,,,,,,,Y,4,0,1,2,A,-,09,21801,A,N,A,C,A,A,H,-,A,A,0,,,,,Y,,-,,0,0,1,0,0,0,0,0,0,"- ","- ",,,VENTURA,VENTURA,-119.26030986000001,34.272370039999998
8326777,2017,2017-04-01,5608,2017-03-05,1358,482,,7,5,6,5608,0,0,0,,0,004,"VICTORIA AV","THILLE ST",0.00,,Y,A,G,N,,,,,,,,,,Y,4,0,4,2,A,-,12,21453,A,N,D,C,A,A,H,-,A,A,0,,,,,Y,,-,,0,0,4,0,0,0,0,0,0,"- ","- ",,,VENTURA,VENTURA,-119.21303994,34.268100029999999
8327944,2017,2017-03-24,5608,2017-03-12,1506,482,,7,5,6,5608,0,0,0,,0,004,"TELEGRAPH RD",MILLS,331.00,W,N,A,-,N,,,,,,,,,,Y,4,0,1,2,A,-,11,21954,A,N,G,B,D,A,H,-,A,D,0,Y,,,,Y,Y,N,60,0,0,1,0,1,0,0,0,0,"- ","- ",,,VENTURA,VENTURA,-119.24889696,34.272918599999997
8327971,2017,2017-03-24,5608,2017-03-10,1914,401,,5,5,6,5608,0,0,0,,0,002,"EAST MAIN ST","N KATHERINE DR",0.00,,Y,A,-,N,,,,,,,,,,Y,3,0,2,3,A,-,01,23153,,F,G,B,B,A,H,-,C,A,0,Y,,,,Y,Y,-,,0,2,0,0,2,0,0,0,0,"- ","- ",,,VENTURA,VENTURA,-119.26152998000001,34.274780110000002
8329747,2017,2017-03-29,5600,2017-03-12,0510,4817,8B,7,5,5,5601,0,0,0,,0,8101,"LAS POSAS RD","CARMEN DR",669.00,E,N,A,-,N,,,,,,,,,,Y,4,0,1,1,A,-,08,22107,,N,B,I,A,A,H,-,C,D,0,,,,,Y,,A,01,0,0,1,0,0,0,0,0,0,"- ","- ",34.234160000000003,-119.04917,VENTURA,CAMARILLO,-119.04941253,34.233998450000001
8332971,2017,2017-03-30,5608,2017-03-18,1502,372,,6,5,6,5608,0,0,0,,0,,"VICTORIA AV S","RALSTON ST",30.00,N,N,A,-,N,,,,,,,,,,N,4,0,1,2,A,-,03,22350,,N,C,C,A,A,H,-,A,A,0,,,,,Y,,A,01,0,0,1,0,0,0,0,0,0,"- ","- ",,,VENTURA,VENTURA,-119.21166827,34.261140930000003
8332983,2017,2017-03-30,5608,2017-03-16,0656,443,VENTU,4,5,6,5608,0,0,0,,0,001,"FERRO DR","BRAKEY DR",150.00,W,N,A,-,N,,,,,,,,,,N,4,0,1,2,A,-,08,22107,,F,G,B,E,A,H,-,A,D,0,Y,,,,Y,,-,,0,0,1,0,1,0,0,0,0,"- ","- ",,,VENTURA,VENTURA,-119.29589387999999,34.283593150000002
8334710,2017,2017-04-04,5600,2017-03-01,0908,5234,9006,3,5,6,5607,0,0,0,,0,09A,"OLSEN RD","RT 23",75.00,E,N,A,-,Y,,,,,,,,,,N,3,0,1,2,A,-,08,22107,,N,H,G,A,A,H,-,A,D,0,,Y,,,Y,,D,22,0,1,0,0,0,0,1,0,0,"- ",SO,,,VENTURA,"THOUSAND OAKS",-118.84000054000001,34.241542119999998
8335249,2017,2017-04-10,5608,2017-03-17,0110,386,,5,5,6,5608,0,0,0,,0,004,"WALKER ST","MOON DR",0.00,,N,A,-,N,,,,,,,,,,Y,3,0,1,1,-,-,"- ",,,F,H,I,A,A,H,-,C,A,0,,,,,Y,,-,"- ",0,1,0,0,0,0,0,0,0,"- ","- ",,,VENTURA,VENTURA,-119.21239988000001,34.254220050000001
8336771,2017,2017-04-29,5600,2017-04-04,1000,4045,9160,2,5,6,5607,0,0,0,,0,9G01,"THOUSAND OAKS BL","CORD AV",117.00,W,N,A,-,N,,,,,,,,,,Y,4,0,2,3,A,-,03,22350,,N,C,C,A,A,H,-,A,A,0,,,,,Y,,A,07,0,0,2,0,0,0,0,0,0,"- ","- ",,,VENTURA,"THOUSAND OAKS",-118.82772790999999,34.163439609999998
8336924,2017,2017-06-30,5608,2017-05-05,1700,429,,5,5,6,5608,0,0,0,,0,001,"VENTURA AV","VINCE ST",0.00,,Y,B,-,N,,,,,,,,,,Y,4,0,2,3,A,-,01,23152,A,F,C,C,A,A,H,-,A,A,0,,,,,Y,Y,-,,0,0,2,0,0,0,0,0,0,"- ","- ",,,VENTURA,VENTURA,-119.29694992,34.294170000000001
8337032,2017,2018-07-20,5608,2017-04-29,1308,464,,6,5,6,5608,0,0,0,,0,002,"OCEAN AV","SANTA CRUZ ST",0.00,,Y,A,G,N,,,,,,,,,,Y,3,0,1,1,A,-,03,22350,,N,H,J,A,A,H,-,A,A,0,,,,,Y,,-,,0,1,0,0,0,0,0,0,0,"- ","- ",,,VENTURA,VENTURA,-119.27257988,34.27328
8340172,2017,2017-04-07,5608,2017-03-24,1248,464,,5,5,6,5608,0,0,0,,0,002,"MILLS RD","TELEGRAPH RD",100.00,S,N,A,-,N,,,,,,,,,,N,3,0,2,2,A,-,03,22350,,N,C,C,A,A,H,-,A,A,0,,,,,Y,,-,,0,1,1,0,0,0,0,0,0,"- ","- ",,,VENTURA,VENTURA,-119.24776208999999,34.272809760000001
8342347,2017,2018-03-21,5600,2017-04-05,1545,4045,9072,3,5,6,5607,0,0,0,,0,9G01,"RT 23","HILLCREST DR",134.00,S,N,A,-,N,,,,,,,,,,Y,4,0,1,2,A,-,03,22350,,N,C,C,A,A,H,-,A,A,0,,,,,Y,,A,07,0,0,1,0,0,0,0,0,0,CN,"- ",,,VENTURA,"THOUSAND OAKS",-118.86029670000001,34.181032569999999
8342441,2017,2018-01-06,5608,2017-03-25,1425,488,VTA,6,5,6,5608,0,0,0,,0,001,"THOMPSON BL","CHESTNUT ST",0.00,,Y,A,-,Y,VEN,7,101,-,-,29.895,R,4,S,N,4,0,1,2,A,-,03,22350,,F,C,C,A,A,H,-,A,A,0,,,,,Y,,-,,0,0,1,0,0,0,0,0,0,"- ","- ",,,VENTURA,VENTURA,-119.28908223000001,34.276197670000002
8344358,2017,2017-04-18,5609,2017-03-28,1310,310,406,2,5,6,5609,0,0,0,,0,004,"SYCAMORE DR","ALAMO ST",0.00,,Y,A,-,N,,,,,,,,,,Y,4,0,1,2,A,-,09,21801,A,N,D,C,A,A,H,-,A,A,0,,,,,Y,,A,01,0,0,1,0,0,0,0,0,0,"- ","- ",,,VENTURA,"SIMI VALLEY",-118.74381012000001,34.286330049999997
8345826,2017,2017-04-18,5600,2017-04-01,1812,3852,9100,6,5,6,5607,0,0,0,,0,9B01,"BRAZIL ST","PENNSFIELD PL",0.00,,Y,A,-,N,,,,,,,,,,N,4,0,1,2,A,-,09,21804,A,N,D,C,A,A,H,-,A,D,0,,,,,Y,,D,22,0,0,1,0,0,0,0,0,0,"- ","- ",,,VENTURA,"THOUSAND OAKS",-118.87423001000001,34.183920069999999
8345843,2017,2017-04-17,5600,2017-04-03,1121,2913,9080,1,5,6,5607,0,0,0,,0,094,"WILBUR RD","MARIN ST",27.00,S,N,A,-,N,,,,,,,,,,N,4,0,1,2,A,-,09,21804,A,N,D,C,A,A,H,-,A,D,0,,,,,Y,,A,01,0,0,1,0,0,0,0,0,0,"- ","- ",,,VENTURA,"THOUSAND OAKS",-118.87942906000001,34.183404500000002
8345899,2017,2017-04-17,5600,2017-04-04,2258,5031,9112,2,5,6,5607,0,0,0,,0,09C,"MAURICE DR","HAVENSIDE AV",217.00,E,N,A,-,N,,,,,,,,,,Y,4,0,1,1,A,-,03,22350,,N,E,I,A,A,H,-,C,D,0,,,,,Y,,A,01,0,0,1,0,0,0,0,0,0,"- ","- ",,,VENTURA,"THOUSAND OAKS",-118.95878863999999,34.168443230000001
8346732,2017,2017-04-14,5609,2017-03-08,1905,388,,3,5,6,5609,0,0,0,,0,004,"COCHRAN ST","CAPITOL WY",30.00,W,N,A,-,N,,,,,,,,,,N,4,0,2,2,A,-,21,22106,,N,C,C,A,A,H,-,C,A,0,,,,,Y,,A,07,0,0,2,0,0,0,0,0,0,"- ","- ",34.27908,-118.74176,VENTURA,"SIMI VALLEY",-118.74207437,34.278992410000001
8346736,2017,2017-04-14,5609,2017-03-08,1817,447,319,3,5,6,5609,0,0,0,,0,003,"ROYAL AV","CROCKER ST",272.00,E,N,A,-,N,,,,,,,,,,Y,3,0,1,2,A,-,04,21703,,N,C,C,A,A,H,-,C,D,0,,,,,Y,,-,,0,1,0,0,0,0,0,0,0,"- ","- ",34.264519999999997,-118.76889,VENTURA,"SIMI VALLEY",-118.76799114000001,34.264476950000002
8346740,2017,2017-04-14,5609,2017-03-10,0534,374,,5,5,6,5609,0,0,0,,0,,"LOS ANGELES AV","ERRINGER RD",0.00,,Y,A,-,N,,,,,,,,,,Y,2,0,1,2,A,-,04,21703,,N,C,G,A,A,H,-,C,A,0,,Y,,,Y,,A,01,1,0,0,0,0,0,1,0,0,"- ","- ",34.271729999999998,-118.76130000000001,VENTURA,"SIMI VALLEY",-118.76140008,34.271750060000002
8346794,2017,2017-04-14,5608,2017-03-31,1405,443,VENTU,5,5,6,5608,0,0,0,,0,001,"VENTURA AV","STANLEY AV",0.00,,Y,A,-,N,,,,,,,,,,N,4,0,2,2,A,-,03,22350,A,N,C,C,A,A,H,-,A,A,0,,,,,Y,,D,22,0,0,2,0,0,0,0,0,0,"- ","- ",,,VENTURA,VENTURA,-119.29532996,34.299500049999999
8346834,2017,2017-04-14,5608,2017-04-03,1422,489,,1,5,6,5608,0,0,0,,0,003,"MILLS RD","MAIN ST",0.00,N,N,A,-,N,,,,,,,,,,Y,4,0,1,3,A,-,03,22350,,N,B,C,A,A,H,-,A,D,0,,,,,Y,,-,,0,0,1,0,0,0,0,0,0,"- ","- ",34.266100000000002,-119.24630000000001,VENTURA,VENTURA,-119.24604991,34.265060069999997
8347553,2017,2017-04-20,5608,2017-04-11,1520,372,,2,5,6,5608,0,0,0,,0,,"TELEPHONE RD","ANTELOPE AV",135.00,W,N,A,-,N,,,,,,,,,,Y,3,0,3,2,A,-,08,22107,,N,E,D,A,A,H,-,A,D,0,,,,,Y,,-,,0,1,2,0,0,0,0,0,0,"- ","- ",,,VENTURA,VENTURA,-119.19560066,34.267871249999999
8347569,2017,2017-04-20,5608,2017-04-07,1825,239,,5,5,6,5608,0,0,0,,0,004,"SOUTH VICTORIA AV","TELEPHONE RD",30.00,S,N,A,-,N,,,,,,,,,,N,4,0,1,2,A,-,03,22350,,F,-,C,A,A,H,-,A,A,0,,,,,Y,,-,,0,0,1,0,0,0,0,0,0,"- ","- ",,,VENTURA,VENTURA,-119.21254263,34.265378929999997
8347589,2017,2017-04-20,5608,2017-04-12,1452,465,,3,5,6,5608,0,0,0,,0,003,"LOMA VISTA RD","WALNUT DR",0.00,E,N,A,-,N,,,,,,,,,,N,3,0,1,4,A,-,08,22107,,N,B,E,A,A,H,-,A,D,0,,,,,Y,,-,,0,1,0,0,0,0,0,0,0,"- ","- ",,,VENTURA,VENTURA,-119.23038998,34.279380109999998
8352852,2017,2017-04-28,5600,2017-04-13,1417,1936,9094,4,5,6,5607,0,0,0,,0,09G,"MOORPARK RD","BRAZIL ST",0.00,,Y,B,-,N,,,,,,,,,,Y,3,0,1,2,A,-,12,21453,A,N,D,C,A,A,H,-,A,A,0,,,,,Y,,D,22,0,1,0,0,0,0,0,0,0,"- ","- ",,,VENTURA,"THOUSAND OAKS",-118.87552008,34.184080010000002
8353067,2017,2017-04-26,5600,2017-04-10,1649,2740,9000,1,5,6,5607,0,0,0,,0,09A,"AVENIDA DE LOS ARBOLES","BIG SKY DR",50.00,E,N,A,-,N,,,,,,,,,,Y,4,0,1,1,A,-,08,22107,,N,E,I,A,A,H,-,A,D,0,,,,,Y,,A,01,0,0,1,0,0,0,0,0,0,"- ","- ",,,VENTURA,"THOUSAND OAKS",-118.90265017,34.22025635
8353302,2017,2017-05-04,5600,2017-04-13,1128,4550,9006,4,5,6,5607,0,0,0,,0,09A,"CALLE ZOCALO","ERBES RD",273.00,E,N,A,-,N,,,,,,,,,,N,3,0,1,1,A,-,13,22515,A,N,H,I,A,A,H,-,A,D,0,,,,,Y,,D,22,0,1,0,0,0,0,0,0,0,"- ","- ",,,VENTURA,"THOUSAND OAKS",-118.85008749000001,34.2415375
8353991,2017,2017-05-04,5600,2017-03-21,0804,3924,5117,2,5,4,5690,0,0,0,,0,02A,"TIERRA REJADA RD","WALNUT CREEK RD",0.00,,Y,A,-,N,,,,,,,,,,Y,4,0,2,2,A,-,12,21453,A,N,D,C,A,A,H,-,-,A,0,,,,,Y,,A,01,0,0,2,0,0,0,0,0,0,"- ","- ",,,VENTURA,MOORPARK,-118.88669002,34.263640080000002
8355344,2017,2017-05-09,5600,2017-04-05,0750,4438,8261,3,5,5,5601,0,0,0,,0,8D1,"CALLE PLANO","CALLE CARGA",0.00,,Y,A,-,N,,,,,,,,,,Y,4,0,1,2,A,-,09,21802,A,N,D,C,A,A,H,-,A,A,0,,,,,Y,,A,01,0,0,1,0,0,0,0,0,0,"- ","- ",34.200299999999999,-119.00832,VENTURA,CAMARILLO,-119.00828011999999,34.200330110000003
8355672,2017,2017-05-03,5600,2017-04-21,0811,4615,8217,5,5,5,5601,0,0,0,,0,08D,"MISSION OAKS BL","WOODCREEK RD",0.00,S,N,A,-,N,,,,,,,,,,N,3,0,1,2,A,-,05,21650,1,N,D,G,A,A,H,-,A,D,0,,Y,,,Y,,L,04,0,1,0,0,0,0,1,0,0,"- ","- ",34.228290000000001,-118.99854000000001,VENTURA,CAMARILLO,-118.99718005,34.228770089999998
8355680,2017,2017-05-03,5600,2017-04-15,0630,4869,8254,6,5,5,5601,0,0,0,,0,08D,"PLEASANT VALLEY RD","PONCHO RD",818.00,W,N,A,-,N,,,,,,,,,,Y,2,0,2,2,A,-,05,21651,A,N,A,C,A,A,H,-,B,D,0,,,,,Y,,A,01,2,0,0,0,0,0,0,0,0,"- ","- ",34.205370000000002,-119.01458,VENTURA,CAMARILLO,-119.01468979000001,34.205399999999997
8358622,2017,2017-05-05,5600,2017-04-24,1246,3147,9042,1,5,6,5607,0,0,0,,0,9A01,"LYNN RD","SIDLEE ST",200.00,N,N,A,-,N,,,,,,,,,,N,4,0,2,2,A,-,07,21658,A,N,B,C,A,A,H,-,A,D,0,,,,,Y,,A,07,0,0,2,0,0,0,0,0,0,"- ","- ",,,VENTURA,"THOUSAND OAKS",-118.88578294,34.210232230000003
8358633,2017,2017-05-05,5608,2017-04-25,1344,372,,2,5,6,5608,0,0,0,,0,,"MILLS RD","TELEGRAPH RD",0.00,,Y,A,-,N,,,,,,,,,,N,3,0,1,2,A,-,09,21802,B,N,D,G,A,A,H,-,A,A,0,,Y,,,Y,,L,04,0,1,0,0,0,0,1,0,0,"- ","- ",,,VENTURA,VENTURA,-119.24781987,34.27308008
8362635,2017,2017-06-22,5600,2017-04-30,1955,2740,9154,7,5,6,5607,0,0,0,,0,09G,"THOUSAND OAKS BL","OAKVIEW DR",8.00,E,N,A,-,N,,,,,,,,,,N,3,0,1,2,A,-,10,21950,A,N,G,B,B,A,H,-,B,A,0,Y,,,,Y,,A,01,0,1,0,0,1,0,0,0,0,"- ","- ",,,VENTURA,"THOUSAND OAKS",-118.84170983999999,34.173465819999997
8363941,2017,2017-05-23,5608,2017-04-18,1347,372,,2,5,6,5608,0,0,0,,0,,"THOMPSON BL","CHESTNUT ST",10.00,E,N,B,-,N,,,,,,,,,,Y,4,0,1,2,A,-,01,23152,F,N,C,C,A,A,H,-,A,A,0,,,,,Y,,-,,0,0,1,0,0,0,0,0,0,"- ","- ",,,VENTURA,VENTURA,-119.29151695,34.278260809999999
8365364,2017,2017-05-16,5600,2017-05-02,1146,1936,9154,2,5,6,5607,0,0,0,,0,09G,"THOUSAND OAKS BL","SUNSET DR",63.00,W,N,A,-,N,,,,,,,,,,Y,4,0,1,2,A,-,04,21703,,N,C,C,A,A,H,-,A,D,0,,,,,Y,,A,01,0,0,1,0,0,0,0,0,0,"- ","- ",,,VENTURA,"THOUSAND OAKS",-118.83392231000001,34.167537699999997
8365882,2017,2017-05-17,5609,2017-04-18,0514,452,,2,5,6,5609,0,0,0,,0,004,"RACINE ST","RAVENNA ST",295.00,E,N,A,-,N,,,,,,,,,,Y,4,0,1,1,A,-,08,22107,,N,E,I,A,A,H,-,B,D,0,,,,,Y,,A,01,0,0,1,0,0,0,0,0,0,"- ","- ",34.27769,-118.74037,VENTURA,"SIMI VALLEY",-118.73941499,34.277640009999999
8368459,2017,2017-05-23,5600,2017-05-05,0800,5020,8005,5,5,5,5601,0,0,0,,0,08A,"CRESTVIEW AV","LAS POSAS RD",0.00,,Y,A,-,N,,,,,,,,,,Y,4,0,1,2,A,-,09,21801,A,N,H,C,A,A,H,-,A,A,0,,,,,Y,,A,01,0,0,1,0,0,0,0,0,0,"- ","- ",34.228999999999999,-119.06994,VENTURA,CAMARILLO,-119.07000007000001,34.229040019999999
83686313,2024,2024-08-06,5600,2024-07-02,1050,5007,,2,5,6,5607,0,0,0,,0,9G01,"MOORPARK RD","THOUSAND OAKS BL",18.00,N,N,A,-,N,,,,,,,,,,N,4,0,1,2,A,-,06,21755,A,N,D,G,A,A,H,-,A,A,0,,Y,,,Y,,L,04,0,0,1,0,0,0,1,0,0,"- ","- ",34.179019927978516,-118.87648773193359,VENTURA,"THOUSAND OAKS",-118.87651062011719,34.178977966308594
8374568,2017,2017-06-02,5609,2017-05-18,1636,437,,4,5,6,5609,0,0,0,,0,002,"ROYAL AV","4TH ST",49.00,E,N,A,-,N,,,,,,,,,,Y,4,0,1,2,A,-,07,21658,A,N,B,C,A,A,H,-,A,D,0,,,,,Y,,A,01,0,0,1,0,0,0,0,0,0,"- ","- ",34.264339999999997,-118.7824,VENTURA,"SIMI VALLEY",-118.78215815999999,34.264445500000001
8375284,2017,2017-06-07,5600,2017-05-10,0807,4045,9108,3,5,6,5607,0,0,0,,0,9C01,"OLD CONEJO RD","WENDY DR",233.00,W,N,A,-,N,,,,,,,,,,N,4,0,1,2,A,-,04,21703,,N,C,C,A,A,H,-,A,A,0,,,,,Y,,A,01,0,0,1,0,0,0,0,0,0,"- ","- ",,,VENTURA,"THOUSAND OAKS",-118.94080188,34.189338309999997
8376737,2017,2018-04-16,5600,2017-05-20,0011,1929,9180,6,5,6,5607,0,0,0,,0,09D,"RT 23","POTRERO RD",395.00,S,N,A,-,Y,VEN,7,23,-,-,1.013,H,-,S,Y,3,0,1,1,A,-,01,23152,A,N,F,I,A,A,H,-,D,D,0,,,,,Y,Y,A,01,0,1,0,0,0,0,0,0,0,"- ","- ",,,VENTURA,"THOUSAND OAKS",-118.84998395,34.139362810000002
83767566,2024,2024-08-07,5600,2024-07-08,2259,5660,,1,5,5,5601,0,0,0,,0,8A01,"LAS POSAS RD","PONDEROSA DR (E)",0.00,,Y,A,-,N,,,,,,,,,,Y,4,0,1,2,D,-,00,,,N,A,C,A,A,H,-,C,A,0,,,,,Y,,-,"- ",0,0,1,0,0,0,0,0,0,"- ","- ",34.240581512451172,-119.02236938476562,VENTURA,CAMARILLO,-119.06977081298828,34.223705291748047
83767585,2024,2024-08-07,5600,2024-07-29,"946 ",5781,,1,5,5,5601,0,0,0,,0,8D01,"FLYNN RD","AVENIDA ACASO",0.00,,Y,A,-,N,,,,,,,,,,Y,4,0,2,2,A,-,12,21453,A,N,D,C,A,A,H,-,A,A,0,,,,,Y,,A,07,0,0,2,0,0,0,0,0,0,"- ","- ",34.234291076660156,-119.01170349121094,VENTURA,CAMARILLO,-119.01182556152344,34.234344482421875
83767590,2024,2024-08-07,5600,2024-07-30,2115,2913,,2,5,5,5601,0,0,0,,0,8C01,"ARNEILL RD","BARRY ST",40.00,S,N,A,-,N,,,,,,,,,,N,4,0,1,2,A,-,03,22350,,N,C,C,A,A,H,-,C,A,0,,,,,Y,,A,01,0,0,1,0,0,0,0,0,0,"- ","- ",34.219459533691406,-119.03903961181641,VENTURA,CAMARILLO,-119.03900146484375,34.219379425048828
8376919,2017,2017-06-01,5605,2017-04-24,0537,165,PATRO,1,5,3,5605,0,0,0,,0,GRID12,"SURFSIDE DR","PORT HUENEME RD",85.00,S,N,A,-,N,,,,,,,,,,N,4,0,1,2,A,-,11,21954,A,F,G,B,E,A,H,-,B,A,0,Y,,,,Y,,N,60,0,0,1,0,1,0,0,0,0,"- ","- ",,,VENTURA,"PORT HUENEME",-119.19046,34.147599999999997
8379012,2017,2017-06-12,5608,2017-05-17,1243,469,,3,5,6,5608,0,0,0,,0,003,"RALSTON ST","SARATOGA AV",250.00,E,N,A,-,N,,,,,,,,,,Y,4,0,2,1,A,-,08,22107,,N,A,I,A,A,H,-,A,-,0,,,,,Y,,-,,0,0,2,0,0,0,0,0,0,"- ","- ",,,VENTURA,VENTURA,-119.21813596,34.259738409999997
8379460,2017,2017-06-27,5600,2017-06-04,1515,2877,8021,7,5,5,5601,0,0,0,,0,08B,"LAS POSAS RD","CARMEN DR",0.00,,Y,A,-,N,,,,,,,,,,Y,3,0,3,3,A,-,12,21453,A,N,D,C,A,A,H,-,A,A,0,,,,,Y,,A,01,0,2,1,0,0,0,0,0,0,"- ","- ",34.233580000000003,-119.05150999999999,VENTURA,CAMARILLO,-119.05154009,34.233500069999998
8380154,2017,2018-04-16,5600,2017-05-12,2027,4754,9020,5,5,6,5607,0,0,0,,0,09B,"AVENIDA DE LOS ARBOLES","RT 23",64.00,E,N,A,-,Y,VEN,7,23,-,R,6.219,R,4,N,Y,4,0,1,3,A,-,03,22350,,N,C,C,A,A,H,-,C,A,0,,,,,Y,,A,07,0,0,1,0,0,0,0,0,0,"- ",NO,,,VENTURA,"THOUSAND OAKS",-118.84922395,34.214219559999997
8380249,2017,2017-06-02,5600,2017-05-22,1149,4978,8101,1,5,5,5601,0,0,0,,0,8B01,"LAS POSAS RD","CARMEN DR",0.00,,Y,A,-,N,,,,,,,,,,Y,4,0,2,2,A,-,09,21801,A,N,H,C,A,A,H,-,A,A,0,,,,,Y,,A,01,0,0,2,0,0,0,0,0,0,"- ","- ",34.233519999999999,-119.05146000000001,VENTURA,CAMARILLO,-119.05154009,34.233500069999998
8380250,2017,2017-06-02,5600,2017-04-24,1530,1929,9127,1,5,6,5607,0,0,0,,0,09H,"CALLE TURQUESA","PASEO ESMERALDA",40.00,W,N,A,-,N,,,,,,,,,,N,2,0,2,5,A,-,08,22107,,N,C,E,E,A,H,-,A,D,0,Y,,,,Y,,A,01,1,1,0,0,2,0,0,0,0,"- ","- ",,,VENTURA,"THOUSAND OAKS",-118.91443208,34.186489999999999
8380261,2017,2017-06-02,5600,2017-05-22,1524,4978,8110,1,5,5,5601,0,0,0,,0,8B01,"LAS POSAS RD","MISSION DR",235.00,E,N,A,-,N,,,,,,,,,,Y,4,0,1,4,A,-,03,22350,,N,C,C,A,A,H,-,A,A,0,,,,,Y,,A,01,0,0,1,0,0,0,0,0,0,"- ","- ",34.235039999999998,-119.04536,VENTURA,CAMARILLO,-119.04540643999999,34.235065890000001
8381573,2017,2017-06-08,5609,2017-05-23,0753,469,418,2,5,6,5609,0,0,0,,0,004,"COCHRAN ST","TRACY AV",0.00,,Y,A,-,N,,,,,,,,,,Y,3,0,2,2,D,-,00,,,N,D,C,A,A,H,-,A,A,0,,,,,Y,,-,"- ",0,1,1,0,0,0,0,0,0,"- ","- ",34.278959999999998,-118.7236,VENTURA,"SIMI VALLEY",-118.72362011,34.279020090000003
8383011,2017,2017-06-05,5606,2017-03-20,1438,1101,5605,1,5,4,5606,0,0,0,,0,001,"VENTURA ST","4TH ST",24.00,W,N,A,-,N,,,,,,,,,,N,3,0,1,2,A,-,10,21950,A,N,G,B,D,A,H,-,A,A,0,Y,,,,Y,,A,07,0,1,0,0,1,0,0,0,0,"- ","- ",,,VENTURA,"SANTA PAULA",-119.06805418,34.349356499999999
8383602,2017,2017-06-08,5608,2017-05-19,1615,489,,5,5,6,5608,0,0,0,,0,004,"SOUTH VICTORIA AV","OLIVAS PARK DR",500.00,S,N,A,-,N,,,,,,,,,,Y,3,0,1,2,A,-,08,22107,,N,B,C,A,A,H,-,A,D,0,,,,,Y,,-,,0,1,0,0,0,0,0,0,0,"- ","- ",34.2425,-119.21380000000001,VENTURA,VENTURA,-119.21567379,34.242856439999997
8383669,2017,2017-06-08,5608,2017-05-21,1138,448,,7,5,6,5608,0,0,0,,0,004,"WELLS RD","TELEPHONE RD",0.00,,Y,A,-,N,,,,,,,,,,Y,3,0,3,2,A,-,12,21453,A,N,D,C,A,A,H,-,A,A,0,,,,,Y,,B,01,0,1,2,0,0,0,0,0,0,"- ","- ",,,VENTURA,VENTURA,-119.15121003,34.283750040000001