CASE_ID,ACCIDENT_YEAR,PROC_DATE,JURIS,COLLISION_DATE,COLLISION_TIME,OFFICER_ID,REPORTING_DISTRICT,DAY_OF_WEEK,CHP_SHIFT,POPULATION,CNTY_CITY_LOC,SPECIAL_COND,BEAT_TYPE,CHP_BEAT_TYPE,CITY_DIVISION_LAPD,CHP_BEAT_CLASS,BEAT_NUMBER,PRIMARY_RD,SECONDARY_RD,DISTANCE,DIRECTION,INTERSECTION,WEATHER_1,WEATHER_2,STATE_HWY_IND,CALTRANS_COUNTY,CALTRANS_DISTRICT,STATE_ROUTE,ROUTE_SUFFIX,POSTMILE_PREFIX,POSTMILE,LOCATION_TYPE,RAMP_INTERSECTION,SIDE_OF_HWY,TOW_AWAY,COLLISION_SEVERITY,NUMBER_KILLED,NUMBER_INJURED,PARTY_COUNT,PRIMARY_COLL_FACTOR,PCF_CODE_OF_VIOL,PCF_VIOL_CATEGORY,PCF_VIOLATION,PCF_VIOL_SUBSECTION,HIT_AND_RUN,TYPE_OF_COLLISION,MVIW,PED_ACTION,ROAD_SURFACE,ROAD_COND_1,ROAD_COND_2,LIGHTING,CONTROL_DEVICE,CHP_ROAD_TYPE,PEDESTRIAN_ACCIDENT,BICYCLE_ACCIDENT,MOTORCYCLE_ACCIDENT,TRUCK_ACCIDENT,NOT_PRIVATE_PROPERTY,ALCOHOL_INVOLVED,STWD_VEHTYPE_AT_FAULT,CHP_VEHTYPE_AT_FAULT,COUNT_SEVERE_INJ,COUNT_VISIBLE_INJ,COUNT_COMPLAINT_PAIN,COUNT_PED_KILLED,COUNT_PED_INJURED,COUNT_BICYCLIST_KILLED,COUNT_BICYCLIST_INJURED,COUNT_MC_KILLED,COUNT_MC_INJURED,PRIMARY_RAMP,SECONDARY_RAMP,LATITUDE,LONGITUDE,COUNTY,CITY,POINT_X,POINT_Y
84761507,2025,2025-07-15,5600,2025-07-05,1017,5667,,6,5,4,5690,0,0,0,,0,1B01,"SPRING RD","ROBERTS AV",0.00,,Y,A,-,N,,,,,,,,,,Y,4,0,2,2,A,-,09,21801,A,N,D,C,A,A,H,-,A,D,0,,,,,Y,,A,07,0,0,2,0,0,0,0,0,0,"- ","- ",34.281059265136719,-118.87471771240234,VENTURA,MOORPARK,-118.87473297119141,34.281089782714844
8476291,2017,2017-11-08,5600,2017-10-07,0931,4478,9002,6,5,6,5607,0,0,0,,0,9A01,"OLSEN RD","MOORPARK RD",0.00,,Y,A,-,N,,,,,,,,,,Y,4,0,1,2,A,-,00,21453,,N,H,C,A,A,H,-,A,A,0,,,,,Y,,-,"- ",0,0,1,0,0,0,0,0,0,"- ","- ",,,VENTURA,"THOUSAND OAKS",-118.86989014,34.227630079999997
84765888,2025,2025-07-17,5609,2025-07-10,1550,5033,,4,5,6,5609,0,0,0,,0,004,"TAPO CANYON RD","TOWNSHIP AVE",0.00,,Y,A,-,N,,,,,,,,,,Y,4,0,1,2,A,-,12,21453,A,N,D,C,A,A,H,-,A,A,0,,,,Y,Y,,G,25,0,0,1,0,0,0,0,0,0,"- ","- ",34.293479919433594,-118.71764373779297,VENTURA,"SIMI VALLEY",-118.71762084960938,34.293529510498047
84765889,2025,2025-07-17,5609,2025-07-10,1719,5284,,4,5,6,5609,0,0,0,,0,004,"COCHRAN ST","FERNVIEW ST",0.00,,Y,A,-,N,,,,,,,,,,Y,3,0,1,2,A,-,08,22100,A,N,B,C,A,A,H,-,A,D,0,,,,,Y,,A,07,0,1,0,0,0,0,0,0,0,"- ","- ",34.279170989990234,-118.75644683837891,VENTURA,"SIMI VALLEY",-118.75647735595703,34.279010772705078
84771735,2025,2025-07-22,5609,2025-07-18,1309,5120,,5,5,6,5609,0,0,0,,0,005,"LOS ANGELES AVE","STEARNS ST",0.00,,Y,A,-,N,,,,,,,,,,N,4,0,2,2,A,-,09,21801,A,N,D,C,A,A,H,-,A,A,0,,,,,Y,,A,01,0,0,2,0,0,0,0,0,0,"- ","- ",34.271831512451172,-118.69138336181641,VENTURA,"SIMI VALLEY",-118.69141387939453,34.271739959716797
84773404,2025,2025-07-23,5600,2025-06-30,"402 ",5602,,1,5,5,5601,0,0,0,,0,8A01,"PLEASANT VALLEY RD","LAS POSAS RD",1440.00,E,N,A,-,N,,,,,,,,,,N,4,0,1,1,A,-,08,22107,,N,E,J,A,A,H,-,D,D,0,,,,,Y,,D,22,0,0,1,0,0,0,0,0,0,"- ","- ",34.204048156738281,-119.07325744628906,VENTURA,CAMARILLO,-119.06492614746094,34.205574035644531
84775092,2025,2025-07-24,5600,2025-06-21,1222,5924,,6,5,6,5607,0,0,0,,0,9G01,"THOUSAND OAKS BL","OAK VIEW DR",0.00,,Y,A,B,N,,,,,,,,,,Y,3,0,5,2,A,-,09,21802,A,N,D,C,A,A,H,-,A,A,0,,,,,Y,,A,07,0,1,4,0,0,0,0,0,0,"- ","- ",34.173439025878906,-118.84178924560547,VENTURA,"THOUSAND OAKS",-118.84172821044922,34.173477172851562
84783820,2025,2025-07-31,5600,2025-07-18,1213,5293,,5,5,4,5690,0,0,0,,0,2A01,"LOS ANGELES AV","LETA YANCY RD",56.00,E,N,A,-,N,,,,,,,,,,N,4,0,2,3,A,-,03,22350,,N,C,C,A,A,H,-,A,A,0,,,,,Y,,A,01,0,0,2,0,0,0,0,0,0,"- ","- ",34.278968811035156,-118.88851165771484,VENTURA,MOORPARK,-118.88831329345703,34.278938293457031
84789443,2025,2025-08-05,5600,2025-07-30,1053,6095,,3,5,6,5607,0,0,0,,0,9C01,"REINO RD","LESSER DR",555.00,S,N,A,-,N,,,,,,,,,,Y,4,0,2,2,A,-,09,21804,A,N,D,C,A,A,H,-,A,D,0,,,,,Y,,A,07,0,0,2,0,0,0,0,0,0,"- ","- ",34.183761596679688,-118.95796966552734,VENTURA,"THOUSAND OAKS",-118.95400238037109,34.184749603271484
84794598,2025,2025-08-14,5600,2025-08-05,1450,5623,,2,5,6,5607,0,0,0,,0,9C01,"KIMBER DR","MAYNARD AV",0.00,,Y,A,-,N,,,,,,,,,,Y,4,0,1,2,A,-,09,21802,A,N,D,C,A,A,H,-,A,A,0,,,,,Y,,A,01,0,0,1,0,0,0,0,0,0,"- ","- ",34.172000885009766,-118.95556640625,VENTURA,"THOUSAND OAKS",-118.95546722412109,34.171947479248047
84800403,2025,2025-08-13,5609,2025-08-08,1434,5004,,5,5,6,5609,0,0,0,,0,004,"TAPO CANYON RD","118 WB OFF TAPO CANYON RAMP",0.00,,Y,A,-,Y,,,,,,,,,,Y,3,0,2,2,A,-,12,21453,A,N,D,C,A,A,H,-,A,A,0,,,,,Y,,A,01,0,1,1,0,0,0,0,0,0,"- ","- ",34.282680511474609,-118.71772003173828,VENTURA,"SIMI VALLEY",-118.71633148193359,34.264438629150391
84800406,2025,2025-08-13,5609,2025-08-10,"733 ",5120,,7,5,6,5609,0,0,0,,0,006,"YOSEMITE AVE","COCHRAN ST",43.00,N,N,A,-,N,,,,,,,,,,N,4,0,1,2,A,-,03,22350,,N,C,C,A,A,H,-,A,A,0,,,,,Y,,A,01,0,0,1,0,0,0,0,0,0,"- ","- ",34.279010772705078,-118.67832183837891,VENTURA,"SIMI VALLEY",-118.67839813232422,34.279129028320312
84801956,2025,2025-08-14,5600,2025-08-12,"849 ",6095,,2,5,6,5607,0,0,0,,0,9B01,"AVENIDA DE LOS ARBOLES","OAK BROOK MALL",0.00,,Y,A,-,N,,,,,,,,,,Y,4,0,2,2,A,-,12,21453,A,N,D,C,A,A,H,-,A,A,0,,,,,Y,,-,"- ",0,0,2,0,0,0,0,0,0,"- ","- ",,,VENTURA,"THOUSAND OAKS",-118.84523773193359,34.2113037109375
84807922,2024,2025-08-19,5600,2024-03-18,1516,5253,,1,5,2,5603,0,0,0,,0,1A01,"OJAI AVENUE / SR-150","RINCON ST",30.00,E,N,B,-,Y,VEN,,150," "," ",17.266,H,,R,N,3,0,1,1,A,-,03,22350,,N,F,A,A,A,A,-,A,D,0,,Y,,,Y,,L,04,0,1,0,0,0,0,1,0,0,"- ","- ",34.446659088134766,-119.25050354003906,VENTURA,OJAI,-119.25045776367188,34.446620941162109
84810023,2025,2025-08-20,5600,2025-07-23,1728,3842,,3,5,4,5690,0,0,0,,0,2A01,"LOS ANGELES AV","LETA YANCY RD",317.00,E,N,A,-,Y,,,,,,,,,,Y,3,0,2,2,A,-,03,22350,,N,C,C,A,A,H,-,A,A,0,,,,,Y,,A,01,0,2,0,0,0,0,0,0,0,"- ","- ",34.275909423828125,-118.89096832275391,VENTURA,MOORPARK,-118.887451171875,34.278938293457031
84811802,2025,2025-08-21,5609,2025-08-18,1828,5004,,1,5,6,5609,0,0,0,,0,006,"STEARNS ST","ALTA ST",311.00,S,N,A,-,N,,,,,,,,,,Y,3,0,1,2,A,-,05,21202,A,N,D,G,A,A,H,-,A,A,0,,Y,,,Y,,L,04,0,1,0,0,0,0,1,0,0,"- ","- ",34.284439086914062,-118.69129943847656,VENTURA,"SIMI VALLEY",-118.69149780273438,34.28350830078125
84813600,2025,2025-08-22,5600,2025-08-07,1859,5757,,4,5,5,5601,0,0,0,,0,8A01,"VENTURA BL","LAS POSAS RD",0.00,,Y,A,-,N,,,,,,,,,,N,3,0,1,2,A,-,12,21453,A,N,D,C,A,A,H,-,A,A,0,,,,,Y,,A,01,0,1,0,0,0,0,0,0,0,"- ","- ",34.215839385986328,-119.06977844238281,VENTURA,CAMARILLO,-119.06978607177734,34.215766906738281
84821071,2025,2025-08-28,5600,2025-08-13,1414,5795,,3,5,4,5690,0,0,0,,0,2B01,"LOS ANGELES AV",MARKETPLACE,16.00,E,N,A,-,Y,VEN,,23," ",T,11.812,H,,L,Y,4,0,2,2,A,-,03,22350,,N,C,C,A,A,H,-,A,A,0,,,,,Y,,A,01,0,0,2,0,0,0,0,0,0,"- ","- ",34.280281066894531,-118.86717224121094,VENTURA,MOORPARK,-118.86715698242188,34.280261993408203
8482218,2017,2018-06-11,5600,2017-08-02,1130,4501,5100,3,5,4,5690,0,0,0,,0,02B,"RT 118","RT 23",38.00,W,N,A,-,Y,VEN,7,118,-,R,17.490,H,-,E,Y,4,0,1,2,A,-,03,22350,,N,C,C,A,A,H,-,A,A,0,,,,,Y,,A,01,0,0,1,0,0,0,0,0,0,"- ","- ",,,VENTURA,MOORPARK,-118.88217948,34.278872960000001
84822828,2025,2025-08-29,5600,2025-08-21,1340,5763,,4,5,5,5601,0,0,0,,0,8C01,"SOMIS RD","LAS POSAS RD",64.00,N,N,A,-,N,,,,,,,,,,Y,4,0,1,2,A,-,03,22350,,N,C,C,A,A,H,-,A,B,0,,,,,Y,,A,01,0,0,1,0,0,0,0,0,0,"- ","- ",34.242580413818359,-119.01019287109375,VENTURA,CAMARILLO,-119.01004791259766,34.242866516113281
8483565,2017,2017-11-06,5608,2017-10-21,0809,400,,6,5,6,5608,0,0,0,,0,003,"KIMBALL RD","THILLE ST",0.00,,Y,A,-,N,,,,,,,,,,Y,3,0,2,2,A,-,12,21453,A,N,D,C,A,A,H,-,A,A,0,,,,,Y,,A,07,0,2,0,0,0,0,0,0,0,"- ","- ",,,VENTURA,VENTURA,-119.18914013,34.271100079999997
84838317,2025,2026-02-26,5600,2025-09-06,2022,5756,,6,5,6,5607,0,0,0,,0,9H01,"VENTU PARK RD","W HILLCREST DR",500.00,N,N,A,-,N,,,,,,,,,,Y,4,0,2,2,A,-,01,23153,A,N,B,C,A,A,H,-,C,D,0,,,,,Y,Y,D,22,0,0,2,0,0,0,0,0,0,"- ","- ",,,VENTURA,"THOUSAND OAKS",-118.91152954101562,34.189666748046875
84838319,2025,2025-09-10,5600,2025-09-08,"837 ",4878,,1,5,4,5690,0,0,0,,0,2A01,"POINDEXTER AV","GISLER RD",448.00,E,N,A,-,N,,,,,,,,,,Y,4,0,1,2,A,-,09,21804,A,N,D,C,A,A,H,-,A,D,0,,,,,Y,,A,01,0,0,1,0,0,0,0,0,0,"- ","- ",34.284740447998047,-118.88858032226562,VENTURA,MOORPARK,-118.88704681396484,34.284671783447266
84847357,2025,2025-09-17,5609,2025-08-14,1818,5206,,4,5,6,5609,0,0,0,,0,003,"FITZGERALD RD","CROSBY AVE",0.00,,Y,A,-,N,,,,,,,,,,Y,4,0,1,2,A,-,12,22450,A,N,D,C,A,A,H,-,B,D,0,,,,,Y,,A,01,0,0,1,0,0,0,0,0,0,"- ","- ",34.257148742675781,-118.75006866455078,VENTURA,"SIMI VALLEY",-118.75,34.257232666015625
84847364,2025,2025-09-17,5609,2025-09-11,2033,447,,4,5,6,5609,0,0,0,,0,004,"TRACY AVE","COCHRAN ST",19.00,S,N,A,-,N,,,,,,,,,,N,3,0,1,2,A,-,10,21950,A,N,G,B,B,A,H,-,C,A,0,Y,,,,Y,,A,07,0,1,0,0,1,0,0,0,0,"- ","- ",34.278961181640625,-118.72360229492188,VENTURA,"SIMI VALLEY",-118.72362518310547,34.278968811035156
84855600,2025,2025-09-24,5600,2025-09-06,1203,5924,,6,5,6,5607,0,0,0,,0,9H01,"RANCHO CONEJO BL","HILLCREST DR",0.00,,Y,A,B,N,,,,,,,,,,Y,2,0,1,2,A,-,12,21457,A,N,D,C,A,A,H,-,A,A,0,,,Y,,Y,,A,01,1,0,0,0,0,0,0,0,1,"- ","- ",34.187068939208984,-118.92523956298828,VENTURA,"THOUSAND OAKS",-118.92515563964844,34.187057495117188
84857441,2025,2025-09-24,5600,2025-09-04,1112,6005,,4,5,5,5601,0,0,0,,0,8A01,"VENTURA BL","CENTRAL AV",2156.00,W,N,A,-,N,,,,,,,,,,N,3,0,1,2,A,-,06,21750,,N,B,C,A,A,H,-,A,D,0,,,Y,,Y,,D,22,0,1,0,0,0,0,0,0,1,"- ","- ",34.221031188964844,-119.10211944580078,VENTURA,CAMARILLO,-119.10883331298828,34.22174072265625
84860956,2025,2025-09-26,5600,2025-08-28,1848,5207,,4,5,2,5603,0,0,0,,0,1A01,"CUYAMA RD","CHURCH RD",0.00,,Y,A,-,N,,,,,,,,,,N,3,0,1,2,D,-,00,,,N,D,G,A,A,H,-,A,D,0,,Y,,,Y,,-,"- ",0,1,0,0,0,0,1,0,0,"- ","- ",34.446010589599609,-119.26593780517578,VENTURA,OJAI,-119.2659912109375,34.445960998535156
84861003,2025,2025-09-26,5600,2025-09-24,"600 ",5772,,3,5,5,5601,0,0,0,,0,8C01,"LAS POSAS RD","VENTURA BL",34.00,N,N,C,-,N,,,,,,,,,,Y,3,0,1,1,A,-,03,22350,,N,F,A,A,B,H,-,C,A,0,,,Y,,Y,,C,02,0,1,0,0,0,0,0,0,1,"- ","- ",34.215839385986328,-119.06977844238281,VENTURA,CAMARILLO,-119.06979370117188,34.215862274169922
84867444,2025,2025-10-01,5600,2025-09-25,1030,5244,,4,5,6,5607,0,0,0,,0,9A01,"OLSEN RD","23 FW (E)",46.00,E,N,A,-,Y,VEN,,23," ",R,8.233,H,,R,Y,3,0,2,3,A,-,08,22107,,N,B,C,A,A,H,-,A,A,0,,,,,Y,,A,01,0,1,1,0,0,0,0,0,0,"- ","- ",34.24169921875,-118.839599609375,VENTURA,"THOUSAND OAKS",-118.83974456787109,34.241725921630859
84867447,2025,2025-10-01,5600,2025-09-25,1603,5454,,4,5,6,5607,0,0,0,,0,9D01,"HAMPSHIRE RD","WESTLAKE BL",37.00,W,N,A,-,N,,,,,,,,,,N,4,0,1,2,A,-,04,21703,,N,C,C,A,A,G,-,A,A,0,,,,,Y,,A,01,0,0,1,0,0,0,0,0,0,"- ","- ",34.152118682861328,-118.82907867431641,VENTURA,"THOUSAND OAKS",-118.82927703857422,34.152168273925781
84870922,2025,2025-10-03,5600,2025-10-02,1414,4527,,4,5,6,5607,0,0,0,,0,9G01,"MOORPARK RD","WILBUR RD",300.00,S,N,A,-,N,,,,,,,,,,N,3,0,1,2,A,-,05,21650,1,F,D,G,A,A,H,-,A,A,0,,Y,,,Y,,L,04,0,1,0,0,0,0,1,0,0,"- ","- ",34.186569213867188,-118.87493896484375,VENTURA,"THOUSAND OAKS",-118.87521362304688,34.185779571533203
84870949,2025,2025-10-03,5609,2025-09-24,1459,5023,,3,5,6,5609,0,0,0,,0,002,"ROYAL AVE","SINALOA RD",21.00,E,N,B,-,N,,,,,,,,,,Y,3,0,1,1,A,-,08,22107,,N,E,I,A,A,H,-,A,A,0,,,,,Y,,A,07,0,1,0,0,0,0,0,0,0,"- ","- ",34.264369964599609,-118.78771209716797,VENTURA,"SIMI VALLEY",-118.78752899169922,34.264419555664062
84873538,2025,2025-10-06,5600,2025-09-19,1516,5632,,5,5,3,5602,0,0,0,,0,6B01,"VENTURA ST","CLAY ST",0.00,,Y,A,-,Y,VEN,,126," "," ",21.607,H,,R,Y,2,0,2,3,A,-,08,22107,,N,D,E,A,A,H,-,A,A,0,,,,,Y,,A,01,1,1,0,0,0,0,0,0,0,"- ","- ",34.397361755371094,-118.90950012207031,VENTURA,FILLMORE,-118.90949249267578,34.397331237792969
84875403,2025,2025-11-10,5600,2025-09-10,1745,5709,,3,5,5,5601,0,0,0,,0,8A01,"LAS POSAS RD","CRESTVIEW AV",0.00,,Y,A,-,N,,,,,,,,,,Y,3,0,4,2,A,-,12,21453,A,N,D,C,A,A,H,-,A,A,0,,,,,Y,,A,07,0,4,0,0,0,0,0,0,0,"- ","- ",34.22760009765625,-119.07296752929688,VENTURA,CAMARILLO,-119.06999969482422,34.229042053222656
84878897,2025,2025-10-09,5600,2025-09-29,"822 ",6095,,1,5,6,5607,0,0,0,,0,9C01,"NEWBURY RD","VENTU PARK RD",370.00,W,N,A,-,N,,,,,,,,,,N,4,0,1,2,A,-,09,21804,A,N,D,C,A,A,H,-,A,D,0,,,,,Y,,A,01,0,0,1,0,0,0,0,0,0,"- ","- ",34.182270050048828,-118.91114044189453,VENTURA,"THOUSAND OAKS",-118.91212463378906,34.182785034179688
8488159,2017,2017-11-30,5600,2017-10-13,1432,2877,8201,5,5,5,5601,0,0,0,,0,8D01,"ADOLFO RD","LEWIS RD",377.00,E,N,A,-,N,,,,,,,,,,Y,4,0,1,1,A,-,05,21651,A,N,E,I,A,A,H,-,A,D,0,,,,,Y,,D,22,0,0,1,0,0,0,0,0,0,"- ","- ",34.13496,-119.01064,VENTURA,CAMARILLO,-119.01857348999999,34.230483270000001
8488354,2017,2017-11-30,5609,2017-10-27,1215,374,,5,5,6,5609,0,0,0,,0,,"ROYAL AV","1ST ST",328.00,W,N,A,-,N,,,,,,,,,,N,4,0,1,2,B,-,22,,,N,D,G,A,A,H,-,A,D,0,,Y,,,Y,,L,04,0,0,1,0,0,0,1,0,0,"- ","- ",34.264569999999999,-118.77891,VENTURA,"SIMI VALLEY",-118.78010384,34.26444
8488358,2017,2017-11-30,5609,2017-10-30,1301,310,217,1,5,6,5609,0,0,0,,0,002,"WOOD RANCH PKWY","COUNTRY CLUB DR",0.00,,Y,B,-,N,,,,,,,,,,N,3,0,2,3,A,-,04,21703,,N,C,C,B,A,H,-,A,A,0,Y,,,,Y,,D,22,0,1,1,0,1,0,0,0,0,"- ","- ",,,VENTURA,"SIMI VALLEY",-118.81200006,34.252540070000002
84884960,2025,2025-10-14,5600,2025-09-12,2204,5284,,5,5,3,5602,0,0,0,,0,6A01,"A ST","OLD TELEGRAPH RD",0.00,,Y,A,-,N,,,,,,,,,,Y,3,0,3,2,A,-,09,21801,A,N,A,C,A,A,H,-,C,A,0,,,,,Y,Y,A,01,0,3,0,0,0,0,0,0,0,"- ","- ",34.398941040039062,-118.91828155517578,VENTURA,FILLMORE,-118.9183349609375,34.398918151855469
84885006,2025,2025-10-14,5600,2025-09-29,1602,6108,,1,5,3,5602,0,0,0,,0,6B01,"1ST ST","ORCHARD ST",173.00,W,N,A,-,N,,,,,,,,,,N,3,0,1,2,A,-,17,22517,,N,B,C,A,A,H,-,A,A,0,,,,,Y,,A,01,0,1,0,0,0,0,0,0,0,"- ","- ",34.393680572509766,-118.91478729248047,VENTURA,FILLMORE,-118.91725158691406,34.402130126953125
84885024,2025,2025-10-14,5600,2025-10-01,1318,6001,,3,5,6,5607,0,0,0,,0,9C01,"NEWBURY RD","NEWBURY VISTA LN",278.00,W,N,A,-,N,,,,,,,,,,Y,3,0,2,2,A,-,09,21804,A,N,D,C,A,A,H,-,A,D,0,,,,,Y,,A,01,0,1,1,0,0,0,0,0,0,"- ","- ",34.183998107910156,-118.90699005126953,VENTURA,"THOUSAND OAKS",-118.92609405517578,34.182830810546875
8488547,2017,2017-12-04,5609,2017-10-18,1729,437,,3,5,6,5609,0,0,0,,0,003,"TALBERT AV","WATSON AV",78.00,W,N,A,-,N,,,,,,,,,,Y,3,0,1,2,A,-,08,22107,,N,C,E,A,A,H,-,A,D,0,,,,,Y,,A,07,0,1,0,0,0,0,0,0,0,"- ","- ",34.252459999999999,-118.74218,VENTURA,"SIMI VALLEY",-118.74228055,34.252733120000002
84886714,2025,2025-10-15,5600,2025-09-29,1615,5757,,1,5,5,5601,0,0,0,,0,8B01,"PARKWAY DR","BROOKHILL DR",15.00,E,N,A,-,N,,,,,,,,,,N,3,0,1,2,A,-,00,23123,,N,C,G,A,A,H,-,A,D,0,,Y,,,Y,,M,91,0,1,0,0,0,0,1,0,0,"- ","- ",34.242641448974609,-119.03959655761719,VENTURA,CAMARILLO,-119.03968048095703,34.242610931396484
84886722,2025,2025-10-15,5600,2025-10-07,"919 ",4527,,2,5,6,5607,0,0,0,,0,9C01,"LYNN RD","VENTU PARK RD",0.00,,Y,B,-,N,,,,,,,,,,Y,3,0,1,2,A,-,12,21457,A,N,D,C,A,A,D,-,A,A,0,,,,,Y,,A,01,0,1,0,0,0,0,0,0,0,"- ","- ",34.176521301269531,-118.91118621826172,VENTURA,"THOUSAND OAKS",-118.91117858886719,34.176456451416016
84886724,2025,2025-10-15,5600,2025-10-09,1015,5862,,4,5,5,5601,0,0,0,,0,8B01,"VENTURA BL","ONRAMP SB 101 LEWIS",0.00,,Y,A,-,Y,,,,,,,,,,N,4,0,1,2,A,-,08,22107,,N,B,C,A,A,H,-,A,A,0,,,,,Y,,D,22,0,0,1,0,0,0,0,0,0,"- ","- ",34.216201782226562,-119.03652191162109,VENTURA,CAMARILLO,-119.03471374511719,34.216045379638672
84886734,2025,2025-10-15,5609,2025-09-27,1909,5285,,6,5,6,5609,0,0,0,,0,003,"HANSEN CT","CROSBY AVE",126.00,E,N,A,-,N,,,,,,,,,,N,4,0,1,2,A,-,08,22107,,N,B,E,A,A,H,-,C,D,0,,,Y,,Y,,C,02,0,0,1,0,0,0,0,0,1,"- ","- ",34.259311676025391,-118.75005340576172,VENTURA,"SIMI VALLEY",-118.74958038330078,34.259391784667969
84886736,2025,2025-10-15,5609,2025-10-01,"801 ",482,,3,5,6,5609,0,0,0,,0,002,"TIERRA REJADA RD","RIDGEGATE LN",0.00,,Y,A,-,N,,,,,,,,,,Y,3,0,1,2,A,-,09,21801,A,N,D,C,A,A,H,-,A,A,0,,,,,Y,,A,01,0,1,0,0,0,0,0,0,0,"- ","- ",34.272918701171875,-118.79965209960938,VENTURA,"SIMI VALLEY",-118.79975128173828,34.272880554199219
84886750,2025,2025-10-15,5609,2025-10-09,1531,5023,,4,5,6,5609,0,0,0,,0,001,"ERRINGER RD","LOS ANGELES AVE",304.00,N,N,A,-,N,,,,,,,,,,Y,3,0,1,2,A,-,03,22350,,N,C,C,A,A,H,-,A,A,0,,,,,Y,,A,01,0,1,0,0,0,0,0,0,0,"- ","- ",34.271411895751953,-118.76120758056641,VENTURA,"SIMI VALLEY",-118.76141357421875,34.272453308105469
84886757,2025,2025-10-15,5609,2025-10-10,2130,5004,,5,5,6,5609,0,0,0,,0,003,"ROYAL AVE","APPLETON RD",0.00,,Y,A,-,N,,,,,,,,,,N,3,0,1,3,A,-,12,22450,A,N,D,G,A,A,H,-,A,A,0,,Y,,,Y,Y,L,04,0,1,0,0,0,0,1,0,0,"- ","- ",34.260749816894531,-118.74391174316406,VENTURA,"SIMI VALLEY",-118.743896484375,34.260841369628906
84888627,2025,2025-10-16,5609,2025-10-08,1553,5023,,3,5,6,5609,0,0,0,,0,,"LOS ANGELES AVE","FIFTH ST",301.00,W,N,A,-,N,,,,,,,,,,Y,3,0,1,2,A,-,05,21650,,N,D,C,A,A,H,-,A,D,0,,,Y,,Y,,C,03,0,1,0,0,0,0,0,0,1,"- ","- ",34.271530151367188,-118.783447265625,VENTURA,"SIMI VALLEY",-118.78461456298828,34.271648406982422
84888629,2025,2025-10-16,5609,2025-10-12,2319,5004,,7,5,6,5609,0,0,0,,0,001,"AGNEW ST",SV05855,87.00,E,N,A,-,N,,,,,,,,,,Y,3,0,1,2,A,-,08,22107,,N,F,E,A,A,H,-,C,D,0,,,,,Y,,A,01,0,1,0,0,0,0,0,0,0,"- ","- ",,,VENTURA,"SIMI VALLEY",,
8489569,2017,2018-06-14,5600,2017-10-13,1148,2877,8077,5,5,5,5601,0,0,0,,0,8A01,"SPRINGVILLE RD","RT 101",0.00,,Y,A,-,Y,VEN,7,101,-,-,17.022,R,4,S,N,4,0,1,2,A,-,12,21453,A,N,D,C,A,A,H,-,A,A,0,,,,,Y,,A,01,0,0,1,0,0,0,0,0,0,"- ","- ",34.130980000000001,-119.05083,VENTURA,CAMARILLO,-119.08940541,34.220609289999999
84898821,2025,2025-10-23,5600,2025-10-16,1907,5039,,4,5,6,5607,0,0,0,,0,9C01,"BORCHARD RD","WENDY DR",65.00,E,N,A,-,N,,,,,,,,,,N,4,0,1,2,A,-,03,22350,,N,C,C,A,A,H,-,C,A,0,,,,,Y,,A,07,0,0,1,0,0,0,0,0,0,"- ","- ",34.179328918457031,-118.94416809082031,VENTURA,"THOUSAND OAKS",-118.94394683837891,34.179267883300781
84898826,2025,2026-01-23,5600,2025-10-20,1005,5251,,1,5,6,5607,0,0,0,,0,9D01,"TRIUNFO CANYON RD","TAMARACK ST",0.00,,Y,A,-,N,,,,,,,,,,N,3,0,1,2,A,-,12,22450,A,N,G,B,D,A,H,-,A,A,0,Y,,,,Y,,A,01,0,1,0,0,1,0,0,0,0,"- ","- ",34.154750823974609,-118.84259033203125,VENTURA,"THOUSAND OAKS",-118.84258270263672,34.154666900634766
84898829,2025,2025-10-23,5600,2025-10-20,2010,3147,,1,5,6,5607,0,0,0,,0,9A01,"MOORPARK RD","PARK OAKS CENTER",0.00,,Y,A,-,N,,,,,,,,,,Y,4,0,2,2,A,-,12,21453,A,N,D,C,A,A,H,-,C,A,0,,,,,Y,Y,A,07,0,0,2,0,0,0,0,0,0,"- ","- ",34.201011657714844,-118.86824798583984,VENTURA,"THOUSAND OAKS",-118.86838531494141,34.200881958007812
84904965,2025,2025-10-28,5600,2025-10-11,1410,5601,,6,5,4,5690,0,0,0,,0,2B01,"COLLINS DR","ONRAMP WB 118 COLLINS",23.00,W,N,A,-,Y,,,,,,,,,,N,3,0,1,2,A,-,09,21801,A,N,H,C,A,A,H,-,A,A,0,,,,,Y,,A,07,0,1,0,0,0,0,0,0,0,"- ","- ",34.294448852539062,-118.84239196777344,VENTURA,MOORPARK,-119.16817474365234,34.238780975341797
84906759,2025,2025-10-29,5609,2025-10-22,2249,5023,,3,5,6,5609,0,0,0,,0,004,"LOS ANGELES AVE","TAPO CANYON RD",0.00,,Y,B,-,N,,,,,,,,,,Y,3,0,3,2,A,-,12,21453,A,N,D,C,A,A,H,-,C,A,0,,,,,Y,,A,01,0,1,2,0,0,0,0,0,0,"- ","- ",34.271080017089844,-118.71711730957031,VENTURA,"SIMI VALLEY",-118.71733093261719,34.27166748046875