CASE_ID,ACCIDENT_YEAR,PROC_DATE,JURIS,COLLISION_DATE,COLLISION_TIME,OFFICER_ID,REPORTING_DISTRICT,DAY_OF_WEEK,CHP_SHIFT,POPULATION,CNTY_CITY_LOC,SPECIAL_COND,BEAT_TYPE,CHP_BEAT_TYPE,CITY_DIVISION_LAPD,CHP_BEAT_CLASS,BEAT_NUMBER,PRIMARY_RD,SECONDARY_RD,DISTANCE,DIRECTION,INTERSECTION,WEATHER_1,WEATHER_2,STATE_HWY_IND,CALTRANS_COUNTY,CALTRANS_DISTRICT,STATE_ROUTE,ROUTE_SUFFIX,POSTMILE_PREFIX,POSTMILE,LOCATION_TYPE,RAMP_INTERSECTION,SIDE_OF_HWY,TOW_AWAY,COLLISION_SEVERITY,NUMBER_KILLED,NUMBER_INJURED,PARTY_COUNT,PRIMARY_COLL_FACTOR,PCF_CODE_OF_VIOL,PCF_VIOL_CATEGORY,PCF_VIOLATION,PCF_VIOL_SUBSECTION,HIT_AND_RUN,TYPE_OF_COLLISION,MVIW,PED_ACTION,ROAD_SURFACE,ROAD_COND_1,ROAD_COND_2,LIGHTING,CONTROL_DEVICE,CHP_ROAD_TYPE,PEDESTRIAN_ACCIDENT,BICYCLE_ACCIDENT,MOTORCYCLE_ACCIDENT,TRUCK_ACCIDENT,NOT_PRIVATE_PROPERTY,ALCOHOL_INVOLVED,STWD_VEHTYPE_AT_FAULT,CHP_VEHTYPE_AT_FAULT,COUNT_SEVERE_INJ,COUNT_VISIBLE_INJ,COUNT_COMPLAINT_PAIN,COUNT_PED_KILLED,COUNT_PED_INJURED,COUNT_BICYCLIST_KILLED,COUNT_BICYCLIST_INJURED,COUNT_MC_KILLED,COUNT_MC_INJURED,PRIMARY_RAMP,SECONDARY_RAMP,LATITUDE,LONGITUDE,COUNTY,CITY,POINT_X,POINT_Y
8554874,2016,2018-04-25,5604,2016-08-30,0817,5208,,2,5,6,5604,0,0,0,,0,011,"GONZALES RD","C ST",50.00,E,N,A,-,N,,,,,,,,,,Y,4,0,2,5,A,-,03,22350,,N,C,C,A,A,H,-,A,A,0,,,,,Y,,A,01,0,0,2,0,0,0,0,0,0,"- ","- ",,,VENTURA,OXNARD,-119.18067494,34.219195599999999
8554875,2016,2018-04-25,5604,2016-08-17,2030,4531,,3,5,6,5604,0,0,0,,0,012,"GONZALES RD","WILLIAMS DR",0.00,,Y,A,-,N,,,,,,,,,,N,4,0,1,2,A,-,10,21950,A,F,G,B,B,A,H,-,A,A,0,Y,,,,Y,,-,99,0,0,1,0,1,0,0,0,0,"- ","- ",34.216349999999998,-119.1559,VENTURA,OXNARD,-119.15392014,34.218940119999999
8554878,2016,2018-04-24,5604,2016-08-30,1107,5189,,2,5,6,5604,0,0,0,,0,012,"GONZALES RD","SOLAR DR",100.00,E,N,A,-,N,,,,,,,,,,N,4,0,1,2,A,-,03,22350,,N,C,C,A,A,H,-,A,A,0,,,,,Y,,A,01,0,0,1,0,0,0,0,0,0,"- ","- ",,,VENTURA,OXNARD,-119.14459963,34.218876880000003
8554887,2016,2018-04-25,5604,2016-11-18,0552,5459,,5,5,6,5604,0,0,0,,0,031,"ROSE AV","SANTA LUCIA DR",35.00,S,N,A,-,N,,,,,,,,,,Y,4,0,2,2,A,-,09,21801,A,N,D,C,A,A,H,-,A,A,0,,,,,Y,,A,01,0,0,2,0,0,0,0,0,0,"- ","- ",34.202030000000001,-119.15971999999999,VENTURA,OXNARD,-119.15983,34.202030000000001
8554897,2016,2018-04-24,5604,2016-11-18,2255,4674,,5,5,6,5604,0,0,0,,0,032,"SAVIERS RD","WOOLEY RD",10.00,S,N,A,-,N,,,,,,,,,,Y,3,0,1,2,A,-,03,22350,,M,C,C,A,A,H,-,C,A,0,,,,,Y,,A,01,0,1,0,0,0,0,0,0,0,"- ","- ",34.19003,-119.17744,VENTURA,OXNARD,-119.17755095,34.189942559999999
8554904,2016,2018-04-24,5604,2016-11-29,0733,4610,,2,5,6,5604,0,0,0,,0,011,"BERYL AV","GONZALES RD",5.00,S,N,A,-,N,,,,,,,,,,N,3,0,1,2,A,-,05,21650,1,N,D,G,A,A,H,-,A,A,0,,Y,,,Y,,L,04,0,1,0,0,0,0,1,0,0,"- ","- ",34.219349999999999,-119.20473,VENTURA,OXNARD,-119.20473,34.219416279999997
8554906,2016,2018-06-29,5604,2016-11-28,1424,4577,,1,5,6,5604,0,0,0,,0,,"GISLER AV","FIR AV",0.00,,Y,A,-,N,,,,,,,,,,N,4,0,2,2,A,-,09,21802,A,N,B,C,A,A,H,-,A,D,0,,,,,Y,,A,07,0,0,2,0,0,0,0,0,0,"- ","- ",,,VENTURA,OXNARD,-119.17131009000001,34.181800039999999
8554911,2016,2018-04-23,5604,2016-11-29,2059,,,2,5,6,5604,0,0,0,,0,023,"WOOLEY RD","C ST",0.00,,Y,A,-,N,,,,,,,,,,Y,4,0,2,2,A,-,12,21453,A,N,A,C,A,A,H,-,C,A,0,,,,,Y,,A,01,0,0,2,0,0,0,0,0,0,"- ","- ",,,VENTURA,OXNARD,-119.18119014,34.190150090000003
8554912,2016,2018-04-23,5604,2016-11-29,1339,5454,,2,5,6,5604,0,0,0,,0,023,"OXNARD BL","4TH ST",0.00,,Y,A,-,N,,,,,,,,,,Y,4,0,4,2,A,-,09,21801,A,N,D,C,A,A,H,-,A,A,0,,,,,Y,,A,01,0,0,4,0,0,0,0,0,0,"- ","- ",,,VENTURA,OXNARD,-119.17739689,34.198998359999997
8554915,2016,2018-04-23,5604,2016-11-29,0740,4795,,2,5,6,5604,0,0,0,,0,031,"JUANITA AV","MORADO PL",100.00,S,N,A,-,N,,,,,,,,,,N,4,0,1,2,A,-,10,21952,,F,G,B,C,A,H,-,A,D,0,Y,,,,Y,Y,A,01,0,0,1,0,1,0,0,0,0,"- ","- ",34.218290000000003,-119.1703,VENTURA,OXNARD,-119.16849457000001,34.21148556
8554919,2016,2018-04-23,5604,2016-11-29,1730,4954,,2,5,6,5604,0,0,0,,0,021,"5TH ST","VICTORIA AV",0.00,,Y,A,-,N,,,,,,,,,,N,4,0,2,2,A,-,09,21453,C,N,D,C,A,A,H,-,C,A,0,,,,,Y,,A,01,0,0,2,0,0,0,0,0,0,"- ","- ",,,VENTURA,OXNARD,-119.22126991,34.197580000000002
8554923,2016,2018-04-24,5604,2016-11-25,1250,5446,,5,5,6,5604,0,0,0,,0,014,"VENTURA RD","VINEYARD AV",200.00,S,N,A,-,N,,,,,,,,,,Y,4,0,1,2,A,-,07,21658,A,N,C,C,A,A,H,-,A,D,0,,,,,Y,,A,01,0,0,1,0,0,0,0,0,0,"- ","- ",34.22936,-119.19444,VENTURA,OXNARD,-119.19458213999999,34.228871179999999
8554927,2016,2018-04-24,5604,2016-11-25,1739,5492,,5,5,6,5604,0,0,0,,0,011,"GONZALES RD","C ST",0.00,,Y,A,-,N,,,,,,,,,,Y,4,0,1,2,A,-,09,21801,A,N,A,C,A,A,H,-,C,A,0,,,,,Y,,A,01,0,0,1,0,0,0,0,0,0,"- ","- ",34.219090000000001,-119.18084,VENTURA,OXNARD,-119.18084013000001,34.219190009999998
8554936,2016,2018-04-25,5604,2016-11-07,1847,5411,,1,5,6,5604,0,0,0,,0,021,"5TH ST","HARBOR BL",0.00,,Y,A,-,N,,,,,,,,,,Y,4,0,1,2,A,-,09,21801,A,F,D,C,A,A,H,-,B,A,0,,,,,Y,Y,A,01,0,0,1,0,0,0,0,0,0,"- ","- ",34.197789999999998,-119.24247,VENTURA,OXNARD,-119.24249986,34.19780007
8554939,2016,2018-04-24,5604,2016-11-24,1149,5064,,4,5,6,5604,0,0,0,,0,011,"VENTURA RD","GONZALES RD",0.00,,Y,A,-,N,,,,,,,,,,Y,4,0,3,2,A,-,09,21453,C,N,A,C,A,A,H,-,-,A,0,,,,,Y,,A,01,0,0,3,0,0,0,0,0,0,"- ","- ",34.219270000000002,-119.19455000000001,VENTURA,OXNARD,-119.19464013,34.219350079999998
8554941,2016,2018-04-25,5604,2016-11-01,1756,5378,,2,5,6,5604,0,0,0,,0,014,"VENTURA BL","VINEYARD AV",20.00,E,N,A,-,N,,,,,,,,,,Y,4,0,1,2,A,-,17,21461,A,F,A,C,A,A,H,-,A,A,0,,,,,Y,,A,01,0,0,1,0,0,0,0,0,0,"- ","- ",34.245159999999998,-119.17922,VENTURA,OXNARD,-119.17193045,34.233546179999998
8554949,2016,2018-04-25,5604,2016-11-01,0150,5475,,2,5,6,5604,0,0,0,,0,031,"ROSE AV","CAMINO DEL SOL",0.00,,Y,A,-,N,,,,,,,,,,Y,2,0,4,2,A,-,12,21453,A,N,D,C,A,A,H,-,C,A,0,,,,,Y,,A,01,1,0,3,0,0,0,0,0,0,"- ","- ",34.206330000000001,-119.15967000000001,VENTURA,OXNARD,-119.15969014,34.206350069999999
8554963,2016,2018-05-02,5604,2016-12-19,2013,5403,,1,5,6,5604,0,0,0,,0,024,"SAVIERS RD","CHANNEL ISLANDS BL",245.00,N,N,A,-,N,,,,,,,,,,N,4,0,1,2,A,-,"- ",,,N,B,G,A,A,H,-,C,D,0,,Y,,,Y,,L,04,0,0,1,0,0,0,1,0,0,"- ","- ",,,VENTURA,OXNARD,-119.17764,34.174112219999998
8554967,2016,2018-05-02,5604,2016-12-31,1308,5412,,6,5,6,5604,0,0,0,,0,042,"ROSE AV","BILLINGS ST",0.00,,Y,B,C,N,,,,,,,,,,Y,4,0,4,2,A,-,09,21802,A,N,D,C,A,B,H,-,A,A,0,,,,,Y,,A,07,0,0,4,0,0,0,0,0,0,"- ","- ",34.160220000000002,-119.15944,VENTURA,OXNARD,-119.15952013,34.16024006
8554980,2016,2018-05-02,5604,2016-12-20,1819,5486,,2,5,6,5604,0,0,0,,0,012,"AUTO CENTER DR","PASEO MERCADO",0.00,,Y,A,-,N,,,,,,,,,,Y,3,0,1,2,A,-,09,21801,A,N,D,C,A,A,H,-,C,A,0,,,Y,,Y,,A,01,0,1,0,0,0,0,0,0,1,"- ","- ",,,VENTURA,OXNARD,-119.14913013,34.226720049999997
8554985,2016,2018-05-02,5604,2016-10-27,2242,5231,,4,5,6,5604,0,0,0,,0,021,"VICTORIA AV","WOOLEY RD",17.00,N,N,A,-,N,,,,,,,,,,Y,4,0,1,2,A,-,12,21453,A,N,D,C,A,A,H,-,C,A,0,,,,,Y,,A,01,0,0,1,0,0,0,0,0,0,"- ","- ",34.186399999999999,-119.19524,VENTURA,OXNARD,-119.22134853999999,34.190436650000002
8554992,2016,2018-05-02,5604,2016-12-25,0253,5474,,7,5,6,5604,0,0,0,,0,024,"CHANNEL ISLANDS BL","C ST",0.00,,Y,A,-,N,,,,,,,,,,Y,4,0,2,3,A,-,12,21453,A,N,D,C,A,A,H,-,C,A,0,,,,,Y,,A,01,0,0,2,0,0,0,0,0,0,"- ","- ",34.173679999999997,-119.18111,VENTURA,OXNARD,-119.18113002,34.17370004
8554996,2016,2018-05-02,5604,2016-12-26,1721,5405,,1,5,6,5604,0,0,0,,0,022,"VENTURA RD","5TH ST",586.00,N,N,A,-,N,,,,,,,,,,Y,4,0,2,2,A,-,09,21801,A,N,A,C,A,A,H,-,C,D,0,,,,,Y,,A,01,0,0,2,0,0,0,0,0,0,"- ","- ",,,VENTURA,OXNARD,-119.1948348,34.199317800000003
8554998,2016,2018-05-02,5604,2016-10-03,1652,4755,,1,5,6,5604,0,0,0,,0,011,"N C ST","W DEVONSHIRE DR",0.00,,Y,A,-,N,,,,,,,,,,Y,4,0,1,2,A,-,09,21802,A,N,D,C,A,A,H,-,A,D,0,,,,,Y,,A,01,0,0,1,0,0,0,0,0,0,"- ","- ",34.211570000000002,-119.18094000000001,VENTURA,OXNARD,-119.18093011000001,34.211580069999997
8554999,2016,2018-05-02,5604,2016-12-24,1650,5434,,6,5,6,5604,0,0,0,,0,012,"VINEYARD AV","ESPLANADE DR",5.00,S,N,A,-,N,,,,,,,,,,Y,4,0,1,2,A,-,03,22350,,N,C,C,A,A,H,-,A,A,0,,,,,Y,,A,08,0,0,1,0,0,0,0,0,0,"- ","- ",34.229999999999997,-119.17465,VENTURA,OXNARD,-119.17467496,34.229994179999998
8555031,2016,2018-04-25,5604,2016-03-30,1531,5208,,3,5,6,5604,0,0,0,,0,022,"VENTURA RD","2ND ST",100.00,S,N,A,-,N,,,,,,,,,,Y,4,0,1,2,A,-,03,22350,,N,C,C,A,A,H,-,A,B,0,,,,,Y,,A,01,0,0,1,0,0,0,0,0,0,"- ","- ",,,VENTURA,OXNARD,-119.19471,34.202889999999996
8555038,2016,2018-04-25,5604,2016-03-30,1434,5241,,3,5,6,5604,0,0,0,,0,022,"VENTURA RD","7TH ST",50.00,N,N,A,-,N,,,,,,,,,,N,4,0,1,2,A,-,04,21703,,N,C,C,A,A,H,-,A,D,0,,,,,Y,,A,07,0,0,1,0,0,0,0,0,0,"- ","- ",,,VENTURA,OXNARD,-119.19489779,34.195277220000001
8555049,2016,2018-04-26,5604,2016-03-22,0745,5189,,2,5,6,5604,0,0,0,,0,011,"GONZALES RD","C ST",200.00,E,N,A,-,N,,,,,,,,,,N,4,0,1,3,A,-,03,22350,,N,C,C,A,A,H,-,A,A,0,,,,,Y,,A,01,0,0,1,0,0,0,0,0,0,"- ","- ",,,VENTURA,OXNARD,-119.18017967999999,34.219209999999997
8555101,2016,2018-04-30,5604,2016-04-09,1626,5401,,6,5,6,5604,0,0,0,,0,041,"E PLEASANT VALLEY RD","PACKARD ST",0.00,,Y,B,-,N,,,,,,,,,,Y,4,0,1,2,A,-,04,21703,,N,C,C,A,B,H,-,A,D,0,,,,,Y,,A,01,0,0,1,0,0,0,0,0,0,"- ","- ",34.164479999999998,-119.14604,VENTURA,OXNARD,-119.14607012,34.164500099999998
8555109,2016,2018-04-30,5604,2016-04-03,1400,5071,,7,5,6,5604,0,0,0,,0,041,"BARD RD","SAVIERS RD",200.00,E,N,A,-,N,,,,,,,,,,Y,4,0,2,2,A,-,09,21801,A,N,D,C,A,A,H,-,A,D,0,,,,,Y,,A,01,0,0,2,0,0,0,0,0,0,"- ","- ",34.161000000000001,-119.17769,VENTURA,OXNARD,-119.17778,34.161000000000001
8555110,2016,2018-04-30,5604,2016-04-16,1644,5428,,6,5,6,5604,0,0,0,,0,024,"IRIS ST","VENTURA RD",0.00,,Y,A,-,N,,,,,,,,,,N,4,0,1,2,A,-,05,21650,1,N,D,G,A,A,H,-,A,A,0,,Y,,,Y,,L,04,0,0,1,0,0,0,1,0,0,"- ","- ",34.180370000000003,-119.19494,VENTURA,OXNARD,-119.19488002999999,34.180370099999998
8555538,2018,2018-02-20,5600,2018-01-18,2359,5058,1000,4,5,2,5603,0,0,0,,0,1A01,"FOOTHILL RD","VISTA HERMOSA DR",76.00,N,N,A,-,N,,,,,,,,,,Y,2,0,1,1,A,-,01,23152,G,N,E,I,A,A,H,-,D,D,0,,,,,Y,Y,A,01,1,0,0,0,0,0,0,0,0,"- ","- ",,,VENTURA,OJAI,-119.25616455078125,34.458477020263672
8557449,2016,2018-05-03,5604,2016-11-30,2119,5392,,3,5,6,5604,0,0,0,,0,042,"PLEASANT VALLEY RD","CYPRESS RD",0.00,,Y,A,-,N,,,,,,,,,,Y,3,0,2,2,A,-,01,23152,A,N,D,C,A,A,H,-,C,A,0,,,,,Y,Y,A,01,0,1,1,0,0,0,0,0,0,"- ","- ",34.154670000000003,-119.17298,VENTURA,OXNARD,-119.17300001,34.154720060000002
8557454,2016,2018-05-03,5604,2016-12-01,1750,5269,,4,5,6,5604,0,0,0,,0,041,"CHANNEL ISLANDS BL","ROSE AV",227.00,W,N,A,-,N,,,,,,,,,,Y,4,0,7,5,A,-,03,22350,,N,C,C,A,A,H,-,C,A,0,,,,,Y,,A,07,0,0,7,0,0,0,0,0,0,"- ","- ",34.173279999999998,-119.16004,VENTURA,OXNARD,-119.1609196,34.173369999999998
8557455,2016,2018-05-03,5604,2016-12-04,2147,5431,,7,5,6,5604,0,0,0,,0,031,"ROSE AV","EASTMAN AV",15.00,S,N,A,-,N,,,,,,,,,,Y,4,0,2,2,A,-,09,21453,B,F,A,I,A,A,H,-,C,A,0,,,,,Y,,-,99,0,0,2,0,0,0,0,0,0,"- ","- ",34.19829,-119.15976000000001,VENTURA,OXNARD,-119.15988098,34.198258840000001
8557467,2016,2018-05-03,5604,2016-12-09,1632,5417,,5,5,6,5604,0,0,0,,0,022,"K ST","5TH ST",100.00,S,N,A,-,N,,,,,,,,,,N,4,0,1,2,A,-,09,21804,A,N,G,G,A,A,H,-,A,A,0,,Y,,,Y,,L,04,0,0,1,0,0,0,1,0,0,"- ","- ",34.197769999999998,-119.19168000000001,VENTURA,OXNARD,-119.19168174000001,34.197575540000003
8557472,2016,2018-05-03,5604,2016-09-22,0521,5005,,4,5,6,5604,0,0,0,,0,031,"ROSE AV","EASTMAN AV",0.00,,Y,A,-,N,,,,,,,,,,N,4,0,1,2,A,-,11,21461,5,N,G,B,B,A,H,-,C,A,0,Y,,,,Y,,N,60,0,0,1,0,1,0,0,0,0,"- ","- ",34.19829,-119.15976000000001,VENTURA,OXNARD,-119.15988002,34.198300000000003
8557479,2016,2018-05-03,5604,2016-09-12,1616,4755,,1,5,6,5604,0,0,0,,0,011,"OXNARD BL","GONZALES RD",500.00,S,N,A,-,N,,,1,,,,,,,Y,4,0,1,3,A,-,07,21658,A,N,B,C,A,A,H,-,A,D,0,,,,,Y,,A,01,0,0,1,0,0,0,0,0,0,"- ","- ",34.217530000000004,-119.17785000000001,VENTURA,OXNARD,-119.17725277,34.217530000000004
8557501,2016,2018-05-03,5604,2016-09-19,1533,5342,,1,5,6,5604,0,0,0,,0,032,"IVES AV","STATHAM AV",0.00,,Y,A,-,N,,,,,,,,,,Y,4,0,2,2,A,-,09,21802,A,N,D,C,A,A,H,-,A,A,0,,,,,Y,,A,01,0,0,2,0,0,0,0,0,0,"- ","- ",34.18065,-119.16428999999999,VENTURA,OXNARD,-119.16431011,34.18066005
8557502,2016,2018-05-03,5604,2016-09-18,0545,5359,,7,5,6,5604,0,0,0,,0,012,"VINEYARD AV","ESPLANADE DR",10.00,S,N,A,-,N,,,,,,,,,,Y,4,0,1,2,A,-,04,21703,,N,C,C,A,A,H,-,C,A,0,,,,,Y,,A,01,0,0,1,0,0,0,0,0,0,"- ","- ",34.229999999999997,-119.17465,VENTURA,OXNARD,-119.17468993,34.22998836
8557507,2016,2018-05-03,5604,2016-09-14,0905,5485,,3,5,6,5604,0,0,0,,0,031,"ROSE AV","LOCKWOOD ST",40.00,S,N,A,-,N,,,,,,,,,,Y,4,0,1,2,A,-,04,21703,,N,C,C,A,A,H,-,A,A,0,,,,,Y,,A,07,0,0,1,0,0,0,0,0,0,"- ","- ",,,VENTURA,OXNARD,-119.15831488000001,34.222002179999997
8557580,2016,2018-06-07,5604,2016-04-26,1035,5243,,2,5,6,5604,0,0,0,,0,014,"VINEYARD AV W 232","ESPLANADE DR",250.00,E,N,A,-,Y,VEN,7,232,-,-,0.350,H,-,S,N,4,0,1,2,D,-,00,,,N,C,C,A,A,H,-,A,A,0,,,,,Y,,-,"- ",0,0,1,0,0,0,0,0,0,"- ","- ",,,VENTURA,OXNARD,-119.17653153000001,34.227499989999998
8557584,2016,2018-05-02,5604,2016-04-30,1631,5172,,6,5,6,5604,0,0,0,,0,041,"SAVIERS RD","LARK ST",50.00,S,N,A,-,N,,,,,,,,,,Y,4,0,1,2,A,-,03,22350,,N,C,C,A,A,H,-,A,A,0,,,,,Y,,A,01,0,0,1,0,0,0,0,0,0,"- ","- ",34.173400000000001,-119.17755,VENTURA,OXNARD,-119.17752139,34.17243277
8557601,2016,2018-05-03,5604,2016-09-08,1002,5208,,4,5,6,5604,0,0,0,,0,023,"OXNARD BL","7TH ST",0.00,,Y,A,-,N,,,,,,,,,,N,3,0,1,2,A,-,12,21453,A,N,D,G,A,A,H,-,A,A,0,,Y,,,Y,,L,04,0,1,0,0,0,0,1,0,0,"- ","- ",,,VENTURA,OXNARD,-119.1774825,34.195041000000003
8557614,2016,2018-06-07,5604,2016-09-05,2219,4614,,1,5,6,5604,0,0,0,,0,,"OXNARD BL","RT 101",0.00,,Y,A,-,Y,VEN,7,1,-,-,21.062,I,5,S,,4,0,2,2,A,-,01,23152,A,N,A,C,A,A,H,-,C,A,0,,,,,Y,Y,A,01,0,0,2,0,0,0,0,0,0,"- ","- ",34.239220000000003,-119.18115,VENTURA,OXNARD,-119.18115431,34.238939530000003
8557620,2016,2018-05-03,5604,2016-09-02,1135,5151,,5,5,6,5604,0,0,0,,0,041,"BARD RD","ROSE AV",0.00,,Y,A,-,N,,,,,,,,,,Y,4,0,1,2,A,-,09,21801,A,F,D,C,A,A,H,-,A,A,0,,,,,Y,,A,01,0,0,1,0,0,0,0,0,0,"- ","- ",34.162219999999998,-119.15943,VENTURA,OXNARD,-119.15950011,34.162230110000003
8557622,2016,2018-04-27,5604,2016-01-29,1523,5208,,5,5,6,5604,0,0,0,,0,014,"VINEYARD AV","SIMON AV",0.00,,Y,A,-,Y,VEN,7,232,-,-,1.420,H,-,N,Y,4,0,1,2,A,-,03,22350,,N,C,C,A,A,H,-,A,-,0,,,,,Y,,A,01,0,0,1,0,0,0,0,0,0,"- ","- ",,,VENTURA,OXNARD,-119.16423352,34.243853450000003
8557680,2016,2018-04-27,5604,2016-06-04,1624,5306,,6,5,6,5604,0,0,0,,0,012,"DEL NORTE BL","RT 101",0.00,,Y,A,-,Y,VEN,7,101,-,-,19.024,R,4,S,Y,4,0,2,2,A,-,12,22450,A,N,D,C,A,A,H,-,A,A,0,,,,,Y,,A,01,0,0,2,0,0,0,0,0,0,"- ",SO,34.222149999999999,-119.13081,VENTURA,OXNARD,-119.12427289,34.2219926
8557682,2016,2018-05-01,5604,2016-05-08,1312,5451,,7,5,6,5604,0,0,0,,0,014,"IVORY WY","PARTRIDGE ST",1584.00,S,N,A,-,N,,,,,,,,,,Y,4,0,1,2,A,-,01,23152,A,M,A,C,A,A,H,-,A,D,0,,,,,Y,Y,A,01,0,0,1,0,0,0,0,0,0,"- ","- ",34.230580000000003,-119.187,VENTURA,OXNARD,-119.18680000000001,34.229990000000001
8557683,2016,2018-04-25,5604,2016-05-03,1755,5342,,2,5,6,5604,0,0,0,,0,031,"ROSE AV","CAMINO DEL SOL",0.00,,Y,A,-,N,,,,,,,,,,Y,3,0,1,2,A,-,07,21658,A,M,H,A,A,A,H,-,A,A,0,,,Y,,Y,,A,01,0,1,0,0,0,0,0,0,1,"- ","- ",34.202179999999998,-119.18871,VENTURA,OXNARD,-119.15969014,34.206350069999999
8557685,2016,2018-05-02,5604,2016-07-01,0516,5401,,5,5,6,5604,0,0,0,,0,042,"C ST","BARD RD",0.00,,Y,B,-,N,,,,,,,,,,N,4,0,1,2,A,-,01,23152,A,N,D,C,A,A,H,-,B,D,0,,,,,Y,Y,A,01,0,0,1,0,0,0,0,0,0,"- ","- ",34.161009999999997,-119.18049999999999,VENTURA,OXNARD,-119.18053003999999,34.161040010000001
8557698,2016,2018-05-24,5604,2016-07-28,1950,5390,,4,5,6,5604,0,0,0,,0,014,"VINEYARD AV","OXNARD BL",40.00,W,N,A,-,N,,,,,,,,,,Y,3,0,1,2,A,-,09,21801,A,N,D,C,A,A,H,-,A,A,0,,,,,Y,,A,07,0,1,0,0,0,0,0,0,0,"- ","- ",34.225790000000003,-119.17932,VENTURA,OXNARD,-119.17767524999999,34.226474930000002
8557707,2016,2018-05-03,5604,2016-06-06,1430,5471,,1,5,6,5604,0,0,0,,0,041,"PLEASANT VALLEY RD","ORANGE GROVE AV",0.00,,Y,A,-,N,,,,,,,,,,Y,3,0,1,2,A,-,09,21804,A,N,D,C,A,A,H,-,A,D,0,,,,,Y,,A,01,0,1,0,0,0,0,0,0,0,"- ","- ",34.19735,-119.1484,VENTURA,OXNARD,-119.14793012,34.1637001
8557750,2016,2018-05-03,5604,2016-07-17,0122,5475,,7,5,6,5604,0,0,0,,0,023,"5TH ST","A ST",0.00,,Y,-,-,N,,,,,,,,,,Y,4,0,1,2,A,-,12,21453,A,N,D,C,A,A,H,-,C,A,0,,,,,Y,Y,A,01,0,0,1,0,0,0,0,0,0,"- ","- ",34.197679999999998,-119.17858,VENTURA,OXNARD,-119.17861005,34.197700060000003
8557751,2016,2018-05-03,5604,2016-07-18,0959,5215,,1,5,6,5604,0,0,0,,0,032,"5TH ST","PACIFIC AV",100.00,E,N,A,-,N,,,,,,,,,,,4,0,1,2,A,-,08,22107,,N,D,C,A,A,H,-,A,A,0,,,,,Y,,A,07,0,0,1,0,0,0,0,0,0,"- ","- ",34.19679,-119.16379999999999,VENTURA,OXNARD,-119.16443975,34.197064589999997
8557755,2016,2018-05-03,5604,2016-07-18,1120,4868,,1,5,6,5604,0,0,0,,0,014,"UPPER BAY DR","H ST",15.00,W,N,A,-,N,,,,,,,,,,Y,4,0,1,1,A,-,08,22107,,N,A,I,A,A,H,-,A,D,0,,,,,Y,,A,01,0,0,1,0,0,0,0,0,0,"- ","- ",34.235819999999997,-119.18611,VENTURA,OXNARD,-119.18614946,34.235852749999999
8560342,2017,2018-02-28,5608,2017-11-21,2500,449,,2,5,6,5608,0,0,0,,0,004,"VICTORIA AV","WOODLAND AV",100.00,N,N,A,-,N,,,,,,,,,,N,3,0,1,2,A,-,08,22107,,F,G,B,F,A,H,-,C,D,0,Y,,,,Y,,-,,0,1,0,0,1,0,0,0,0,"- ","- ",,,VENTURA,VENTURA,-119.21466692,34.275840379999998
8563743,2018,2018-03-02,5608,2018-02-18,0956,475,,7,5,6,5608,0,0,0,,0,001,"SAN JON RD","HARBOR BL",125.00,N,N,A,-,N,,,,,,,,,,Y,3,0,2,2,A,-,08,22107,,N,B,D,A,A,H,-,A,A,0,,,,,Y,,-,,0,1,1,0,0,0,0,0,0,"- ","- ",,,VENTURA,VENTURA,-119.28459167480469,34.273399353027344
8563759,2018,2018-03-02,5608,2018-02-19,0832,463,,1,5,6,5608,0,0,0,,0,002,"HARBOR BL","OYSTER ST",161.00,S,N,A,-,N,,,,,,,,,,N,3,0,1,2,A,-,17,21209,A,N,-,G,A,A,H,-,A,D,0,,Y,,,Y,,-,,0,1,0,0,0,0,1,0,0,"- ","- ",,,VENTURA,VENTURA,-119.26164245605469,34.258094787597656
8564389,2018,2018-03-12,5600,2018-02-12,1603,2877,8124,1,5,5,5601,0,0,0,,0,8C01,"ARNEILL RD","PICKWICK DR",0.00,,Y,A,-,N,,,,,,,,,,Y,4,0,2,2,A,-,12,21453,A,N,D,C,A,A,H,-,A,A,0,,,,,Y,,A,08,0,0,2,0,0,0,0,0,0,"- ","- ",34.132011413574219,-119.02201843261719,VENTURA,CAMARILLO,-119.03904724121094,34.222278594970703
8564420,2018,2018-03-05,5608,2018-02-16,1730,498,,5,5,6,5608,0,0,0,,0,002,"HARBOR BL","SPINNAKER DR",0.00,,Y,A,-,N,,,,,,,,,,Y,4,0,2,2,A,-,01,23152,A,N,D,C,A,A,H,-,A,A,0,,,,,Y,,-,,0,0,2,0,0,0,0,0,0,"- ","- ",,,VENTURA,VENTURA,-119.25694274902344,34.244281768798828
8565625,2018,2018-03-08,5600,2018-02-27,0011,4610,9178,2,5,6,5607,0,0,0,,0,09D,"BRIDGEGATE ST","VALECROFT AV",10.00,W,N,B,-,N,,,,,,,,,,Y,3,0,1,1,A,-,01,23152,F,N,E,I,A,B,H,-,C,D,0,,,,,Y,,A,01,0,1,0,0,0,0,0,0,0,"- ","- ",,,VENTURA,"THOUSAND OAKS",-118.84883117675781,34.147628784179688
8565685,2018,2018-03-14,5600,2018-02-19,1717,4879,9126,1,5,6,5607,0,0,0,,0,09H,"HILLCREST DR","LAWRENCE DR",30.00,E,N,A,-,N,,,,,,,,,,N,4,0,1,2,A,-,21,22106,,N,C,C,A,A,H,-,B,D,0,,,,,Y,,A,01,0,0,1,0,0,0,0,0,0,"- ","- ",,,VENTURA,"THOUSAND OAKS",-118.92980194091797,34.186443328857422
8565942,2018,2018-03-05,5600,2018-02-20,1601,1936,9076,2,5,6,5607,0,0,0,,0,09H,"GAINSBOROUGH RD","HENDRIX AV",0.00,,Y,A,-,N,,,,,,,,,,Y,3,0,2,2,A,-,09,21802,A,N,D,D,A,A,H,-,A,A,0,,,,,Y,,A,01,0,1,1,0,0,0,0,0,0,"- ","- ",,,VENTURA,"THOUSAND OAKS",-118.87976837158203,34.196418762207031