CASE_ID,ACCIDENT_YEAR,PROC_DATE,JURIS,COLLISION_DATE,COLLISION_TIME,OFFICER_ID,REPORTING_DISTRICT,DAY_OF_WEEK,CHP_SHIFT,POPULATION,CNTY_CITY_LOC,SPECIAL_COND,BEAT_TYPE,CHP_BEAT_TYPE,CITY_DIVISION_LAPD,CHP_BEAT_CLASS,BEAT_NUMBER,PRIMARY_RD,SECONDARY_RD,DISTANCE,DIRECTION,INTERSECTION,WEATHER_1,WEATHER_2,STATE_HWY_IND,CALTRANS_COUNTY,CALTRANS_DISTRICT,STATE_ROUTE,ROUTE_SUFFIX,POSTMILE_PREFIX,POSTMILE,LOCATION_TYPE,RAMP_INTERSECTION,SIDE_OF_HWY,TOW_AWAY,COLLISION_SEVERITY,NUMBER_KILLED,NUMBER_INJURED,PARTY_COUNT,PRIMARY_COLL_FACTOR,PCF_CODE_OF_VIOL,PCF_VIOL_CATEGORY,PCF_VIOLATION,PCF_VIOL_SUBSECTION,HIT_AND_RUN,TYPE_OF_COLLISION,MVIW,PED_ACTION,ROAD_SURFACE,ROAD_COND_1,ROAD_COND_2,LIGHTING,CONTROL_DEVICE,CHP_ROAD_TYPE,PEDESTRIAN_ACCIDENT,BICYCLE_ACCIDENT,MOTORCYCLE_ACCIDENT,TRUCK_ACCIDENT,NOT_PRIVATE_PROPERTY,ALCOHOL_INVOLVED,STWD_VEHTYPE_AT_FAULT,CHP_VEHTYPE_AT_FAULT,COUNT_SEVERE_INJ,COUNT_VISIBLE_INJ,COUNT_COMPLAINT_PAIN,COUNT_PED_KILLED,COUNT_PED_INJURED,COUNT_BICYCLIST_KILLED,COUNT_BICYCLIST_INJURED,COUNT_MC_KILLED,COUNT_MC_INJURED,PRIMARY_RAMP,SECONDARY_RAMP,LATITUDE,LONGITUDE,COUNTY,CITY,POINT_X,POINT_Y
8688502,2018,2018-09-12,5604,2018-08-17,1142,5488,,5,5,6,5604,0,0,0,,0,012,"E GONZALES RD","OXNARD BL",20.00,E,N,A,-,N,,,,,,,,,,N,4,0,2,3,A,-,07,21658,A,N,B,C,A,A,H,-,A,A,0,,,,Y,Y,,A,01,0,0,2,0,0,0,0,0,0,"- ","- ",,,VENTURA,OXNARD,-119.17696380615234,34.219001770019531
8688510,2018,2018-09-12,5604,2018-08-09,1607,5555,,4,5,6,5604,0,0,0,,0,042,"DOWNWIND WY","BATTEN LN",23.00,S,N,A,-,N,,,,,,,,,,Y,4,0,1,2,A,-,08,22107,,N,A,I,A,A,H,-,A,D,0,,,,,Y,,-,,0,0,1,0,0,0,0,0,0,"- ","- ",,,VENTURA,OXNARD,-119.18222808837891,34.154315948486328
8688542,2018,2018-09-28,5604,2018-08-15,1357,4591,,3,5,6,5604,0,0,0,,0,032,"WOOLEY RD","DONLON AV",0.00,,Y,A,-,N,,,,,,,,,,Y,4,0,1,3,A,-,09,21802,B,N,D,C,A,A,H,-,A,A,0,,,,,Y,,D,22,0,0,1,0,0,0,0,0,0,"- ","- ",,,VENTURA,OXNARD,-119.17664337158203,34.189998626708984
8691237,2018,2018-09-18,5600,2018-08-24,2029,5022,9146,5,5,6,5607,0,0,0,,0,09D,"N LAKEVIEW CANYON RD","CANYON RIM CIR",350.00,W,N,A,-,N,,,,,,,,,,Y,4,0,1,1,A,-,01,23152,A,N,E,I,A,A,H,-,D,D,0,,,,,Y,Y,A,01,0,0,1,0,0,0,0,0,0,"- ","- ",,,VENTURA,"THOUSAND OAKS",-118.79199981689453,34.185829162597656
8692146,2018,2018-09-24,5600,2018-09-06,1721,5388,9162,4,5,6,5607,0,0,0,,0,09D,"DUESENBERG DR","THOUSAND OAKS BL",250.00,N,N,A,-,N,,,,,,,,,,N,4,0,1,2,A,-,09,21801,A,N,D,C,A,A,H,-,A,D,0,,,,,Y,,A,01,0,0,1,0,0,0,0,0,0,"- ","- ",,,VENTURA,"THOUSAND OAKS",-118.83255004882812,34.167194366455078
8693284,2018,2018-09-18,5604,2018-06-01,1916,5435,,5,5,6,5604,0,0,0,,0,024,"CHANNEL ISLANDS BL","C ST",100.00,E,N,A,-,N,,,,,,,,,,Y,4,0,1,2,A,-,03,22350,,F,C,C,A,A,H,-,A,A,0,,,,,Y,,A,01,0,0,1,0,0,0,0,0,0,"- ","- ",34.173679351806641,-119.18110656738281,VENTURA,OXNARD,-119.18080139160156,34.173698425292969
8693289,2018,2018-09-26,5604,2018-08-19,0010,4531,,7,5,6,5604,0,0,0,,0,011,"A ST","RODERICK AV",5.00,S,N,A,-,N,,,,,,,,,,Y,4,0,2,2,A,-,01,23152,A,F,C,C,A,A,H,-,C,D,0,,,,,Y,Y,A,01,0,0,2,0,0,0,0,0,0,"- ","- ",34.211368560791016,-119.18370819091797,VENTURA,OXNARD,-119.178466796875,34.209747314453125
8693297,2018,2018-09-26,5604,2018-08-15,1305,5172,,3,5,6,5604,0,0,0,,0,041,"BARD RD","SAVIERS RD",20.00,E,N,A,-,N,,,,,,,,,,Y,4,0,1,3,A,-,09,21801,A,N,D,C,A,A,H,-,A,A,0,,,,,Y,,A,01,0,0,1,0,0,0,0,0,0,"- ","- ",34.160999298095703,-119.17768859863281,VENTURA,OXNARD,-119.17778015136719,34.160999298095703
8693313,2018,2018-09-26,5604,2018-08-23,1649,4591,,4,5,6,5604,0,0,0,,0,031,"COOPER RD","HAYES AV",25.00,W,N,A,-,N,,,,,,,,,,Y,4,0,2,2,A,-,01,23152,A,N,C,C,A,A,H,-,A,A,0,,,,,Y,Y,A,07,0,0,2,0,0,0,0,0,0,"- ","- ",34.204540252685547,-119.17534637451172,VENTURA,OXNARD,-119.17543029785156,34.204551696777344
8694577,2018,2018-10-01,5608,2018-08-20,2325,510,,1,5,6,5608,0,0,0,,0,004,"JOHNSON DR","NORTHBANK DR",0.00,,Y,B,-,N,,,,,,,,,,Y,4,0,3,3,A,-,08,22101,D,N,D,C,A,A,H,-,C,A,0,,,,,Y,,-,,0,0,3,0,0,0,0,0,0,"- ","- ",,,VENTURA,VENTURA,-119.19488990000001,34.24695002
8695851,2018,2018-09-24,5609,2018-08-27,1438,389,,1,5,6,5609,0,0,0,,0,003,"LOS ANGELES AV","SYCAMORE DR",479.00,E,N,A,-,N,,,,,,,,,,Y,2,0,1,2,A,-,09,21801,A,N,D,C,A,A,H,-,A,D,0,,,Y,,Y,,A,07,1,0,0,0,0,0,0,0,1,"- ","- ",34.271770477294922,-118.74382781982422,VENTURA,"SIMI VALLEY",-118.74219512939453,34.271671295166016
8697743,2018,2018-10-19,5600,2018-08-30,1546,2110,9072,4,5,6,5607,0,0,0,,0,09G,"HILLCREST DR","RANCHO RD",36.00,W,N,A,-,N,,,,,,,,,,N,4,0,1,2,A,-,03,22350,,N,C,C,A,A,H,-,A,A,0,,,,,Y,,D,22,0,0,1,0,0,0,0,0,0,"- ","- ",,,VENTURA,"THOUSAND OAKS",-118.85858917236328,34.181095123291016
8699935,2018,2018-09-26,5604,2018-07-30,1246,5521,,1,5,6,5604,0,0,0,,0,024,"W CHANNEL ISLANDS BL","VENTURA RD",40.00,E,N,A,-,N,,,,,,,,,,N,4,0,1,2,A,-,09,21802,A,N,D,C,A,A,H,-,A,A,0,,,,,Y,,A,01,0,0,1,0,0,0,0,0,0,"- ","- ",34.176849365234375,-119.19300079345703,VENTURA,OXNARD,-119.19477844238281,34.175693511962891
8700171,2018,2018-09-24,5604,2018-08-24,0156,5529,,5,5,6,5604,0,0,0,,0,031,"SOUTH RICE AV","5TH ST",200.00,N,N,A,-,N,,,,,,,,,,Y,3,0,1,1,A,-,03,22350,,M,E,I,A,A,H,-,C,A,0,,,,,Y,,A,01,0,1,0,0,0,0,0,0,0,"- ","- ",34.196868896484375,-119.14228057861328,VENTURA,OXNARD,-119.14239501953125,34.1973876953125
8700176,2018,2018-09-24,5604,2018-09-08,1500,5135,,6,5,6,5604,0,0,0,,0,014,"N VENTURA RD","BEVRA ST",50.00,N,N,A,-,N,,,,,,,,,,N,3,0,1,2,A,-,17,22517,,N,B,G,A,A,H,-,A,D,0,,Y,,,Y,,A,01,0,1,0,0,0,0,1,0,0,"- ","- ",34.276199340820312,-119.25225067138672,VENTURA,OXNARD,-119.19463348388672,34.223606109619141
8700182,2018,2018-09-24,5609,2018-09-01,1918,437,,6,5,6,5609,0,0,0,,0,003,"LOS ANGELES AV","ERRINGER RD",46.00,W,N,A,-,N,,,,,,,,,,Y,3,0,2,3,A,-,01,23152,A,F,C,C,A,A,H,-,A,A,0,,,,,Y,Y,A,01,0,1,1,0,0,0,0,0,0,"- ","- ",34.271728515625,-118.76129913330078,VENTURA,"SIMI VALLEY",-118.76155090332031,34.271751403808594
8700183,2018,2018-09-24,5604,2018-08-21,0855,5208,,2,5,6,5604,0,0,0,,0,031,"CAMINO DEL SOL","ROSE AV",25.00,E,N,A,-,N,,,,,,,,,,Y,4,0,1,2,A,-,03,22350,,N,D,C,A,A,H,-,A,D,0,,,,,Y,,A,08,0,0,1,0,0,0,0,0,0,"- ","- ",,,VENTURA,OXNARD,-119.15960693359375,34.206348419189453
8700195,2018,2018-09-24,5604,2018-08-30,2500,5514,,4,5,6,5604,0,0,0,,0,031,"SNOW AV","GONZALES RD",0.00,,Y,A,-,N,,,,,,,,,,N,3,0,1,2,A,-,00,21202,B,N,D,G,A,A,H,-,A,A,0,,Y,,,Y,,L,04,0,1,0,0,0,0,1,0,0,"- ","- ",34.218959808349609,-119.16532897949219,VENTURA,OXNARD,-119.16536712646484,34.219039916992188
8701249,2018,2018-09-20,5608,2018-09-06,1725,439,,4,5,6,5608,0,0,0,,0,002,"E MAIN ST","N EVERGREEN DR",0.00,,Y,A,-,N,,,,,,,,,,Y,3,0,1,2,A,-,08,22107,,N,A,C,A,A,H,-,A,D,0,,,,,Y,,-,,0,1,0,0,0,0,0,0,0,"- ","- ",,,VENTURA,VENTURA,-119.26348114013672,34.275650024414062
8701688,2018,2018-09-24,5608,2018-09-11,1401,403,,2,5,6,5608,0,0,0,,0,002,"TELEPHONE RD","MAIN ST",50.00,N,N,A,-,N,,,,,,,,,,Y,2,0,1,3,A,-,08,22107,,N,D,C,A,A,H,-,A,A,0,,,,,Y,,-,,1,0,0,0,0,0,0,0,0,"- ","- ",34.261199951171875,-119.23179626464844,VENTURA,VENTURA,-119.23170471191406,34.261985778808594
8702706,2018,2018-10-05,5606,2018-08-24,1953,1018,5606,5,5,4,5606,0,0,0,,0,003,"13TH ST","SATICOY ST",162.00,S,N,A,-,N,,,,,,,,,,N,3,0,1,2,A,-,08,22107,,N,C,C,A,A,H,-,C,D,0,,,Y,,Y,,C,02,0,1,0,0,0,0,0,0,1,"- ","- ",,,VENTURA,"SANTA PAULA",-119.05599975585938,34.360557556152344
8703761,2018,2018-09-28,5600,2018-09-13,0739,4501,8131,4,5,5,5601,0,0,0,,0,08B,"PONDEROSA DR","LAS POSAS RD",148.00,S,N,A,-,N,,,,,,,,,,N,4,0,1,2,A,-,03,22350,,N,C,C,A,A,H,-,A,A,0,,,,,Y,,A,07,0,0,1,0,0,0,0,0,0,"- ","- ",,,VENTURA,CAMARILLO,-119.06977081298828,34.223709106445312
8704147,2018,2018-10-01,5608,2018-09-17,1146,456,,1,5,6,5608,0,0,0,,0,003,"TELEPHONE RD","PETIT AV",0.00,,Y,A,-,N,,,,,,,,,,Y,3,0,2,2,A,-,09,21453,C,N,D,C,A,A,D,-,A,A,0,,,,,Y,,-,,0,2,0,0,0,0,0,0,0,"- ","- ",,,VENTURA,VENTURA,-119.17057037353516,34.272239685058594
8705202,2018,2018-10-18,5604,2018-09-13,0819,5550,,4,5,6,5604,0,0,0,,0,042,"HUENEME RD","PERKINS RD",0.00,,Y,A,-,N,,,,,,,,,,Y,4,0,1,2,A,-,09,21801,A,N,D,C,A,A,H,-,A,A,0,,,,,Y,,-,,0,0,1,0,0,0,0,0,0,"- ","- ",,,VENTURA,OXNARD,-119.18393707275391,34.147548675537109
8705241,2018,2018-10-18,5604,2018-09-14,1202,5151,,5,5,6,5604,0,0,0,,0,022,"5TH ST","VENTURA RD",200.00,W,N,A,-,N,,,,,,,,,,Y,3,0,2,2,A,-,01,23152,A,N,D,C,A,A,H,-,A,D,0,,,,Y,Y,Y,F,26,0,2,0,0,0,0,0,0,0,"- ","- ",,,VENTURA,OXNARD,-119.19552612304688,34.197597503662109
8705446,2018,2018-10-09,5604,2018-09-16,1658,5496,,7,5,6,5604,0,0,0,,0,041,"BRYCE CANYON AV","SAVIERS RD",10.00,W,N,A,-,N,,,,,,,,,,N,3,0,1,2,A,-,09,21804,A,N,D,G,A,A,H,-,A,D,0,,Y,,,Y,,L,04,0,1,0,0,0,0,1,0,0,"- ","- ",34.169971466064453,-119.17813110351562,VENTURA,OXNARD,-119.17772674560547,34.169780731201172
8705509,2018,2018-10-09,5604,2018-09-19,1540,5490,,3,5,6,5604,0,0,0,,0,021,"5TH ST","PATTERSON RD",770.00,W,N,A,-,N,,,,,,,,,,N,4,0,2,2,A,-,09,21801,A,N,D,C,A,A,H,-,A,D,0,,,,,Y,,A,01,0,0,2,0,0,0,0,0,0,"- ","- ",,,VENTURA,OXNARD,-119.21054077148438,34.19744873046875
8705560,2018,2018-11-13,5608,2018-09-23,1201,494,,7,5,6,5608,0,0,0,,0,004,"PETIT AV","HALIFAX ST",28.00,N,N,A,-,N,,,,,,,,,,Y,3,0,1,3,A,-,08,22107,,N,A,C,A,A,H,-,A,D,0,,,,,Y,,-,,0,1,0,0,0,0,0,0,0,"- ","- ",,,VENTURA,VENTURA,-119.16841888427734,34.269985198974609
8705580,2018,2018-11-13,5608,2018-09-21,1345,351,,5,5,6,5608,0,0,0,,0,004,"VICTORIA AV","WEBSTER ST",100.00,S,N,A,-,N,,,,,,,,,,N,4,0,1,2,A,-,08,22107,,F,-,C,A,A,H,-,A,A,0,,,,,Y,,-,,0,0,1,0,0,0,0,0,0,"- ","- ",,,VENTURA,VENTURA,-119.21327972412109,34.2701416015625
8705588,2018,2018-11-13,5608,2018-09-17,2500,483,VENTU,1,5,6,5608,0,0,0,,0,003,"TELEPHONE RD","CLINTON AV",0.00,,-,A,-,N,,,,,,,,,,N,3,0,1,2,A,-,03,22350,,F,C,C,A,A,H,-,A,D,0,,,,,Y,Y,-,,0,1,0,0,0,0,0,0,0,"- ","- ",34.270500183105469,-119.17710113525391,VENTURA,VENTURA,-119.17434692382812,34.270980834960938
8705630,2018,2018-10-10,5604,2018-08-30,1605,5536,,4,5,6,5604,0,0,0,,0,041,"E RAIDERS WY","ROSE AV",200.00,W,N,A,-,N,,,,,,,,,,N,3,0,1,2,A,-,08,22107,,N,B,G,A,A,H,-,A,D,0,,Y,,,Y,,A,07,0,1,0,0,0,0,1,0,0,"- ","- ",,,VENTURA,OXNARD,-119.16082763671875,34.171669006347656
8707191,2018,2018-10-22,5608,2018-09-25,1151,506,,2,5,6,5608,0,0,0,,0,001,"VENTURA AV","DE ANZA",100.00,S,N,A,-,N,,,,,,,,,,N,4,0,1,2,A,-,03,22350,,N,C,C,A,A,H,-,A,D,0,,,,,Y,,-,,0,0,1,0,0,0,0,0,0,"- ","- ",,,VENTURA,VENTURA,-119.29492950439453,34.300804138183594
8707486,2018,2018-10-11,5600,2018-09-06,2355,4771,8153,4,5,5,5601,0,0,0,,0,8B01,"PLEASANT VALLEY RD","SOUTHFIELD RD",1416.00,E,N,A,-,N,,,,,,,,,,Y,3,0,1,1,A,-,08,22107,,N,E,I,A,A,H,-,C,D,0,,,,,Y,,A,01,0,1,0,0,0,0,0,0,0,"- ","- ",34.205020904541016,-119.05033111572266,VENTURA,CAMARILLO,-119.05055236816406,34.205448150634766
8707500,2018,2018-10-16,5605,2018-09-20,1007,98,PATRO,4,5,3,5605,0,0,0,,0,CITY,"B ST","VENTURA RD",4.00,W,N,A,-,N,,,,,,,,,,N,4,0,1,2,A,-,05,21650,,N,D,G,A,A,H,-,A,A,0,,Y,,,Y,,L,04,0,0,1,0,0,0,1,0,0,"- ","- ",,,VENTURA,"PORT HUENEME",-119.19554138183594,34.153202056884766
8707931,2018,2018-10-26,5606,2018-08-05,2133,1110,5606,7,5,4,5606,0,0,0,,0,003,"RT 150","BEDFORD CT",44.00,N,N,A,-,Y,VEN,7,150,-,-,33.190,H,-,W,N,4,0,1,2,A,-,03,22350,,N,C,C,A,A,H,-,C,D,0,,,,,Y,,A,01,0,0,1,0,0,0,0,0,0,"- ","- ",,,VENTURA,"SANTA PAULA",-119.06252288818359,34.366474151611328
8708744,2018,2018-10-24,5604,2018-09-18,1753,5534,,2,5,6,5604,0,0,0,,0,011,"VENTURA RD","DEVONSHIRE DR",100.00,N,N,A,-,N,,,,,,,,,,Y,4,0,2,3,A,-,03,22350,,N,C,C,A,A,H,-,A,A,0,,,,,Y,,A,08,0,0,2,0,0,0,0,0,0,"- ","- ",34.211498260498047,-119.19464111328125,VENTURA,OXNARD,-119.19463348388672,34.211784362792969
8709884,2018,2018-12-18,5600,2018-09-19,2154,4909,6008,3,5,3,5602,0,0,0,,0,06A,"RT 126","B ST",0.00,,Y,A,-,Y,VEN,7,126,-,-,20.861,I,5,E,Y,4,0,1,2,A,-,12,21453,A,N,D,C,A,A,H,-,C,A,0,,,,,Y,,D,22,0,0,1,0,0,0,0,0,0,"- ","- ",,,VENTURA,FILLMORE,-118.92253112792969,34.395538330078125
8710243,2018,2018-11-05,5600,2018-09-22,0215,5022,9050,6,5,6,5607,0,0,0,,0,09B,"WAVERLY HEIGHTS DR","MONTGOMERY RD",296.00,E,N,A,-,N,,,,,,,,,,Y,4,0,1,1,A,-,08,22107,,N,E,I,A,A,H,-,D,D,0,,,,,Y,,A,01,0,0,1,0,0,0,0,0,0,"- ","- ",,,VENTURA,"THOUSAND OAKS",-118.862548828125,34.199951171875
8710251,2018,2018-10-16,5600,2018-09-26,1153,2110,9024,3,5,6,5607,0,0,0,,0,09B,"AVENIDA DE LOS ARBOLES","KENSINGTON AV",0.00,,Y,A,-,N,,,,,,,,,,Y,4,0,2,2,A,-,09,21801,A,N,H,C,A,A,H,-,A,D,0,,,,,Y,,A,07,0,0,2,0,0,0,0,0,0,"- ","- ",,,VENTURA,"THOUSAND OAKS",-118.83154296875,34.212398529052734
8712552,2018,2018-11-09,5608,2018-10-02,0821,493,,2,5,6,5608,0,0,0,,0,003,"DEAN DR","MILLS RD",17.00,E,N,A,-,N,,,,,,,,,,N,4,0,2,2,A,-,21,22106,,N,C,C,A,A,H,-,A,A,0,,,,,Y,,A,01,0,0,2,0,0,0,0,0,0,"- ","- ",,,VENTURA,VENTURA,-119.24654388427734,34.267318725585938
8713005,2018,2018-11-02,5600,2018-10-11,2147,5068,8151,4,5,5,5601,0,0,0,,0,8B01,"VENTURA BL","ARNEILL RD",0.00,,Y,A,-,N,,,101,,,,,,,Y,4,0,1,2,A,-,09,21801,A,N,H,C,A,A,H,-,C,A,0,,,,,Y,,A,01,0,0,1,0,0,0,0,0,0,"- ","- ",34.216579437255859,-119.03913879394531,VENTURA,CAMARILLO,-119.03912353515625,34.217296600341797
8713752,2018,2018-10-18,5600,2018-09-30,1548,2877,8150,7,5,5,5601,0,0,0,,0,8B01,"CARMEN DR","VENTURA BL",0.00,,Y,A,-,N,,,,,,,,,,Y,4,0,1,2,A,-,12,21453,A,N,D,C,A,A,H,-,A,A,0,,,,,Y,,A,01,0,0,1,0,0,0,0,0,0,"- ","- ",34.130081176757812,-119.03012084960938,VENTURA,CAMARILLO,-119.05027770996094,34.216949462890625
8713756,2018,2018-10-18,5600,2018-09-24,1951,2877,8215,1,5,5,5601,0,0,0,,0,8D01,"SANTA ROSA RD","MORONGO DR",620.00,E,N,A,-,N,,,,,,,,,,N,3,0,1,1,A,-,06,21755,,N,E,I,A,A,H,-,C,A,0,,,Y,,Y,,C,02,0,1,0,0,0,0,0,0,1,"- ","- ",34.140888214111328,-118.58075714111328,VENTURA,CAMARILLO,-118.9688720703125,34.235794067382812
8713919,2018,2018-10-18,5600,2018-10-07,2154,2877,8150,7,5,5,5601,0,0,0,,0,8B01,"CARMEN DR","VENTURA BL",0.00,,Y,A,-,N,,,,,,,,,,Y,4,0,3,2,A,-,09,21801,A,N,H,D,A,A,H,-,C,A,0,,,,,Y,,A,07,0,0,3,0,0,0,0,0,0,"- ","- ",34.130088806152344,-119.03009033203125,VENTURA,CAMARILLO,-119.05027770996094,34.216949462890625
8715424,2018,2018-11-13,5609,2018-10-26,1740,435,,5,5,6,5609,0,0,0,,0,,"1ST ST","EASY ST",0.00,,Y,A,-,N,,,,,,,,,,Y,4,0,1,2,D,-,00,,,N,D,C,A,A,H,-,A,A,0,,,,,Y,Y,-,"- ",0,0,1,0,0,0,0,0,0,"- ","- ",34.273540496826172,-118.77886962890625,VENTURA,"SIMI VALLEY",-118.77897644042969,34.273670196533203
8716449,2018,2018-10-23,5608,2018-10-11,1250,443,ENTUR,4,5,6,5608,0,0,0,,0,001,"THOMPSON BL","HEMLOCK ST",0.00,,Y,A,-,N,,,,,,,,,,Y,4,0,2,2,A,-,08,22107,,N,D,C,A,A,H,-,A,D,0,,,,,Y,,-,,0,0,2,0,0,0,0,0,0,"- ","- ",,,VENTURA,VENTURA,-119.28244018554688,34.276840209960938
8717929,2018,2018-10-22,5604,2018-10-07,1917,5403,,7,5,6,5604,0,0,0,,0,014,"W GONZNALES RD","C ST",150.00,E,N,A,-,N,,,,,,,,,,Y,3,0,2,2,A,-,09,21801,A,N,D,C,A,A,H,-,C,A,0,,,,,Y,,D,22,0,1,1,0,0,0,0,0,0,"- ","- ",34.220298767089844,-119.17897796630859,VENTURA,OXNARD,-119.18027496337891,34.2191162109375
8717982,2018,2018-10-18,5604,2018-09-30,0620,4734,,7,5,6,5604,0,0,0,,0,011,"C ST","FERNWOOD DR",25.00,N,N,A,-,N,,,,,,,,,,Y,3,0,1,2,A,-,01,23152,A,N,C,E,A,A,H,-,B,D,0,,,,,Y,Y,A,07,0,1,0,0,0,0,0,0,0,"- ","- ",34.214031219482422,-119.180908203125,VENTURA,OXNARD,-119.18091583251953,34.213249206542969
8717998,2018,2018-10-18,5604,2018-09-22,2341,4531,,6,5,6,5604,0,0,0,,0,042,"SAVIERS RD","BARD RD",150.00,S,N,A,-,N,,,,,,,,,,Y,3,0,2,2,A,-,01,23152,B,N,C,E,A,A,H,-,C,D,0,,,,,Y,Y,A,01,0,2,0,0,0,0,0,0,0,"- ","- ",34.160999298095703,-119.17768859863281,VENTURA,OXNARD,-119.17778778076172,34.160587310791016
8718071,2018,2018-10-31,5604,2018-09-24,1722,5474,,1,5,6,5604,0,0,0,,0,032,"WOOLEY RD","INDUSTRIAL AV",75.00,E,N,A,-,N,,,,,,,,,,Y,4,0,3,3,A,-,03,22350,,N,C,C,A,A,H,-,A,D,0,,,,,Y,,A,01,0,0,3,0,0,0,0,0,0,"- ","- ",34.189979553222656,-119.17299652099609,VENTURA,OXNARD,-119.17299652099609,34.190128326416016
8718399,2018,2018-11-06,5600,2018-09-26,1022,2110,9108,3,5,6,5607,0,0,0,,0,09C,"WENDY DR","OLD CONEJO RD",0.00,,Y,A,-,Y,VEN,7,101,-,-,7.701,R,4,S,Y,3,0,2,3,D,-,00,,,N,D,D,A,A,H,-,A,A,0,,,,,Y,,-,"- ",0,1,1,0,0,0,0,0,0,"- ","- ",,,VENTURA,"THOUSAND OAKS",-118.93653106689453,34.188503265380859
8718893,2018,2019-01-03,5600,2018-09-29,1145,4918,9086,6,5,6,5607,0,0,0,,0,9H11,"LYNN RD","RT 101",0.00,,Y,A,-,Y,LA,7,101,-,-,5.168,R,4,S,N,4,0,1,2,A,-,17,21461,A,M,B,C,A,A,H,-,A,D,0,,,,,Y,,A,01,0,0,1,0,0,0,0,0,0,"- ",NO,,,VENTURA,"THOUSAND OAKS",-118.30278778076172,34.086299896240234
8718896,2018,2018-11-13,5600,2018-10-12,1900,4918,9128,5,5,6,5607,0,0,0,,0,9H11,"VENTU PARK RD","W HILLCREST DR",540.00,S,N,A,-,N,,,,,,,,,,N,4,0,1,3,A,-,03,22350,,N,C,C,A,A,H,-,C,A,0,,,,,Y,,-,"- ",0,0,1,0,0,0,0,0,0,"- ","- ",,,VENTURA,"THOUSAND OAKS",-118.91122436523438,34.186824798583984
8721120,2018,2018-10-29,5600,2018-09-28,1917,5359,9025,5,5,6,5607,0,0,0,,0,9B01,"AVENIDA DE LOS ARBOLES","VISTA WOOD CIR",0.00,,Y,A,-,N,,,,,,,,,,Y,3,0,1,2,A,-,01,23152,A,N,H,C,A,A,H,-,C,D,0,,,,,Y,Y,A,01,0,1,0,0,0,0,0,0,0,"- ","- ",,,VENTURA,"THOUSAND OAKS",-118.82663726806641,34.214111328125
8721748,2018,2018-10-26,5600,2018-10-04,1151,5360,9090,4,5,6,5607,0,0,0,,0,09G,"MOORPARK RD","THOUSAND OAKS BL",0.00,,Y,A,-,N,,,,,,,,,,Y,4,0,1,2,A,-,09,21453,C,N,H,C,A,A,H,-,A,A,0,,,,,Y,,A,01,0,0,1,0,0,0,0,0,0,"- ","- ",,,VENTURA,"THOUSAND OAKS",-118.87651824951172,34.178928375244141
8722560,2018,2018-11-14,5600,2018-10-19,1047,2110,9012,5,5,6,5607,0,0,0,,0,09A,"OLSEN RD","SUNSET HILLS BL",1300.00,W,N,A,-,N,,,,,,,,,,N,4,0,1,2,A,-,03,22350,,N,C,C,A,A,H,-,A,D,0,,,,,Y,,A,01,0,0,1,0,0,0,0,0,0,"- ","- ",,,VENTURA,"THOUSAND OAKS",-118.86238098144531,34.230304718017578
8722796,2018,2018-11-29,5608,2018-10-18,1147,443,VENTU,4,5,6,5608,0,0,0,,0,001,"CHESTNUT ST","SANTA CLARA ST",0.00,,Y,A,-,N,,,,,,,,,,Y,4,0,1,2,A,-,12,21453,A,N,D,C,A,A,H,-,A,A,0,,,,,Y,,-,,0,0,1,0,0,0,0,0,0,"- ","- ",34.279598236083984,-119.29149627685547,VENTURA,VENTURA,-119.29154968261719,34.279541015625
8723545,2018,2018-11-27,5604,2018-10-09,0927,5488,,2,5,6,5604,0,0,0,,0,012,"VENTURA BL","N CORTEZ ST N",0.00,,Y,A,-,N,,,,,,,,,,N,4,0,5,2,A,-,04,21703,,N,C,C,A,A,H,-,A,D,0,,,,Y,Y,,F,26,0,0,5,0,0,0,0,0,0,"- ","- ",,,VENTURA,OXNARD,-119.17021179199219,34.22943115234375
8723553,2018,2018-11-20,5604,2018-09-13,1739,5263,,4,5,6,5604,0,0,0,,0,022,"A ST","PALM DR",0.00,,Y,A,-,N,,,,,,,,,,N,4,0,1,2,A,-,08,22107,,N,D,G,A,A,H,-,A,D,0,,Y,,,Y,,L,04,0,0,1,0,0,0,1,0,0,"- ","- ",34.205558776855469,-119.17830657958984,VENTURA,OXNARD,-119.17851257324219,34.205039978027344
8723561,2018,2018-11-20,5604,2018-09-23,1555,4907,,7,5,6,5604,0,0,0,,0,024,"SAVIERS RD","COACH C LN",200.00,S,N,A,-,N,,,,,,,,,,Y,3,0,2,2,A,-,07,21658,A,N,B,C,A,A,H,-,A,D,0,,,,,Y,,A,01,0,1,1,0,0,0,0,0,0,"- ","- ",34.175739288330078,-119.17807006835938,VENTURA,OXNARD,,
8723842,2018,2018-11-21,5604,2018-10-13,0217,5527,,6,5,6,5604,0,0,0,,0,012,"ROSE AV","CESAR CHAVEZ DR",130.00,S,N,C,-,N,,,,,,,,,,Y,2,0,1,1,A,-,03,22350,,N,E,I,A,B,H,-,C,A,0,,,,,Y,,A,01,1,0,0,0,0,0,0,0,0,"- ","- ",34.213138580322266,-119.15959167480469,VENTURA,OXNARD,-119.15969848632812,34.212791442871094
8723899,2018,2018-11-20,5604,2018-10-11,1604,5465,,4,5,6,5604,0,0,0,,0,031,"ROOSEVELT AV","E 1ST ST E",0.00,,Y,A,-,N,,,,,,,,,,Y,4,0,1,2,A,-,12,22450,A,N,D,C,A,A,H,-,A,A,0,,,,,Y,,A,01,0,0,1,0,0,0,0,0,0,"- ","- ",,,VENTURA,OXNARD,-119.1727294921875,34.202911376953125