CASE_ID,ACCIDENT_YEAR,PROC_DATE,JURIS,COLLISION_DATE,COLLISION_TIME,OFFICER_ID,REPORTING_DISTRICT,DAY_OF_WEEK,CHP_SHIFT,POPULATION,CNTY_CITY_LOC,SPECIAL_COND,BEAT_TYPE,CHP_BEAT_TYPE,CITY_DIVISION_LAPD,CHP_BEAT_CLASS,BEAT_NUMBER,PRIMARY_RD,SECONDARY_RD,DISTANCE,DIRECTION,INTERSECTION,WEATHER_1,WEATHER_2,STATE_HWY_IND,CALTRANS_COUNTY,CALTRANS_DISTRICT,STATE_ROUTE,ROUTE_SUFFIX,POSTMILE_PREFIX,POSTMILE,LOCATION_TYPE,RAMP_INTERSECTION,SIDE_OF_HWY,TOW_AWAY,COLLISION_SEVERITY,NUMBER_KILLED,NUMBER_INJURED,PARTY_COUNT,PRIMARY_COLL_FACTOR,PCF_CODE_OF_VIOL,PCF_VIOL_CATEGORY,PCF_VIOLATION,PCF_VIOL_SUBSECTION,HIT_AND_RUN,TYPE_OF_COLLISION,MVIW,PED_ACTION,ROAD_SURFACE,ROAD_COND_1,ROAD_COND_2,LIGHTING,CONTROL_DEVICE,CHP_ROAD_TYPE,PEDESTRIAN_ACCIDENT,BICYCLE_ACCIDENT,MOTORCYCLE_ACCIDENT,TRUCK_ACCIDENT,NOT_PRIVATE_PROPERTY,ALCOHOL_INVOLVED,STWD_VEHTYPE_AT_FAULT,CHP_VEHTYPE_AT_FAULT,COUNT_SEVERE_INJ,COUNT_VISIBLE_INJ,COUNT_COMPLAINT_PAIN,COUNT_PED_KILLED,COUNT_PED_INJURED,COUNT_BICYCLIST_KILLED,COUNT_BICYCLIST_INJURED,COUNT_MC_KILLED,COUNT_MC_INJURED,PRIMARY_RAMP,SECONDARY_RAMP,LATITUDE,LONGITUDE,COUNTY,CITY,POINT_X,POINT_Y
8723915,2018,2018-11-20,5604,2018-10-02,1604,5208,,2,5,6,5604,0,0,0,,0,031,"5TH ST","DEL NORTE BL",200.00,E,N,A,-,N,,,,,,,,,,Y,4,0,1,3,A,-,03,22350,,N,C,C,A,A,H,-,A,A,0,,,,,Y,,A,07,0,0,1,0,0,0,0,0,0,"- ","- ",,,VENTURA,OXNARD,-119.12683868408203,34.196781158447266
8724341,2018,2018-12-13,5609,2018-10-29,1427,447,,1,5,6,5609,0,0,0,,0,006,"LOS ANGELES AV","STOW ST",0.00,,Y,A,-,N,,,,,,,,,,N,3,0,1,2,A,-,12,21453,A,N,D,C,A,A,H,-,A,A,0,,,,,Y,,A,01,0,1,0,0,0,0,0,0,0,"- ","- ",34.271778106689453,-118.6827392578125,VENTURA,"SIMI VALLEY",-118.68276214599609,34.271739959716797
8724343,2018,2019-01-22,5609,2018-11-07,1555,435,,3,5,6,5609,0,0,0,,0,,"STEARNS ST","RT 118",0.00,,Y,A,-,Y,VEN,7,118,-,R,29.023,R,4,W,Y,4,0,1,2,A,-,12,21453,A,N,D,C,A,A,H,-,A,A,0,,,,,Y,,A,07,0,0,1,0,0,0,0,0,0,"- ",WF,,,VENTURA,"SIMI VALLEY",-118.68801879882812,34.281745910644531
8724811,2018,2018-11-14,5600,2018-10-08,0801,4045,9002,1,5,6,5607,0,0,0,,0,9A01,"OLSEN RD","MOUNTCLEF BL",9.00,E,N,A,-,N,,,,,,,,,,N,3,0,1,2,A,-,05,21650,1,N,H,G,A,A,H,-,A,A,0,,Y,,,Y,,L,04,0,1,0,0,0,0,1,0,0,"- ","- ",,,VENTURA,"THOUSAND OAKS",-118.8756103515625,34.225894927978516
8724849,2018,2018-11-09,5609,2018-10-05,0822,452,115,5,5,6,5609,0,0,0,,0,001,"COCHRAN ST","CALLAHAN AV",580.00,E,N,A,-,N,,,,,,,,,,Y,4,0,2,3,A,-,03,22350,,N,C,C,A,A,H,-,A,A,0,,,,,Y,,A,01,0,0,2,0,0,0,0,0,0,"- ","- ",34.279041290283203,-118.76776123046875,VENTURA,"SIMI VALLEY",-118.7659912109375,34.279018402099609
8725037,2018,2018-12-28,5604,2018-09-26,2000,5533,,3,5,6,5604,0,0,0,,0,012,"DEL NORTE AV","RT 101",0.00,,Y,A,-,Y,VEN,7,101,-,-,19.314,R,4,S,N,3,0,1,1,A,-,12,22450,A,N,H,A,A,A,H,-,C,A,0,,,Y,,Y,,C,02,0,1,0,0,0,0,0,0,1,"- ",SF,34.216350555419922,-119.15589904785156,VENTURA,OXNARD,-119.12933349609375,34.222030639648438
8725039,2018,2018-10-30,5604,2018-09-22,0850,5454,,6,5,6,5604,0,0,0,,0,022,"VENTURA RD","5TH ST",150.00,N,N,A,-,N,,,,,,,,,,N,4,0,1,2,A,-,12,22450,A,N,G,B,C,A,H,-,A,D,0,Y,,,,Y,,D,22,0,0,1,0,1,0,0,0,0,"- ","- ",34.198421478271484,-119.19316101074219,VENTURA,OXNARD,-119.19486999511719,34.1981201171875
8725063,2018,2018-10-24,5609,2018-10-03,1849,437,,3,5,6,5609,0,0,0,,0,002,"SINALOA RD","ROYAL AV",433.00,N,N,A,-,N,,,,,,,,,,Y,3,0,1,2,A,-,06,21755,,N,D,C,A,A,H,-,C,D,0,,,,,Y,,-,99,0,1,0,0,0,0,0,0,0,"- ","- ",34.264369964599609,-118.78771209716797,VENTURA,"SIMI VALLEY",-118.78760528564453,34.265609741210938
8725524,2018,2018-10-26,5604,2018-09-14,0747,5306,,5,5,6,5604,0,0,0,,0,032,"NAPOLEON AV","BEAUFORT DR",30.00,E,N,A,-,N,,,,,,,,,,Y,4,0,1,2,A,-,09,21803,B,N,C,C,A,A,H,-,A,D,0,,,,,Y,,A,01,0,0,1,0,0,0,0,0,0,"- ","- ",34.175868988037109,-119.15608215332031,VENTURA,OXNARD,-119.15575408935547,34.175949096679688
8725549,2018,2018-11-09,5604,2018-10-09,1620,4868,,2,5,6,5604,0,0,0,,0,031,"ROSE AV","SAN GORGONIO AV",75.00,N,N,A,-,N,,,,,,,,,,N,4,0,1,3,A,-,03,22350,,M,C,C,A,A,H,-,A,A,0,,,,,Y,Y,A,01,0,0,1,0,0,0,0,0,0,"- ","- ",34.202030181884766,-119.15972137451172,VENTURA,OXNARD,-119.15977478027344,34.205047607421875
8725573,2018,2018-11-09,5604,2018-10-07,1839,5135,,7,5,6,5604,0,0,0,,0,032,"OXNARD BL","DATE ST",300.00,N,N,A,-,N,,,1,,,,,,,N,4,0,1,2,A,-,03,22350,,N,A,C,A,A,H,-,C,A,0,,,,,Y,,A,01,0,0,1,0,0,0,0,0,0,"- ","- ",34.185821533203125,-119.17254638671875,VENTURA,OXNARD,-119.17253875732422,34.185836791992188
8726197,2018,2018-11-15,5608,2018-10-25,2050,508,,4,5,6,5608,0,0,0,,0,004,"SOUTH VICTORIA AV","MOON DR",200.00,N,N,A,-,N,,,,,,,,,,N,2,0,2,3,A,-,03,22350,,F,C,C,A,A,H,-,C,A,0,,,,,Y,,-,,1,1,0,0,0,0,0,0,0,"- ","- ",,,VENTURA,VENTURA,-119.21063232421875,34.256328582763672
8726290,2018,2018-12-03,5600,2018-10-18,1511,5388,9072,4,5,6,5607,0,0,0,,0,09G,"THOUSAND OAKS BL","ERBES RD",330.00,W,N,A,-,N,,,,,,,,,,Y,3,0,2,2,A,-,09,21804,A,N,D,C,A,A,H,-,A,D,0,,,,,Y,,A,07,0,1,1,0,0,0,0,0,0,"- ","- ",,,VENTURA,"THOUSAND OAKS",-118.85231018066406,34.178169250488281
8726693,2018,2018-11-08,5600,2018-10-21,0947,5022,9032,7,5,6,5607,0,0,0,,0,09A,"AVENIDA DE LAS PLANTAS","CALLE TULIPAN",171.00,N,N,A,-,N,,,,,,,,,,N,4,0,1,2,A,-,21,22106,,N,H,C,A,A,H,-,A,D,0,,,,,Y,,A,01,0,0,1,0,0,0,0,0,0,"- ","- ",,,VENTURA,"THOUSAND OAKS",-118.85946655273438,34.214870452880859
8727160,2018,2019-01-15,5600,2018-10-14,1654,4901,6003,7,5,3,5602,0,0,0,,0,6A01,"RT 126","B ST",187.00,W,N,A,-,Y,VEN,7,126,-,-,20.820,H,-,E,N,4,0,1,2,A,-,01,23152,A,N,C,C,A,A,H,-,C,A,0,,,,,Y,Y,A,07,0,0,1,0,0,0,0,0,0,"- ","- ",,,VENTURA,FILLMORE,-118.92324066162109,34.395442962646484
8727768,2018,2018-11-01,5600,2018-10-08,1124,4750,,1,5,5,5601,0,0,0,,0,8B01,"LAS POSAS RD","WEST LOOP DR",0.00,,Y,A,-,N,,,,,,,,,,Y,4,0,1,2,A,-,12,21453,A,N,D,C,A,A,H,-,A,A,0,,,,,Y,,A,01,0,0,1,0,0,0,0,0,0,"- ","- ",34.235958099365234,-119.04157257080078,VENTURA,CAMARILLO,-119.04154968261719,34.235939025878906
8729746,2018,2018-11-19,5604,2018-10-12,0924,5550,,5,5,6,5604,0,0,0,,0,042,"C ST","ROSA ST",10.00,W,N,A,-,N,,,,,,,,,,N,4,0,2,2,A,-,09,21801,A,N,D,C,A,A,H,-,A,D,0,,,,,Y,,A,01,0,0,2,0,0,0,0,0,0,"- ","- ",,,VENTURA,OXNARD,-119.18060302734375,34.156501770019531
8730122,2018,2018-12-06,5608,2018-11-05,0829,474,,1,5,6,5608,0,0,0,,0,003,"TELEGRAPH RD","HILL RD",0.00,,Y,A,-,N,,,,,,,,,,Y,3,0,1,2,A,-,09,21801,A,N,D,C,A,A,H,-,A,A,0,,,,,Y,,-,,0,1,0,0,0,0,0,0,0,"- ","- ",,,VENTURA,VENTURA,-119.20903778076172,34.278800964355469
8730126,2018,2018-12-10,5608,2018-11-04,2233,497,VENTU,7,5,6,5608,0,0,0,,0,004,"VICTORIA AV","RT 101",0.00,,Y,A,-,N,,,,,,,,,,Y,4,0,3,2,A,-,12,21453,A,N,D,C,A,A,H,-,C,A,0,,,,,Y,,-,,0,0,3,0,0,0,0,0,0,"- ",NO,,,VENTURA,VENTURA,-119.21115112304688,34.252479553222656
8731531,2018,2018-11-15,5604,2018-10-30,1324,4950,,2,5,6,5604,0,0,0,,0,032,"STATHAM BL","IVES AV",0.00,,Y,A,-,N,,,,,,,,,,Y,4,0,2,2,A,-,01,23152,A,N,D,C,A,A,H,-,A,A,0,,,,,Y,Y,A,01,0,0,2,0,0,0,0,0,0,"- ","- ",34.180500030517578,-119.16513061523438,VENTURA,OXNARD,-119.164306640625,34.180660247802734
8732044,2018,2018-11-21,5608,2018-10-29,1707,449,,1,5,6,5608,0,0,0,,0,004,"VALENTINE RD","SPERRY AV",0.00,,Y,A,-,N,,,,,,,,,,Y,3,0,1,2,A,-,09,21801,A,F,A,C,A,A,H,-,A,A,0,,,,,Y,,-,,0,1,0,0,0,0,0,0,0,"- ","- ",,,VENTURA,VENTURA,-119.21782684326172,34.255931854248047
8733762,2018,2018-12-05,5600,2018-10-24,1255,3927,8112,3,5,5,5601,0,0,0,,0,08B,"ARNEILL RD","BARRY ST",360.00,N,N,A,-,N,,,,,,,,,,Y,4,0,1,2,A,-,09,21804,A,N,D,C,A,A,H,-,A,D,0,,,,,Y,,A,07,0,0,1,0,0,0,0,0,0,"- ","- ",34.220508575439453,-119.03904724121094,VENTURA,CAMARILLO,-119.03900146484375,34.220478057861328
8733770,2018,2018-12-05,5600,2018-10-25,1243,5466,8201,4,5,5,5601,0,0,0,,0,08D,"FLYNN RD",ADOLFO,77.00,S,N,-,-,N,,,,,,,,,,N,4,0,2,4,A,-,03,22350,,N,C,C,A,A,H,-,A,D,0,,,,,Y,,A,01,0,0,2,0,0,0,0,0,0,"- ","- ",34.229061126708984,-119.01712799072266,VENTURA,CAMARILLO,-119.01710510253906,34.229148864746094
8734067,2018,2018-11-13,5604,2018-10-27,1158,5486,,6,5,6,5604,0,0,0,,0,021,"VICTORIA AV","GONZALES RD",250.00,S,N,A,-,N,,,,,,,,,,Y,3,0,1,2,A,-,04,21703,,N,C,C,A,A,H,-,A,A,0,,,,,Y,,A,01,0,1,0,0,0,0,0,0,0,"- ","- ",,,VENTURA,OXNARD,-119.22129058837891,34.218765258789062
8734838,2018,2018-11-13,5608,2018-10-30,0001,461,,2,5,6,5608,0,0,0,,0,003,"MILLS RD","TELEGRAPH RD",210.00,N,N,A,-,N,,,,,,,,,,Y,4,0,1,4,A,-,01,23153,A,N,B,C,A,A,H,-,C,A,0,,,,,Y,Y,-,,0,0,1,0,0,0,0,0,0,"- ","- ",,,VENTURA,VENTURA,-119.24762725830078,34.272693634033203
8734846,2018,2018-11-13,5608,2018-10-23,1211,472,,2,5,6,5608,0,0,0,,0,001,"E MAIN ST","CALIFORNIA ST",100.00,E,N,A,-,N,,,,,,,,,,N,4,0,1,2,A,-,08,22107,,N,B,G,A,A,H,-,A,D,0,,Y,,,Y,,-,,0,0,1,0,0,0,1,0,0,"- ","- ",,,VENTURA,VENTURA,-119.29277038574219,34.28082275390625
8734878,2018,2018-11-21,5608,2018-10-30,0650,474,,2,5,6,5608,0,0,0,,0,004,"NORTH BANK",MONTGOMERY,132.00,W,N,A,-,N,,,,,,,,,,N,3,0,1,2,A,-,09,21804,A,F,B,C,A,A,H,-,B,D,0,,,,,Y,,-,,0,1,0,0,0,0,0,0,0,"- ","- ",,,VENTURA,VENTURA,-119.17709350585938,34.262039184570312
8735297,2018,2018-11-13,5604,2018-10-20,1951,5135,,6,5,6,5604,0,0,0,,0,014,"C ST","GONZALES RD",0.00,,Y,A,-,N,,,,,,,,,,N,4,0,1,2,A,-,12,21453,A,N,D,C,A,A,H,-,C,A,0,,,,,Y,,A,01,0,0,1,0,0,0,0,0,0,"- ","- ",34.219089508056641,-119.18083953857422,VENTURA,OXNARD,-119.18083953857422,34.219188690185547
8735329,2018,2018-11-14,5604,2018-10-13,1943,4674,,6,5,6,5604,0,0,0,,0,041,"YUCCA ST","CLOYNE ST",20.00,E,N,B,-,N,,,,,,,,,,Y,4,0,1,3,A,-,08,22107,,N,A,C,A,A,H,-,C,D,0,,,,,Y,,A,01,0,0,1,0,0,0,0,0,0,"- ","- ",34.165298461914062,-119.17096710205078,VENTURA,OXNARD,-119.17313385009766,34.165569305419922
8735342,2018,2018-11-19,5604,2018-09-17,2500,5317,,1,5,6,5604,0,0,0,,0,042,"SYRACUSE DR","PLEASANT VALLEY RD",0.00,,Y,A,-,N,,,,,,,,,,Y,4,0,3,2,A,-,09,21802,A,N,D,C,A,A,H,-,A,A,0,,,,,Y,,A,01,0,0,3,0,0,0,0,0,0,"- ","- ",34.159538269042969,-119.1561279296875,VENTURA,OXNARD,-119.15618133544922,34.159641265869141
8735357,2018,2018-11-14,5604,2018-10-26,1800,5496,,5,5,6,5604,0,0,0,,0,014,"VINEYARD AV","ESPLANADE DR",100.00,N,N,A,-,N,,,,,,,,,,N,3,0,2,3,A,-,03,22350,,N,C,C,A,A,H,-,A,A,0,,,,,Y,,A,07,0,1,1,0,0,0,0,0,0,"- ","- ",34.229999542236328,-119.17465209960938,VENTURA,OXNARD,-119.17447662353516,34.230228424072266
8735422,2018,2018-11-15,5604,2018-09-26,1226,5490,,3,5,6,5604,0,0,0,,0,024,"VENTURA BL","WOOLEY RD",0.00,,Y,A,-,N,,,,,,,,,,N,3,0,3,4,A,-,12,21453,A,N,D,C,A,A,H,-,A,A,0,,,,,Y,,A,01,0,1,2,0,0,0,0,0,0,"- ","- ",,,VENTURA,OXNARD,-119.19512176513672,34.190299987792969
8736158,2018,2018-11-29,5600,2018-11-04,1522,4615,8120,7,5,5,5601,0,0,0,,0,08B,"LAS POSAS RD","CHARTER OAK DR",0.00,,Y,A,-,N,,,,,,,,,,Y,4,0,1,2,A,-,01,23152,F,N,H,C,A,A,H,-,A,A,0,,,,,Y,,D,22,0,0,1,0,0,0,0,0,0,"- ","- ",34.237171173095703,-119.03623199462891,VENTURA,CAMARILLO,-119.03621673583984,34.237270355224609
8737808,2018,2018-12-04,5600,2018-11-05,1918,4615,8252,1,5,5,5601,0,0,0,,0,08C,"PLEASANT VALLEY RD","BRIDGEHAMPTON WY",0.00,,Y,A,-,N,,,,,,,,,,Y,3,0,3,2,D,-,00,,,N,H,C,A,A,H,-,A,A,0,,,,,Y,,-,"- ",0,2,1,0,0,0,0,0,0,"- ","- ",34.205490112304688,-119.01856231689453,VENTURA,CAMARILLO,-119.01851654052734,34.205410003662109
8738500,2018,2019-01-09,5600,2018-11-02,1914,3927,8058,5,5,5,5601,0,0,0,,0,08A,"VENTURA BL","SPRINGVILLE DR",1179.00,E,N,A,-,N,,,,,,,,,,Y,2,0,1,1,A,-,01,23152,A,N,E,I,A,A,H,-,C,D,0,,,,,Y,Y,A,01,1,0,0,0,0,0,0,0,0,"- ","- ",34.21697998046875,-119.08206939697266,VENTURA,CAMARILLO,-119.08226776123047,34.216876983642578
8738504,2018,2019-01-09,5600,2018-11-06,1827,5100,6009,2,5,3,5602,0,0,0,,0,6A01,"SESPE AV","B ST",252.00,E,N,A,-,N,,,,,,,,,,N,4,0,1,2,A,-,17,22517,,N,B,E,A,A,H,-,D,D,0,,,,,Y,,A,07,0,0,1,0,0,0,0,0,0,"- ","- ",,,VENTURA,FILLMORE,-118.92238616943359,34.399490356445312
8738689,2018,2019-01-28,5600,2018-10-25,0752,4669,1000,4,5,2,5603,0,0,0,,0,01A,"RT 33","CARILLO RD",97.00,S,N,A,-,Y,VEN,7,33,-,-,11.310,H,-,S,N,3,0,1,2,A,-,11,21954,A,N,G,B,D,A,H,-,A,D,0,Y,,,,Y,,N,60,0,1,0,0,1,0,0,0,0,"- ","- ",,,VENTURA,OJAI,-119.26242065429688,34.441879272460938
8740299,2018,2018-11-28,5604,2018-11-01,0354,5351,,4,5,6,5604,0,0,0,,0,014,"FOREST PARK BL","N VENTURA RD",0.00,,Y,A,-,N,,,,,,,,,,Y,4,0,1,1,A,-,03,22350,,N,B,I,A,A,H,-,C,D,0,,,,,Y,,A,01,0,0,1,0,0,0,0,0,0,"- ","- ",34.246139526367188,-119.17926025390625,VENTURA,OXNARD,-119.17922492,34.24627503
8740321,2018,2018-11-26,5604,2018-10-23,1451,5536,,2,5,6,5604,0,0,0,,0,021,"HARBOR BL","BEACHCOMBER WY",0.00,,Y,A,-,N,,,,,,,,,,Y,3,0,2,2,A,-,09,21802,A,N,D,C,A,A,H,-,A,D,0,,,,,Y,,A,08,0,1,1,0,0,0,0,0,0,"- ","- ",,,VENTURA,OXNARD,-119.24069213867188,34.194091796875
8740333,2018,2018-11-28,5604,2018-11-02,1539,5550,,5,5,6,5604,0,0,0,,0,021,"VICTORIA AV","5TH ST",1056.00,N,N,A,-,N,,,,,,,,,,N,4,0,2,2,A,-,04,21703,,N,C,C,A,A,H,-,A,A,0,,,,,Y,,A,01,0,0,2,0,0,0,0,0,0,"- ","- ",,,VENTURA,OXNARD,-119.22116851806641,34.200477600097656
8740341,2018,2019-01-07,5604,2018-11-06,1224,4442,2,2,5,6,5604,0,0,0,,0,021,"VICTORIA AV","5TH ST",30.00,N,N,A,-,N,,,,,,,,,,N,4,0,1,2,A,-,03,22350,,N,C,C,A,A,H,-,A,A,0,,,,,Y,,D,22,0,0,1,0,0,0,0,0,0,"- ","- ",34.196929931640625,-119.22032928466797,VENTURA,OXNARD,-119.22126770019531,34.197662353515625
8740415,2018,2018-11-19,5604,2018-10-11,0843,5392,,4,5,6,5604,0,0,0,,0,042,"SAVIERS RD","FASHION PARK PL",260.00,N,N,A,-,N,,,,,,,,,,N,4,0,1,2,A,-,10,21950,A,F,G,B,C,A,H,-,A,D,0,Y,,,,Y,,A,01,0,0,1,0,1,0,0,0,0,"- ","- ",34.160999298095703,-119.17768859863281,VENTURA,OXNARD,-119.17778778076172,34.159225463867188
8740419,2018,2018-11-19,5604,2018-10-12,1821,4674,,5,5,6,5604,0,0,0,,0,041,"CLOYNE ST","THOMAS AV",0.00,,Y,A,-,N,,,,,,,,,,Y,4,0,1,2,A,-,08,22107,,F,B,C,A,A,H,-,C,D,0,,,,,Y,,A,01,0,0,1,0,0,0,0,0,0,"- ","- ",34.170249938964844,-119.17237854003906,VENTURA,OXNARD,-119.17269897460938,34.169769287109375
8740423,2018,2018-11-19,5604,2018-10-17,0839,4945,,3,5,6,5604,0,0,0,,0,041,"YUCCA ST","C ST",0.00,,Y,A,-,N,,,,,,,,,,N,4,0,1,2,A,-,10,21950,A,N,G,B,B,A,H,-,A,A,0,Y,,,,Y,,A,01,0,0,1,0,1,0,0,0,0,"- ","- ",34.165309906005859,-119.18170166015625,VENTURA,OXNARD,-119.18122100830078,34.165958404541016
8744444,2018,2018-12-05,5604,2018-09-09,1430,5446,,7,5,6,5604,0,0,0,,0,024,"CHANNEL ISLANDS BL","M ST",30.00,E,N,A,-,N,,,,,,,,,,N,4,0,1,2,A,-,"- ",,,N,C,-,A,A,H,-,A,-,0,,,,,Y,Y,A,01,0,0,1,0,0,0,0,0,0,"- ","- ",34.175579071044922,-119.19126129150391,VENTURA,OXNARD,-119.19117736816406,34.175609588623047
8745856,2018,2018-11-30,5609,2018-11-11,1827,443,420,7,5,6,5609,0,0,0,,0,004,"ERRINGER RD","LARCH ST",0.00,,Y,A,-,N,,,,,,,,,,Y,3,0,1,2,A,-,03,22350,,N,C,C,A,A,H,-,C,A,0,,,,,Y,,-,"- ",0,1,0,0,0,0,0,0,0,"- ","- ",34.275360107421875,-118.76126098632812,VENTURA,"SIMI VALLEY",-118.76139831542969,34.275390625
8745864,2018,2018-11-30,5609,2018-11-11,1047,310,501,7,5,6,5609,0,0,0,,0,005,"TAPO ST","ROXBURY ST",0.00,,Y,A,-,N,,,,,,,,,,Y,3,0,1,2,A,-,09,21801,A,N,D,C,A,A,H,-,A,D,0,,,,,Y,,A,01,0,1,0,0,0,0,0,0,0,"- ","- ",,,VENTURA,"SIMI VALLEY",-118.70893096923828,34.299400329589844
8746272,2018,2019-01-23,5608,2018-11-15,1200,454,VENTU,4,5,6,5608,0,0,0,,0,001,"E MAIN ST","E MAIN ST 327",0.00,,N,A,-,N,,,,,,,,,,N,3,0,1,2,A,-,08,22107,,N,B,G,A,A,H,-,A,D,0,,Y,,,Y,,A,01,0,1,0,0,0,0,1,0,0,"- ","- ",34.280799865722656,-119.29570007324219,VENTURA,VENTURA,-119.2957,34.280799999999999
8746284,2018,2019-02-14,5608,2018-11-09,0850,377,,5,5,6,5608,0,0,0,,0,003,"VICTORIA AV","RT 126",0.00,,Y,A,-,Y,VEN,7,126,-,-,1.320,R,4,E,N,4,0,1,2,A,-,08,22107,,N,D,G,A,A,H,-,A,A,0,,Y,,,Y,,-,99,0,0,1,0,0,0,1,0,0,"- ",EF,,,VENTURA,VENTURA,-119.21555328369141,34.271068572998047
8747629,2018,2018-12-19,5604,2018-10-28,1701,4674,,7,5,6,5604,0,0,0,,0,024,"VENTURA RD","HEMLOCK ST",500.00,S,N,A,-,N,,,,,,,,,,Y,4,0,1,3,A,-,04,21703,,N,C,C,A,A,H,-,A,D,0,,,,,Y,,A,01,0,0,1,0,0,0,0,0,0,"- ","- ",34.181110382080078,-119.1953125,VENTURA,OXNARD,-119.19528198242188,34.181121826171875
8747633,2018,2018-12-19,5604,2018-10-19,0707,5306,,5,5,6,5604,0,0,0,,0,012,"ENTRADA DR","GONZALES RD",15.00,N,N,A,-,N,,,,,,,,,,Y,4,0,1,2,A,-,01,23152,A,N,B,C,A,A,H,-,A,A,0,,,,,Y,Y,A,01,0,0,1,0,0,0,0,0,0,"- ","- ",34.219009399414062,-119.17227172851562,VENTURA,OXNARD,-119.17226409912109,34.219009399414062
8747641,2018,2018-12-19,5604,2018-10-24,1915,5005,,3,5,6,5604,0,0,0,,0,032,"OXNARD BL","STATHAM BL",0.00,,Y,A,-,N,,,,,,,,,,Y,4,0,2,2,A,-,03,22350,,N,C,C,A,A,H,-,C,A,0,,,,,Y,,A,01,0,0,2,0,0,0,0,0,0,"- ","- ",34.179878234863281,-119.65244293212891,VENTURA,OXNARD,-119.16527000000001,34.179900000000004
8747655,2018,2019-01-23,5604,2018-11-13,1530,4868,,2,5,6,5604,0,0,0,,0,032,"CHANNEL ISLANDS BL","STATHAM BL",0.00,,Y,A,-,N,,,,,,,,,,Y,4,0,2,2,A,-,09,21801,A,N,D,C,A,A,H,-,A,A,0,,,,,Y,,A,07,0,0,2,0,0,0,0,0,0,"- ","- ",34.173419952392578,-119.16554260253906,VENTURA,OXNARD,-119.1656494140625,34.173431396484375
8747683,2018,2019-01-23,5604,2018-11-14,0544,5405,,3,5,6,5604,0,0,0,,0,031,"5TH ST","EASTMAN AV",100.00,N,N,A,-,N,,,,,,,,,,Y,4,0,2,3,A,-,03,22350,,N,C,C,A,A,H,-,A,D,0,,,,,Y,,A,01,0,0,2,0,0,0,0,0,0,"- ","- ",34.196868896484375,-119.14228057861328,VENTURA,OXNARD,,
8747695,2018,2019-01-09,5604,2018-11-15,1134,5208,,4,5,6,5604,0,0,0,,0,031,"RICE AV","5TH ST",0.00,,Y,A,-,N,,,,,,,,,,Y,4,0,1,2,A,-,09,21801,A,N,A,C,A,A,H,-,A,A,0,,,,,Y,,-,,0,0,1,0,0,0,0,0,0,"- ","- ",,,VENTURA,OXNARD,-119.14239000000001,34.196840000000002
8747723,2018,2018-12-07,5604,2018-10-24,1736,4531,,3,5,6,5604,0,0,0,,0,012,"ROSE AV","LOCKWOOD ST",25.00,N,N,A,-,N,,,,,,,,,,N,4,0,1,2,A,-,03,22350,,N,C,C,A,A,H,-,A,A,0,,,,,Y,Y,D,22,0,0,1,0,0,0,0,0,0,"- ","- ",34.220779418945312,-119.15760803222656,VENTURA,OXNARD,-119.15829467773438,34.222179412841797
8749531,2018,2019-01-22,5600,2018-10-26,2320,3927,8127,5,5,5,5601,0,0,0,,0,08C,"RT 34","TEMPLE AV",0.00,,Y,A,-,Y,VEN,7,34,-,-,14.041,I,5,W,Y,3,0,2,3,A,-,01,23152,A,N,D,C,A,A,H,-,C,A,0,,,,,Y,Y,A,01,0,1,1,0,0,0,0,0,0,"- ","- ",34.221549987792969,-119.02932739257812,VENTURA,CAMARILLO,-119.02930450439453,34.221588134765625
8750208,2018,2019-01-17,5609,2018-11-16,0723,452,600,5,5,6,5609,0,0,0,,0,006,"YOSEMITE AV","TONOPAH CT",0.00,,Y,A,-,N,,,,,,,,,,Y,4,0,3,2,A,-,09,21802,A,N,D,C,A,A,H,-,A,D,0,,,,,Y,,A,01,0,0,3,0,0,0,0,0,0,"- ","- ",34.291000366210938,-118.68099975585938,VENTURA,"SIMI VALLEY",-118.68173217773438,34.291240692138672
8750274,2018,2018-12-05,5609,2018-11-18,1803,389,,7,5,6,5609,0,0,0,,0,003,"SYCAMORE DR","MORLEY ST",0.00,,Y,A,-,N,,,,,,,,,,Y,4,0,1,2,A,-,09,21802,A,N,D,C,A,A,H,-,C,A,0,,,,,Y,,A,01,0,0,1,0,0,0,0,0,0,"- ","- ",34.266078948974609,-118.74783325195312,VENTURA,"SIMI VALLEY",-118.74788665771484,34.266178131103516
8750282,2018,2018-12-05,5609,2018-11-16,1136,452,501,5,5,6,5609,0,0,0,,0,005,"TAPO CANYON RD","TOWNSHIP AV",0.00,,Y,A,-,N,,,,,,,,,,Y,4,0,2,2,A,-,09,21802,A,N,D,C,A,A,H,-,A,D,0,,,,,Y,,A,01,0,0,2,0,0,0,0,0,0,"- ","- ",34.293479919433594,-118.71764373779297,VENTURA,"SIMI VALLEY",-118.71762084960938,34.293529510498047
8750294,2018,2018-12-05,5609,2018-11-17,1026,452,306,6,5,6,5609,0,0,0,,0,003,"ERRINGER RD","ROYAL AV",0.00,,Y,A,-,N,,,,,,,,,,Y,4,0,1,2,A,-,09,21801,A,N,A,C,A,A,H,-,A,A,0,,,,,Y,,A,01,0,0,1,0,0,0,0,0,0,"- ","- ",34.263648986816406,-118.76136779785156,VENTURA,"SIMI VALLEY",-118.76138305664062,34.263641357421875
8751758,2018,2018-12-12,5608,2018-11-27,1859,501,,2,5,6,5608,0,0,0,,0,002,"DONLON ST","MARKET ST",10.00,N,N,A,-,N,,,,,,,,,,Y,4,0,1,2,A,-,08,22107,,F,B,C,A,A,H,-,C,A,0,,,,,Y,,D,22,0,0,1,0,0,0,0,0,0,"- ","- ",,,VENTURA,VENTURA,-119.23720550537109,34.257762908935547