CASE_ID,ACCIDENT_YEAR,PROC_DATE,JURIS,COLLISION_DATE,COLLISION_TIME,OFFICER_ID,REPORTING_DISTRICT,DAY_OF_WEEK,CHP_SHIFT,POPULATION,CNTY_CITY_LOC,SPECIAL_COND,BEAT_TYPE,CHP_BEAT_TYPE,CITY_DIVISION_LAPD,CHP_BEAT_CLASS,BEAT_NUMBER,PRIMARY_RD,SECONDARY_RD,DISTANCE,DIRECTION,INTERSECTION,WEATHER_1,WEATHER_2,STATE_HWY_IND,CALTRANS_COUNTY,CALTRANS_DISTRICT,STATE_ROUTE,ROUTE_SUFFIX,POSTMILE_PREFIX,POSTMILE,LOCATION_TYPE,RAMP_INTERSECTION,SIDE_OF_HWY,TOW_AWAY,COLLISION_SEVERITY,NUMBER_KILLED,NUMBER_INJURED,PARTY_COUNT,PRIMARY_COLL_FACTOR,PCF_CODE_OF_VIOL,PCF_VIOL_CATEGORY,PCF_VIOLATION,PCF_VIOL_SUBSECTION,HIT_AND_RUN,TYPE_OF_COLLISION,MVIW,PED_ACTION,ROAD_SURFACE,ROAD_COND_1,ROAD_COND_2,LIGHTING,CONTROL_DEVICE,CHP_ROAD_TYPE,PEDESTRIAN_ACCIDENT,BICYCLE_ACCIDENT,MOTORCYCLE_ACCIDENT,TRUCK_ACCIDENT,NOT_PRIVATE_PROPERTY,ALCOHOL_INVOLVED,STWD_VEHTYPE_AT_FAULT,CHP_VEHTYPE_AT_FAULT,COUNT_SEVERE_INJ,COUNT_VISIBLE_INJ,COUNT_COMPLAINT_PAIN,COUNT_PED_KILLED,COUNT_PED_INJURED,COUNT_BICYCLIST_KILLED,COUNT_BICYCLIST_INJURED,COUNT_MC_KILLED,COUNT_MC_INJURED,PRIMARY_RAMP,SECONDARY_RAMP,LATITUDE,LONGITUDE,COUNTY,CITY,POINT_X,POINT_Y
90212392,2016,2016-06-29,9770,2016-06-24,1220,020169,,5,1,9,5600,0,2,4,,1,062,"POTRERO ROAD","PIXTON STREET",50.00,E,N,A,-,N,,,,,,,,,,Y,4,0,1,2,A,-,03,22350,,N,C,C,A,A,H,-,A,D,0,,,,,Y,,A,01,0,0,1,0,0,0,0,0,0,"- ","- ",34.144159999999999,-118.87235,VENTURA,UNINCORPORATED,-118.87239447,34.144094680000002
90212435,2016,2016-06-29,9770,2016-06-25,0215,020998,,6,3,6,5607,0,1,2,,2,072,"US-101 N/B (VENTURA FREEWAY)","CONEJO INSPECTION FACILITY",2640.00,S,N,A,-,Y,,,101,,,,,,N,Y,3,0,2,2,A,-,07,21658,A,N,C,C,A,A,H,-,D,D,0,,,,Y,Y,,A,01,0,1,1,0,0,0,0,0,0,"- ","- ",34.19726,-118.95243000000001,VENTURA,"THOUSAND OAKS",-118.95246345,34.197215030000002
90212829,2016,2016-06-30,9770,2016-06-26,1449,021306,,7,2,6,5607,0,1,2,,2,072,"US-101 N/B (VENTURA FREEWAY)","LYNN ROAD",50.00,N,N,A,-,Y,,,101,,,,,,N,Y,4,0,1,2,A,-,03,22350,,N,C,C,A,A,H,-,A,D,0,,,,,Y,,A,07,0,0,1,0,0,0,0,0,0,"- ","- ",34.183729999999997,-118.89190000000001,VENTURA,"THOUSAND OAKS",-118.89187248,34.183790549999998
90213094,2016,2016-06-30,9770,2016-06-28,0755,014675,,2,1,4,5690,0,1,3,,2,081,"SR-118 E/B (RONALD REAGAN FREEWAY)","COLLINS DRIVE",5280.00,E,N,B,-,Y,,,118,,,,,,E,Y,3,0,2,2,A,-,03,22350,,N,C,C,A,A,H,-,A,D,0,,,,,Y,,A,01,0,1,1,0,0,0,0,0,0,"- ","- ",34.291840000000001,-118.82513,VENTURA,MOORPARK,-118.82513848000001,34.291713399999999
9021452,2019,2020-02-12,5604,2019-11-20,1658,5490,,3,5,6,5604,0,0,0,,0,032,"CHANNEL ISLANDS BL","EASTMAN AV",0.00,,Y,A,-,N,,,,,,,,,,N,4,0,1,2,A,-,09,21801,A,N,D,C,A,A,H,-,A,A,0,,,,,Y,,A,01,0,0,1,0,0,0,0,0,0,"- ","- ",,,VENTURA,OXNARD,,
9021468,2019,2020-03-06,5604,2019-11-16,2239,5454,,6,5,6,5604,0,0,0,,0,021,"NET CT","WOOLEY RD",0.00,,Y,A,-,N,,,,,,,,,,Y,4,0,3,2,A,-,"- ",,,N,A,I,A,-,H,-,C,D,0,,,,,Y,,A,07,0,0,3,0,0,0,0,0,0,"- ","- ",34.189990997314453,-119.21099090576172,VENTURA,OXNARD,-119.21122200000001,34.190246000000002
90214742,2016,2016-07-01,9770,2016-06-27,2200,018659,,1,3,6,5609,0,1,3,,2,083,"SR-118 E/B FROM TAPO CANYON ROAD S/B","TAPO CANYON ROAD",75.00,W,N,A,-,Y,,,,,,,,,,Y,3,0,1,2,A,-,01,23152,A,N,F,A,A,A,H,-,C,D,0,,,Y,,Y,Y,C,02,0,1,0,0,0,0,0,0,1,"- ","- ",34.278309999999998,-118.27831,VENTURA,"SIMI VALLEY",-118.71809517,34.281600390000001
9021476,2019,2020-02-12,5604,2019-11-28,0623,5434,,4,5,6,5604,0,0,0,,0,041,"PLEASANT VALLEY RD","PACKARD ST",50.00,W,N,C,-,N,,,,,,,,,,Y,4,0,1,1,A,-,03,22350,,N,A,I,A,B,G,-,C,D,0,,,,,Y,,A,01,0,0,1,0,0,0,0,0,0,"- ","- ",34.164478302001953,-119.14604187011719,VENTURA,OXNARD,-119.14623260498047,34.164493560791016
90214855,2016,2016-07-01,9765,2016-06-29,0015,014736,,3,3,4,5606,0,1,3,,2,040,"SR 126 E/B (SANTA PAULA FREEWAY)","8TH STREET",200.00,E,N,A,-,Y,,,,,,,,,,Y,4,0,1,1,A,-,08,22107,,N,E,I,A,A,H,-,D,D,0,,,,,Y,,A,01,0,0,1,0,0,0,0,0,0,"- ","- ",34.924100000000003,-119.06140000000001,VENTURA,"SANTA PAULA",-119.06170681,34.34906565
9021496,2019,2020-02-12,5604,2019-11-26,1515,4850,,2,5,6,5604,0,0,0,,0,014,"FOREST PARK BL","VINEYARD AV",0.00,,Y,A,-,N,,,,,,,,,,Y,4,0,1,3,A,-,03,22350,,N,C,C,A,A,H,-,C,A,0,,,,,Y,,A,01,0,0,1,0,0,0,0,0,0,"- ","- ",34.240169525146484,-119.16700744628906,VENTURA,OXNARD,-119.16700744628906,34.240219116210938
9021508,2019,2020-02-12,5604,2019-11-22,1441,5583,,5,5,6,5604,0,0,0,,0,041,"SAVIERS RD","CHANNEL ISLANDS BL",20.00,S,N,A,-,N,,,,,,,,,,Y,3,0,2,2,A,-,03,22350,,N,C,C,A,A,H,-,A,D,0,,,Y,,Y,,C,02,0,1,1,0,0,0,0,0,1,"- ","- ",34.17340087890625,-119.17755126953125,VENTURA,OXNARD,-119.17765808105469,34.173385620117188
9021515,2019,2020-02-12,5604,2019-11-28,1951,5512,,4,5,6,5604,0,0,0,,0,011,"GONZALES RD","PATTERSON RD",1056.00,W,N,C,-,N,,,,,,,,,,Y,4,0,1,1,A,-,08,22107,,N,E,I,A,B,H,-,C,D,0,,,,,Y,,A,01,0,0,1,0,0,0,0,0,0,"- ","- ",34.2216796875,-119.20809936523438,VENTURA,OXNARD,-119.21064758300781,34.219490051269531
9021681,2019,2020-02-25,5604,2019-12-04,1546,5508,,3,5,6,5604,0,0,0,,0,021,"S HARBOR BL","5TH ST",0.00,,Y,A,-,N,,,,,,,,,,N,4,0,1,2,D,-,00,,,F,C,C,A,A,H,-,A,A,0,,,,,Y,,-,"- ",0,0,1,0,0,0,0,0,0,"- ","- ",34.19049072265625,-119.23872375488281,VENTURA,OXNARD,-119.24250030517578,34.197799682617188
9021684,2019,2020-03-03,5604,2019-12-05,0555,4737,,4,5,6,5604,0,0,0,,0,031,"STURGIS RD","ELEVAR ST",0.00,,Y,B,-,N,,,,,,,,,,N,3,0,1,2,D,-,00,,,N,D,G,A,B,H,-,C,A,0,,Y,,,Y,,-,"- ",0,1,0,0,0,0,1,0,0,"- ","- ",34.200790405273438,-119.13662719726562,VENTURA,OXNARD,-119.13820648193359,34.201930999755859
9021717,2019,2020-01-15,5604,2019-11-26,0402,5569,,2,5,6,5604,0,0,0,,0,011,"VICTORIA AV","GONZALES RD",60.00,N,N,A,-,N,,,,,,,,,,Y,4,0,1,2,A,-,08,22100,A,N,C,C,A,A,H,-,C,A,0,,,Y,,Y,,-,"- ",0,0,1,0,0,0,0,0,0,"- ","- ",34.219440460205078,-119.22113800048828,VENTURA,OXNARD,-119.22128295898438,34.219615936279297
90217213,2016,2016-07-06,9765,2016-07-01,1555,017395,,5,2,9,5600,0,1,3,,1,055,"SR-118 (LOS ANGELES AVE)","ROSE AVE",507.00,E,N,B,-,Y,,,118,,,,,,,Y,4,0,1,3,A,-,03,22350,,N,C,C,A,A,H,-,A,D,0,,,,,Y,,A,07,0,0,1,0,0,0,0,0,0,"- ","- ",34.267110000000002,-119.12528,VENTURA,UNINCORPORATED,-119.12528743999999,34.26709915
9021731,2019,2020-03-03,5604,2019-12-01,1223,4734,,7,5,6,5604,0,0,0,,0,011,"VICTORIA AV","GONZALES RD",150.00,N,N,B,-,N,,,,,,,,,,N,3,0,2,2,A,-,03,22350,,N,C,C,A,A,H,-,A,A,0,,,,,Y,,A,01,0,1,1,0,0,0,0,0,0,"- ","- ",34.219440460205078,-119.22113800048828,VENTURA,OXNARD,-119.22128295898438,34.219860076904297
90218729,2016,2016-07-08,9770,2016-06-29,1725,019849,,3,2,6,5607,0,1,2,,2,073,"US-101 S/B (VENTURA FREEWAY)","VENTU PARK ROAD",1056.00,N,N,A,-,Y,,,101,,,,,,S,N,4,0,1,2,A,-,07,21658,A,N,B,C,A,A,H,-,A,D,0,,,Y,,Y,,A,08,0,0,1,0,0,0,0,0,1,"- ","- ",34.184269999999998,-118.91761,VENTURA,"THOUSAND OAKS",-118.91760988999999,34.184235999999999
90218850,2016,2016-07-08,9765,2016-07-05,1925,020497,,2,2,6,5608,0,1,3,,2,041,"SR-126 W/B (SANTA PAULA FREEWAY)",SR-118,3696.00,E,N,A,-,Y,,,,,,,,,,Y,3,0,1,2,A,-,17,23114,A,N,E,J,A,A,H,-,A,D,0,,,Y,,Y,,E,22,0,1,0,0,0,0,0,0,1,"- ","- ",34.295740000000002,-119.14614,VENTURA,VENTURA,,
90219199,2016,2016-07-08,9770,2016-06-30,1610,016383,,4,2,6,5607,0,1,2,,2,073,"US-101 S/B (VENTURA FREEWAY)","WENDY DRIVE",2640.00,N,N,A,-,Y,,,101,,,,,,S,Y,4,0,1,2,A,-,03,22350,,N,C,C,A,A,H,-,A,D,0,,,,,Y,,A,01,0,0,1,0,0,0,0,0,0,"- ","- ",34.194090000000003,-118.94871000000001,VENTURA,"THOUSAND OAKS",-118.94866601,34.19415034
90221902,2016,2016-07-13,9770,2016-06-26,1040,021296,9770,7,1,3,5602,0,1,3,,1,046,"SR-126 E/B (EAST TELEGRAPH ROAD)","CENTER STREET",0.00,,Y,A,-,Y,,,,,,,,,,Y,2,0,7,2,A,-,09,21802,A,N,D,C,A,A,H,-,A,A,0,,,,,Y,,A,08,1,4,2,0,0,0,0,0,0,"- ","- ",34.41057,-118.78023,VENTURA,FILLMORE,,
90223457,2016,2016-07-15,9770,2016-07-06,1715,019849,,3,2,6,5607,0,1,2,,2,072,"US-101 N/B (VENTURA FREEWAY)","MOORPARK ROAD",1056.00,N,N,A,-,Y,,,101,,,,,,N,N,4,0,3,3,A,-,03,22350,,N,C,C,A,A,H,-,A,D,0,,,,,Y,,A,01,0,0,3,0,0,0,0,0,0,"- ","- ",34.17989,-118.88388999999999,VENTURA,"THOUSAND OAKS",-118.88391386000001,34.179842520000001
90225286,2016,2016-07-19,9765,2016-07-15,1315,013206,9765,5,1,9,5600,0,1,3,,1,042,SR-126,"TOLAND ROAD",900.00,E,N,A,-,Y,,,126,,,,,,,Y,4,0,1,2,A,-,03,22350,,N,C,C,A,A,H,-,A,D,0,,,,,Y,,A,01,0,0,1,0,0,0,0,0,0,"- ","- ",34.377630000000003,-118.99509,VENTURA,UNINCORPORATED,-118.9950935,34.377647359999997
90225434,2016,2016-07-19,9765,2016-07-15,1055,020302,,5,1,9,5600,0,3,5,,2,005,"W LOOP DRIVE","BRENTFORD COURT",42.00,N,N,A,-,N,,,,,,,,,,N,4,0,1,2,A,-,08,22103,,N,D,C,A,A,H,-,A,D,0,,,Y,,Y,,D,22,0,0,1,0,0,0,0,0,1,"- ","- ",34.241460000000004,-119.04346,VENTURA,UNINCORPORATED,-119.04342919,34.241340569999998
90225461,2016,2016-07-19,9765,2016-07-16,1310,019057,,6,1,9,5600,0,1,2,,2,502,"US-101 N/B","RICE AVE.",1056.00,S,N,A,-,Y,,,,,,,,,,Y,4,0,1,3,A,-,03,22350,,N,C,C,A,A,H,-,A,D,0,,,,,Y,,D,22,0,0,1,0,0,0,0,0,0,"- ","- ",34.224260000000001,-119.13925,VENTURA,UNINCORPORATED,-119.14233,34.222679999999997
90225804,2016,2016-07-19,9770,2016-07-09,2230,020998,,6,3,6,5609,0,1,3,,2,082,"SR-118 W/B (RONALD REAGAN FREEWAY)","ARROYO DEL TAPO CHANNEL",8.00,E,N,A,-,Y,,,118,,,,,,W,Y,3,0,2,2,A,-,01,23152,A,N,C,C,A,A,H,-,D,D,0,,,,,Y,Y,A,01,0,2,0,0,0,0,0,0,0,"- ","- ",34.282470000000004,-118.73542,VENTURA,"SIMI VALLEY",-118.73541987,34.282421720000002
90225947,2016,2016-07-19,9770,2016-07-09,0025,018885,,6,3,9,5600,0,1,3,,1,052,"SR-118 (LOS ANGELES AVENUE)","GRIMES CANYON ROAD",2112.00,W,N,A,-,Y,,,118,,,,,,,Y,3,0,1,1,A,-,01,23152,A,N,E,I,A,A,H,-,D,D,0,,,,,Y,Y,A,07,0,1,0,0,0,0,0,0,0,"- ","- ",34.271889999999999,-118.93622999999999,VENTURA,UNINCORPORATED,-118.93622707999999,34.271865830000003
90226028,2016,2016-07-19,9770,2016-07-09,1000,016383,,6,1,6,5607,0,1,2,,2,072,"US-101 N/B (VENTURA FREEWAY)","LYNN ROAD",1320.00,S,N,A,-,Y,,,101,,,,,,N,Y,4,0,1,2,A,-,03,22350,,N,C,C,A,A,H,-,A,D,0,,,,,Y,,A,07,0,0,1,0,0,0,0,0,0,"- ","- ",34.184719999999999,-118.89485000000001,VENTURA,"THOUSAND OAKS",-118.89485496,34.184684650000001
90226100,2016,2016-07-19,9770,2016-07-10,1210,020169,,7,1,6,5607,0,1,2,,2,072,"US-101 N/B (VENTURA FREEWAY)","VENTU PARK ROAD",2000.00,S,N,A,-,Y,,,101,,,,,,N,N,4,0,1,2,A,-,03,22350,,N,C,C,A,A,H,-,A,D,0,,,,,Y,,A,07,0,0,1,0,0,0,0,0,0,"- ","- ",34.184469999999997,-118.90430000000001,VENTURA,"THOUSAND OAKS",-118.9043003,34.18448429
90226650,2016,2016-07-20,9770,2016-07-12,1920,018690,,2,2,9,5600,0,2,4,,2,079,"KANAN ROAD","DOUBLETREE ROAD",0.00,,Y,A,-,N,,,,,,,,,,Y,4,0,1,2,A,-,12,21453,A,N,D,C,A,A,H,-,A,A,0,,,,,Y,,A,01,0,0,1,0,0,0,0,0,0,"- ","- ",34.181249999999999,-118.76518,VENTURA,UNINCORPORATED,-118.76534004,34.181270050000002
90226892,2016,2016-07-20,9770,2016-07-13,1645,017638,,3,2,9,5600,0,1,3,,1,057,"SR-23 (GRIMES CANYON ROAD)","BARDSDALE AVENUE",3696.00,S,N,A,-,Y,,,23,,,,,,,Y,4,0,1,1,A,-,08,22107,,N,E,I,A,A,H,-,A,D,0,,,,,Y,,A,01,0,0,1,0,0,0,0,0,0,"- ","- ",34.361280000000001,-118.9204,VENTURA,UNINCORPORATED,-118.92047076999999,34.361310260000003
90229671,2016,2016-07-25,9765,2016-07-20,1410,015658,,3,2,9,5600,0,1,2,,2,103,"US 101 S/B (EL CAMINO REAL)","SR-1 (PACIFIC COAST HIGHWAY)",1320.00,S,N,A,-,Y,,,,,,,,,,Y,3,0,1,1,A,-,08,22107,,N,E,I,A,A,H,-,A,D,0,,,,,Y,,A,08,0,1,0,0,0,0,0,0,0,"- ","- ",34.341320000000003,-119.41222,VENTURA,UNINCORPORATED,,
90229691,2016,2016-07-25,9770,2016-07-19,1600,017732,,2,2,6,5609,0,1,3,,2,082,"SR-118 W/B (RONALD REAGAN FREEWAY)","KUEHNER DRIVE",1861.00,W,N,A,-,Y,,,118,,,,,,W,Y,3,0,4,1,C,-,18,,,N,E,I,A,A,H,-,A,D,0,,,,,Y,,-,"- ",0,2,2,0,0,0,0,0,0,"- ","- ",34.279960000000003,-118.66829,VENTURA,"SIMI VALLEY",-118.66832015,34.279879889999997
90230572,2016,2016-07-26,9765,2016-07-23,0905,019988,,6,1,9,5600,0,1,3,,2,061,"SR-1 (PACIFIC COAST HWY)","YELLOW HILL ROAD",200.00,S,N,A,-,Y,,,1,,,,,,,N,3,0,1,2,A,-,08,22107,,N,D,G,A,A,H,-,A,D,0,,Y,,,Y,,D,22,0,1,0,0,0,0,1,0,0,"- ","- ",34.048999999999999,-118.95,VENTURA,UNINCORPORATED,-118.9501786,34.048475310000001
90231651,2016,2016-07-27,9765,2016-07-26,0820,014967,,2,1,6,5608,0,1,2,,2,302,"US-101 N/B OFFRAMP TO VICTORIA AVE.","VICTORIA AVENUE",40.00,S,N,A,-,Y,,,101,,,,R,,N,N,4,0,1,2,A,-,03,22350,,N,C,C,A,A,H,-,A,A,0,,,,,Y,,A,01,0,0,1,0,0,0,0,0,0,"- ","- ",34.25291,-119.21040000000001,VENTURA,VENTURA,-119.21040000000001,34.25291
9023295,2020,2020-10-19,5604,2020-01-15,0737,5001,,3,5,6,5604,0,0,0,,0,014,"N OXNARD BL","RT 101",0.00,,Y,A,-,Y,VEN,7,101,-,T,22.919,R,4,N,,4,0,2,2,A,-,12,21453,A,N,D,C,A,A,H,-,A,A,0,,,,,Y,,D,22,0,0,2,0,0,0,0,0,0,"- ",NO,,,VENTURA,OXNARD,-119.18430328369141,34.240669250488281
9023299,2020,2020-03-19,5604,2020-01-13,1219,5172,,1,5,6,5604,0,0,0,,0,024,"C ST","WOOLEY RD",0.00,,Y,A,-,N,,,,,,,,,,N,3,0,3,2,A,-,12,21453,A,N,D,C,A,A,H,-,A,A,0,,,,,Y,,A,01,0,1,2,0,0,0,0,0,0,"- ","- ",34.189929962158203,-119.18115234375,VENTURA,OXNARD,-119.18119049072266,34.190151214599609
9023373,2019,2020-02-05,5604,2019-12-20,0744,5431,,5,5,6,5604,0,0,0,,0,031,"ROSE AV","1ST ST",200.00,N,N,A,-,N,,,,,,,,,,N,4,0,2,2,A,-,03,22350,,N,C,C,A,A,H,-,A,A,0,,,,,Y,,A,01,0,0,2,0,0,0,0,0,0,"- ","- ",34.202610015869141,-119.15971374511719,VENTURA,OXNARD,-119.15972137451172,34.203178405761719
9023385,2019,2020-02-05,5604,2019-12-15,0932,5177,,7,5,6,5604,0,0,0,,0,041,"COURTLAND ST","CANTERBURY WY",0.00,,Y,A,-,N,,,,,,,,,,Y,4,0,1,2,A,-,09,21804,A,N,D,C,A,A,H,-,A,A,0,,,,,Y,,A,01,0,0,1,0,0,0,0,0,0,"- ","- ",34.153549194335938,-119.17996215820312,VENTURA,OXNARD,-119.17999267578125,34.153568267822266
90234799,2016,2016-08-01,9765,2016-07-25,1543,020585,,1,2,9,5600,0,3,5,,2,003,"HARBOR BLVD.","OLIVAS PARK DR.",6336.00,S,N,A,-,N,,,,,,,,,,Y,4,0,1,2,A,-,08,22107,,N,D,C,A,A,H,-,A,D,0,,,,,Y,,A,01,0,0,1,0,0,0,0,0,0,"- ","- ",34.226939999999999,-119.25626,VENTURA,UNINCORPORATED,-119.25619227,34.22690953
90234962,2016,2016-08-01,9770,2016-07-24,1435,019849,,7,2,9,5600,0,2,4,,2,048,"PIRU CANYON ROAD","LIME CANYON ROAD (PRIVATE)",1056.00,S,N,A,-,N,,,,,,,,,,Y,3,0,2,1,A,-,01,23152,A,N,E,I,A,A,H,-,A,D,0,,,,,Y,Y,A,01,0,1,1,0,0,0,0,0,0,"- ","- ",34.450450000000004,-118.7565,VENTURA,UNINCORPORATED,-118.75788658,34.451525150000002
90236630,2016,2016-08-03,9770,2016-08-02,1550,012133,,2,2,9,5600,0,1,3,,1,057,"SR-23 (CHAMBERSBURG ROAD)","PASADENA AVENUE",165.00,S,N,A,-,Y,,,23,,,,,,,Y,4,0,1,2,A,-,03,22350,,N,C,C,A,A,H,-,A,D,0,,,,,Y,,D,22,0,0,1,0,0,0,0,0,0,"- ","- ",34.37236,-118.9196,VENTURA,UNINCORPORATED,-118.91946642000001,34.371668790000001
90239423,2016,2016-08-08,9765,2016-07-20,1412,018754,,3,2,9,5600,0,3,5,,2,002,"TICO RD.","LOMA DR",200.00,S,N,A,-,N,,,,,,,,,,Y,3,0,1,2,A,-,03,22350,,N,B,E,A,A,H,-,A,D,0,,,,,Y,,A,08,0,1,0,0,0,0,0,0,0,"- ","- ",34.438839999999999,-119.28475,VENTURA,UNINCORPORATED,-119.28473735,34.439055930000002
90240378,2016,2016-08-09,9765,2016-07-28,1100,013549,,4,1,9,5600,0,2,4,,2,037,"HARBOR BLVD.","SANTA CLARA RIVER BRIDGE",326.00,N,N,A,-,N,,,,,,,,,,Y,4,0,1,4,A,-,03,22350,,N,C,C,A,A,D,-,A,A,0,,,,,Y,,A,01,0,0,1,0,0,0,0,0,0,"- ","- ",34.237310000000001,-119.25644,VENTURA,UNINCORPORATED,-119.25648451000001,34.235408229999997
90240623,2016,2016-08-09,9770,2016-08-04,1320,019849,,4,1,6,5607,0,1,2,,2,074,"US-101 N/B (VENTURA FREEWAY)","MOORPARK ROAD",1056.00,S,N,A,-,Y,,,101,,,,,,N,N,4,0,1,4,A,-,03,22350,,N,C,C,A,A,D,-,A,D,0,,,,,Y,,A,01,0,0,1,0,0,0,0,0,0,"- ","- ",34.177120000000002,-118.87262,VENTURA,"THOUSAND OAKS",-118.87261804000001,34.17714746
9024100,2019,2020-02-18,5609,2019-12-24,1415,443,,2,5,6,5609,0,0,0,,0,004,"SEQUOIA AV","COPLEY ST",0.00,,Y,A,-,N,,,,,,,,,,N,4,0,1,2,A,-,03,22350,,N,C,C,A,A,H,-,A,D,0,,,,,Y,,A,01,0,0,1,0,0,0,0,0,0,"- ","- ",34.273899078369141,-118.73056030273438,VENTURA,"SIMI VALLEY",-118.73052978515625,34.273910522460938
9024112,2019,2020-02-14,5609,2019-11-23,0019,473,,6,5,6,5609,0,0,0,,0,,"LONG CANYON RD","CANYON VIEW DR",919.00,W,N,A,-,N,,,,,,,,,,,3,0,1,1,A,-,03,22350,,N,E,I,A,A,H,-,C,A,0,,,,,Y,,A,01,0,1,0,0,0,0,0,0,0,"- ","- ",34.234939575195312,-118.78688812255859,VENTURA,"SIMI VALLEY",-118.79747009277344,34.229793548583984
90242727,2016,2016-08-11,9765,2016-08-03,1904,017675,,3,2,9,5600,0,3,5,,2,006,"DEER CREEK RD.",SR-1,52800.00,N,N,A,-,N,,,,,,,,,,N,4,0,1,2,A,-,05,21460,A,N,H,G,A,A,H,-,A,D,0,,Y,,,Y,,L,04,0,0,1,0,0,0,1,0,0,"- ","- ",34.083019999999998,-118.98739999999999,VENTURA,UNINCORPORATED,,
90244856,2016,2016-08-15,9765,2016-08-07,1918,020917,,7,2,9,5600,0,1,2,,1,102,"US-101 N/B","BATES ROAD",2112.00,S,N,A,-,Y,,,101,,,,,,N,Y,3,0,1,1,A,-,01,23152,A,N,E,I,A,A,H,-,A,D,0,,,,,Y,Y,A,01,0,1,0,0,0,0,0,0,0,"- ","- ",34.3765,-119.471,VENTURA,UNINCORPORATED,-119.47099932,34.376439859999998
90245658,2016,2016-08-19,9765,2016-08-11,1438,020917,,4,2,9,5600,0,1,3,,1,020,"OLD GRADE ROAD",SR-33,0.00,,Y,A,-,Y,,,,,,,,,,Y,4,0,1,2,A,-,09,21802,A,N,D,C,A,A,H,-,A,A,0,,,,,Y,,A,01,0,0,1,0,0,0,0,0,0,"- ","- ",34.424100000000003,-119.2891,VENTURA,UNINCORPORATED,,
90249559,2016,2016-08-22,9765,2016-08-14,1315,020087,,7,1,6,5608,0,1,3,,1,031,"SR-126 E/B TO SR-118","SR-118 (WELLS RD.)",470.00,W,N,A,-,Y,,,126,,,,R,,E,Y,2,0,1,1,A,-,03,22350,,N,E,I,A,A,H,-,A,D,0,,,Y,,Y,,C,02,1,0,0,0,0,0,0,0,1,"- ","- ",34.288600000000002,-119.1574,VENTURA,VENTURA,-119.1574,34.288600000000002
90250394,2016,2016-08-23,9765,2016-08-12,0628,015117,,5,1,9,5600,0,3,5,,2,006,"LAGUNA RD","LAS POSAS RD",1584.00,W,N,B,-,N,,,,,,,,,,Y,2,0,2,2,A,-,03,22350,,N,D,C,A,A,H,-,A,D,0,,,,,Y,,A,01,1,0,1,0,0,0,0,0,0,"- ","- ",34.176009999999998,-119.07129999999999,VENTURA,UNINCORPORATED,-119.07657025,34.176060319999998
90250454,2016,2016-08-23,9765,2016-08-12,1430,020866,,5,2,6,5608,0,1,2,,2,302,"US-101 N/B",SR-126,528.00,S,N,A,-,Y,,,101,,,,,,N,N,4,0,1,2,A,-,03,22350,,N,C,C,A,A,H,-,A,D,0,,,,,Y,,A,07,0,0,1,0,0,0,0,0,0,"- ","- ",34.262709999999998,-119.23155,VENTURA,VENTURA,-119.23155143,34.262707050000003
9025147,2020,2020-10-19,5600,2020-01-09,1605,5016,6018,4,5,3,5602,0,0,0,,0,6B01,"RT 126","OLIVE ST",0.00,,Y,A,-,Y,VEN,7,126,-,-,21.281,I,5,E,Y,4,0,2,2,A,-,09,21801,A,N,H,C,A,A,H,-,A,A,0,,,,,Y,,A,01,0,0,2,0,0,0,0,0,0,"- ","- ",,,VENTURA,FILLMORE,-118.91539001464844,34.396461486816406
90251610,2016,2016-08-24,9765,2016-08-18,1820,020585,,4,2,6,5608,0,1,2,,2,103,"US-101 SB","SEAWARD AVENUE",1993.00,N,N,A,-,Y,,,101,,,,,,S,Y,4,0,1,1,A,-,08,22107,,N,F,A,A,A,H,-,A,D,0,,,Y,,Y,,C,02,0,0,1,0,0,0,0,0,1,"- ","- ",34.269300000000001,-119.27271,VENTURA,VENTURA,-119.27267015,34.269335720000001
90252098,2016,2016-08-24,9770,2016-08-23,1700,016561,,2,2,6,5607,0,1,2,,2,074,"US-101 N/B (VENTURA FREEWAY)","CONEJO SCHOOL ROAD",1056.00,S,N,A,-,Y,,,101,,,,,,N,N,4,0,1,2,A,-,03,22350,,N,C,C,A,A,D,-,A,D,0,,,,,Y,,D,22,0,0,1,0,0,0,0,0,0,"- ","- ",34.170110000000001,-118.84339,VENTURA,"THOUSAND OAKS",-118.84347528000001,34.169981810000003
90255986,2016,2016-08-29,9765,2016-08-21,1410,020585,,7,2,9,5600,0,1,2,,2,103,"US-101 SB","DULAH U/C",3168.00,S,N,A,-,Y,,,101,,,,,,S,Y,4,0,7,3,A,-,03,22350,,N,C,C,A,A,H,-,A,D,0,,,,,Y,,A,01,0,0,7,0,0,0,0,0,0,"- ","- ",34.310839999999999,-119.35459,VENTURA,UNINCORPORATED,-119.35483419000001,34.310475320000002
90256778,2016,2016-08-30,9770,2016-08-16,2310,021296,,2,3,5,5601,0,1,2,,2,070,"US-101 N/B (VENTURA FREEWAY)","CAMARILLO SPRINGS ROAD",1056.00,S,N,E,-,Y,,,101,,,,,,N,Y,3,0,2,1,A,-,08,22107,,N,E,I,A,A,H,-,D,D,0,,,,,Y,,A,01,0,2,0,0,0,0,0,0,0,"- ","- ",34.20382,-118.98079,VENTURA,CAMARILLO,-118.98083656999999,34.203770589999998