CASE_ID,ACCIDENT_YEAR,PROC_DATE,JURIS,COLLISION_DATE,COLLISION_TIME,OFFICER_ID,REPORTING_DISTRICT,DAY_OF_WEEK,CHP_SHIFT,POPULATION,CNTY_CITY_LOC,SPECIAL_COND,BEAT_TYPE,CHP_BEAT_TYPE,CITY_DIVISION_LAPD,CHP_BEAT_CLASS,BEAT_NUMBER,PRIMARY_RD,SECONDARY_RD,DISTANCE,DIRECTION,INTERSECTION,WEATHER_1,WEATHER_2,STATE_HWY_IND,CALTRANS_COUNTY,CALTRANS_DISTRICT,STATE_ROUTE,ROUTE_SUFFIX,POSTMILE_PREFIX,POSTMILE,LOCATION_TYPE,RAMP_INTERSECTION,SIDE_OF_HWY,TOW_AWAY,COLLISION_SEVERITY,NUMBER_KILLED,NUMBER_INJURED,PARTY_COUNT,PRIMARY_COLL_FACTOR,PCF_CODE_OF_VIOL,PCF_VIOL_CATEGORY,PCF_VIOLATION,PCF_VIOL_SUBSECTION,HIT_AND_RUN,TYPE_OF_COLLISION,MVIW,PED_ACTION,ROAD_SURFACE,ROAD_COND_1,ROAD_COND_2,LIGHTING,CONTROL_DEVICE,CHP_ROAD_TYPE,PEDESTRIAN_ACCIDENT,BICYCLE_ACCIDENT,MOTORCYCLE_ACCIDENT,TRUCK_ACCIDENT,NOT_PRIVATE_PROPERTY,ALCOHOL_INVOLVED,STWD_VEHTYPE_AT_FAULT,CHP_VEHTYPE_AT_FAULT,COUNT_SEVERE_INJ,COUNT_VISIBLE_INJ,COUNT_COMPLAINT_PAIN,COUNT_PED_KILLED,COUNT_PED_INJURED,COUNT_BICYCLIST_KILLED,COUNT_BICYCLIST_INJURED,COUNT_MC_KILLED,COUNT_MC_INJURED,PRIMARY_RAMP,SECONDARY_RAMP,LATITUDE,LONGITUDE,COUNTY,CITY,POINT_X,POINT_Y
90897217,2018,2019-01-03,9765,2018-12-29,1407,017469,,6,2,9,5600,0,1,2,,2,302,"US-101 N/B","VICTORIA AVENUE",100.00,S,N,A,-,Y,,,,,,,,,,N,4,0,1,2,A,-,03,22350,,N,C,C,A,A,H,-,A,D,0,,,Y,,Y,,C,02,0,0,1,0,0,0,0,0,1,"- ","- ",34.252399444580078,-119.2105712890625,VENTURA,UNINCORPORATED,-119.21080780029297,34.252590179443359
90898156,2019,2019-01-04,9765,2019-01-02,0255,019277,,3,3,9,5600,0,1,3,,1,020,"SR-33 N/B (VENTURA AVENUE)","SANTA ANA BLVD.",2640.00,N,N,A,-,Y,,,33,,,,,,N,Y,4,0,1,1,A,-,08,22107,,N,E,I,A,A,H,-,D,D,0,,,,,Y,,A,01,0,0,1,0,0,0,0,0,0,"- ","- ",34.406028747558594,-119.29917144775391,VENTURA,UNINCORPORATED,-119.29915618896484,34.406021118164062
90898518,2018,2019-01-07,9765,2018-12-26,1825,016592,,3,2,6,5604,0,1,2,,2,501,"US-101 S/B","ROSE AVENUE",2112.00,S,N,A,-,Y,,,101,,,,,,S,Y,4,0,3,2,A,-,03,22350,,N,C,C,A,A,H,-,A,D,0,,,,,Y,,A,01,0,0,3,0,0,0,0,0,0,"- ","- ",34.223468780517578,-119.15145874023438,VENTURA,OXNARD,-119.15146636962891,34.223434448242188
90899621,2018,2019-01-08,9765,2018-12-23,0250,021522,,7,3,6,5608,0,1,2,,2,302,"US-101 N/B","SEAWARD AVENUE",2112.00,S,N,A,-,Y,,,101,,,,,,N,Y,4,0,1,2,A,-,03,22350,,N,C,C,A,A,H,-,C,D,0,,,,,Y,Y,A,01,0,0,1,0,0,0,0,0,0,"- ","- ",34.26190185546875,-119.26226806640625,VENTURA,VENTURA,-119.26226806640625,34.261905670166016
90900343,2018,2019-01-09,9770,2018-12-31,1405,020169,,1,2,9,5600,0,2,4,,1,062,"POTRERO ROAD","STAFFORD ROAD",0.00,,Y,A,-,N,,,,,,,,,,N,3,0,1,2,A,-,09,21802,A,N,H,G,A,A,H,-,A,A,0,,Y,,,Y,,A,01,0,1,0,0,0,0,1,0,0,"- ","- ",34.141101837158203,-118.87779998779297,VENTURA,UNINCORPORATED,-118.8779296875,34.141029357910156
9090089,2020,2020-06-10,5604,2020-02-28,2015,5566,,5,5,6,5604,0,0,0,,0,021,"VICTORIA AV","LEEWARD WY",50.00,N,N,A,-,N,,,,,,,,,,Y,4,0,2,2,A,-,01,23152,A,N,C,C,A,A,H,-,C,A,0,,,,,Y,Y,A,01,0,0,2,0,0,0,0,0,0,"- ","- ",34.486190795898438,-119.22097778320312,VENTURA,OXNARD,-119.22138977050781,34.185657501220703
9090176,2020,2020-06-30,5608,2020-03-26,1649,490,VENTU,4,5,6,5608,0,0,0,,0,003,"SAN JOSE ST","SOUTH SATICOY AVE",200.00,E,N,B,-,N,,,,,,,,,,N,3,0,1,2,A,-,09,21804,A,F,D,J,A,A,H,-,A,D,0,,,,,Y,,-,,0,1,0,0,0,0,0,0,0,"- ","- ",,,VENTURA,VENTURA,-119.166006,34.289326000000003
9090307,2020,2020-07-03,5604,2020-03-07,2100,5526,,6,5,6,5604,0,0,0,,0,023,"EAST 5TH ST","S OXNARD BL",0.00,,Y,A,-,N,,,,,,,,,,Y,3,0,1,2,A,-,12,21453,A,N,D,C,A,-,H,-,-,A,0,,,,,Y,,A,01,0,1,0,0,0,0,0,0,0,"- ","- ",34.197669982910156,-119.17738342285156,VENTURA,OXNARD,-119.17733764648438,34.197689056396484
90903607,2019,2019-01-14,9765,2019-01-06,1109,017469,,7,1,9,5600,0,1,3,,1,020,"SR-33 S/B","RANCH ROAD",50.00,N,N,B,-,Y,,,33,,,,,,S,Y,3,0,1,2,A,-,03,22350,,N,C,C,A,B,H,-,A,D,0,,,,,Y,,A,01,0,1,0,0,0,0,0,0,0,"- ","- ",34.3668212890625,-119.30650329589844,VENTURA,UNINCORPORATED,-119.30646514892578,34.366825103759766
90906826,2019,2019-01-17,9765,2019-01-14,0848,014967,,1,1,9,5600,0,1,3,,1,042,"SR-126 (EAST TELEGRAPH ROAD)","ORCUTT ROAD",15.00,W,N,B,C,Y,,,126,,,,,,,Y,3,0,1,1,A,-,03,22350,,N,E,I,A,B,H,-,A,D,0,,,,,Y,,A,07,0,1,0,0,0,0,0,0,0,"- ","- ",34.365989685058594,-119.03382110595703,VENTURA,UNINCORPORATED,-119.03376007080078,34.365814208984375
9090857,2019,2020-04-23,5604,2019-12-23,0209,5567,,1,5,6,5604,0,0,0,,0,022,"N VENTURA RD","5TH ST",528.00,N,N,A,-,N,,,,,,,,,,Y,2,0,1,1,A,-,01,23152,A,N,-,I,A,A,H,-,C,A,0,,,,,Y,Y,A,01,1,0,0,0,0,0,0,0,0,"- ","- ",34.202880859375,-119.19474029541016,VENTURA,OXNARD,-119.19484710693359,34.19915771484375
90910998,2019,2019-01-24,9770,2019-01-15,0630,017435,,2,1,9,5600,0,1,3,,1,054,"SR-34 (SOMIS ROAD)","BELL RANCH ROAD",3168.00,N,N,B,C,Y,,,34,,,,,,,Y,4,0,4,3,A,-,09,21801,A,N,D,C,A,B,H,-,C,D,0,,,,,Y,,A,01,0,0,4,0,0,0,0,0,0,"- ","- ",34.252338409423828,-118.99918365478516,VENTURA,UNINCORPORATED,-118.99915313720703,34.252296447753906
90912564,2019,2019-02-18,9770,2019-01-21,0720,017732,,1,1,6,5609,0,1,3,,2,082,"SR-118 W/B (RONALD REAGAN FREEWAY)","STOW STREET",397.00,W,N,A,-,Y,,,118,,,,,,W,Y,2,0,1,1,A,-,08,22107,,N,E,I,A,A,H,-,A,D,0,,,,,Y,,D,22,1,0,0,0,0,0,0,0,0,"- ","- ",34.281829833984375,-118.68412017822266,VENTURA,"SIMI VALLEY",-118.68412017822266,34.281742095947266
90912859,2019,2019-01-25,9770,2019-01-19,1445,018942,,6,2,6,5609,0,1,3,,2,082,"SR-118 W/B (RONALD REAGAN FREEWAY)","KUEHNER DRIVE",1584.00,E,N,A,-,Y,,,118,,,,,,W,Y,4,0,1,2,A,-,07,21658,A,N,B,C,A,A,H,-,A,D,0,,,,,Y,,-,"- ",0,0,1,0,0,0,0,0,0,"- ","- ",34.270099639892578,-118.64849853515625,VENTURA,"SIMI VALLEY",-118.64849853515625,34.270130157470703
90913591,2019,2019-01-28,9770,2019-01-23,0940,017435,,3,1,4,5690,0,1,3,,2,080,"SR-118 W/B TO COLLINS DRIVE","COLLINS DRIVE",300.00,E,N,A,-,Y,,,118,,,,R,,W,N,4,0,2,3,A,-,03,22350,,N,C,C,A,A,H,-,A,D,0,,,,,Y,,A,07,0,0,2,0,0,0,0,0,0,"- ","- ",34.293251037597656,-118.85505676269531,VENTURA,MOORPARK,-118.85505676269531,34.293251037597656
90921239,2019,2019-02-07,9770,2019-02-02,2015,018942,,6,2,6,5609,0,1,3,,2,083,"SR-118 E/B (RONALD REAGAN FREEWAY)","TAPO CANYON ROAD",528.00,E,N,B,C,Y,,,118,,,,,,E,Y,4,0,4,1,A,-,03,22350,,N,E,I,A,B,H,-,C,D,0,,,,,Y,,A,07,0,0,4,0,0,0,0,0,0,"- ","- ",34.281600952148438,-118.71389770507812,VENTURA,"SIMI VALLEY",-118.71389770507812,34.281517028808594
90921985,2019,2019-02-08,9770,2019-01-28,1710,021738,,1,2,9,5600,0,1,3,,1,057,"SR-23 (GRIMES CANYON ROAD)","BARDSDALE AVENUE",2640.00,S,N,A,-,Y,,,23,,,,,,,Y,2,0,3,2,A,-,05,21460,A,N,A,C,A,A,H,-,A,D,0,,,,,Y,,A,01,1,2,0,0,0,0,0,0,0,"- ","- ",34.360828399658203,-118.92098236083984,VENTURA,UNINCORPORATED,-118.92086029052734,34.360763549804688
90922405,2019,2019-02-08,9765,2019-01-31,0855,018019,,4,1,6,5608,0,1,2,,1,101,"US-101 S/B (VENTURA FRWY)","CALIFORNIA ST.",63.00,S,N,C,-,Y,,,101,,,,,,S,Y,4,0,1,3,A,-,03,22350,,N,D,C,A,B,F,-,A,D,0,,,,,Y,,D,22,0,0,1,0,0,0,0,0,0,"- ","- ",34.277240753173828,-119.29248046875,VENTURA,VENTURA,-119.29247283935547,34.277278900146484
9092411,2020,2020-07-29,5600,2020-04-25,1012,4938,9064,6,5,6,5607,0,0,0,,0,09B,"MOORPARK RD","PARK OAKS PLZ",0.00,,Y,A,-,N,,,,,,,,,,Y,3,0,2,2,A,-,17,21457,B,N,H,C,A,A,H,-,A,A,0,,,,,Y,,A,07,0,2,0,0,0,0,0,0,0,"- ","- ",,,VENTURA,"THOUSAND OAKS",-118.86837768554688,34.200881958007812
90924565,2019,2019-02-12,9765,2019-02-03,0255,020906,,7,3,9,5600,0,1,3,,1,055,SR-118,"SOMIS ROAD",2070.00,W,N,A,B,Y,,,118,,,,,,,Y,3,0,1,1,A,-,01,23152,A,N,B,I,A,B,H,-,C,A,0,,,,,Y,Y,A,07,0,1,0,0,0,0,0,0,0,"- ","- ",34.263671875,-119.00213623046875,VENTURA,UNINCORPORATED,-119.00213623046875,34.263759613037109
90925589,2019,2019-02-13,9765,2019-02-07,1635,022182,,4,2,9,5600,0,1,3,,2,040,"SR-126 E/B",SR-118,5280.00,E,N,A,-,Y,,,126,,,,,,E,Y,3,0,2,2,A,-,03,22350,,N,C,C,A,A,H,-,A,D,0,,,,,Y,,A,01,0,2,0,0,0,0,0,0,0,"- ","- ",34.300029754638672,-119.13887786865234,VENTURA,UNINCORPORATED,-119.13883209228516,34.299953460693359
90930629,2019,2019-02-21,9770,2019-02-14,0901,017627,,4,1,6,5609,0,1,3,,2,082,"SR-118 W/B (RONALD REAGAN FREEWAY)","KUEHNER DRIVE",1056.00,E,N,B,C,Y,,,118,,,,,,W,Y,4,0,1,1,A,-,03,22350,,N,E,I,A,B,H,-,A,D,0,,,,,Y,,A,01,0,0,1,0,0,0,0,0,0,"- ","- ",34.277000427246094,-118.65830230712891,VENTURA,"SIMI VALLEY",-118.65824890136719,34.277046203613281
90931193,2019,2019-02-21,9765,2019-02-11,1002,017469,,1,1,9,5600,0,1,3,,2,041,"SR-126 E/B","EDWARDS RANCH ROAD",400.00,E,N,A,-,Y,,,126,,,,,,E,Y,3,0,1,2,A,-,08,22107,,N,C,C,A,A,H,-,A,D,0,,,,Y,Y,,A,01,0,1,0,0,0,0,0,0,0,"- ","- ",34.306800842285156,-119.12744903564453,VENTURA,UNINCORPORATED,-119.12741088867188,34.306739807128906
9093291,2020,2020-08-05,5604,2020-04-27,1534,5555,,1,5,6,5604,0,0,0,,0,011,"W GONZALES RD",VICTORIA,90.00,E,N,A,-,N,,,,,,,,,,N,4,0,1,2,A,-,21,22106,,N,C,C,A,A,H,-,A,A,0,,,,,Y,,D,22,0,0,1,0,0,0,0,0,0,"- ","- ",,,VENTURA,OXNARD,-119.22100067138672,34.219387054443359
9093476,2020,2020-06-29,5600,2020-03-07,0930,2693,8026,6,5,5,5601,0,0,0,,0,08A,"DAILY DR","ROSEWOOD AV",581.00,E,N,A,-,N,,,,,,,,,,Y,4,0,1,1,A,-,05,21650,,N,E,I,A,A,H,-,A,D,0,,,,,Y,,A,01,0,0,1,0,0,0,0,0,0,"- ","- ",34.218978881835938,-119.05970764160156,VENTURA,CAMARILLO,-119.05966186523438,34.218837738037109
90935910,2019,2019-02-28,9770,2019-02-21,0945,017627,,4,1,4,5690,0,1,3,,2,080,"SR-118 W/B TO COLLINS DRIVE","COLLINS DRIVE",80.00,E,N,B,-,Y,,,118,,,,R,,W,N,4,0,1,2,A,-,03,22350,,N,C,C,A,A,H,-,A,A,0,,,,,Y,,A,01,0,0,1,0,0,0,0,0,0,"- ","- ",34.294391632080078,-118.84234619140625,VENTURA,MOORPARK,-118.84234619140625,34.294391632080078
9093829,2020,2020-11-20,5600,2020-04-30,1530,5016,6020,4,5,3,5602,0,0,0,,0,6B01,"RT 126","CENTRAL AV",0.00,,Y,A,-,Y,VEN,7,126,-,-,21.411,I,5,E,Y,3,0,3,2,A,-,12,21453,A,N,D,C,A,A,E,-,A,A,0,,,,,Y,,A,08,0,1,2,0,0,0,0,0,0,"- ","- ",,,VENTURA,FILLMORE,-118.91300964355469,34.396797180175781
90938707,2019,2019-03-04,9765,2019-02-14,1450,016592,,4,2,5,5601,0,1,2,,2,503,"US-101 S/B","SANTA ROSA RD",15.00,N,N,B,-,Y,,,101,,,,,,S,Y,3,0,2,2,A,-,08,22107,,N,A,C,A,A,H,-,A,D,0,,,,,Y,,A,01,0,2,0,0,0,0,0,0,0,"- ","- ",34.213710784912109,-119.00803375244141,VENTURA,CAMARILLO,-119.00803375244141,34.213703155517578
90941251,2019,2019-03-07,9770,2019-03-01,1005,016383,,5,1,6,5607,0,1,2,,2,074,"US-101 N/B TO RANCHO ROAD","RANCHO ROAD",20.00,S,N,A,-,Y,,,101,,,,R,,N,N,4,0,1,1,C,-,18,,,N,F,A,A,A,H,-,A,D,0,,,Y,,Y,,-,"- ",0,0,1,0,0,0,0,0,1,"- ","- ",34.176460266113281,-118.85835266113281,VENTURA,"THOUSAND OAKS",-118.85835266113281,34.176460266113281
90941864,2019,2019-03-07,9765,2019-02-28,1321,013206,,4,1,4,5606,0,1,3,,2,041,"SR-126 W/B","PALM AVENUE",37.00,E,N,A,-,Y,,,126,,,,,,W,Y,4,0,1,1,A,-,08,22107,,N,E,I,A,A,C,-,A,D,0,,,,,Y,,A,07,0,0,1,0,0,0,0,0,0,"- ","- ",34.345699310302734,-119.06839752197266,VENTURA,"SANTA PAULA",-119.06841278076172,34.345718383789062
90942785,2019,2019-03-08,9765,2019-03-04,0755,015117,,1,1,9,5600,0,1,2,,2,501,"US-101 S/B (VENTURA FREEWAY)","LEWIS ROAD",1584.00,S,N,B,-,Y,,,,,,,,,,Y,4,0,2,2,A,-,03,22350,,N,C,C,A,A,H,-,A,D,0,,,,,Y,,A,01,0,0,2,0,0,0,0,0,0,"- ","- ",34.216670989990234,-119.03417205810547,VENTURA,UNINCORPORATED,,
90944637,2019,2019-03-12,9765,2019-03-04,1555,019057,,1,2,9,5600,0,3,5,,2,006,"HUENEME ROAD","RICE AVENUE",1260.00,E,N,B,-,N,,,,,,,,,,Y,4,0,1,2,A,-,09,21801,A,N,D,C,A,A,H,-,A,D,0,,,Y,,Y,,A,01,0,0,1,0,0,0,0,0,1,"- ","- ",34.147209167480469,-119.13287353515625,VENTURA,UNINCORPORATED,-119.13282775878906,34.147121429443359
90944848,2019,2019-03-12,9765,2019-02-28,1330,017253,,4,1,4,5606,0,1,3,,2,041,"SR-126 W/B","5TH ST PEDESTRIAN U/C",90.00,W,N,A,-,Y,,,126,,,,,,W,Y,3,0,1,2,A,-,03,22350,,M,C,C,A,A,H,-,A,D,0,,,,,Y,,A,01,0,1,0,0,0,0,0,0,0,"- ","- ",34.347129821777344,-119.06588745117188,VENTURA,"SANTA PAULA",-119.06591796875,34.347175598144531
90946369,2019,2019-03-14,9765,2019-03-13,0900,015117,,3,1,9,5600,0,3,5,,2,006,"PLEASANT VALLEY ROAD","LAS POSAS RD",65.00,W,N,A,-,N,,,,,,,,,,N,4,0,1,2,A,-,21,22106,,N,C,C,A,A,H,-,A,D,0,,,,,Y,,A,07,0,0,1,0,0,0,0,0,0,"- ","- ",34.205551147460938,-119.06967926025391,VENTURA,UNINCORPORATED,-119.06989288330078,34.205589294433594
90946453,2019,2019-03-14,9770,2019-03-06,1015,017409,,3,1,6,5607,0,1,2,,2,074,"US-101 N/B (VENTURA FREEWAY)","CONEJO SCHOOL ROAD",900.00,N,N,B,C,Y,,,101,,,,,,N,N,4,0,1,3,A,-,08,22107,,N,B,C,A,B,H,-,A,D,0,,,,,Y,,-,"- ",0,0,1,0,0,0,0,0,0,"- ","- ",34.174221038818359,-118.85009002685547,VENTURA,"THOUSAND OAKS",-118.85002899169922,34.174327850341797
90947047,2019,2019-03-15,9770,2019-03-06,1425,017662,,3,2,6,5607,0,1,2,,2,072,"US-101 N/B TO LYNN ROAD","LYNN ROAD",94.00,S,N,B,C,Y,,,101,,,,R,,N,Y,4,0,1,2,A,-,01,23152,G,N,C,C,A,B,H,-,A,D,0,,,,,Y,Y,A,01,0,0,1,0,0,0,0,0,0,"- ","- ",34.183868408203125,-118.89105987548828,VENTURA,"THOUSAND OAKS",-118.89105987548828,34.183868408203125
90948289,2019,2019-03-18,9770,2019-03-11,1440,017662,,1,2,5,5601,0,1,2,,2,070,"US-101 N/B (VENTURA FREEWAY)","CAMARILLO SPRINGS ROAD",2640.00,S,N,B,-,Y,,,101,,,,,,N,Y,4,0,1,2,A,-,03,22350,,N,C,C,A,A,H,-,A,D,0,,,,,Y,,A,07,0,0,1,0,0,0,0,0,0,"- ","- ",34.201290130615234,-118.97006988525391,VENTURA,CAMARILLO,-118.97006988525391,34.201320648193359
90948570,2019,2019-03-19,9770,2019-03-09,1345,021738,,6,1,9,5600,0,1,3,,1,045,"SR-126 E/B (EAST TELEGRAPH ROAD)","CENTER STREET",80.00,W,N,A,-,Y,,,126,,,,,,E,Y,2,0,2,3,A,-,03,22350,,N,C,C,A,A,H,-,A,D,0,,,Y,,Y,,C,02,2,0,0,0,0,0,0,0,2,"- ","- ",34.410530090332031,-118.78043365478516,VENTURA,UNINCORPORATED,-118.78041076660156,34.410568237304688
90949819,2019,2019-03-20,9765,2019-03-12,0746,015117,,2,1,6,5604,1,4,S,,2,901,"WOOLEY ROAD","J STREET",0.00,,Y,A,-,N,,,,,,,,,,Y,4,0,2,2,A,-,12,21453,A,N,D,C,A,A,H,-,A,A,0,,,,,Y,,A,01,0,0,2,0,0,0,0,0,0,"- ","- ",34.190021514892578,-119.18949890136719,VENTURA,OXNARD,-119.18952178955078,34.190040588378906
90952281,2019,2019-03-25,9765,2019-03-15,0555,017469,,5,3,9,5600,0,1,2,,1,104,"US-101 N/B","SR-1 (STATE BEACHES)",1690.00,N,N,A,-,Y,,,101,,,,,,N,Y,3,0,1,2,A,-,08,22107,,N,E,I,A,A,H,-,D,D,0,,,,,Y,,D,22,0,1,0,0,0,0,0,0,0,"- ","- ",34.294330596923828,-119.33905792236328,VENTURA,UNINCORPORATED,-119.33898162841797,34.294387817382812
90952560,2019,2019-03-25,9770,2019-03-18,0755,017973,,1,1,6,5609,0,1,3,,2,082,"SR-118 W/B (RONALD REAGAN FREEWAY)","TAPO CANYON ROAD",1500.00,E,N,A,-,Y,,,118,,,,,,W,Y,4,0,1,3,A,-,03,22350,,N,C,C,A,A,H,-,A,D,0,,,,,Y,,A,08,0,0,1,0,0,0,0,0,0,"- ","- ",34.281761169433594,-118.71163940429688,VENTURA,"SIMI VALLEY",-118.71163940429688,34.281814575195312
90955752,2019,2019-03-28,9770,2019-03-20,1845,020169,,3,2,6,5607,0,1,2,,2,074,"US-101 N/B (VENTURA FREEWAY)","CONEJO SCHOOL ROAD",100.00,N,N,A,-,Y,,,101,,,,,,N,Y,4,0,1,3,A,-,03,22350,,N,C,C,A,A,H,-,A,D,0,,,,,Y,,A,07,0,0,1,0,0,0,0,0,0,"- ","- ",34.172420501708984,-118.84712219238281,VENTURA,"THOUSAND OAKS",-118.84714508056641,34.172386169433594
90957340,2019,2019-03-29,9770,2019-03-20,1730,017662,,3,2,6,5607,0,1,2,,2,074,"US-101 N/B (VENTURA FREEWAY)","CONEJO SCHOOL ROAD",400.00,S,N,A,-,Y,,,101,,,,,,N,Y,4,0,5,2,A,-,03,22350,,N,C,C,A,A,H,-,A,D,0,,,,,Y,,A,01,0,0,5,0,0,0,0,0,0,"- ","- ",34.171550750732422,-118.84580993652344,VENTURA,"THOUSAND OAKS",-118.84583282470703,34.1715087890625
9095738,2020,2020-07-30,5608,2020-04-21,1848,370,,2,5,6,5608,0,0,0,,0,004,"VICTORIA AV","VALENTINE RD",75.00,S,N,A,-,N,,,,,,,,,,N,3,0,1,1,A,-,03,22350,,N,H,I,A,A,H,-,A,D,0,,,Y,,Y,,C,02,0,1,0,0,0,0,0,0,1,"- ","- ",34.250961303710938,-119.21193695068359,VENTURA,VENTURA,-119.21187591552734,34.251350402832031
90957746,2019,2019-03-29,9765,2019-03-19,1126,020004,,2,1,6,5604,0,1,2,,2,301,"US-101 S/B","VENTURA ROAD",300.00,N,N,A,-,Y,,,,,,,,,,Y,4,0,2,2,A,-,07,21658,A,N,B,C,A,A,H,-,A,D,0,,,,Y,Y,,A,01,0,0,2,0,0,0,0,0,0,"- ","- ",34.243831634521484,-119.19354248046875,VENTURA,OXNARD,-119.18833160400391,34.241859436035156
90958283,2019,2019-04-01,9765,2019-03-21,1640,020708,,4,2,6,5608,0,1,2,,1,101,"US-101 S/B","CALIFORNIA STREET",50.00,N,N,A,-,Y,,,101,,,,,,S,Y,4,0,2,2,A,-,03,22350,,N,C,C,A,A,H,-,A,D,0,,,,,Y,,D,22,0,0,2,0,0,0,0,0,0,"- ","- ",34.277328491210938,-119.29342651367188,VENTURA,VENTURA,-119.29342651367188,34.277359008789062
90958369,2019,2019-04-01,9770,2019-03-26,1605,020169,,2,2,9,5600,0,1,3,,1,053,"SR-118 E/B (LOS ANGELES AVENUE)","GRIMES CANYON ROAD",1500.00,W,N,A,-,Y,,,118,,,,,,E,N,4,0,2,2,A,-,03,22350,,N,C,C,A,A,H,-,A,D,0,,,,,Y,,D,22,0,0,2,0,0,0,0,0,0,"- ","- ",34.272449493408203,-118.93357086181641,VENTURA,UNINCORPORATED,-118.93357086181641,34.272453308105469
90960030,2019,2019-04-03,9770,2019-03-28,1610,017662,,4,2,6,5607,0,1,2,,2,074,"US-101 N/B (VENTURA FREEWAY)","CONEJO SCHOOL ROAD",500.00,N,N,A,-,Y,,,101,,,,,,N,Y,4,0,1,2,A,-,03,22350,,N,C,C,A,A,H,-,A,D,0,,,,,Y,,A,01,0,0,1,0,0,0,0,0,0,"- ","- ",34.172660827636719,-118.84764099121094,VENTURA,"THOUSAND OAKS",-118.84760284423828,34.172706604003906
9096222,2020,2020-06-15,5606,2020-02-23,1929,1133,5606,7,5,4,5606,0,0,0,,0,002,"12TH ST","VENTURA ST",1.00,E,N,A,-,N,,,,,,,,,,Y,2,0,1,1,A,-,08,22107,,N,A,I,A,A,H,-,C,A,0,,,,,Y,,A,01,1,0,0,0,0,0,0,0,0,"- ","- ",,,VENTURA,"SANTA PAULA",-119.05513000488281,34.353546142578125
90962708,2019,2019-04-08,9770,2019-04-01,1505,020641,,1,2,4,5690,0,1,3,,2,081,"SR-118 E/B (RONALD REAGAN FREEWAY)","COLLINS DRIVE",480.00,E,N,A,-,Y,,,118,,,,,,E,Y,3,0,1,2,A,-,07,21658,A,N,C,C,A,A,H,-,A,D,0,,,Y,,Y,,A,01,0,1,0,0,0,0,0,0,1,"- ","- ",34.293331146240234,-118.84100341796875,VENTURA,MOORPARK,-118.84100341796875,34.293327331542969
90962897,2019,2019-04-08,9770,2019-04-01,0128,021341,,1,3,6,5607,0,1,2,,2,072,"US-101 N/B FROM MOORPARK ROAD","MOORPARK ROAD",145.00,W,N,A,-,Y,,,101,,,,R,,N,Y,2,0,1,1,A,-,01,23152,A,N,E,I,A,A,H,-,C,D,0,,,,,Y,Y,A,01,1,0,0,0,0,0,0,0,0,"- ","- ",34.177700042724609,-118.87715148925781,VENTURA,"THOUSAND OAKS",-118.87715148925781,34.177700042724609
90963537,2019,2019-04-08,9770,2019-04-04,0620,022221,,4,1,9,5600,0,1,3,,1,057,"SR-23 (GRIMES CANYON ROAD)","BROADWAY ROAD",3168.00,N,N,B,C,Y,,,23,,,,,,,Y,4,0,1,1,A,-,08,22107,,N,E,I,A,B,H,-,B,D,0,,,,,Y,,A,01,0,0,1,0,0,0,0,0,0,"- ","- ",34.323398590087891,-118.90229797363281,VENTURA,UNINCORPORATED,-118.90221405029297,34.323394775390625
90963668,2019,2019-04-08,9765,2019-03-27,0750,022272,,3,1,9,5600,0,1,3,,2,041,"SR-126 W/B","SR-118 (WELLS ROAD)",3696.00,E,N,B,-,Y,,,126,,,,,,W,N,4,0,2,2,A,-,03,22350,,N,C,C,A,A,H,-,A,D,0,,,,Y,Y,,G,25,0,0,2,0,0,0,0,0,0,"- ","- ",34.295719146728516,-119.14636993408203,VENTURA,UNINCORPORATED,-119.14633941650391,34.295665740966797
90964475,2019,2019-04-09,9765,2019-04-01,0750,022272,,1,1,6,5604,0,1,2,,2,501,"US-101 S/B","SANTA CLARA AVENUE",2640.00,S,N,A,-,Y,,,101,,,,,,S,Y,3,0,1,2,A,-,03,22350,,N,C,C,A,A,H,-,A,D,0,,,Y,,Y,,C,02,0,1,0,0,0,0,0,0,1,"- ","- ",34.222221374511719,-119.13655090332031,VENTURA,OXNARD,-119.13655090332031,34.222232818603516
90964505,2019,2019-04-09,9770,2019-04-03,1655,020169,,3,2,6,5607,0,1,3,,2,084,"SR-23 N/B TO OLSEN ROAD","OLSEN ROAD",100.00,S,N,A,-,Y,,,23,,,,R,,N,Y,3,0,1,1,A,-,08,22107,,N,F,A,A,A,H,-,A,D,0,,,Y,,Y,,C,02,0,1,0,0,0,0,0,0,1,"- ","- ",34.2418212890625,-118.83869171142578,VENTURA,"THOUSAND OAKS",-118.83869171142578,34.2418212890625
90964807,2019,2019-04-10,9765,2019-04-01,0011,019034,,1,3,9,5600,0,1,3,,2,063,"RICE AVENUE","CHANNEL ISLAND BLVD.",37.00,N,N,A,-,N,,,,,,,,,,Y,4,0,1,2,A,-,03,22350,,F,C,C,A,A,H,-,C,A,0,,,,,Y,,-,99,0,0,1,0,0,0,0,0,0,"- ","- ",34.173389434814453,-119.14267730712891,VENTURA,UNINCORPORATED,-119.14266204833984,34.173313140869141