CASE_ID,ACCIDENT_YEAR,PROC_DATE,JURIS,COLLISION_DATE,COLLISION_TIME,OFFICER_ID,REPORTING_DISTRICT,DAY_OF_WEEK,CHP_SHIFT,POPULATION,CNTY_CITY_LOC,SPECIAL_COND,BEAT_TYPE,CHP_BEAT_TYPE,CITY_DIVISION_LAPD,CHP_BEAT_CLASS,BEAT_NUMBER,PRIMARY_RD,SECONDARY_RD,DISTANCE,DIRECTION,INTERSECTION,WEATHER_1,WEATHER_2,STATE_HWY_IND,CALTRANS_COUNTY,CALTRANS_DISTRICT,STATE_ROUTE,ROUTE_SUFFIX,POSTMILE_PREFIX,POSTMILE,LOCATION_TYPE,RAMP_INTERSECTION,SIDE_OF_HWY,TOW_AWAY,COLLISION_SEVERITY,NUMBER_KILLED,NUMBER_INJURED,PARTY_COUNT,PRIMARY_COLL_FACTOR,PCF_CODE_OF_VIOL,PCF_VIOL_CATEGORY,PCF_VIOLATION,PCF_VIOL_SUBSECTION,HIT_AND_RUN,TYPE_OF_COLLISION,MVIW,PED_ACTION,ROAD_SURFACE,ROAD_COND_1,ROAD_COND_2,LIGHTING,CONTROL_DEVICE,CHP_ROAD_TYPE,PEDESTRIAN_ACCIDENT,BICYCLE_ACCIDENT,MOTORCYCLE_ACCIDENT,TRUCK_ACCIDENT,NOT_PRIVATE_PROPERTY,ALCOHOL_INVOLVED,STWD_VEHTYPE_AT_FAULT,CHP_VEHTYPE_AT_FAULT,COUNT_SEVERE_INJ,COUNT_VISIBLE_INJ,COUNT_COMPLAINT_PAIN,COUNT_PED_KILLED,COUNT_PED_INJURED,COUNT_BICYCLIST_KILLED,COUNT_BICYCLIST_INJURED,COUNT_MC_KILLED,COUNT_MC_INJURED,PRIMARY_RAMP,SECONDARY_RAMP,LATITUDE,LONGITUDE,COUNTY,CITY,POINT_X,POINT_Y
91317416,2020,2020-10-05,9770,2020-10-03,1135,017732,,6,1,9,5600,0,2,4,,1,055,"BALCOM CANYON ROAD","SR-118 (LOS ANGELES AVENUE)",5280.00,N,N,A,-,N,,,,,,,,,,N,4,0,1,2,A,-,03,22350,,N,C,C,A,A,H,-,A,D,0,,,,,Y,,A,07,0,0,1,0,0,0,0,0,0,"- ","- ",34.282829284667969,-118.95893096923828,VENTURA,UNINCORPORATED,,
91318336,2020,2020-10-06,9765,2020-09-27,1418,022488,,7,2,9,5600,0,1,3,,1,021,"SR-33 (MARICOPA HIGHWAY)","ROSE VALLEY ROAD",17160.00,N,N,A,-,Y,,,33,,,,,,,Y,2,0,1,1,A,-,03,22350,,N,E,I,A,A,H,-,A,D,0,,,Y,,Y,,C,02,1,0,0,0,0,0,0,0,1,"- ","- ",34.576839447021484,-119.25727844238281,VENTURA,UNINCORPORATED,-119.25733184814453,34.576869964599609
9131848,2020,2020-10-06,5608,2020-07-14,1609,475,,2,5,6,5608,0,0,0,,0,004,"TELEPHONE RD","SARATOGA AV",0.00,,Y,A,-,N,,,,,,,,,,Y,3,0,2,2,A,-,12,21453,A,N,D,C,A,A,H,-,A,A,0,,,,,Y,,-,,0,1,1,0,0,0,0,0,0,"- ","- ",,,VENTURA,VENTURA,-119.219970703125,34.264358520507812
9131850,2020,2020-10-06,5608,2020-07-18,1209,508,,6,5,6,5608,0,0,0,,0,001,"THOMPSON BL","CHESTNUT ST",0.00,,Y,A,-,N,,,,,,,,,,Y,3,0,1,2,A,-,09,21801,A,N,A,C,A,A,H,-,A,A,0,,,Y,,Y,,C,06,0,1,0,0,0,0,0,0,0,"- ","- ",,,VENTURA,VENTURA,-119.29154968261719,34.27825927734375
9131854,2020,2020-10-06,5608,2020-07-03,0837,514,VENTU,5,5,6,5608,0,0,0,,0,004,"MOON DR","HILL RD",306.00,W,N,A,-,N,,,,,,,,,,Y,4,0,1,3,A,-,08,22107,,N,G,B,F,A,H,-,A,A,0,Y,,,,Y,,A,01,0,0,1,0,1,0,0,0,0,"- ","- ",,,VENTURA,VENTURA,-119.20517730712891,34.256141662597656
9131856,2020,2020-10-06,5608,2020-07-01,1653,377,,3,5,6,5608,0,0,0,,0,004,"RALSTON ST","JOHNSON DR",0.00,,Y,A,-,N,,,,,,,,,,Y,4,0,1,2,A,-,09,21801,A,N,D,C,A,A,H,-,A,A,0,,,,,Y,,-,,0,0,1,0,0,0,0,0,0,"- ","- ",,,VENTURA,VENTURA,-119.19920349121094,34.261028289794922
9131860,2020,2020-10-13,5608,2020-07-04,1724,282,VENTU,6,5,6,5608,0,0,0,,0,001,"FRANKLIN LN","VENTURA AV",0.00,,Y,A,-,N,,,,,,,,,,N,4,0,1,2,A,-,05,21650,,N,D,G,A,A,H,-,A,A,0,,Y,,,Y,,L,04,0,0,1,0,0,0,1,0,0,"- ","- ",,,VENTURA,VENTURA,-119.29435729980469,34.302700042724609
91319920,2020,2020-10-08,9770,2020-09-30,1711,020641,,3,2,9,5600,0,2,4,,1,088,"BOX CANYON ROAD","WELLS LANE",1430.00,N,N,A,-,N,,,,,,,,,,Y,2,0,1,2,A,-,03,22350,,N,B,C,A,A,H,-,A,D,0,,,Y,,Y,,C,02,1,0,0,0,0,0,0,0,1,"- ","- ",34.247360229492188,-118.65038299560547,VENTURA,UNINCORPORATED,-118.65067291259766,34.247081756591797
91320405,2020,2020-10-08,9765,2020-09-28,1905,022488,,1,2,9,5600,0,3,5,,2,004,"TELEGRAPH ROAD","TODD ROAD",18.00,N,N,A,-,N,,,,,,,,,,Y,2,0,1,2,A,-,01,23152,A,N,D,C,A,A,H,-,D,D,0,,,,Y,Y,Y,D,22,1,0,0,0,0,0,0,0,0,"- ","- ",34.319091796875,-119.12078857421875,VENTURA,UNINCORPORATED,-119.12076568603516,34.319110870361328
91322061,2020,2020-10-12,9765,2020-10-03,1030,022506,,6,1,9,5600,0,3,5,,2,005,"SR-118 (LOS ANGELES AVE)","ROSE AVENUE",528.00,W,N,A,-,Y,,,118,,,,,,,Y,4,0,2,4,A,-,03,22350,,N,C,C,A,A,H,-,A,A,0,,,,Y,Y,,G,25,0,0,2,0,0,0,0,0,0,"- ","- ",34.268959045410156,-119.12803649902344,VENTURA,UNINCORPORATED,-119.12802886962891,34.268974304199219
9132367,2020,2020-11-10,5608,2020-07-27,1300,439,,1,5,6,5608,0,0,0,,0,003,"FOOTHILL RD","SETON HALL AV",0.00,,Y,A,-,N,,,,,,,,,,Y,3,0,1,2,A,-,09,21801,A,N,D,C,A,A,H,-,A,D,0,,,,,Y,,A,01,0,1,0,0,0,0,0,0,0,"- ","- ",,,VENTURA,VENTURA,-119.23314666748047,34.283130645751953
91324224,2020,2020-10-15,9770,2020-10-05,1420,017662,,1,2,9,5600,0,1,2,,2,071,"US-101 S/B (VENTURA FREEWAY)","CAMARILLO SPRINGS ROAD",2640.00,S,N,A,-,Y,,,101,,,,,,S,Y,4,0,1,2,A,-,03,22350,,N,C,C,A,A,H,-,A,D,0,,,,Y,Y,,A,01,0,0,1,0,0,0,0,0,0,"- ","- ",34.201000213623047,-118.97440338134766,VENTURA,UNINCORPORATED,-118.97440338134766,34.2010498046875
9132430,2020,2020-10-12,5608,2020-07-24,1804,452,,5,5,6,5608,0,0,0,,0,004,"VALENTINE RD","VICTORIA AV",415.00,W,N,A,-,N,,,,,,,,,,N,4,0,1,2,A,-,08,22107,,N,B,C,A,A,H,-,A,A,0,,,,,Y,,-,,0,0,1,0,0,0,0,0,0,"- ","- ",,,VENTURA,VENTURA,-119.21300506591797,34.252056121826172
91324307,2020,2020-10-15,9770,2020-10-13,1615,020353,,2,2,9,5600,0,1,3,,1,053,"SR-118 E/B (LOS ANGELES AVE) (8700 BLK)","WAILING SIREN RANCH RD",1600.00,E,N,A,-,N,,,118,,,,,,E,N,4,0,1,2,A,-,03,22350,,N,C,C,A,A,H,-,A,A,0,,,,,Y,,A,07,0,0,1,0,0,0,0,0,0,"- ","- ",34.271331787109375,-118.94069671630859,VENTURA,UNINCORPORATED,-118.94069671630859,34.271324157714844
91326359,2020,2020-10-19,9765,2020-10-10,1230,022461,,6,1,5,5601,0,1,2,,2,504,"US-101 N/B FROM DAILY DRIVE","ARNEILL ROAD",528.00,S,N,A,-,Y,,,101,,,,R,,N,Y,4,0,2,2,A,-,03,22350,,N,C,C,A,A,H,-,A,A,0,,,,,Y,,A,01,0,0,2,0,0,0,0,0,0,"- ","- ",34.21759033203125,-119.03643035888672,VENTURA,CAMARILLO,-119.03643035888672,34.21759033203125
91327215,2020,2020-10-20,9770,2020-10-10,1211,018332,,6,1,5,5601,0,1,2,,2,071,"US-101 S/B (VENTURA FREEWAY)","CAMARILLO SPRINGS ROAD",1584.00,S,N,A,-,Y,,,101,,,,,,S,Y,2,0,1,1,C,-,18,,,N,H,J,A,A,H,-,A,D,0,,,,,Y,,-,"- ",1,0,0,0,0,0,0,0,0,"- ","- ",34.201000213623047,-118.96820068359375,VENTURA,CAMARILLO,-118.96820068359375,34.2010498046875
91327349,2020,2020-10-20,9765,2020-10-09,2125,021682,,5,2,9,5600,0,1,3,,2,040,"SR-126 E/B","BRIGGS ROAD",5280.00,W,N,A,-,Y,,,126,,,,,,E,Y,4,0,1,1,A,-,01,23152,A,N,E,I,A,A,H,-,D,D,0,,,,,Y,Y,A,01,0,0,1,0,0,0,0,0,0,"- ","- ",34.313770294189453,-119.11575317382812,VENTURA,UNINCORPORATED,-119.11570739746094,34.313694000244141
91327675,2020,2020-10-20,9765,2020-10-11,1610,022446,,7,2,9,5600,0,1,2,,2,103,"US-101 S/B",SOLIMAR,2380.00,S,N,A,-,Y,,,101,,,,,,S,Y,3,0,3,2,A,-,01,23152,A,N,C,C,A,A,H,-,A,D,0,,,,,Y,Y,A,01,0,3,0,0,0,0,0,0,0,"- ","- ",34.287399291992188,-119.32776641845703,VENTURA,UNINCORPORATED,-119.32778930664062,34.287345886230469
91328986,2020,2020-10-21,9770,2020-10-16,1900,016383,,5,2,9,5600,0,2,4,,2,079,"KANAN ROAD","CONIFER STREET",100.00,S,N,A,-,N,,,,,,,,,,N,4,0,1,2,A,-,03,22350,,M,G,B,D,A,H,-,D,D,0,Y,,,,Y,,A,01,0,0,1,0,1,0,0,0,0,"- ","- ",34.170291900634766,-118.75879669189453,VENTURA,UNINCORPORATED,-118.75861358642578,34.170597076416016
91330526,2020,2020-10-23,9765,2020-10-17,1358,020334,,6,1,5,5601,0,1,2,,2,502,"US 101 N/B (VENTURA FREEWAY)","CARMEN DRIVE",500.00,S,N,A,-,Y,,,,,,,,,,Y,3,0,1,2,A,-,03,22350,,N,B,C,A,A,H,-,A,D,0,,,Y,,Y,,C,02,0,1,0,0,0,0,0,0,1,"- ","- ",34.217750549316406,-119.04984283447266,VENTURA,CAMARILLO,-119.05055999755859,34.217750549316406
91333465,2020,2020-10-28,9770,2020-10-18,0225,021738,,7,3,9,5600,0,1,3,,1,054,"SR-34 (SOMIS ROAD)","WEST STREET",1584.00,S,N,A,-,Y,,,34,,,,,,,Y,3,0,1,3,A,-,08,22107,,N,B,E,A,A,H,-,D,D,0,,,,Y,Y,,D,22,0,1,0,0,0,0,0,0,0,"- ","- ",34.251819610595703,-118.99983978271484,VENTURA,UNINCORPORATED,-118.99985504150391,34.251838684082031
91333789,2020,2020-10-29,9770,2020-10-28,0800,017409,,3,1,6,5607,0,1,2,,2,075,"US-101 S/B (VENTURA FREEWAY)","HAMPSHIRE ROAD",1056.00,N,N,A,-,Y,,,101,,,,,,S,Y,3,0,1,2,A,-,03,22350,,N,C,C,A,A,H,-,A,D,0,,,,,Y,,A,01,0,1,0,0,0,0,0,0,0,"- ","- ",34.168319702148438,-118.84145355224609,VENTURA,"THOUSAND OAKS",-118.84145355224609,34.168312072753906
91335870,2020,2020-10-30,9765,2020-10-17,2338,021682,,6,3,9,5600,0,1,3,,2,041,"SR-126 W/B","BRIGGS ROAD",5280.00,W,N,A,-,Y,,,126,,,,,,W,Y,3,0,1,1,A,-,01,23152,A,N,E,I,A,A,H,-,D,D,0,,,,,Y,Y,A,01,0,1,0,0,0,0,0,0,0,"- ","- ",34.313068389892578,-119.11740875244141,VENTURA,UNINCORPORATED,-119.11734771728516,34.312961578369141
91335883,2020,2020-10-30,9765,2020-10-20,0452,019277,,2,3,9,5600,0,3,5,,2,006,"RICE AVE.","HUENEME RD.",20.00,N,N,A,-,N,,,,,,,,,,N,3,0,1,1,A,-,08,22107,,N,E,I,A,A,H,-,C,D,0,,,Y,,Y,,C,02,0,1,0,0,0,0,0,0,1,"- ","- ",34.1474609375,-119.13699340820312,VENTURA,UNINCORPORATED,-119.13698577880859,34.147212982177734
91336034,2020,2020-10-30,9765,2020-10-26,1548,017483,,1,2,9,5600,0,1,2,,2,103,"US-101 SB","DULAH ROAD",2640.00,N,N,A,-,Y,,,101,,,,,,S,Y,4,0,1,1,A,-,08,22107,,N,E,I,A,A,H,-,A,D,0,,,,,Y,,A,07,0,0,1,0,0,0,0,0,0,"- ","- ",34.314468383789062,-119.36048889160156,VENTURA,UNINCORPORATED,-119.36044311523438,34.314537048339844
91336543,2020,2020-11-02,9770,2020-10-27,1245,017409,,2,1,5,5601,0,1,2,,2,070,"US-101 N/B (VENTURA FREEWAY)","CONEJO INSPECTION FACILITY",300.00,N,N,A,-,Y,,,101,,,,,,N,Y,3,0,1,2,A,-,03,22350,,N,C,C,A,A,H,-,A,D,0,,,,,Y,,D,22,0,1,0,0,0,0,0,0,0,"- ","- ",34.199928283691406,-118.95729064941406,VENTURA,CAMARILLO,-118.95726776123047,34.199989318847656
91336581,2020,2020-11-02,9765,2020-10-27,0945,016234,,2,1,9,5600,0,3,5,,2,006,"PLEASANT VALLEY ROAD","LAS POSAS ROAD",600.00,W,N,A,-,N,,,,,,,,,,Y,3,0,1,1,A,-,08,22107,,N,E,I,A,A,H,-,A,D,0,,,,,Y,,A,01,0,1,0,0,0,0,0,0,0,"- ","- ",34.205718994140625,-119.07196044921875,VENTURA,UNINCORPORATED,-119.07166290283203,34.205593109130859
91337602,2020,2020-11-03,9770,2020-10-31,1355,016383,,6,1,6,5607,0,1,2,,2,074,"US-101 N/B (VENTURA FREEWAY)","LAKEVIEW CANYON ROAD",400.00,S,N,A,-,Y,,,101,,,,,,N,Y,4,0,3,4,A,-,03,22350,,N,B,C,A,A,H,-,A,D,0,,,,,Y,,A,01,0,0,3,0,0,0,0,0,0,"- ","- ",34.153160095214844,-118.81678771972656,VENTURA,"THOUSAND OAKS",-118.81680297851562,34.153110504150391
91338646,2020,2020-11-03,9765,2020-11-02,0720,022506,,1,1,9,5600,0,1,2,,2,502,"US-101 N/B (VENTURA FWY)","DEL NORTE BLVD.",686.00,S,N,A,-,Y,,,101,,,,,,N,N,4,0,1,2,A,-,03,22350,,N,C,C,A,A,H,-,A,D,0,,,,,Y,,D,22,0,0,1,0,0,0,0,0,0,"- ","- ",34.222099304199219,-119.12444305419922,VENTURA,UNINCORPORATED,-119.12444305419922,34.222160339355469
91340490,2020,2020-11-05,9770,2020-10-26,0916,016198,,1,1,6,5607,0,1,2,,2,074,"US-101 S/B (VENTURA FREEWAY)","HAMPSHIRE ROAD",75.00,S,N,A,-,Y,,,101,,,,,,S,N,2,0,1,4,A,-,01,23152,F,N,C,C,A,A,H,-,A,D,0,,,,Y,Y,,A,08,1,0,0,0,0,0,0,0,0,"- ","- ",34.166099548339844,-118.83750152587891,VENTURA,"THOUSAND OAKS",-118.83766937255859,34.165809631347656
9134374,2020,2020-10-06,5600,2020-07-29,1427,4501,8250,3,5,5,5601,0,0,0,,0,8C01,"VENTURA BL","LEWIS RD",171.00,W,N,A,-,N,,,,,,,,,,Y,3,0,1,1,A,-,01,23152,A,N,E,I,A,A,H,-,A,D,0,,,,,Y,Y,D,22,0,1,0,0,0,0,0,0,0,"- ","- ",34.214199066162109,-119.03816986083984,VENTURA,CAMARILLO,-119.03526306152344,34.216136932373047
91347052,2020,2020-11-17,9770,2020-11-05,2150,020721,,4,2,6,5607,0,1,2,,2,072,"US-101 N/B (VENTURA FREEWAY)","WENDY DRIVE",2640.00,N,N,A,-,Y,,,101,,,,,,N,Y,2,0,1,2,A,-,03,22350,,F,C,C,A,A,H,-,C,D,0,,,,,Y,,A,01,1,0,0,0,0,0,0,0,0,"- ","- ",34.194149017333984,-118.94831848144531,VENTURA,"THOUSAND OAKS",-118.94831848144531,34.19415283203125
91347895,2020,2020-11-18,9765,2020-11-12,0550,016549,,4,3,9,5600,0,3,5,,2,003,"HARBOR BLVD.","GONZALES ROAD",1584.00,S,N,A,-,N,,,,,,,,,,Y,4,0,1,2,A,-,03,22350,,N,C,C,A,A,H,-,D,D,0,,,,,Y,,A,01,0,0,1,0,0,0,0,0,0,"- ","- ",34.213871002197266,-119.25132751464844,VENTURA,UNINCORPORATED,-119.25157928466797,34.214515686035156
91350033,2020,2020-11-23,9770,2020-11-10,1335,020641,,2,1,9,5600,0,1,3,,1,057,"SR-23 (GRIMES CANYON ROAD)","GRIMES CANYON ROAD",853.00,N,N,A,-,Y,,,23,,,,,,,Y,4,0,1,2,A,-,03,22350,,N,B,C,A,A,H,-,A,D,0,,,,Y,Y,,A,01,0,0,1,0,0,0,0,0,0,"- ","- ",34.360740661621094,-118.92086791992188,VENTURA,UNINCORPORATED,-118.92086791992188,34.360740661621094
91350882,2020,2020-11-23,9770,2020-11-15,1615,016383,,7,2,6,5607,0,1,2,,2,073,"US-101 S/B (VENTURA FREEWAY)","VENTU PARK ROAD",500.00,S,N,A,-,Y,,,101,,,,,,S,Y,4,0,1,2,A,-,03,22350,,N,C,C,A,A,H,-,A,D,0,,,,,Y,,A,01,0,0,1,0,0,0,0,0,0,"- ","- ",34.184280395507812,-118.90978240966797,VENTURA,"THOUSAND OAKS",-118.90978240966797,34.184288024902344
91351190,2020,2020-11-23,9765,2020-06-22,2110,020729,,1,2,9,5600,0,3,5,,2,006,"PLEASANT VALLEY ROAD","HAILES ROAD",270.00,W,N,A,-,N,,,,,,,,,,Y,1,2,1,2,A,-,01,23152,F,N,A,C,A,A,H,-,D,D,0,,,Y,,Y,,A,01,0,1,0,0,0,0,0,2,0,"- ","- ",34.174358367919922,-119.12574768066406,VENTURA,UNINCORPORATED,-119.12561798095703,34.174468994140625
91354077,2020,2020-11-25,9765,2020-11-15,1435,022464,,7,2,6,5604,0,1,2,,2,501,"US-101 S/B","DEL NORTE BLVD.",3379.00,S,N,A,-,Y,,,,,,,,,,Y,4,0,2,3,A,-,03,22350,,N,C,C,A,A,H,-,A,D,0,,,,,Y,,A,01,0,0,2,0,0,0,0,0,0,"- ","- ",34.221931457519531,-119.11563110351562,VENTURA,OXNARD,-119.12683868408203,34.222000122070312
91355992,2020,2020-12-01,9770,2020-11-25,0951,017627,,3,1,9,5600,0,1,3,,1,054,"SR-34 (SOMIS ROAD)","SR-118  (LOS ANGELES AVENUE)",0.00,,Y,A,-,Y,,,34,,,,,,,N,4,0,1,2,A,-,08,22107,,N,B,G,A,A,H,-,A,A,0,,Y,,,Y,,L,04,0,0,1,0,0,0,1,0,0,"- ","- ",34.263759613037109,-118.99462890625,VENTURA,UNINCORPORATED,-118.99466705322266,34.263755798339844
91363422,2020,2020-12-18,9770,2020-12-06,2200,021738,,7,3,6,5607,0,1,2,,2,074,"SR-23 N/B (MOORPARK FREEWAY)","AVENIDA DE LOS ARBOLES",1584.00,S,N,A,-,Y,,,23,,,,,,N,Y,4,0,2,2,A,-,03,22350,A,N,C,C,A,A,D,-,C,D,0,,,,,Y,,A,01,0,0,2,0,0,0,0,0,0,"- ","- ",34.207309722900391,-118.84973907470703,VENTURA,"THOUSAND OAKS",-118.84972381591797,34.207302093505859
91363440,2020,2020-12-10,9765,2020-11-30,0229,020873,,1,3,9,5600,0,1,3,,2,060,SR-1,"YERBA BUENA ROAD",1859.00,N,N,A,-,Y,,,1,,,,,,,Y,3,0,1,1,A,-,01,23152,A,N,E,I,A,A,H,-,D,D,0,,,,,Y,Y,A,01,0,1,0,0,0,0,0,0,0,"- ","- ",34.056358337402344,-118.96858978271484,VENTURA,UNINCORPORATED,-118.96859741210938,34.056320190429688
9136601,2020,2020-11-06,5600,2020-08-02,1700,4938,9030,7,5,6,5607,0,0,0,,0,9A01,"MOORPARK RD","AVENIDA DE LAS FLORES",620.00,N,N,A,-,N,,,,,,,,,,N,3,0,1,1,A,-,03,22350,,N,E,I,A,A,H,-,A,D,0,,,Y,,Y,,C,02,0,1,0,0,0,0,0,0,1,"- ","- ",,,VENTURA,"THOUSAND OAKS",-118.86837768554688,34.210441589355469
91367948,2020,2020-12-15,9765,2020-12-06,1457,022464,,7,2,9,5600,0,1,3,,1,023,"SR-150 (OJAI-SANTA PAULA ROAD)","REEVES RD",105.00,E,N,A,-,Y,,,150,,,,,,,Y,2,0,2,3,A,-,08,22107,,N,G,B,E,A,H,-,A,D,0,Y,,Y,,Y,,C,02,1,1,0,0,1,0,0,0,1,"- ","- ",34.445888519287109,-119.2041015625,VENTURA,UNINCORPORATED,-119.20412445068359,34.445854187011719
91368461,2020,2020-12-16,9765,2020-05-25,1015,022345,,1,1,9,5600,0,1,3,,1,021,"SR-33 (MARICOPA HIGHWAY)","CHORRO GRANDE CREEK BRIDGE",2640.00,N,N,A,-,Y,,,33,,,,,,,Y,1,1,2,2,A,-,09,21804,A,N,D,C,A,A,H,-,A,D,0,,,Y,,Y,,A,07,0,1,1,0,0,0,0,1,0,"- ","- ",34.598991394042969,-119.33547210693359,VENTURA,UNINCORPORATED,-119.33544921875,34.599048614501953
91372908,2020,2020-12-22,9765,2020-12-15,1645,019988,,2,2,9,5600,0,3,5,,2,003,"FOOTHILL ROAD","SATICOY AVENUE",300.00,E,N,A,F,N,,,,,,,,,,Y,4,0,1,3,A,-,03,22350,,M,C,C,A,A,H,-,A,D,0,,,,,Y,,A,07,0,0,1,0,0,0,0,0,0,"- ","- ",34.297149658203125,-119.17263031005859,VENTURA,UNINCORPORATED,-119.17243194580078,34.29736328125
9137373,2020,2020-10-08,5600,2020-07-29,0930,5481,9046,3,5,6,5607,0,0,0,,0,9A01,"JANSS RD","NOWAK AV",0.00,,Y,A,-,N,,,,,,,,,,N,4,0,1,2,A,-,09,21801,A,N,H,C,A,A,H,-,A,D,0,,,,,Y,,A,01,0,0,1,0,0,0,0,0,0,"- ","- ",,,VENTURA,"THOUSAND OAKS",-118.87827301025391,34.205638885498047
91374989,2020,2020-12-24,9765,2020-12-23,2353,020850,,3,3,9,5600,0,3,5,,2,004,"GRAND AVE.","MUIR ST.",528.00,N,N,A,-,N,,,,,,,,,,Y,4,0,1,1,A,-,08,22107,,N,E,I,A,A,H,-,D,D,0,,,,,Y,,A,07,0,0,1,0,0,0,0,0,0,"- ","- ",34.411960601806641,-118.93415832519531,VENTURA,UNINCORPORATED,-118.93433380126953,34.410667419433594
91375569,2020,2020-12-28,9770,2020-12-19,0350,021911,,6,3,9,5600,0,1,3,,1,046,"SR-126 W/B (EAST TELEGRAPH ROAD)","LOS ANGELES/VENTURA COUNTY LINE",2600.00,W,N,A,-,Y,,,126,,,,,,W,Y,4,0,1,1,A,-,08,22107,,N,F,I,A,A,H,-,D,D,0,,,,,Y,,A,01,0,0,1,0,0,0,0,0,0,"- ","- ",34.405139923095703,-118.70208740234375,VENTURA,UNINCORPORATED,-118.70207214355469,34.405094146728516
9137748,2020,2020-10-10,5608,2020-08-05,1528,524,VENTU,3,5,6,5608,0,0,0,,0,003,"DEAN DR","ASHWOOD AV",0.00,,N,A,-,N,,,,,,,,,,Y,3,0,1,2,A,-,08,22107,A,M,C,E,A,A,H,-,A,A,0,,,,,Y,,A,01,0,1,0,0,0,0,0,0,0,"- ","- ",,,VENTURA,VENTURA,-119.23787689208984,34.268478393554688
9137750,2020,2020-10-10,5608,2020-08-05,1923,494,,3,5,6,5608,0,0,0,,0,002,"TELEGRAPH RD","JOANNE AV",0.00,,Y,A,-,N,,,,,,,,,,Y,3,0,2,2,A,-,09,21802,A,N,D,C,A,A,H,-,B,D,0,,,,,Y,,A,01,0,2,0,0,0,0,0,0,0,"- ","- ",,,VENTURA,VENTURA,-119.25572967529297,34.271980285644531
91378226,2020,2020-12-30,9765,2020-12-20,1235,022506,,7,1,9,5600,0,1,3,,1,021,"SR-33 (MARICOPA HWY)","CAMINO CIELO",124.00,S,N,A,-,Y,,,33,,,,,,,N,3,0,1,1,A,-,08,22107,,N,F,A,A,A,H,-,A,D,0,,,Y,,Y,,C,02,0,1,0,0,0,0,0,0,1,"- ","- ",34.483371734619141,-119.29556274414062,VENTURA,UNINCORPORATED,-119.29555511474609,34.483394622802734
91378532,2020,2020-12-31,9765,2020-12-23,0630,022182,,3,1,9,5600,0,3,5,,2,004,"SOUTH MOUNTAIN ROAD","BALCOM CANYON ROAD",2640.00,W,N,A,-,N,,,,,,,,,,Y,4,0,2,2,A,-,06,21750,,N,D,C,A,A,H,-,B,D,0,,,,,Y,,D,22,0,0,2,0,0,0,0,0,0,"- ","- ",34.354328155517578,-118.98976898193359,VENTURA,UNINCORPORATED,-118.98965454101562,34.354324340820312
91378609,2020,2020-12-31,9765,2020-12-23,0410,022464,,3,3,9,5600,0,3,5,,2,005,"CENTRAL AVENUE","SANTA CLARA AVE",0.00,,Y,B,-,N,,,,,,,,,,Y,2,0,4,2,A,-,12,21453,A,N,D,C,A,A,H,-,C,A,0,,,,,Y,,A,01,1,2,1,0,0,0,0,0,0,"- ","- ",34.239170074462891,-119.12589263916016,VENTURA,UNINCORPORATED,-119.125732421875,34.239151000976562
91386676,2021,2021-01-13,9765,2021-01-05,1705,020334,,2,2,5,5601,0,1,2,,2,502,"US-101 N/B","LEWIS ROAD",200.00,S,N,A,-,Y,,,101,,,,,,N,Y,4,0,1,2,A,-,07,21658,A,N,B,C,A,A,H,-,C,D,0,,,,Y,Y,,G,25,0,0,1,0,0,0,0,0,0,"- ","- ",34.216831207275391,-119.03404998779297,VENTURA,CAMARILLO,-119.03403472900391,34.216884613037109
9138838,2020,2020-09-24,5604,2020-07-30,0827,5623,,4,5,6,5604,0,0,0,,0,024,"W CHANNEL ISLANDS BL","S J ST",0.00,,Y,A,-,N,,,,,,,,,,Y,4,0,1,3,A,-,09,21801,A,N,D,C,A,A,H,-,A,A,0,,,,,Y,,A,01,0,0,1,0,0,0,0,0,0,"- ","- ",,,VENTURA,OXNARD,-119.18617248535156,34.175579071044922
9138901,2020,2020-10-09,5604,2020-07-24,1725,5408,,5,5,6,5604,0,0,0,,0,032,"E CHANNEL ISLAND BL","STATHAM BL",0.00,,Y,A,-,N,,,,,,,,,,Y,4,0,2,2,A,-,09,21801,A,N,D,C,A,A,H,-,A,A,0,,,,,Y,,A,07,0,0,2,0,0,0,0,0,0,"- ","- ",34.173370361328125,-119.16562652587891,VENTURA,OXNARD,-119.1656494140625,34.173431396484375
9138904,2020,2020-10-09,5604,2020-07-26,1610,4755,,7,5,6,5604,0,0,0,,0,021,"SOUTH VICTORIA AV","CURLEW WY",0.00,,Y,A,-,N,,,,,,,,,,N,4,0,1,2,D,-,00,,,N,C,C,A,A,H,-,A,A,0,,,,,Y,,-,"- ",0,0,1,0,0,0,0,0,0,"- ","- ",34.170719146728516,-119.22154235839844,VENTURA,OXNARD,-119.22162628173828,34.170730590820312