CASE_ID,ACCIDENT_YEAR,PROC_DATE,JURIS,COLLISION_DATE,COLLISION_TIME,OFFICER_ID,REPORTING_DISTRICT,DAY_OF_WEEK,CHP_SHIFT,POPULATION,CNTY_CITY_LOC,SPECIAL_COND,BEAT_TYPE,CHP_BEAT_TYPE,CITY_DIVISION_LAPD,CHP_BEAT_CLASS,BEAT_NUMBER,PRIMARY_RD,SECONDARY_RD,DISTANCE,DIRECTION,INTERSECTION,WEATHER_1,WEATHER_2,STATE_HWY_IND,CALTRANS_COUNTY,CALTRANS_DISTRICT,STATE_ROUTE,ROUTE_SUFFIX,POSTMILE_PREFIX,POSTMILE,LOCATION_TYPE,RAMP_INTERSECTION,SIDE_OF_HWY,TOW_AWAY,COLLISION_SEVERITY,NUMBER_KILLED,NUMBER_INJURED,PARTY_COUNT,PRIMARY_COLL_FACTOR,PCF_CODE_OF_VIOL,PCF_VIOL_CATEGORY,PCF_VIOLATION,PCF_VIOL_SUBSECTION,HIT_AND_RUN,TYPE_OF_COLLISION,MVIW,PED_ACTION,ROAD_SURFACE,ROAD_COND_1,ROAD_COND_2,LIGHTING,CONTROL_DEVICE,CHP_ROAD_TYPE,PEDESTRIAN_ACCIDENT,BICYCLE_ACCIDENT,MOTORCYCLE_ACCIDENT,TRUCK_ACCIDENT,NOT_PRIVATE_PROPERTY,ALCOHOL_INVOLVED,STWD_VEHTYPE_AT_FAULT,CHP_VEHTYPE_AT_FAULT,COUNT_SEVERE_INJ,COUNT_VISIBLE_INJ,COUNT_COMPLAINT_PAIN,COUNT_PED_KILLED,COUNT_PED_INJURED,COUNT_BICYCLIST_KILLED,COUNT_BICYCLIST_INJURED,COUNT_MC_KILLED,COUNT_MC_INJURED,PRIMARY_RAMP,SECONDARY_RAMP,LATITUDE,LONGITUDE,COUNTY,CITY,POINT_X,POINT_Y
91869408,2022,2022-09-21,9770,2022-09-08,0133,020832,,4,3,6,5607,0,1,2,,2,073,"US-101 S/B TO MOORPARK ROAD","MOORPARK ROAD",35.00,N,N,A,-,Y,VEN,,101,,,4.093,H,,L,N,3,0,1,2,A,-,01,23152,A,N,C,C,A,A,H,-,C,A,0,,,,,Y,Y,A,07,0,1,0,0,0,0,0,0,0,"- ","- ",34.177051544189453,-118.87689208984375,VENTURA,"THOUSAND OAKS",-118.87686157226562,34.177310943603516
91869610,2022,2022-09-21,9770,2022-09-17,1458,019955,,6,2,9,5600,0,1,3,,1,057,"SR-23 (CHAMBERSBURG ROAD)","PASADENA AVENUE",1056.00,S,N,A,-,Y,VEN,,23,,,22.544,H,,R,Y,4,0,1,2,A,-,08,22107,,N,A,C,A,A,H,-,A,D,0,,,,,Y,,A,01,0,0,1,0,0,0,0,0,0,"- ","- ",34.372398376464844,-118.91575622558594,VENTURA,UNINCORPORATED,-118.91576385498047,34.372409820556641
91869680,2022,2022-09-21,9765,2022-09-16,0615,016234,,5,1,9,5600,0,3,5,,2,006,"STURGIS ROAD","PLEASANT VALLEY ROAD",3700.00,W,N,A,-,N,,,,,,,,,,Y,4,0,1,1,A,-,08,22107,,N,E,I,A,A,H,-,B,D,0,,,,,Y,,A,01,0,0,1,0,0,0,0,0,0,"- ","- ",34.201770782470703,-119.1121826171875,VENTURA,UNINCORPORATED,-119.11200714111328,34.201725006103516
91870650,2022,2022-09-22,9765,2022-09-09,0752,020001,,5,1,6,5604,0,1,2,,2,501,"US-101 S/B (VENTURA FREEWAY)","DEL NORTE BLVD.",500.00,N,N,A,-,Y,VEN,,101,,,19.025,H,,L,N,4,0,1,2,A,-,03,22350,,N,C,C,A,A,H,-,A,D,0,,,,,Y,,A,01,0,0,1,0,0,0,0,0,0,"- ","- ",34.222019195556641,-119.1285400390625,VENTURA,OXNARD,-119.1285400390625,34.222042083740234
91871043,2022,2022-09-22,9765,2022-09-13,1734,021999,,2,2,5,5601,0,1,2,,2,504,"US-101 N/B (VENTURA FREEWAY)","ARNEILL ROAD",250.00,N,N,A,-,Y,VEN,,101,,,14.181,H,,R,Y,3,0,2,3,A,-,03,22350,,N,C,C,A,A,H,-,A,D,0,,,,,Y,,A,01,0,2,0,0,0,0,0,0,0,"- ","- ",34.217441558837891,-119.03997039794922,VENTURA,CAMARILLO,-119.03997039794922,34.21746826171875
9187111,2020,2021-01-06,5609,2020-10-26,1458,497,,1,5,6,5609,0,0,0,,0,004,"TRACY AV","COCHRAN ST",12.00,S,N,B,-,N,,,,,,,,,,N,4,0,1,2,A,-,12,21453,A,F,G,B,B,A,H,-,A,A,0,Y,,,,Y,,D,22,0,0,1,0,1,0,0,0,0,"- ","- ",34.278961181640625,-118.72360229492188,VENTURA,"SIMI VALLEY",-118.72362518310547,34.278987884521484
91871887,2022,2022-09-23,9765,2022-09-15,2300,022408,,4,3,9,5600,0,1,3,,2,041,"SR-126 W/B (SANTA PAULA FREEWAY)","WELLS ROAD",3000.00,E,N,A,-,Y,VEN,,126,,R,5.610,H,,L,Y,3,0,1,1,A,-,01,23152,A,N,E,J,A,A,H,-,C,D,0,,,,,Y,Y,-,"- ",0,1,0,0,0,0,0,0,0,"- ","- ",34.294609069824219,-119.14826202392578,VENTURA,UNINCORPORATED,-119.14820861816406,34.294551849365234
9187258,2020,2021-02-03,5608,2020-11-05,0921,454,VENTU,4,5,6,5608,0,0,0,,0,003,"TELEGRAPH RD","MILLS RD",125.00,W,N,A,-,N,,,,,,,,,,N,3,0,1,1,A,-,04,21703,,N,H,A,A,A,H,-,A,A,0,,,,,Y,,-,,0,1,0,0,0,0,0,0,0,"- ","- ",,,VENTURA,VENTURA,-119.24822998046875,34.273021697998047
9187832,2020,2021-01-06,5608,2020-10-30,0140,472,,5,5,6,5608,0,0,0,,0,002,"HARBOR BL","HARBOR BL 2997",0.00,,N,A,-,N,,,,,,,,,,Y,4,0,1,3,A,-,13,22515,A,F,B,B,E,A,H,-,C,D,0,Y,,,,Y,,A,01,0,0,1,0,1,0,0,0,0,"- ","- ",34.156700134277344,-119.26000213623047,VENTURA,VENTURA,,
9187875,2020,2021-02-03,5604,2020-11-16,1745,4942,,1,5,6,5604,0,0,0,,0,041,"E CHANNEL ISLANDS BLVD","FOURNIER ST",0.00,,Y,A,-,N,,,,,,,,,,Y,3,0,4,3,A,-,09,21802,A,N,D,C,A,A,H,-,C,D,0,,,Y,,Y,,A,01,0,1,3,0,0,0,0,0,1,"- ","- ",,,VENTURA,OXNARD,-119.17015075683594,34.173381805419922
91881393,2022,2022-10-04,9765,2022-09-23,0015,022872,,5,3,6,5608,0,1,2,,1,104,"US-101 N/B (VENTURA FREEWAY)","GARDEN ST",60.00,N,N,A,-,Y,VEN,,101,,,30.745,H,,R,Y,4,0,1,1,A,-,01,23152,A,N,E,I,A,A,H,-,C,D,0,,,,,Y,Y,A,07,0,0,1,0,0,0,0,0,0,"- ","- ",34.278400421142578,-119.30329132080078,VENTURA,VENTURA,-119.30332946777344,34.278305053710938
91883133,2022,2022-10-05,9765,2022-09-20,0750,017599,,2,1,6,5604,1,4,S,,2,901,"VENTURA BLVD","ALVARADO STREET",226.00,W,N,A,-,N,,,,,,,,,,N,4,0,1,1,C,-,18,,,N,H,A,A,A,H,-,A,D,0,,,,,Y,,-,"- ",0,0,1,0,0,0,0,0,0,"- ","- ",34.2275390625,-119.16677856445312,VENTURA,OXNARD,-119.16661071777344,34.227481842041016
91885449,2022,2022-10-07,9770,2022-10-06,1645,020353,,4,2,6,5609,0,1,3,,2,082,"SR-118 W/B (RONALD REAGAN FWY)","STOW STREET",750.00,W,N,A,-,Y,VEN,,118,,R,29.164,H,,L,Y,4,0,1,3,A,-,03,22350,,N,C,2,A,A,H,-,A,D,0,,,,,Y,,A,01,0,0,1,0,0,0,0,0,0,"- ","- ",34.281681060791016,-118.68553924560547,VENTURA,"SIMI VALLEY",-118.68553924560547,34.281742095947266
9188607,2020,2021-02-03,5604,2020-11-04,1603,5490,,3,5,6,5604,0,0,0,,0,021,"DUNKIRK DR","IBIZA LN",0.00,,Y,A,-,N,,,,,,,,,,,3,0,1,2,A,-,09,21801,A,N,D,C,A,A,H,-,A,D,0,,,,,Y,,A,01,0,1,0,0,0,0,0,0,0,"- ","- ",,,VENTURA,OXNARD,-119.210693359375,34.196201324462891
9188619,2020,2021-02-03,5608,2020-11-02,1746,5249,,1,5,6,5608,0,0,0,,0,024,"W CHANNEL ISLANDS BL","S VENTURA RD S",0.00,,Y,A,-,N,,,,,,,,,,N,3,0,1,2,A,-,11,21453,D,N,G,B,B,A,H,-,C,A,0,Y,,,,Y,,N,60,0,1,0,0,1,0,0,0,0,"- ","- ",,,VENTURA,VENTURA,-119.19490814208984,34.175701141357422
9188673,2020,2020-12-07,5604,2020-10-31,1750,5434,,6,5,6,5604,0,0,0,,0,023,"S OXNARD BL","8TH ST",0.00,,Y,A,-,N,,,,,,,,,,Y,4,0,3,2,A,-,01,23153,A,N,D,C,A,A,H,-,A,A,0,,,,,Y,Y,A,01,0,0,3,0,0,0,0,0,0,"- ","- ",34.193698883056641,-119.17742156982422,VENTURA,OXNARD,-119.17749786376953,34.193721771240234
91887699,2022,2022-10-11,9770,2022-10-05,0150,020832,,3,3,6,5607,0,1,3,,2,084,"SR-23 N/B (MOORPARK FREEWAY)","ERBES ROAD",360.00,S,N,A,-,Y,VEN,,23,,R,7.679,H,,R,Y,3,0,1,2,C,-,18,,,N,D,C,A,A,H,-,D,D,0,,,,,Y,,-,"- ",0,1,0,0,0,0,0,0,0,"- ","- ",34.234138488769531,-118.84295654296875,VENTURA,"THOUSAND OAKS",-118.84294891357422,34.234134674072266
91889330,2022,2022-10-13,9765,2022-10-05,1640,023043,,3,2,9,5600,0,1,3,,1,020,"VENTURA AVENUE","MCKEE STREET",200.00,S,N,A,-,N,,,,,,,,,,Y,4,0,1,2,A,-,09,21801,A,N,A,C,A,A,H,-,A,D,0,,,,,Y,,A,07,0,0,1,0,0,0,0,0,0,"- ","- ",34.325199127197266,-119.29013061523438,VENTURA,UNINCORPORATED,-119.29014587402344,34.325290679931641
91891463,2022,2022-10-17,9765,2022-10-05,0230,019034,,3,3,6,5608,0,1,3,,1,031,"SR-126 W/B","BRIGGS RD",636.00,E,N,A,-,Y,VEN,,126,,R,9.036,H,,L,Y,3,0,1,2,A,-,08,22107,,N,G,C,A,A,H,-,C,D,0,,,,,Y,,A,01,0,1,0,0,0,0,0,0,0,"- ","- ",34.323501586914062,-119.09942626953125,VENTURA,VENTURA,-119.0994873046875,34.323566436767578
91891644,2022,2022-10-17,9765,2022-10-10,0656,019277,,1,1,9,5600,0,1,2,,1,104,"US-101 N/B (VENTURA FREEWAY)","HOBSON ROAD",2112.00,S,N,B,-,Y,VEN,,101,,R,38.464,H,,R,Y,4,0,2,4,A,-,03,22350,,M,C,C,A,A,D,-,B,D,0,,,,,Y,,A,01,0,0,2,0,0,0,0,0,0,"- ","- ",34.339141845703125,-119.40853118896484,VENTURA,UNINCORPORATED,-119.40853881835938,34.339130401611328
91891852,2022,2022-10-17,9765,2022-10-12,0555,016234,,3,3,9,5600,0,3,5,,2,006,"ETTING ROAD","DODGE ROAD",1450.00,E,N,B,-,N,,,,,,,,,,Y,4,0,2,2,A,-,03,22350,,N,D,C,A,A,H,-,D,A,0,,,,,Y,,A,01,0,0,2,0,0,0,0,0,0,"- ","- ",34.161689758300781,-119.13124847412109,VENTURA,UNINCORPORATED,-119.13138580322266,34.16168212890625
91893942,2022,2022-10-19,9765,2022-10-14,1650,023043,,5,2,6,5608,0,1,2,,1,102,"US-101 N/B (VENTURA FREEWAY)","SANJON RD",250.00,N,N,A,-,Y,VEN,,101,,,29.597,H,,R,Y,4,0,2,3,A,-,03,22350,,N,C,C,A,A,H,-,A,D,0,,,,,Y,,-,"- ",0,0,2,0,0,0,0,0,0,"- ","- ",34.274021148681641,-119.28521728515625,VENTURA,VENTURA,-119.2852783203125,34.273967742919922
9189399,2020,2020-12-15,5604,2020-09-13,1923,5472,,7,5,6,5604,0,0,0,,0,024,"SAVIERS RD","CHANNEL ISLANDS BL",100.00,N,N,A,-,N,,,,,,,,,,N,4,0,1,2,A,-,03,22350,,N,C,A,A,A,H,-,A,A,0,,,,,Y,,A,01,0,0,1,0,0,0,0,0,0,"- ","- ",34.174568176269531,-119.17954254150391,VENTURA,OXNARD,-119.17765045166016,34.173713684082031
91899182,2022,2022-10-25,9765,2022-10-19,0640,022872,,3,1,9,5600,0,1,3,,1,068,"SR-34 (5TH STREET)","WOOD ROAD",15.00,E,N,A,-,Y,VEN,,34,,,8.908,H,,R,Y,3,0,1,2,A,-,03,22350,,N,C,C,A,A,H,-,B,D,0,,,,Y,Y,,A,01,0,1,0,0,0,0,0,0,0,"- ","- ",34.196521759033203,-119.09615325927734,VENTURA,UNINCORPORATED,-119.09615325927734,34.196563720703125
9189937,2020,2021-02-02,5608,2020-11-08,1935,517,,7,5,6,5608,0,0,0,,0,001,"EAST THOMPSON BL","C LINE E THOMPSON",10.00,S,N,A,-,N,,,,,,,,,,Y,3,0,4,2,A,-,09,21801,A,N,A,C,A,A,H,-,C,A,0,,,,,Y,,A,01,0,2,2,0,0,0,0,0,0,"- ","- ",,,VENTURA,VENTURA,,
9189944,2020,2021-02-25,5608,2020-11-08,1358,474,25,7,5,6,5608,0,0,0,,0,001,"W MAIN ST","OLIVE ST",0.00,,Y,A,-,N,,,,,,,,,,Y,4,0,1,2,A,-,01,23152,F,N,C,C,A,A,H,-,A,A,0,,,Y,,Y,,C,02,0,0,1,0,0,0,0,0,1,"- ","- ",,,VENTURA,VENTURA,-119.30387878417969,34.281440734863281
91905047,2022,2022-10-31,9765,2022-10-23,1501,022488,,7,2,9,5600,0,1,3,,1,022,"SR-150 (CASITAS PASS ROAD)","LAGUNA RIDGE FIRE ROAD",4224.00,W,N,A,-,Y,VEN,,150,,,8.647,H,,R,N,3,0,1,1,A,-,08,22107,,N,E,I,A,A,H,-,A,D,0,,,,,Y,,A,08,0,1,0,0,0,0,0,0,0,"- ","- ",34.404499053955078,-119.36807250976562,VENTURA,UNINCORPORATED,-119.36802673339844,34.404541015625
91905313,2022,2022-10-31,9770,2022-10-21,0730,017973,,5,1,9,5600,0,2,4,,1,056,"SR-23 (GRIMES CANYON ROAD)","23 VEN 21.03",50.00,S,N,A,-,Y,VEN,,23,,R,21.035,H,,R,N,4,0,1,2,A,-,05,21460,A,N,D,C,A,A,H,-,A,D,0,,,,Y,Y,,A,01,0,0,1,0,0,0,0,0,0,"- ","- ",34.352870941162109,-118.91847229003906,VENTURA,UNINCORPORATED,-118.91853332519531,34.352848052978516
91905323,2022,2022-10-31,9765,2022-10-22,0250,021682,,6,3,6,5608,0,1,3,,2,053,"VINEYARD AVE (SR-232)",SR-118,0.00,,Y,A,-,Y,VEN,,232,,R,4.110,H,,R,Y,2,0,1,1,A,-,01,23152,A,N,E,I,A,A,H,-,C,A,0,,,,,Y,Y,A,01,1,0,0,0,0,0,0,0,0,"- ","- ",34.274078369140625,-119.13514709472656,VENTURA,VENTURA,-119.13526153564453,34.273971557617188
91906945,2022,2022-11-01,9770,2022-10-29,1500,020169,,6,2,6,5607,0,1,2,,2,075,"US-101 S/B TO HAMPSHIRE ROAD","HAMPSHIRE ROAD",80.00,N,N,A,-,Y,,,,,,,,,,N,4,0,1,2,A,-,03,22350,,N,C,C,A,A,H,-,A,A,0,,,,,Y,,A,01,0,0,1,0,0,0,0,0,0,"- ","- ",34.165828704833984,-118.83834075927734,VENTURA,"THOUSAND OAKS",-118.83834075927734,34.165828704833984
91906995,2022,2022-11-01,9765,2022-11-01,0600,019721,,2,1,9,5600,0,3,5,,2,004,"FOOTHILL RD.","ADAMS CANYON RD.",285.00,W,N,A,-,N,,,,,,,,,,Y,4,0,1,1,A,-,08,22107,,N,E,J,A,A,H,-,D,D,0,,,,,Y,,A,01,0,0,1,0,0,0,0,0,0,"- ","- ",34.345779418945312,-119.10434722900391,VENTURA,UNINCORPORATED,-119.10421752929688,34.345767974853516
91909746,2022,2022-11-04,9765,2022-10-28,1715,021167,,5,2,6,5608,0,1,3,,2,030,"SR-126 E/B (SANTA PAULA FREEWAY)","WELLS RD",2100.00,W,N,A,-,Y,VEN,,126,,,4.684,H,,R,Y,4,0,1,3,A,-,03,22350,,N,C,C,A,A,H,-,A,D,0,,,,,Y,,A,07,0,0,1,0,0,0,0,0,0,"- ","- ",34.28662109375,-119.16118621826172,VENTURA,VENTURA,-119.16121673583984,34.286655426025391
91911209,2022,2022-11-07,9765,2022-10-23,0510,018884,,7,3,6,5608,0,1,3,,2,030,"SR-126 EB FROM VICTORIA AVE NB","VICTORIA AVENUE O/C",380.00,E,N,A,-,Y,VEN,,126,,,1.536,H,,R,N,2,0,1,2,A,-,00,21960,A,N,G,B,D,A,H,-,D,D,0,Y,,,,Y,,N,60,1,0,0,0,1,0,0,0,0,"- ","- ",34.271358489990234,-119.212158203125,VENTURA,VENTURA,-119.21217346191406,34.271476745605469
91912314,2022,2022-11-08,9765,2022-10-28,2230,022992,,5,3,9,5600,0,3,5,,2,005,"BRADLEY ROAD","COYOTE CANYON ROAD",1283.00,N,N,A,-,N,,,,,,,,,,N,3,0,2,1,A,-,03,22350,,N,E,I,A,A,H,-,D,D,0,,,,,Y,Y,A,01,0,2,0,0,0,0,0,0,0,"- ","- ",34.304729461669922,-118.9945068359375,VENTURA,UNINCORPORATED,,
91912325,2022,2022-11-08,9765,2022-10-31,0648,022872,,1,1,6,5608,0,1,2,,2,302,"US-101 N/B (VENTURA FWY)","JOHNSON DR",3168.00,N,N,A,-,Y,VEN,,101,,R,24.020,H,,R,Y,3,0,1,2,A,-,08,22107,,F,B,C,A,A,H,-,B,D,0,,,,,Y,,-,99,0,1,0,0,0,0,0,0,0,"- ","- ",34.247890472412109,-119.20156097412109,VENTURA,VENTURA,-119.20158386230469,34.247859954833984
91914057,2022,2022-11-09,9765,2022-11-02,0820,019988,,3,1,6,5608,0,1,2,,2,302,"US-101 N/B (VENTURA FREEWAY)","TELEPHONE RD.",322.00,N,N,B,-,Y,VEN,,101,,,26.064,H,,R,Y,3,0,1,1,A,-,08,22107,,N,E,8,A,B,H,-,A,D,0,,,,,Y,,A,01,0,1,0,0,0,0,0,0,0,"- ","- ",34.2630615234375,-119.23207855224609,VENTURA,VENTURA,-119.23213195800781,34.262985229492188
91916769,2022,2022-11-14,9765,2022-11-04,1718,022488,,5,2,6,5608,0,1,3,,1,046,"SR-118 (LOS ANGELES AVE)","COUNTRY DRIVE",45.00,E,N,A,-,Y,VEN,,118,,R,1.461,H,,R,Y,3,0,1,4,A,-,03,22350,,N,C,C,A,A,H,-,A,A,0,,,Y,,Y,,C,02,0,1,0,0,0,0,0,0,1,"- ","- ",34.28076171875,-119.14443206787109,VENTURA,VENTURA,-119.14454650878906,34.280647277832031
91918183,2022,2022-11-15,9765,2022-11-12,1516,022337,,6,2,9,5600,0,1,3,,2,040,"SR-126 E/B (SANTA PAULA FREEWAY)","WELLS ROAD",1056.00,E,N,A,-,Y,VEN,,126,,R,6.125,H,,R,Y,4,0,1,1,A,-,08,22107,,N,E,I,A,A,H,-,A,D,0,,,,,Y,,A,01,0,0,1,0,0,0,0,0,0,"- ","- ",34.298801422119141,-119.14071655273438,VENTURA,UNINCORPORATED,-119.14073944091797,34.298820495605469
91920215,2022,2022-11-17,9770,2022-11-06,1455,018332,,7,2,5,5601,0,1,2,,2,071,"US-101 S/B (VENTURA FREEWAY)","CAMARILLO INSPECTION FACILITY",400.00,N,N,A,-,Y,VEN,,101,,,9.259,H,,L,Y,4,0,2,3,A,-,03,22350,,N,C,C,A,A,H,-,A,D,0,,,,,Y,,A,01,0,0,2,0,0,0,0,0,0,"- ","- ",34.200271606445312,-118.95945739746094,VENTURA,CAMARILLO,-118.95945739746094,34.20025634765625
91920621,2022,2022-12-15,9765,2022-11-14,0800,016234,,1,1,9,5600,0,3,5,,2,005,"BRADLEY ROAD","BALCOM CYN ROAD",500.00,W,N,A,-,N,,,,,,,,,,Y,4,0,1,2,A,-,06,21750,A,N,B,C,A,A,H,-,A,D,0,,,,Y,Y,,A,01,0,0,1,0,0,0,0,0,0,"- ","- ",34.312660217285156,-118.98377227783203,VENTURA,UNINCORPORATED,-118.97373962402344,34.312644958496094
91920775,2022,2022-11-17,9770,2022-11-06,1600,018332,,7,2,9,5600,0,3,5,,2,005,"STOCKTON RD","EAST RD.",1584.00,E,N,A,-,N,,,,,,,,,,N,2,0,1,1,A,-,08,22107,,N,F,I,A,A,H,-,A,D,0,,,Y,,Y,,C,02,1,0,0,0,0,0,0,0,1,"- ","- ",34.293338775634766,-118.94673156738281,VENTURA,UNINCORPORATED,-118.94718933105469,34.293102264404297
91923407,2022,2022-11-21,9770,2022-11-09,2230,020641,,3,3,6,5607,0,1,2,,2,072,"US-101 N/B (VENTURA FREEWAY)","LYNN ROAD",1000.00,S,N,A,-,Y,VEN,,101,,,4.656,H,,R,N,4,0,1,2,A,-,01,23152,F,M,B,C,A,A,H,-,C,D,0,,,,,Y,,A,01,0,0,1,0,0,0,0,0,0,"- ","- ",34.180759429931641,-118.88568878173828,VENTURA,"THOUSAND OAKS",-118.88570404052734,34.180736541748047
91923516,2022,2022-11-21,9770,2022-11-12,1420,020849,,6,2,9,5600,0,2,4,,1,088,"BOX CANYON RD","BRYANT DRIVE",1056.00,S,N,A,-,N,,,,,,,,,,Y,3,0,2,1,A,-,08,22107,,N,E,I,A,A,H,-,A,D,0,,,,,Y,,A,01,0,2,0,0,0,0,0,0,0,"- ","- ",34.249111175537109,-118.65026092529297,VENTURA,UNINCORPORATED,-118.65001678466797,34.249675750732422
9192366,2020,2021-01-12,5600,2020-11-14,1217,4878,,6,5,4,5690,0,0,0,,0,,"WALNUT CANYON RD","CHAMPIONSHIP DR",315.00,S,N,A,-,N,,,,,,,,,,N,3,0,1,2,A,-,06,21750,A,F,B,G,A,A,H,-,A,D,0,,Y,,,Y,,A,08,0,1,0,0,0,0,1,0,0,"- ","- ",34.303920745849609,-118.87886810302734,VENTURA,MOORPARK,-118.87845611572266,34.303150177001953
91924105,2022,2022-11-22,9770,2022-11-19,1235,021738,,6,1,6,5607,0,1,2,,2,073,"US-101 S/B (VENTURA FREEWAY)","VENTU PARK ROAD OVERCROSSING",1584.00,N,N,A,-,Y,VEN,,101,,,6.561,H,,L,N,4,0,2,2,A,-,03,22350,,N,C,C,A,A,H,-,A,D,0,,,,,Y,,A,07,0,0,2,0,0,0,0,0,0,"- ","- ",34.184188842773438,-118.91774749755859,VENTURA,"THOUSAND OAKS",-118.91774749755859,34.184234619140625
91925136,2022,2022-11-23,9765,2022-11-15,1803,021167,,2,2,6,5608,0,1,2,,2,301,"US-101 S/B (VENTURA FREEWAY)","E MAIN ST",1273.00,N,N,A,-,Y,VEN,,101,,,26.994,H,,L,Y,3,0,1,2,A,-,08,22107,,N,B,4,A,A,H,-,D,D,0,,,,,Y,,D,22,0,1,0,0,0,0,0,0,0,"- ","- ",34.262020111083984,-119.24671173095703,VENTURA,VENTURA,-119.24676513671875,34.262065887451172
9192878,2020,2020-12-22,5600,2020-10-06,1621,2994,5146,2,5,4,5690,0,0,0,,0,2A01,"LOS ANGELES AV","EDENBRIDGE RD",237.00,E,N,A,-,Y,VEN,7,118,-,R,17.840,H,-,E,Y,3,0,1,2,A,-,01,23153,G,N,C,C,A,A,H,-,A,A,0,,,,,Y,Y,A,01,0,1,0,0,0,0,0,0,0,"- ","- ",34.278938293457031,-118.87722015380859,VENTURA,MOORPARK,-118.87621307373047,34.278877258300781
9192947,2020,2020-12-21,5604,2020-11-07,1758,5415,,6,5,6,5604,0,0,0,,0,012,"RT 232","N OXNARD BL N",0.00,,Y,A,-,N,,,232,,,,,,,N,3,0,1,2,A,-,11,21950,B,N,G,B,B,A,H,-,C,A,0,Y,,,,Y,,N,60,0,1,0,0,1,0,0,0,0,"- ","- ",34.226509094238281,-119.17733001708984,VENTURA,OXNARD,-119.17738342285156,34.226581573486328
91931568,2022,2022-12-01,9765,2022-11-19,1412,022337,,6,2,9,5600,0,1,2,,1,101,"US-101 S/B","MOBIL PIER ROAD",430.00,S,N,A,-,Y,VEN,,101,,R,39.753,H,,L,Y,3,0,4,3,A,-,03,22350,,N,C,C,A,A,D,-,A,D,0,,,,,Y,,A,07,0,2,2,0,0,0,0,0,0,"- ","- ",34.350738525390625,-119.42523956298828,VENTURA,UNINCORPORATED,-119.42546844482422,34.350624084472656
91931672,2022,2022-12-01,9765,2022-11-21,0240,023043,,1,3,5,5601,0,1,2,,2,501,"US-101 SB","CENTRAL AVENUE",1500.00,N,N,A,-,Y,VEN,,101,,,17.995,H,,L,Y,4,0,3,2,A,-,03,22350,,N,C,C,A,A,H,-,D,D,0,,,,,Y,Y,D,22,0,0,3,0,0,0,0,0,0,"- ","- ",34.221858978271484,-119.10711669921875,VENTURA,CAMARILLO,-119.10711669921875,34.221858978271484
9193229,2020,2021-02-03,5600,2020-11-12,2058,5008,8151,4,5,5,5601,0,0,0,,0,8B01,"VENTURA BL","ARNEILL RD",0.00,,Y,A,-,N,,,,,,,,,,Y,4,0,1,2,A,-,09,21801,A,N,E,C,A,-,H,-,C,A,0,,,,,Y,,A,01,0,0,1,0,0,0,0,0,0,"- ","- ",34.214691162109375,-119.04251098632812,VENTURA,CAMARILLO,-119.03910827636719,34.216510772705078
91935297,2022,2022-12-06,9765,2022-11-25,0950,022872,,5,1,5,5601,0,1,2,,2,504,"US-101 N/B (VENTURA FWY)","FLYNN RD",739.00,N,N,A,-,Y,VEN,,101,,,13.316,H,,R,Y,3,0,1,4,A,-,03,22350,,N,C,C,A,A,H,-,A,D,0,,,,,Y,,D,22,0,1,0,0,0,0,0,0,0,"- ","- ",34.2158203125,-119.02504730224609,VENTURA,CAMARILLO,-119.02504730224609,34.215847015380859
91935367,2022,2022-12-06,9765,2022-11-25,1455,022443,,5,2,5,5601,0,1,2,,2,501,"US-101 S/B (VENTURA FREEWAY)","SPRINGVILLE DRIVE",575.00,S,N,A,-,Y,VEN,,101,,,16.673,H,,L,N,4,0,1,2,A,-,07,21658,A,M,H,0,A,A,H,-,A,D,0,,,,,Y,,-,99,0,0,1,0,0,0,0,0,0,"- ","- ",34.220050811767578,-119.08338165283203,VENTURA,CAMARILLO,-119.0833740234375,34.220115661621094
91935535,2022,2022-12-06,9765,2022-11-27,1102,022872,,7,1,9,5600,0,3,5,,2,006,"YERBA BUENA RD",SR-1,75.00,N,N,A,-,N,,,,,,,,,,N,3,0,1,1,A,-,21,22106,,N,E,I,A,A,H,-,A,D,0,,,Y,,Y,,C,02,0,1,0,0,0,0,0,0,1,"- ","- ",34.053489685058594,-118.96315002441406,VENTURA,UNINCORPORATED,-118.96307373046875,34.053337097167969
91935580,2022,2022-12-06,9765,2022-11-27,1724,021999,,7,2,6,5608,0,1,3,,2,040,"SR-126 W/B (SANTA PAULA FREEWAY)","WESTMINSTER AVENUE",400.00,E,N,A,-,Y,VEN,,126,,,1.057,H,,L,Y,4,0,4,2,A,-,08,22107,,N,D,2,A,A,H,-,D,D,0,,,,,Y,,-,"- ",0,0,4,0,0,0,0,0,0,"- ","- ",34.270500183105469,-119.22035217285156,VENTURA,VENTURA,-119.22035217285156,34.270526885986328
91937292,2022,2022-12-08,9765,2022-12-02,1620,020721,,5,2,5,5601,0,1,S,,2,904,"US-101 N/B (VENTURA FREEWAY)","LEWIS ROAD",3168.00,S,N,C,-,Y,VEN,,101,,,13.267,H,,R,N,4,0,1,2,A,-,03,22350,,N,C,C,A,B,H,-,B,D,0,,,,,Y,,A,07,0,0,1,0,0,0,0,0,0,"- ","- ",34.215808868408203,-119.02420806884766,VENTURA,CAMARILLO,-119.02420806884766,34.215847015380859