CASE_ID,ACCIDENT_YEAR,PROC_DATE,JURIS,COLLISION_DATE,COLLISION_TIME,OFFICER_ID,REPORTING_DISTRICT,DAY_OF_WEEK,CHP_SHIFT,POPULATION,CNTY_CITY_LOC,SPECIAL_COND,BEAT_TYPE,CHP_BEAT_TYPE,CITY_DIVISION_LAPD,CHP_BEAT_CLASS,BEAT_NUMBER,PRIMARY_RD,SECONDARY_RD,DISTANCE,DIRECTION,INTERSECTION,WEATHER_1,WEATHER_2,STATE_HWY_IND,CALTRANS_COUNTY,CALTRANS_DISTRICT,STATE_ROUTE,ROUTE_SUFFIX,POSTMILE_PREFIX,POSTMILE,LOCATION_TYPE,RAMP_INTERSECTION,SIDE_OF_HWY,TOW_AWAY,COLLISION_SEVERITY,NUMBER_KILLED,NUMBER_INJURED,PARTY_COUNT,PRIMARY_COLL_FACTOR,PCF_CODE_OF_VIOL,PCF_VIOL_CATEGORY,PCF_VIOLATION,PCF_VIOL_SUBSECTION,HIT_AND_RUN,TYPE_OF_COLLISION,MVIW,PED_ACTION,ROAD_SURFACE,ROAD_COND_1,ROAD_COND_2,LIGHTING,CONTROL_DEVICE,CHP_ROAD_TYPE,PEDESTRIAN_ACCIDENT,BICYCLE_ACCIDENT,MOTORCYCLE_ACCIDENT,TRUCK_ACCIDENT,NOT_PRIVATE_PROPERTY,ALCOHOL_INVOLVED,STWD_VEHTYPE_AT_FAULT,CHP_VEHTYPE_AT_FAULT,COUNT_SEVERE_INJ,COUNT_VISIBLE_INJ,COUNT_COMPLAINT_PAIN,COUNT_PED_KILLED,COUNT_PED_INJURED,COUNT_BICYCLIST_KILLED,COUNT_BICYCLIST_INJURED,COUNT_MC_KILLED,COUNT_MC_INJURED,PRIMARY_RAMP,SECONDARY_RAMP,LATITUDE,LONGITUDE,COUNTY,CITY,POINT_X,POINT_Y
91937399,2022,2022-12-08,9765,2022-12-05,0833,016549,,1,1,9,5600,0,1,3,,1,012,"SR-1 (PACIFIC COAST HWY)","VENTURA OVERHEAD BRIDGE",0.00,,Y,A,-,Y,VEN,,1,,,21.555,H,,R,Y,3,0,2,2,A,-,03,22350,,N,C,C,A,A,H,-,A,D,0,,,,,Y,,A,01,0,1,1,0,0,0,0,0,0,"- ","- ",34.292690277099609,-119.33846282958984,VENTURA,UNINCORPORATED,-119.3385009765625,34.292640686035156
91941347,2022,2022-12-13,9770,2022-07-18,0615,018942,,1,1,6,5609,0,1,3,,2,082,"SR-118 W/B (RONALD REAGAN FREEWAY)","YOSEMITE AVENUE",505.00,E,N,A,-,Y,VEN,,118,,R,29.642,H,,L,Y,1,1,0,1,A,-,08,22107,,N,E,8,A,A,H,-,A,D,0,,,,,Y,,A,01,0,0,0,0,0,0,0,0,0,"- ","- ",34.281879425048828,-118.67717742919922,VENTURA,"SIMI VALLEY",-118.67717742919922,34.281734466552734
91942170,2022,2022-12-14,9765,2022-12-09,1245,020691,,5,1,9,5600,0,3,5,,2,002,"RICE ROAD","PEGASUS STREET",150.00,N,N,A,-,N,,,,,,,,,,Y,4,0,1,2,A,-,03,22350,,N,D,C,A,A,H,-,A,D,0,,,,,Y,,A,07,0,0,1,0,0,0,0,0,0,"- ","- ",34.424968719482422,-119.29386901855469,VENTURA,UNINCORPORATED,-119.29176330566406,34.426166534423828
91943345,2022,2022-12-15,9770,2022-12-13,1720,018659,,2,2,9,5600,0,1,3,,1,057,"SR-23 (BELLVUE AVE.)","CHAMBERSBERG ROAD",856.00,W,N,A,-,Y,VEN,,23,,,22.366,H,,R,Y,3,0,3,2,A,-,03,22350,,N,C,C,A,A,H,-,D,A,0,,,,,Y,,A,01,0,1,2,0,0,0,0,0,0,"- ","- ",34.371860504150391,-118.91841125488281,VENTURA,UNINCORPORATED,-118.91841125488281,34.371871948242188
91944716,2022,2022-12-16,9430,2022-12-09,1700,022926,,5,2,9,5600,0,1,3,,1,030,"SR-33 S/B","PINE MOUNTAIN RIDGE RD",135.00,N,N,A,-,Y,VEN,,33,,,42.750,H,,L,N,3,0,1,1,A,-,03,22350,,N,A,I,A,A,H,-,A,D,0,,,,,Y,,-,"- ",0,1,0,0,0,0,0,0,0,"- ","- ",34.650100708007812,-119.38562774658203,VENTURA,UNINCORPORATED,-119.385498046875,34.650077819824219
91944719,2022,2022-12-16,9765,2022-12-07,1645,022453,,3,2,9,5600,0,3,5,,2,005,"ROSE AVENUE","CENTRAL AVENUE",0.00,,Y,A,-,N,,,,,,,,,,Y,3,0,1,2,A,-,01,23152,A,N,D,C,A,A,H,-,A,A,0,,,,,Y,Y,A,01,0,1,0,0,0,0,0,0,0,"- ","- ",34.250778198242188,-119.14273834228516,VENTURA,UNINCORPORATED,-119.14266967773438,34.250778198242188
91945611,2022,2022-12-19,9765,2022-12-09,1715,022488,,5,2,9,5600,0,1,3,,1,020,"SR-33 (N. VENTURA AVE)","W. PORTAL ST",0.00,,Y,A,-,Y,VEN,,33,,,8.419,H,,R,Y,2,0,1,2,A,-,09,21802,A,N,D,C,A,A,H,-,C,A,0,,,Y,,Y,,C,02,1,0,0,0,0,0,0,0,1,"- ","- ",34.391498565673828,-119.30162048339844,VENTURA,UNINCORPORATED,-119.30156707763672,34.391460418701172
91957618,2022,2023-01-02,9765,2022-12-22,1440,021999,,4,2,9,5600,0,1,3,,1,020,"SR-150 (CASITAS PASS ROAD)","RED MOUNTAIN ROAD",5280.00,E,N,A,-,Y,VEN,,150,,,6.303,H,,R,Y,3,0,1,1,A,-,03,22350,,N,E,I,A,A,G,-,A,D,0,,,,,Y,,A,01,0,1,0,0,0,0,0,0,0,"- ","- ",34.387371063232422,-119.36592102050781,VENTURA,UNINCORPORATED,-119.36590576171875,34.387325286865234
91959436,2022,2023-01-04,9765,2022-12-24,1402,021999,,6,2,9,5600,0,1,3,,2,060,"SR-1 (PACIFIC COAST HIGHWAY)","YERBA BUENA ROAD",250.00,S,N,A,-,Y,VEN,,1,,,1.105,H,,R,Y,2,0,2,2,A,-,09,21801,B,N,D,C,A,A,H,-,A,D,0,,,Y,,Y,,A,01,1,0,1,0,0,0,0,0,1,"- ","- ",34.052791595458984,-118.96235656738281,VENTURA,UNINCORPORATED,-118.96230316162109,34.052898406982422
91960783,2022,2023-01-05,9770,2022-12-29,1715,020169,,4,2,6,5609,0,1,3,,2,082,"SR-118 W/B FROM SYCAMORE DRIVE N/B","SYCAMORE DRIVE",5.00,E,N,C,-,Y,VEN,,118,,R,25.851,H,,L,Y,4,0,2,3,A,-,08,22107,,N,A,C,A,B,H,-,C,A,0,,,,,Y,,D,22,0,0,2,0,0,0,0,0,0,"- ","- ",34.282508850097656,-118.74340057373047,VENTURA,"SIMI VALLEY",-118.74340057373047,34.282436370849609
91961720,2022,2023-01-06,9765,2022-12-28,1352,020001,,3,1,9,5600,0,3,5,,2,005,"BERYLWOOD RD","BRADLEY RD",3246.00,W,N,B,-,N,,,,,,,,,,N,4,0,1,1,A,-,01,23152,F,N,E,J,A,D,H,-,A,D,0,,,,,Y,,A,01,0,0,1,0,0,0,0,0,0,"- ","- ",34.285591125488281,-119.01937103271484,VENTURA,UNINCORPORATED,-119.02036285400391,34.285552978515625
91963625,2022,2023-01-09,9765,2022-12-27,2130,022296,,2,2,9,5600,0,1,2,,2,103,"US-101 SB","PACIFIC COAST HIGHWAY UNDERCROSSING",1414.00,N,N,C,-,Y,VEN,,101,,R,39.332,H,,L,Y,4,0,3,2,A,-,03,22350,,N,C,C,A,B,D,-,C,D,0,,,,,Y,,A,01,0,0,3,0,0,0,0,0,0,"- ","- ",34.345718383789062,-119.42121887207031,VENTURA,UNINCORPORATED,-119.42142486572266,34.345569610595703
91963732,2022,2023-01-09,9765,2022-12-30,1500,022083,,5,2,9,5600,0,3,5,,2,006,"STURGIS ROAD","DEL NORTE BLVD.",2218.00,E,N,C,-,N,,,,,,,,,,N,4,0,1,1,A,-,08,22107,,N,E,I,A,B,H,-,A,D,0,,,,,Y,,A,01,0,0,1,0,0,0,0,0,0,"- ","- ",34.201751708984375,-119.11990356445312,VENTURA,UNINCORPORATED,-119.1201171875,34.201805114746094
91964617,2022,2023-01-10,9765,2022-12-31,1705,022488,,6,2,9,5600,0,1,2,,1,101,"US-101 S/B","SEACLIFF OH",1162.00,N,N,C,-,Y,VEN,,101,,R,39.204,H,,L,N,3,0,1,1,A,-,08,22107,,N,E,I,A,B,D,-,D,D,0,,,,,Y,,A,01,0,1,0,0,0,0,0,0,0,"- ","- ",34.344478607177734,-119.41963958740234,VENTURA,UNINCORPORATED,-119.41976165771484,34.344345092773438
9196738,2020,2021-02-02,5600,2020-11-20,0702,4617,9024,5,5,6,5607,0,0,0,,0,9B01,"AVENIDA DE LOS ARBOLES","KENSINGTON AV",0.00,,Y,A,-,N,,,,,,,,,,Y,4,0,1,2,A,-,09,21801,A,N,H,C,A,A,H,-,A,A,0,,,,,Y,,A,01,0,0,1,0,0,0,0,0,0,"- ","- ",34.212238311767578,-118.83168029785156,VENTURA,"THOUSAND OAKS",-118.83154296875,34.212398529052734
91968942,2023,2023-01-16,9765,2023-01-05,"730 ",016549,,4,1,9,5600,0,1,3,,1,020,"SR-33 (VENTURA AVE)","LARMIER AVE",140.00,S,N,B,C,Y,VEN,,33," "," ",8.484,H,,R,N,4,0,1,2,A,-,07,21658,A,N,B,C,A,B,H,-,A,A,0,,,,,Y,,D,22,0,0,1,0,0,0,0,0,0,"- ","- ",34.392471313476562,-119.30140686035156,VENTURA,UNINCORPORATED,-119.30129241943359,34.392440795898438
91969715,2023,2023-01-17,9765,2023-01-08,1235,016549,,7,1,6,5608,0,1,3,,1,031,"SR-126 W/B (SANTA PAULA FWY)","KIMBALL ROAD",2640.00,W,N,B,-,Y,VEN,,126," "," ",2.349,H,,L,N,4,0,1,2,A,-,17,22109,,M,C,C,A,A,H,-,A,D,0,,,,,Y,,A,07,0,0,1,0,0,0,0,0,0,"- ","- ",34.273738861083984,-119.19837951660156,VENTURA,VENTURA,-119.19837188720703,34.273719787597656
91969728,2022,2023-01-17,9770,2022-09-02,1901,020169,,5,2,9,5600,0,2,4,,1,062,"EAST POTRERO ROAD","PIXTON STREET",865.00,W,N,B,-,N,,,,,,,,,,Y,1,1,0,1,A,-,01,23152,G,N,F,I,A,A,H,-,A,A,0,,,Y,,Y,Y,C,02,0,0,0,0,0,0,0,1,0,"- ","- ",34.143329620361328,-118.87541961669922,VENTURA,UNINCORPORATED,-118.87520599365234,34.143299102783203
91969729,2023,2023-01-17,9765,2023-01-09,1310,016234,,1,1,6,5604,0,1,2,,2,502,"US-101 N/B (VENTURA FREEWAY)","ROSE AVE",50.00,S,N,B,C,Y,VEN,,101," "," ",21.002,H,,R,Y,4,0,1,2,A,-,03,22350,,N,A,C,A,B,H,-,A,D,0,,,,Y,Y,,A,01,0,0,1,0,0,0,0,0,0,"- ","- ",34.225139617919922,-119.15841674804688,VENTURA,OXNARD,-119.15843200683594,34.225105285644531
91969887,2023,2023-01-17,9770,2023-01-05,1405,019930,,4,2,6,5607,0,1,2,,2,073,"US-101 S/B (VENTURA FREEWAY)","WENDY DRIVE",2100.00,N,N,B,C,Y,VEN,,101," "," ",8.311,H,,L,Y,4,0,1,1,A,-,08,22107,,N,E,I,A,B,H,-,A,D,0,,,,,Y,,A,01,0,0,1,0,0,0,0,0,0,"- ","- ",34.192699432373047,-118.94587707519531,VENTURA,"THOUSAND OAKS",-118.94591522216797,34.192646026611328
91970096,2022,2023-01-17,9765,2022-05-14,1141,022296,,6,1,9,5600,0,3,5,,2,003,"OLIVAS PARK DR","TELEPHONE RD",0.00,,Y,A,-,N,,,,,,,,,,Y,1,1,2,2,A,-,08,22107,,F,E,I,A,A,H,-,A,A,0,,Y,,,Y,,L,04,0,1,1,0,0,0,0,0,0,"- ","- ",34.244319915771484,-119.23404693603516,VENTURA,UNINCORPORATED,-119.23417663574219,34.244396209716797
91970593,2023,2023-01-18,9765,2023-01-10,1815,021167,,2,2,6,5608,0,1,2,,2,301,"US-101 S/B","JOHNSON DR",300.00,S,N,A,-,Y,VEN,,101," ",R,23.398,H,,L,Y,4,0,5,3,A,-,03,22350,,N,C,C,A,A,H,-,C,D,0,,,,,Y,,A,01,0,0,5,0,0,0,0,0,0,"- ","- ",34.243080139160156,-119.19194793701172,VENTURA,VENTURA,-119.19190979003906,34.2431640625
9197098,2020,2020-12-24,5604,2020-10-29,2121,5534,,4,5,6,5604,0,0,0,,0,023,"C ST","4TH ST",100.00,S,N,A,-,N,,,,,,,,,,N,4,0,1,2,A,-,11,21954,A,F,G,B,D,A,H,-,C,D,0,Y,,,,Y,Y,N,60,0,0,1,0,1,0,0,0,0,"- ","- ",34.198238372802734,-119.18128967285156,VENTURA,OXNARD,-119.18109893798828,34.198734283447266
91971987,2023,2023-01-19,9765,2023-01-10,"555 ",017253,,2,3,6,5608,0,1,3,,1,020,"SR-33 S/B","STANLEY AVE",2170.00,N,N,B,C,Y,VEN,,33," "," ",2.107,H,,L,Y,3,0,1,1,A,-,03,22350,,N,E,I,A,B,H,-,D,D,0,,,,,Y,,-,"- ",0,1,0,0,0,0,0,0,0,"- ","- ",34.307991027832031,-119.29820251464844,VENTURA,VENTURA,-119.29838562011719,34.308036804199219
91972679,2023,2023-01-20,9770,2023-01-09,1245,023088,,1,1,4,5690,0,1,3,,2,080,"SR-118 W/B (RONALD REAGAN FREEWAY)","COLLINS DR",1056.00,E,N,B,C,Y,VEN,,118," ",R,20.599,H,,L,Y,4,0,1,1,A,-,03,22350,,N,E,I,A,B,H,-,A,D,0,,,,,Y,,A,01,0,0,1,0,0,0,0,0,0,"- ","- ",34.292709350585938,-118.83242797851562,VENTURA,MOORPARK,-118.83245086669922,34.292625427246094
91973274,2023,2023-01-20,9765,2023-01-15,"725 ",016549,,7,1,6,5608,0,1,2,,2,301,"US-101 S/B TO SR-126 E/B","MAIN STREET",175.00,S,N,B,-,Y,VEN,,101," "," ",26.677,H,,L,Y,3,0,1,1,A,-,03,22350,,N,E,8,A,B,H,-,A,D,0,,,,,Y,,A,01,0,1,0,0,0,0,0,0,0,"- ","- ",34.264350891113281,-119.24212646484375,VENTURA,VENTURA,-119.24222564697266,34.264598846435547
91976586,2023,2023-01-25,9770,2023-01-14,1530,019930,,6,2,6,5607,0,1,2,,2,074,"US-101 N/B (VENTURA FREEWAY)","HAMPSHIRE ROAD",522.00,N,N,B,C,Y,VEN,,101," "," ",1.739,H,,R,Y,4,0,1,1,A,-,03,22350,,N,E,I,A,B,H,-,A,D,0,,,,,Y,,A,01,0,0,1,0,0,0,0,0,0,"- ","- ",34.167228698730469,-118.83917999267578,VENTURA,"THOUSAND OAKS",-118.83924865722656,34.167160034179688
9197669,2020,2021-01-13,5604,2020-11-01,1530,5538,,7,5,6,5604,0,0,0,,0,032,"E CHANNEL ISLANDS BL","STATHEM BL",50.00,W,N,A,-,N,,,,,,,,,,Y,3,0,1,3,A,-,08,22107,,F,C,D,A,A,H,-,A,A,0,,,,,Y,,A,01,0,1,0,0,0,0,0,0,0,"- ","- ",34.173370361328125,-119.16562652587891,VENTURA,OXNARD,-119.16581726074219,34.173431396484375
91978435,2023,2023-01-26,9765,2023-01-21,"50  ",022488,,6,3,9,5600,0,1,3,,1,020,SR-33,"BALDWIN ROAD",70.00,S,N,A,-,Y,VEN,,33," "," ",11.177,H,,R,Y,3,0,1,1,A,-,01,23152,A,N,E,I,A,A,H,-,C,A,0,,,,,Y,Y,A,01,0,1,0,0,0,0,0,0,0,"- ","- ",34.429550170898438,-119.2884521484375,VENTURA,UNINCORPORATED,-119.28851318359375,34.429573059082031
91978787,2023,2023-01-26,9770,2023-01-14,1216,021341,,6,1,4,5690,0,1,3,,2,084,"SR-23 N/B (MOORPARK FREEWAY)","TIERRA REJADA",2640.00,S,N,B,C,Y,VEN,,23," ",R,9.662,H,,R,N,3,0,1,1,A,-,03,22350,,N,E,I,A,B,H,-,A,D,0,,,,,Y,,A,01,0,1,0,0,0,0,0,0,0,"- ","- ",34.261020660400391,-118.84517669677734,VENTURA,MOORPARK,-118.84523010253906,34.260974884033203
91981640,2023,2023-01-30,9770,2023-01-25,1600,016383,,3,2,6,5607,0,1,2,,2,072,"US-101 N/B (VENTURA FWY)","LYNN ROAD",1056.00,S,N,A,-,Y,VEN,,101," "," ",4.825,H,,R,Y,4,0,1,3,A,-,03,22350,,N,C,C,A,A,H,-,A,D,0,,,,,Y,,A,01,0,0,1,0,0,0,0,0,0,"- ","- ",34.182018280029297,-118.88822174072266,VENTURA,"THOUSAND OAKS",-118.88822937011719,34.1820068359375
91987321,2023,2023-02-06,9765,2023-01-25,1522,022337,,3,2,9,5600,0,1,3,,1,022,"SR-150 (CASITAS PASS RD)","RED MOUNTAIN FIRE ROAD",2112.00,W,N,A,-,Y,VEN,,150," "," ",4.559,H,,R,Y,4,0,1,1,A,-,08,22107,,N,F,J,A,A,H,-,A,D,0,,,,,Y,Y,A,01,0,0,1,0,0,0,0,0,0,"- ","- ",34.385059356689453,-119.38861846923828,VENTURA,UNINCORPORATED,-119.38858032226562,34.385032653808594
91991034,2023,2023-02-21,9765,2023-02-07,1754,020832,,2,2,9,5600,0,3,5,,2,005,"CENTRAL AVENUE","BEARDSLEY RD.",1162.00,E,N,A,-,N,,,,,,,,,,N,4,0,1,2,A,-,01,23152,A,N,C,C,A,A,H,-,D,D,0,,,,,Y,Y,A,01,0,0,1,0,0,0,0,0,0,"- ","- ",34.227821350097656,-119.10926055908203,VENTURA,UNINCORPORATED,-119.10927581787109,34.227863311767578
91992857,2023,2023-04-04,9770,2023-02-04,1050,017973,,6,1,9,5600,0,2,4,,1,031,"SANTA ROSA ROAD","VISTA ARROYO DRIVE",675.00,W,N,A,-,N,,,,,,,,,,N,3,0,1,2,A,-,17,23114,A,M,E,J,A,A,H,-,A,D,0,,,,,Y,,E,22,0,1,0,0,0,0,0,0,0,"- ","- ",34.240829467773438,-118.88910675048828,VENTURA,UNINCORPORATED,-118.88898468017578,34.240863800048828
91994275,2023,2023-07-05,9765,2023-02-09,1840,021852,,4,2,9,5600,0,1,2,,1,102,"US-101 S/B","BATES ROAD",3696.00,S,N,A,-,Y,VEN,,101," "," ",42.945,H,,L,Y,4,0,1,3,A,-,03,22350,,N,C,C,A,A,H,-,D,D,0,,,,,Y,,A,07,0,0,1,0,0,0,0,0,0,"- ","- ",34.375751495361328,-119.46646881103516,VENTURA,UNINCORPORATED,-119.46648406982422,34.375713348388672
91994449,2023,2023-02-14,9765,2023-02-09,1545,021999,,4,2,6,5604,0,1,2,,2,501,"US-101 S/B (VENTURA FREEWAY)","DEL NORTE BLVD.",335.00,N,N,A,-,Y,VEN,,101," "," ",18.991,H,,L,Y,2,0,1,1,C,-,18,,,N,E,I,A,A,H,-,A,D,0,,,,,Y,,-,"- ",1,0,0,0,0,0,0,0,0,"- ","- ",34.221889495849609,-119.12783050537109,VENTURA,OXNARD,-119.12783050537109,34.222038269042969
91995986,2023,2023-02-16,9765,2023-02-10,"34  ",019034,,5,3,9,5600,0,1,3,,2,053,"VINEYARD AVE.",SR-118,2681.00,S,N,A,-,N,,,,,,,,,,Y,3,0,1,1,A,-,01,23152,A,N,E,I,A,A,H,-,C,D,0,,,,,Y,Y,-,"- ",0,1,0,0,0,0,0,0,0,"- ","- ",34.268978118896484,-119.14185333251953,VENTURA,UNINCORPORATED,-119.14180755615234,34.269210815429688
9199929,2020,2021-03-01,5600,2020-12-03,1243,5586,9050,4,5,6,5607,0,0,0,,0,9B01,"MOORPARK RD","GAINSBOROUGH RD",111.00,S,N,A,G,N,,,,,,,,,,,4,0,2,2,A,-,03,22350,,N,C,C,A,A,E,-,A,A,0,,,,,Y,,A,07,0,0,2,0,0,0,0,0,0,"- ","- ",34.194881439208984,-118.8721923828125,VENTURA,"THOUSAND OAKS",-118.87245178222656,34.194664001464844
9199930,2020,2021-03-10,5600,2020-12-02,0752,5481,9006,3,5,6,5607,0,0,0,,0,9A01,"OLSEN RD","RT 23",350.00,W,N,A,-,N,,,,,,,,,,Y,3,0,1,2,A,-,03,22350,,N,C,C,A,A,H,-,A,D,0,,,,,Y,,A,01,0,1,0,0,0,0,0,0,0,"- ",NO,,,VENTURA,"THOUSAND OAKS",-118.84115600585938,34.240882873535156
9199932,2020,2021-03-01,5600,2020-12-12,1247,2833,9092,6,5,6,5607,0,0,0,,0,9G01,"MOORPARK RD","JANSS MARKET PL",154.00,S,N,A,-,N,,,,,,,,,,,3,0,1,1,A,-,03,22350,,N,E,J,A,A,H,-,A,D,0,,,Y,,Y,,C,02,0,1,0,0,0,0,0,0,1,"- ","- ",,,VENTURA,"THOUSAND OAKS",-118.87586212158203,34.182292938232422
91999786,2023,2023-02-22,9770,2023-02-10,1740,023088,,5,2,9,5600,0,1,3,,1,057,"SR-23 N/B (GRIMES CYN ROAD)","WAYNES WAY",4752.00,N,N,A,-,Y,VEN,,23," "," ",19.292,H,,R,N,4,0,1,2,A,-,05,21460,A,M,B,C,A,A,H,-,B,D,0,,,,,Y,Y,-,99,0,0,1,0,0,0,0,0,0,"- ","- ",34.341281890869141,-118.90463256835938,VENTURA,UNINCORPORATED,-118.90462493896484,34.341270446777344
92000090,2023,2023-02-22,9770,2023-02-18,"400 ",021911,,6,3,9,5600,0,1,3,,1,043,"SR-126 E/B (EAST TELEGRAPH ROAD)","HOPPER CANYON ROAD",315.00,W,N,A,-,Y,VEN,,126," ",R,26.068,H,,R,Y,3,0,1,1,A,-,01,23152,A,N,E,I,A,A,H,-,D,D,0,,,,,Y,Y,A,01,0,1,0,0,0,0,0,0,0,"- ","- ",34.400791168212891,-118.83389282226562,VENTURA,UNINCORPORATED,-118.83389282226562,34.400814056396484
9200207,2020,2021-02-10,5604,2020-12-08,1749,5377,,2,5,6,5604,0,0,0,,0,031,"CAMINO DEL SOL","ROSE AV",0.00,,Y,A,-,N,,,,,,,,,,Y,4,0,2,2,A,-,09,21800,A,N,A,C,A,A,H,-,C,A,0,,,,,Y,,A,01,0,0,2,0,0,0,0,0,0,"- ","- ",34.206329345703125,-119.15966796875,VENTURA,OXNARD,-119.15969085693359,34.206348419189453
92003859,2023,2023-02-27,9765,2023-02-04,"234 ",022397,,6,3,6,5608,0,1,2,,2,301,"SOUTHBOUND US101 (VENTURA HIGHWAY)","VICTORIA AVENUE OFFRAMP",325.00,N,N,A,-,Y,VEN,,101," ",R,24.965,H,,L,N,2,0,1,3,A,-,03,22350,,F,G,1,E,A,H,-,C,D,0,Y,,,,Y,,-,99,1,0,0,0,1,0,0,0,0,"- ","- ",34.254951477050781,-119.21553802490234,VENTURA,VENTURA,-119.21550750732422,34.254993438720703
9200394,2020,2021-02-23,5604,2020-12-15,1524,5175,,2,5,6,5604,0,0,0,,0,041,"E PLEASANT VALLEY RD","N ETTING RD",0.00,,Y,A,-,N,,,,,,,,,,N,4,0,1,2,A,-,12,21453,A,N,D,C,A,A,H,-,A,A,0,,,,,Y,,A,01,0,0,1,0,0,0,0,0,0,"- ","- ",34.161899566650391,-119.15139770507812,VENTURA,OXNARD,-119.15148162841797,34.161891937255859
9200398,2020,2021-02-23,5604,2020-12-09,1504,5490,,3,5,6,5604,0,0,0,,0,012,"GONZALES RD","SNOW AV",0.00,,Y,A,-,N,,,,,,,,,,N,4,0,3,3,A,-,10,21950,A,N,D,B,B,A,H,-,A,A,0,Y,Y,,,Y,,A,01,0,0,3,0,1,0,1,0,0,"- ","- ",,,VENTURA,OXNARD,-119.16536712646484,34.219039916992188
9200399,2020,2021-02-23,5604,2020-12-15,1723,5135,,2,5,6,5604,0,0,0,,0,011,"N VENTURA RD","ANNA WY",0.00,,Y,A,-,N,,,,,,,,,,N,4,0,4,3,A,-,09,21801,A,N,D,C,A,A,-,-,C,A,0,,,,,Y,,A,01,0,0,4,0,0,0,0,0,0,"- ","- ",34.217288970947266,-119.194580078125,VENTURA,OXNARD,-119.19467926025391,34.217300415039062
92005055,2023,2023-02-28,9770,2023-02-21,1345,019276,,2,1,6,5609,0,1,3,,2,080,"SR-118 W/B (RONALD REAGAN FREEWAY)","LOS ALAMOS CANYON ROAD",600.00,E,N,B,G,Y,VEN,,118," ",R,21.998,H,,L,Y,3,0,1,2,A,-,17,23114,A,N,E,J,A,A,H,-,A,D,0,,,,,Y,,D,22,0,1,0,0,0,0,0,0,0,"- ","- ",34.290828704833984,-118.80815124511719,VENTURA,"SIMI VALLEY",-118.80815124511719,34.290817260742188
92006861,2023,2023-03-01,9765,2023-02-24,"800 ",016549,,5,1,6,5608,0,1,2,,2,302,"US-101 N/B (VENTURA FWY)","TELEPHONE RD",1056.00,S,N,C,-,Y,VEN,,101," ",R,25.728,H,,R,Y,4,0,1,2,A,-,07,21658,A,N,B,C,A,B,H,-,A,D,0,,,,,Y,,A,01,0,0,1,0,0,0,0,0,0,"- ","- ",34.260528564453125,-119.22693634033203,VENTURA,VENTURA,-119.22694396972656,34.260520935058594
9200724,2020,2021-02-02,5604,2020-11-15,2045,4795,,7,5,6,5604,0,0,0,,0,011,"N VICTORIA AV","GUM TREE ST",0.00,,Y,A,-,N,,,,,,,,,,N,4,0,2,2,A,-,03,22350,,F,C,-,A,A,H,-,C,A,0,,,,,Y,Y,A,01,0,0,2,0,0,0,0,0,0,"- ","- ",34.219440460205078,-119.22113800048828,VENTURA,OXNARD,-119.221023,34.225014000000002
92008091,2023,2023-03-02,9770,2023-02-25,"625 ",017732,,6,1,6,5608,0,2,4,,1,056,"GRIMES CANYON ROAD","MEADOW GLADE DRIVE",50.00,S,N,B,C,N,,,,,,,,,,Y,4,0,1,1,A,-,03,22350,,N,E,8,A,B,H,-,A,D,0,,,,,Y,,A,01,0,0,1,0,0,0,0,0,0,"- ","- ",34.287689208984375,-118.93544769287109,VENTURA,VENTURA,-117.20227813720703,34.236320495605469
92009308,2023,2023-03-03,9765,2023-02-02,1755,022083,,4,2,9,5600,0,3,5,,2,006,"SR-1 N/B","YERBA BUENA RD.",400.00,S,N,A,-,N,,,,,,,,,,Y,4,0,1,3,A,-,09,21801,A,N,A,C,A,A,H,-,C,D,0,,,,,Y,,A,07,0,0,1,0,0,0,0,0,0,"- ","- ",34.052921295166016,-118.96231842041016,VENTURA,UNINCORPORATED,-118.96232604980469,34.052906036376953
92009353,2023,2023-03-03,9765,2023-02-12,2055,023043,,7,2,5,5601,0,1,2,,2,501,"US-101 S/B TO SPRINGVILLE DR","SPRINGVILLE DRIVE",500.00,N,N,A,-,Y,,,,,,,,,,Y,4,0,1,1,A,-,08,22107,,N,E,I,A,A,H,-,D,D,0,,,,,Y,,A,01,0,0,1,0,0,0,0,0,0,"- ","- ",34.21990966796875,-119.08746337890625,VENTURA,CAMARILLO,-119.08746337890625,34.21990966796875
92009730,2023,2023-03-06,9770,2023-02-25,"635 ",017627,,6,1,6,5609,0,1,3,,2,083,"SR-118 E/B (RONALD REAGAN FREEWAY)","ROCKY PEAK ROAD",5280.00,W,N,B,C,Y,VEN,,118," ",R,31.429,H,,R,N,4,0,1,2,A,-,03,22350,,N,B,2,A,B,H,-,B,D,0,,,,,Y,,A,01,0,0,1,0,0,0,0,0,0,"- ","- ",34.270259857177734,-118.65135192871094,VENTURA,"SIMI VALLEY",-118.65133666992188,34.270317077636719