CASE_ID,ACCIDENT_YEAR,PROC_DATE,JURIS,COLLISION_DATE,COLLISION_TIME,OFFICER_ID,REPORTING_DISTRICT,DAY_OF_WEEK,CHP_SHIFT,POPULATION,CNTY_CITY_LOC,SPECIAL_COND,BEAT_TYPE,CHP_BEAT_TYPE,CITY_DIVISION_LAPD,CHP_BEAT_CLASS,BEAT_NUMBER,PRIMARY_RD,SECONDARY_RD,DISTANCE,DIRECTION,INTERSECTION,WEATHER_1,WEATHER_2,STATE_HWY_IND,CALTRANS_COUNTY,CALTRANS_DISTRICT,STATE_ROUTE,ROUTE_SUFFIX,POSTMILE_PREFIX,POSTMILE,LOCATION_TYPE,RAMP_INTERSECTION,SIDE_OF_HWY,TOW_AWAY,COLLISION_SEVERITY,NUMBER_KILLED,NUMBER_INJURED,PARTY_COUNT,PRIMARY_COLL_FACTOR,PCF_CODE_OF_VIOL,PCF_VIOL_CATEGORY,PCF_VIOLATION,PCF_VIOL_SUBSECTION,HIT_AND_RUN,TYPE_OF_COLLISION,MVIW,PED_ACTION,ROAD_SURFACE,ROAD_COND_1,ROAD_COND_2,LIGHTING,CONTROL_DEVICE,CHP_ROAD_TYPE,PEDESTRIAN_ACCIDENT,BICYCLE_ACCIDENT,MOTORCYCLE_ACCIDENT,TRUCK_ACCIDENT,NOT_PRIVATE_PROPERTY,ALCOHOL_INVOLVED,STWD_VEHTYPE_AT_FAULT,CHP_VEHTYPE_AT_FAULT,COUNT_SEVERE_INJ,COUNT_VISIBLE_INJ,COUNT_COMPLAINT_PAIN,COUNT_PED_KILLED,COUNT_PED_INJURED,COUNT_BICYCLIST_KILLED,COUNT_BICYCLIST_INJURED,COUNT_MC_KILLED,COUNT_MC_INJURED,PRIMARY_RAMP,SECONDARY_RAMP,LATITUDE,LONGITUDE,COUNTY,CITY,POINT_X,POINT_Y
92327480,2024,2024-03-01,9765,2024-02-25,1126,018156,,7,1,9,5600,0,1,3,,1,021,"SR-33 N/B","MATILIJA CANYON ROAD",2112.00,N,N,A,-,Y,VEN,,33," "," ",16.627,H,,R,N,3,0,2,2,A,-,03,22350,,N,G,B,E,A,H,-,A,D,0,Y,,Y,,Y,,C,02,0,2,0,0,1,0,0,0,1,"- ","- ",34.497638702392578,-119.30110168457031,VENTURA,UNINCORPORATED,-119.30118560791016,34.497608184814453
92327507,2024,2024-03-01,9765,2024-02-26,"554 ",020691,,1,3,9,5600,0,3,5,,2,005,"CENTRAL AVENUE","ROSE AVENUE",0.00,,Y,B,-,N,,,,,,,,,,Y,3,0,2,2,A,-,09,21801,A,N,A,C,A,A,H,-,C,A,0,,,,,Y,,I,10,0,1,1,0,0,0,0,0,0,"- ","- ",34.250801086425781,-119.14263153076172,VENTURA,UNINCORPORATED,-119.14266967773438,34.250778198242188
92327530,2024,2024-03-01,9765,2024-02-26,"919 ",020691,,1,1,6,5608,0,1,2,,2,501,"US-101 S/B","CAMARILLO SPRINGS ROAD",686.00,S,N,B,-,Y,VEN,,101," "," ",10.901,H,,L,N,4,0,1,2,A,-,07,21658,A,N,F,C,A,A,H,-,A,D,0,,,,,Y,,A,07,0,0,1,0,0,0,0,0,0,"- ","- ",34.205238342285156,-118.98625946044922,VENTURA,VENTURA,-118.98626708984375,34.205284118652344
92327757,2024,2024-03-01,9765,2024-02-27,"555 ",020691,,2,3,9,5600,0,1,3,,1,068,"SR-34 (E FIFTH STREET)","LAS POSAS RD",4435.00,W,N,B,-,Y,VEN,,34," "," ",9.570,H,,R,Y,4,0,1,2,A,-,03,22350,,N,C,C,A,A,H,-,D,D,0,,,,,Y,,A,01,0,0,1,0,0,0,0,0,0,"- ","- ",34.196441650390625,-119.084716796875,VENTURA,UNINCORPORATED,-119.084716796875,34.196468353271484
9232941,2021,2021-03-08,5600,2021-01-19,0839,5586,9050,2,5,6,5607,0,0,0,,0,9B01,"MOORPARK RD","GAINSBOROUGH RD",0.00,,Y,A,G,,,,,,,,,,,Y,4,0,1,2,A,-,09,21800,D,N,D,C,A,A,H,-,A,B,0,,,,,Y,,A,01,0,0,1,0,0,0,0,0,0,"- ","- ",34.194881439208984,-118.8721923828125,VENTURA,"THOUSAND OAKS",-118.87225341796875,34.194923400878906
92331035,2024,2024-03-06,9770,2024-02-27,"740 ",017732,,2,1,9,5600,0,1,3,,1,051,"SR-118 E/B (LOS ANGELES AVENUE)","SR-34 (SOMIS ROAD)",5.00,E,N,A,-,Y,VEN,,118," "," ",10.934,H,,R,N,4,0,1,2,A,-,09,21453,B,N,D,C,A,A,H,-,A,D,0,,,,Y,Y,,A,07,0,0,1,0,0,0,0,0,0,"- ","- ",34.263710021972656,-118.99446868896484,VENTURA,UNINCORPORATED,-118.99446868896484,34.263744354248047
9233205,2021,2021-03-23,5608,2021-02-15,2153,525,,1,5,6,5608,0,0,0,,0,003,"TELEPHONE RD","JOHNSON DR",0.00,,Y,A,-,N,,,,,,,,,,Y,3,0,2,2,A,-,12,21453,A,N,D,C,A,A,H,-,C,A,0,,,,,Y,,A,01,0,2,0,0,0,0,0,0,0,"- ","- ",,,VENTURA,VENTURA,-119.20079040527344,34.267131805419922
92332132,2024,2024-03-07,9765,2024-02-29,2250,019034,,4,3,6,5608,0,1,3,,1,031,"SR-126 W/B (SANTA PAULA FREEWAY)","KIMBALL RD.",3696.00,E,N,A,-,Y,VEN,,126," "," ",3.561,H,,L,Y,3,0,1,1,A,-,08,22107,,N,E,I,A,A,H,-,C,D,0,,,,,Y,Y,A,07,0,1,0,0,0,0,0,0,0,"- ","- ",34.277439117431641,-119.177490234375,VENTURA,VENTURA,-119.17744445800781,34.277362823486328
92334893,2024,2024-03-11,9770,2024-03-08,1608,023088,,5,2,9,5600,0,1,3,,1,050,"SR-118 W/B (LOS ANGELES AVENUE)","WAILING SIREN RANCH DRIVE",581.00,W,N,A,-,Y,VEN,,118," "," ",13.679,H,,L,Y,3,0,2,2,A,-,08,22107,,N,A,C,A,A,H,-,A,D,0,,,,,Y,,A,07,0,1,1,0,0,0,0,0,0,"- ","- ",34.269989013671875,-118.94802093505859,VENTURA,UNINCORPORATED,-118.94802093505859,34.269996643066406
92336273,2024,2024-03-12,9765,2024-03-11,1535,020353,,1,2,6,5608,0,1,2,,1,101,"US-101 S/B (VENTURA FREEWAY)","SANJON ROAD",200.00,N,N,B,-,Y,VEN,,101," "," ",29.581,H,,L,N,4,0,1,2,A,-,03,22350,,N,C,C,A,A,H,-,A,D,0,,,,,Y,,A,01,0,0,1,0,0,0,0,0,0,"- ","- ",34.27362060546875,-119.28526306152344,VENTURA,VENTURA,-119.28523254394531,34.273643493652344
9233842,2021,2021-04-01,5604,2021-02-26,1555,5434,,5,5,6,5604,0,0,0,,0,031,"GRAVES AV","CAMINO DEL SOL",0.00,,Y,A,-,N,,,,,,,,,,N,4,0,1,2,A,-,04,21703,,N,C,C,A,A,A,H,A,D,0,,,,Y,Y,,F,26,0,0,1,0,0,0,0,0,0,"- ","- ",34.206218719482422,-119.14653015136719,VENTURA,OXNARD,-119.14655303955078,34.206211090087891
9233873,2021,2021-03-26,5604,2021-02-08,1814,5535,,1,5,6,5604,0,0,0,,0,032,"S OXNARD BL","COMMERCIAL AV",200.00,S,N,A,-,N,,,,,,,,,,Y,4,0,1,2,A,-,08,22107,,N,D,C,A,A,H,-,C,D,0,,,,,Y,,D,22,0,0,1,0,0,0,0,0,0,"- ","- ",34.186508178710938,-119.17381286621094,VENTURA,OXNARD,-119.17208862304688,34.185558319091797
9233881,2021,2021-03-26,5604,2021-02-11,1429,5242,,4,5,6,5604,0,0,0,,0,023,"C ST","5TH ST",6.00,S,N,A,-,N,,,,,,,,,,N,4,0,1,2,A,-,11,21950,B,N,G,G,A,A,H,-,A,A,0,,Y,,,Y,,L,04,0,0,1,0,0,0,1,0,0,"- ","- ",,,VENTURA,OXNARD,-119.18110656738281,34.197502136230469
9233913,2021,2021-04-20,5604,2021-03-02,1704,5135,,2,5,6,5604,0,0,0,,0,022,"9TH ST","KING ST",0.00,,Y,A,-,N,,,,,,,,,,N,3,0,1,2,A,-,09,21801,A,N,D,C,A,A,H,-,A,D,0,,,,Y,Y,,F,26,0,1,0,0,0,0,0,0,0,"- ","- ",34.192409515380859,-119.18553161621094,VENTURA,OXNARD,-119.18553161621094,34.192432403564453
9234283,2021,2021-03-20,5604,2021-01-12,1109,4795,,2,5,6,5604,0,0,0,,0,012,"GONZALES RD","ROSE AV",20.00,W,N,A,-,N,,,,,,,,,,N,4,0,1,2,A,-,06,21755,A,F,B,C,A,A,H,-,A,A,0,,,Y,,Y,Y,C,02,0,0,1,0,0,0,0,0,0,"- ","- ",,,VENTURA,OXNARD,-119.15849304199219,34.218990325927734
9234294,2021,2021-03-20,5604,2021-01-26,1226,5242,,2,5,6,5604,0,0,0,,0,021,"5TH ST","PATTERSON RD",800.00,W,N,A,-,N,,,,,,,,,,N,4,0,1,2,A,-,04,21703,,N,C,C,A,A,H,-,A,D,0,,,,,Y,,A,01,0,0,1,0,0,0,0,0,0,"- ","- ",,,VENTURA,OXNARD,-119.21059417724609,34.197578430175781
9234296,2021,2021-03-20,5604,2021-01-27,1054,5172,,3,5,6,5604,0,0,0,,0,031,"S GARFIELD AV","E 3RD ST E",0.00,,Y,B,-,N,,,,,,,,,,Y,4,0,4,2,A,-,12,21453,A,N,D,C,A,A,H,-,A,A,0,,,,,Y,,A,07,0,0,4,0,0,0,0,0,0,"- ","- ",34.200580596923828,-119.17381286621094,VENTURA,OXNARD,-119.173828125,34.200557708740234
92344593,2024,2024-03-22,9765,2024-03-14,1435,020353,,4,2,9,5600,0,3,5,,2,002,"THOMAS STREET","ENCINO DRIVE",0.00,,Y,A,-,N,,,,,,,,,,Y,3,0,1,2,A,-,09,21802,A,N,D,C,A,A,H,-,A,A,0,,,,,Y,,A,01,0,1,0,0,0,0,0,0,0,"- ","- ",34.401458740234375,-119.29004669189453,VENTURA,UNINCORPORATED,-119.29006195068359,34.401481628417969
9234639,2020,2021-03-09,5604,2020-12-31,2018,5450,,4,5,6,5604,0,0,0,,0,024,"S C ST","W CHANNEL ISLANDS BL",0.00,,Y,A,-,N,,,,,,,,,,N,4,0,1,2,A,-,03,22350,,N,C,C,A,A,H,-,C,A,0,,,,,Y,,A,01,0,0,1,0,0,0,0,0,0,"- ","- ",34.173679351806641,-119.18110656738281,VENTURA,OXNARD,-119.18112945556641,34.173698425292969
92348228,2024,2024-03-27,9770,2024-03-18,1305,016561,,1,1,6,5607,0,1,2,,2,070,"US-101 N/B (VENTURA FREEWAY) FROM VENTU PARK RD.","VENTU PARK ROAD",528.00,N,N,A,-,Y,VEN,,101," "," ",6.306,H,,R,Y,3,0,1,1,A,-,08,22107,,N,E,I,A,A,H,-,A,D,0,,,,,Y,,A,01,0,1,0,0,0,0,0,0,0,"- ","- ",34.184600830078125,-118.91327667236328,VENTURA,"THOUSAND OAKS",-118.91327667236328,34.1844482421875
92348354,2024,2024-03-27,9770,2024-03-20,1330,023089,,3,1,6,5607,0,1,2,,2,072,"US-101 N/B (VENTURA FREEWAY)","LYNN ROAD",430.00,S,N,A,-,Y,VEN,,101," "," ",4.950,H,,R,N,4,0,1,2,A,-,08,22107,,N,B,C,A,A,H,-,A,D,0,,,,,Y,,-,"- ",0,0,1,0,0,0,0,0,0,"- ","- ",34.182899475097656,-118.89013671875,VENTURA,"THOUSAND OAKS",-118.89011383056641,34.182929992675781
92348375,2024,2024-03-27,9770,2024-03-20,1637,022823,,3,2,4,5690,0,1,3,,2,084,"SR-23 N/B (MOORPARK FREEWAY)","ERBES ROAD",534.00,S,N,A,-,Y,VEN,,23," ",R,7.644,H,,R,Y,4,0,1,2,A,-,03,22350,,N,C,C,A,A,H,-,A,D,0,,,,,Y,,A,08,0,0,1,0,0,0,0,0,0,"- ","- ",34.233699798583984,-118.84329223632812,VENTURA,MOORPARK,-118.84329223632812,34.23370361328125
92352412,2024,2024-04-02,9765,2024-03-13,2008,020345,,3,2,9,5600,0,3,5,,2,006,"RICE AVENUE",SR-34,200.00,S,N,A,-,N,,,,,,,,,,N,4,0,1,2,A,-,08,22107,,M,E,I,A,A,H,-,C,D,0,,,,Y,Y,,A,01,0,0,1,0,0,0,0,0,0,"- ","- ",34.195148468017578,-119.14232635498047,VENTURA,UNINCORPORATED,-119.14237976074219,34.196292877197266
92352455,2024,2024-04-02,9765,2024-03-20,2125,023024,,3,2,6,5608,0,1,3,,2,010,"SR-33 N/B (OJAI FREEWAY)","CASITAS VISTA ROAD",836.00,S,N,A,-,Y,VEN,,33," ",R,5.482,H,,R,N,4,0,1,1,C,-,18,,,N,E,H,A,A,H,-,D,D,0,,,,,Y,,-,"- ",0,0,1,0,0,0,0,0,0,"- ","- ",34.351791381835938,-119.30377960205078,VENTURA,VENTURA,-119.30381774902344,34.351722717285156
92352886,2024,2024-04-02,9765,2024-03-22,2055,020353,,5,2,5,5601,0,1,2,,2,501,"US-101 S/B FROM SANTA ROSA ROAD","SANTA ROSA ROAD",220.00,W,N,A,-,Y,,,,,,,,,,Y,4,0,1,2,A,-,05,21460,,N,B,C,A,A,H,-,C,D,0,,,,,Y,,A,07,0,0,1,0,0,0,0,0,0,"- ","- ",34.212310791015625,-119.00946807861328,VENTURA,CAMARILLO,-119.00946807861328,34.212310791015625
92354227,2023,2024-04-09,9770,2023-12-20,1045,019849,,3,1,6,5607,0,1,3,,2,085,"SR-23 S/B FROM OLSEN ROAD W/B","OLSEN ROAD",80.00,N,N,C,-,Y,VEN,,23," ",R,8.231,H,,L,Y,1,1,1,2,A,-,03,22350,,N,D,C,A,B,H,-,A,D,0,,,,,Y,,D,22,0,0,1,0,0,0,0,0,0,"- ","- ",34.241779327392578,-118.84020233154297,VENTURA,"THOUSAND OAKS",-118.840087890625,34.241756439208984
92358358,2024,2024-04-08,9765,2024-03-24,1326,021485,,7,1,9,5600,0,3,5,,2,006,"HUENEME ROAD","RICE AVENUE",160.00,W,N,A,-,N,,,,,,,,,,Y,3,0,2,2,A,-,01,23152,A,N,C,2,A,A,H,-,A,D,0,,,,,Y,Y,A,07,0,1,1,0,0,0,0,0,0,"- ","- ",34.147209167480469,-119.13771057128906,VENTURA,UNINCORPORATED,-119.13751983642578,34.147163391113281
92362947,2024,2024-04-12,9770,2024-04-10,1505,022506,,3,2,6,5607,0,1,2,,2,072,"US-101 N/B (SCREAMING EAGLES HWY)","LYNN ROAD",792.00,S,N,A,-,Y,VEN,,101," "," ",4.880,H,,R,Y,3,0,1,3,A,-,03,22350,,N,C,C,A,A,H,-,A,D,0,,,,,Y,,A,07,0,1,0,0,0,0,0,0,0,"- ","- ",34.182430267333984,-118.88906097412109,VENTURA,"THOUSAND OAKS",-118.88906860351562,34.182415008544922
92363161,2024,2024-04-12,9770,2024-04-05,1911,019057,,5,2,6,5607,0,1,3,,2,077,"SR-23 S/B (MOORPARK FREEWAY)","PAIGE LANE",200.00,N,N,A,-,Y,VEN,,23," ",R,4.404,H,,L,N,4,0,1,1,A,-,01,23152,A,N,E,I,A,A,H,-,B,D,0,,,,,Y,Y,A,01,0,0,1,0,0,0,0,0,0,"- ","- ",34.191120147705078,-118.86197662353516,VENTURA,"THOUSAND OAKS",-118.86209106445312,34.191146850585938
92365453,2024,2024-04-16,9765,2024-04-06,1330,023509,,6,1,6,5604,0,1,2,,2,301,"US-101 S/B (VENTURA FREEWAY)","VINEYARD AVENUE",950.00,N,N,A,-,Y,VEN,,101," "," ",22.207,H,,L,Y,4,0,3,3,A,-,03,22350,,N,C,8,A,A,H,-,A,D,0,,,,,Y,,-,"- ",0,0,3,0,0,0,0,0,0,"- ","- ",34.234180450439453,-119.17513275146484,VENTURA,OXNARD,-119.17524719238281,34.234107971191406
92366640,2024,2024-06-25,9765,2024-04-11,"755 ",020832,,4,1,6,5608,0,1,3,,1,031,"SR-126 W/B (SANTA PAULA FREEWAY)","MAIN STREET",2700.00,E,N,A,-,Y,VEN,,126," "," ",0.136,H,,L,Y,3,0,2,2,A,-,03,22350,,N,C,C,A,A,H,-,A,D,0,,,,,Y,,A,07,0,2,0,0,0,0,0,0,0,"- ","- ",34.266281127929688,-119.23539733886719,VENTURA,VENTURA,-119.23538970947266,34.266239166259766
92368955,2024,2024-04-19,9765,2024-04-14,2125,022488,,7,2,9,5600,0,3,5,,2,005,"SANTA CLARA AVENUE","CENTRAL AVENUE",1373.00,N,N,A,-,N,,,,,,,,,,Y,3,0,1,1,A,-,01,23152,A,N,E,I,A,A,H,-,D,D,0,,,,,Y,Y,A,01,0,1,0,0,0,0,0,0,0,"- ","- ",34.242279052734375,-119.12274169921875,VENTURA,UNINCORPORATED,-119.12287139892578,34.242076873779297
92368966,2024,2024-04-19,9765,2024-04-15,1641,023739,,1,2,6,5604,0,1,2,,2,302,"US-101 S/B (VENTURA FREEWAY)","VINEYARD AVENUE",70.00,N,N,A,-,Y,VEN,,101," "," ",22.014,H,,L,Y,4,0,1,2,A,-,03,22350,,N,C,C,A,A,H,-,A,D,0,,,,,Y,,A,01,0,0,1,0,0,0,0,0,0,"- ","- ",34.231868743896484,-119.17352294921875,VENTURA,OXNARD,-119.17346954345703,34.231895446777344
9236927,2021,2021-04-01,5608,2021-02-26,1545,495,,5,5,6,5608,0,0,0,,0,002,"SOUTH SEAWARD AV","ALESSANDRO DR",0.00,,Y,A,-,N,,,,,,,,,,N,3,0,1,2,A,-,05,21650,,N,D,G,A,A,H,-,A,A,0,,Y,,,Y,,L,04,0,1,0,0,0,0,1,0,0,"- ","- ",,,VENTURA,VENTURA,-119.268310546875,34.266231536865234
92371567,2024,2024-04-22,9765,2024-04-13,1250,020832,,6,1,6,5608,0,1,3,,2,030,"SR-126 E/B (SANTA PAULA FREEWAY)","WELLS ROAD",20.00,W,N,B,C,Y,VEN,,118," "," ",0.593,H,,R,N,4,0,1,2,A,-,21,22106,,N,C,C,A,B,H,-,A,A,0,,,,,Y,,A,01,0,0,1,0,0,0,0,0,0,"- ","- ",34.288681030273438,-119.15576934814453,VENTURA,VENTURA,-119.15563201904297,34.288764953613281
92371602,2024,2024-04-22,9765,2024-04-15,2342,022472,,1,3,9,5600,0,3,5,,2,005,"US 101 N/B","CENTRAL AVENUE",374.00,S,N,B,-,Y,VEN,,101," "," ",17.672,H,,R,Y,3,0,1,1,A,-,08,22107,,N,F,I,A,A,H,-,D,D,0,,,,,Y,,A,01,0,1,0,0,0,0,0,0,0,"- ","- ",34.221809387207031,-119.10066986083984,VENTURA,UNINCORPORATED,-119.10067749023438,34.221748352050781
92372288,2024,2024-04-22,9765,2024-04-18,1450,023739,,4,2,9,5600,0,3,5,,2,005,"PLEASANT VALLEY ROAD","AIRPORT WAY",340.00,W,N,A,-,N,,,,,,,,,,Y,3,0,1,3,A,-,03,22350,,N,C,C,A,A,H,-,A,D,0,,,,,Y,,A,01,0,1,0,0,0,0,0,0,0,"- ","- ",34.205661773681641,-119.07759094238281,VENTURA,UNINCORPORATED,-119.07745361328125,34.205631256103516
92373383,2024,2024-04-23,9765,2024-04-16,1853,023739,,2,2,5,5601,0,1,2,,2,501,"US-101 S/B (VENTURA FREEWAY)","LEWIS ROAD UNDER CROSSING",465.00,N,N,A,-,Y,VEN,,101," "," ",13.942,H,,L,Y,3,0,1,1,A,-,03,22350,,N,E,I,A,A,H,-,A,D,0,,,Y,,Y,,C,02,0,1,0,0,0,0,0,0,1,"- ","- ",34.217189788818359,-119.03585815429688,VENTURA,CAMARILLO,-119.03588104248047,34.217113494873047
92376953,2024,2024-04-29,9765,2024-04-13,"50  ",023024,,6,3,9,5600,0,1,3,,2,053,"VINEYARD AVE (SR-232)","CENTRAL AVENUE",4260.00,E,N,A,-,Y,VEN,,232," ",R,3.417,H,,R,Y,2,0,1,2,A,-,01,23152,F,M,A,J,A,A,H,-,D,A,0,,,,,Y,,A,01,1,0,0,0,0,0,0,0,0,"- ","- ",34.267078399658203,-119.14398956298828,VENTURA,UNINCORPORATED,-119.14382171630859,34.267013549804688
92384199,2024,2024-05-07,9765,2024-04-28,1650,023498,,7,2,9,5600,0,1,2,,2,103,"US-101 S/B (VENTURA FREEWAY)","PADRE JUAN CANYON",400.00,S,N,A,-,Y,VEN,,101," ",R,36.640,H,,L,Y,4,0,1,2,A,-,03,22350,,N,C,C,A,A,H,-,A,D,0,,,Y,,Y,,C,02,0,0,1,0,0,0,0,0,1,"- ","- ",34.320819854736328,-119.38639831542969,VENTURA,UNINCORPORATED,-119.38639068603516,34.320873260498047
92384251,2024,2024-05-07,9765,2024-04-24,1537,023498,,3,2,6,5604,0,1,2,,2,501,"US-101 S/B (VENTURA FREEWAY)","SANTA CLARA AVENUE",1000.00,N,N,A,-,Y,VEN,,101," "," ",20.278,H,,L,Y,4,0,2,3,A,-,03,22350,,N,C,C,A,A,H,-,A,D,0,,,,,Y,,-,"- ",0,0,2,0,0,0,0,0,0,"- ","- ",34.222858428955078,-119.14575958251953,VENTURA,OXNARD,-119.14575958251953,34.222846984863281
92384618,2024,2024-05-08,9770,2024-05-01,"910 ",017732,,3,1,9,5600,0,1,3,,1,057,"GRIMES CANYON ROAD","MARIA DRIVE",723.00,N,N,D,-,N,,,,,,,,,,Y,4,0,1,2,A,-,05,21460,C,N,D,C,A,A,H,-,A,D,0,,,,,Y,,A,01,0,0,1,0,0,0,0,0,0,"- ","- ",34.2913818359375,-118.92735290527344,VENTURA,UNINCORPORATED,-118.92739105224609,34.291378021240234
92384647,2024,2024-05-08,9770,2024-05-01,"805 ",016561,,3,1,6,5607,0,1,2,,2,075,"US-101 S/B (VENTURA FREEWAY)","HAMPSHIRE ROAD",200.00,N,N,B,-,Y,VEN,,101," "," ",1.681,H,,L,N,4,0,2,2,A,-,03,22350,,N,C,C,A,A,H,-,A,D,0,,,,,Y,,A,01,0,0,2,0,0,0,0,0,0,"- ","- ",34.166419982910156,-118.83866882324219,VENTURA,"THOUSAND OAKS",-118.83864593505859,34.166446685791016
92386144,2024,2024-05-09,9765,2024-05-03,1300,019277,,5,1,9,5600,0,1,3,,1,021,"SR-33 S/B (MARICOPA HIGHWAY)","CHERRY CREEK ROAD",16368.00,S,N,A,-,Y,VEN,,33," "," ",35.127,H,,L,Y,3,0,1,1,A,-,08,22107,,N,E,I,A,A,H,-,A,D,0,,,Y,,Y,,C,02,0,1,0,0,0,0,0,0,1,"- ","- ",34.594619750976562,-119.31043243408203,VENTURA,UNINCORPORATED,-119.31045532226562,34.594642639160156
92387130,2024,2024-05-10,9770,2024-05-02,2105,019057,,4,2,9,5600,0,2,4,,1,031,"SANTA ROSA RD E/B","HILL CANYON ROAD",100.00,W,N,A,-,N,,,,,,,,,,Y,4,0,1,2,A,-,01,23152,A,N,C,C,A,A,H,-,C,A,0,,,,,Y,Y,A,01,0,0,1,0,0,0,0,0,0,"- ","- ",34.2353515625,-118.93126678466797,VENTURA,UNINCORPORATED,-118.93108367919922,34.23541259765625
92388075,2024,2024-05-13,9765,2024-05-02,"58  ",022397,,4,3,6,5608,0,1,2,,1,104,"US-101 N/B (VENTURA FREEWAY)","CALIFORNIA STREET",350.00,S,N,A,-,Y,VEN,,101," "," ",29.849,H,,R,Y,3,0,1,1,A,-,08,22107,,N,E,I,A,A,H,-,C,D,0,,,,Y,Y,,F,27,0,1,0,0,0,0,0,0,0,"- ","- ",34.275951385498047,-119.28830718994141,VENTURA,VENTURA,-119.28823852539062,34.276031494140625
92388222,2024,2024-05-13,9765,2024-05-03,"639 ",020832,,5,1,9,5600,0,1,3,,1,055,"SR-118 (E LOS ANGELES AVE",SR-34,0.00,,Y,A,-,Y,VEN,,118," "," ",10.913,H,,R,Y,3,0,1,2,A,-,08,22107,,N,B,G,A,A,H,-,B,A,0,,Y,,Y,Y,,L,04,0,1,0,0,0,0,1,0,0,"- ","- ",34.263858795166016,-118.99479675292969,VENTURA,UNINCORPORATED,-118.99480438232422,34.263755798339844
92389154,2024,2024-05-14,9770,2024-05-10,1330,020721,,5,1,4,5690,0,1,3,,2,084,"SR-23 N/B (MOORPARK FREEWAY)","LOS ANGELES AVENUE",50.00,N,N,A,-,Y,VEN,,118," ",T,18.236,H,,R,Y,4,0,2,2,A,-,03,22350,,N,C,C,A,A,H,-,A,D,0,,,,,Y,,A,01,0,0,2,0,0,0,0,0,0,"- ","- ",34.282711029052734,-118.86318206787109,VENTURA,MOORPARK,-118.86316680908203,34.28271484375
9239268,2021,2021-04-28,5604,2021-02-14,1725,5529,,7,5,6,5604,0,0,0,,0,041,"KERN ST","PALOMAR WY",50.00,S,N,A,-,N,,,,,,,,,,N,4,0,1,2,A,-,09,21804,A,N,B,C,A,A,H,-,A,D,0,,,,,Y,,D,22,0,0,1,0,0,0,0,0,0,"- ","- ",34.169010162353516,-119.18904876708984,VENTURA,OXNARD,-119.18883514404297,34.169021606445312
9239272,2021,2021-04-28,5604,2021-03-09,1825,4942,,2,5,6,5604,0,0,0,,0,031,"S OXNARD BL","ASH ST",250.00,N,N,A,-,N,,,,,,,,,,N,4,0,2,2,A,-,09,21804,A,N,D,C,A,A,H,-,C,D,0,,,,,Y,,A,01,0,0,2,0,0,0,0,0,0,"- ","- ",,,VENTURA,OXNARD,-119.17398071289062,34.187042236328125
92394375,2024,2024-05-20,9765,2024-05-11,2105,023703,,6,2,9,5600,0,3,5,,2,002,"SR-33 (N VENTURA AVE)","CREEK ROAD",0.00,,Y,A,-,Y,VEN,,33," "," ",8.002,H,,R,Y,4,0,1,2,A,-,09,21802,A,N,D,D,A,A,H,-,D,A,0,,,,,Y,,A,01,0,0,1,0,0,0,0,0,0,"- ","- ",34.385719299316406,-119.30210876464844,VENTURA,UNINCORPORATED,-119.30210876464844,34.385719299316406
92395452,2024,2024-05-21,9770,2024-05-13,1759,023702,,1,2,9,5600,0,1,3,,1,054,"SR-34 (SOMIS ROAD)","NORTH STREET",1.00,S,N,B,-,Y,VEN,,34," "," ",17.285,H,,R,Y,3,0,1,2,A,-,08,22107,,N,E,8,A,A,H,-,A,D,0,,,,Y,Y,,A,07,0,1,0,0,0,0,0,0,0,"- ","- ",34.258411407470703,-118.99568939208984,VENTURA,UNINCORPORATED,-118.99568176269531,34.258407592773438
92396178,2024,2024-05-22,9765,2024-05-16,1330,020353,,4,1,9,5600,0,1,3,,1,020,"SR-33 S/B (N. VENTURA AVENUE)","CASITAS VISTA ROAD",2420.00,N,N,B,-,Y,VEN,,33," ",T,5.986,H,,L,Y,4,0,1,2,A,-,09,21804,A,N,C,C,A,A,H,-,A,D,0,,,,,Y,,A,07,0,0,1,0,0,0,0,0,0,"- ","- ",34.359199523925781,-119.30940246582031,VENTURA,UNINCORPORATED,-119.30935668945312,34.359207153320312
9239729,2021,2021-03-25,5608,2021-02-24,1208,423,,3,5,6,5608,0,0,0,,0,004,"RALSTON ST","CYPRESS POINT LN",0.00,,Y,A,-,N,,,,,,,,,,N,4,0,1,2,A,-,09,21802,A,N,D,G,A,A,H,-,A,D,0,,Y,,,Y,,A,01,0,0,1,0,0,0,1,0,0,"- ","- ",,,VENTURA,VENTURA,-119.21485900878906,34.260353088378906