CASE_ID,ACCIDENT_YEAR,PROC_DATE,JURIS,COLLISION_DATE,COLLISION_TIME,OFFICER_ID,REPORTING_DISTRICT,DAY_OF_WEEK,CHP_SHIFT,POPULATION,CNTY_CITY_LOC,SPECIAL_COND,BEAT_TYPE,CHP_BEAT_TYPE,CITY_DIVISION_LAPD,CHP_BEAT_CLASS,BEAT_NUMBER,PRIMARY_RD,SECONDARY_RD,DISTANCE,DIRECTION,INTERSECTION,WEATHER_1,WEATHER_2,STATE_HWY_IND,CALTRANS_COUNTY,CALTRANS_DISTRICT,STATE_ROUTE,ROUTE_SUFFIX,POSTMILE_PREFIX,POSTMILE,LOCATION_TYPE,RAMP_INTERSECTION,SIDE_OF_HWY,TOW_AWAY,COLLISION_SEVERITY,NUMBER_KILLED,NUMBER_INJURED,PARTY_COUNT,PRIMARY_COLL_FACTOR,PCF_CODE_OF_VIOL,PCF_VIOL_CATEGORY,PCF_VIOLATION,PCF_VIOL_SUBSECTION,HIT_AND_RUN,TYPE_OF_COLLISION,MVIW,PED_ACTION,ROAD_SURFACE,ROAD_COND_1,ROAD_COND_2,LIGHTING,CONTROL_DEVICE,CHP_ROAD_TYPE,PEDESTRIAN_ACCIDENT,BICYCLE_ACCIDENT,MOTORCYCLE_ACCIDENT,TRUCK_ACCIDENT,NOT_PRIVATE_PROPERTY,ALCOHOL_INVOLVED,STWD_VEHTYPE_AT_FAULT,CHP_VEHTYPE_AT_FAULT,COUNT_SEVERE_INJ,COUNT_VISIBLE_INJ,COUNT_COMPLAINT_PAIN,COUNT_PED_KILLED,COUNT_PED_INJURED,COUNT_BICYCLIST_KILLED,COUNT_BICYCLIST_INJURED,COUNT_MC_KILLED,COUNT_MC_INJURED,PRIMARY_RAMP,SECONDARY_RAMP,LATITUDE,LONGITUDE,COUNTY,CITY,POINT_X,POINT_Y
9430354,2022,2022-04-04,5604,2022-02-21,1123,5214,,1,5,6,5604,0,0,0,,0,022,"A ST","PALM DR",20.00,N,N,A,-,N,,,,,,,,,,N,4,0,1,2,A,-,09,21801,A,N,D,C,A,A,H,-,A,D,0,,,,,Y,,A,01,0,0,1,0,0,0,0,0,0,"- ","- ",34.204788208007812,-119.17822265625,VENTURA,OXNARD,-119.17851257324219,34.205093383789062
9430496,2022,2022-04-07,5608,2022-03-22,0231,441,,2,5,6,5608,0,0,0,,0,001,"HARBOR BL",GARDEN,0.00,W,N,A,-,N,,,,,,,,,,Y,3,0,1,1,A,-,01,23152,A,N,E,I,A,A,G,-,D,D,0,,,,,Y,Y,A,07,0,1,0,0,0,0,0,0,0,"- ","- ",34.276920318603516,-119.30805206298828,VENTURA,VENTURA,,
9430499,2022,2022-04-07,5608,2022-03-17,2057,519,,4,5,6,5608,0,0,0,,0,004,"TELEPHONE RD","COUNTY SQUARE DR",126.00,W,N,A,-,N,,,,,,,,,,Y,3,0,1,2,A,-,08,22107,,F,D,C,A,A,H,-,C,D,0,,,Y,,Y,Y,A,01,0,1,0,0,0,0,0,0,1,"- ","- ",,,VENTURA,VENTURA,-119.21469116210938,34.265106201171875
9434667,2022,2022-04-22,5608,2022-03-11,1859,536,VENTU,5,5,6,5608,0,0,0,,0,001,"SOUTH VICTORIA AV","WEBSTER ST",3.00,S,N,A,-,N,,,,,,,,,,Y,3,0,2,2,A,-,08,22107,,F,B,C,A,A,H,-,C,D,0,,,,,Y,Y,A,01,0,1,1,0,0,0,0,0,0,"- ","- ",,,VENTURA,VENTURA,-119.21334075927734,34.270401000976562
94355093,2024,2024-08-16,9770,2024-08-03,"120 ",023853,,6,3,5,5601,0,1,2,,2,071,"US-101 S/B (VENTURA FREEWAY)","CAMARILLO SPRINGS ROAD",3960.00,S,N,A,-,Y,VEN,,101," "," ",9.961,H,,L,Y,4,0,1,2,A,-,01,23152,A,N,B,C,A,A,H,-,D,D,0,,,,Y,Y,Y,A,01,0,0,1,0,0,0,0,0,0,"- ","- ",34.201190948486328,-118.97154235839844,VENTURA,CAMARILLO,-118.97154235839844,34.201225280761719
94359799,2024,2024-08-19,9765,2024-08-09,1805,022318,,5,2,6,5604,0,1,2,,2,502,"US-101 N/B (VENTURA FREEWAY)","SANTA CLARA AVE",500.00,N,N,A,-,Y,VEN,,101," "," ",20.117,H,,R,N,4,0,1,2,A,-,03,22350,,N,C,C,A,A,H,-,A,D,0,,,,Y,Y,,F,24,0,0,1,0,0,0,0,0,0,"- ","- ",34.222728729248047,-119.14282989501953,VENTURA,OXNARD,-119.14282989501953,34.222698211669922
94361630,2024,2024-08-20,9770,2024-08-08,1250,023849,,4,1,5,5601,0,1,2,,2,071,"US-101 S/B (VENTURA FREEWAY)","CONEJO SCALES",2405.00,N,N,A,-,Y,VEN,,101," "," ",9.691,H,,L,Y,3,0,1,1,A,-,08,22107,,N,E,I,A,A,H,-,A,D,0,,,,,Y,,A,01,0,1,0,0,0,0,0,0,0,"- ","- ",34.200859069824219,-118.96685791015625,VENTURA,CAMARILLO,-118.96685028076172,34.200977325439453
94362112,2024,2024-08-20,9770,2024-08-12,"510 ",023577,,1,3,9,5600,0,1,3,,1,052,"SR-118 W/B (LOS ANGELES AVENUE)","HITCH BLVD",7.00,E,N,A,-,Y,VEN,,118," "," ",14.890,H,,L,Y,4,0,1,1,A,-,08,22107,,N,E,I,A,A,H,-,C,D,0,,,,,Y,,A,01,0,0,1,0,0,0,0,0,0,"- ","- ",34.275470733642578,-118.927490234375,VENTURA,UNINCORPORATED,-118.92746734619141,34.275440216064453
9436369,2022,2022-05-10,5604,2022-04-23,1620,5434,,6,5,6,5604,0,0,0,,0,031,"CAMINO DEL SOL","N ROSE AV N",0.00,,Y,A,-,N,,,,,,,,,,Y,4,0,2,3,A,-,12,21453,A,N,D,C,A,A,H,-,A,A,0,,,,Y,Y,,A,01,0,0,2,0,0,0,0,0,0,"- ","- ",34.206329345703125,-119.15966796875,VENTURA,OXNARD,-119.15969085693359,34.206352233886719
9436381,2022,2022-05-06,5604,2022-03-30,1959,4755,,3,5,6,5604,0,0,0,,0,021,"WEST 5TH ST","HARBOR BL",0.00,,Y,A,-,N,,,,,,,,,,Y,3,0,1,2,A,-,09,21801,A,N,A,C,A,A,H,-,C,A,0,,,,,Y,Y,A,01,0,1,0,0,0,0,0,0,0,"- ","- ",34.197788238525391,-119.24246978759766,VENTURA,OXNARD,-119.24250030517578,34.197803497314453
9436398,2022,2022-05-11,5604,2022-04-15,1747,5450,,5,5,6,5604,0,0,0,,0,024,"S VENTURA RD","W JUNIPER ST W",0.00,,Y,A,-,N,,,,,,,,,,N,4,0,1,3,A,-,04,21703,,F,C,C,A,A,H,-,A,A,0,,,,,Y,,A,01,0,0,1,0,0,0,0,0,0,"- ","- ",34.179660797119141,-119.1949462890625,VENTURA,OXNARD,-119.19493103027344,34.179649353027344
94366297,2024,2024-08-22,9770,2024-08-15,1010,017662,,4,1,6,5607,0,1,3,,2,076,"SR-23 N/B (MOORPARK FREEWAY)","HILLCREST DRIVE",60.00,N,N,A,-,Y,VEN,,23," ",R,3.745,H,,R,N,4,0,1,2,A,-,03,22350,,N,C,C,A,A,H,-,A,D,0,,,,,Y,,D,22,0,0,1,0,0,0,0,0,0,"- ","- ",34.181781768798828,-118.86029052734375,VENTURA,"THOUSAND OAKS",-118.86029052734375,34.181781768798828
94366546,2024,2024-08-22,9765,2024-08-14,"830 ",018332,,3,1,5,5601,0,1,2,,2,504,"US-101 N/B (SCREAMING EAGLES MEMORIAL HIGHWAY)","LEWIS RD.",528.00,S,N,A,-,Y,VEN,,101," "," ",13.941,H,,R,N,4,0,1,3,A,-,03,22350,,N,C,C,A,A,H,-,A,D,0,,,,,Y,,D,22,0,0,1,0,0,0,0,0,0,"- ","- ",34.217140197753906,-119.03578948974609,VENTURA,CAMARILLO,-119.0357666015625,34.217250823974609
94368943,2024,2024-08-26,9770,2024-08-18,1000,022823,,7,1,9,5600,0,1,3,,1,057,"SR-23 N/B (GRIMES CANYON RD)","WAYNES WAY",1170.00,N,N,A,-,Y,VEN,,23," "," ",18.589,H,,R,N,2,0,1,1,A,-,08,22107,,N,E,I,A,A,H,-,A,A,0,,,Y,,Y,,C,02,1,0,0,0,0,0,0,0,1,"- ","- ",34.340221405029297,-118.90110778808594,VENTURA,UNINCORPORATED,-118.90113067626953,34.340202331542969
94372296,2024,2024-08-27,9770,2024-08-15,"10  ",023517,,4,3,9,5600,0,1,3,,1,044,"SR-126 W/B (EAST TELEGRAPH ROAD)","HAINES CANYON ROAD",940.00,W,N,A,-,Y,VEN,,126," ",R,23.514,H,,L,Y,3,0,1,1,A,-,08,22107,,N,E,I,A,A,H,-,C,A,0,,,,,Y,,D,22,0,1,0,0,0,0,0,0,0,"- ","- ",34.395599365234375,-118.87763214111328,VENTURA,UNINCORPORATED,-118.87763214111328,34.395561218261719
94374082,2024,2024-08-28,9765,2024-08-18,1955,021999,,7,2,5,5601,0,1,2,,2,502,"US-101 N/B (VENTURA FREEWAY)","ROSEWOOD AVENUE",145.00,S,N,A,-,Y,VEN,,101," "," ",15.375,H,,R,Y,4,0,3,2,A,-,03,22350,,N,C,2,A,A,H,-,B,D,0,,,,,Y,,A,07,0,0,3,0,0,0,0,0,0,"- ","- ",34.218540191650391,-119.06072998046875,VENTURA,CAMARILLO,-119.06072998046875,34.218540191650391
94374749,2024,2024-08-29,9765,2024-08-17,1545,023703,,6,2,9,5600,0,1,3,,1,055,"SR-118 (E LOS ANGELES AVE","AGGEN ROAD",3500.00,E,N,A,-,Y,VEN,,118," "," ",9.327,H,,R,N,4,0,1,1,A,-,08,22107,,N,F,A,A,A,H,-,A,D,0,,,,,Y,,D,22,0,0,1,0,0,0,0,0,0,"- ","- ",34.263809204101562,-119.02281188964844,VENTURA,UNINCORPORATED,-119.02281188964844,34.263748168945312
94374810,2024,2024-08-29,9765,2024-08-22,1336,023509,,4,1,9,5600,0,1,3,,1,068,"PLEASANT VALLEY ROAD",SR-34,0.00,,Y,A,-,Y,VEN,,34," "," ",8.422,H,,R,N,4,0,1,2,A,-,12,21453,A,N,D,C,A,A,H,-,A,A,0,,,,,Y,,A,01,0,0,1,0,0,0,0,0,0,"- ","- ",34.196590423583984,-119.10458374023438,VENTURA,UNINCORPORATED,-119.10457611083984,34.196617126464844
94375163,2024,2024-08-29,9765,2024-08-23,"15  ",023024,,5,3,9,5600,0,3,5,,2,006,"HOWARD RD","SANITATION RD",81.00,S,N,A,-,N,,,,,,,,,,Y,3,0,1,1,A,-,08,22107,,N,E,J,A,A,H,-,D,A,0,,,,,Y,,A,07,0,1,0,0,0,0,0,0,0,"- ","- ",34.192440032958984,-119.00375366210938,VENTURA,UNINCORPORATED,,
94379007,2024,2024-09-03,9770,2024-08-21,2256,023813,,3,3,6,5607,0,1,3,,2,077,"SR-23 S/B (MOORPARK FREEWAY)","JANSS RD",2112.00,N,N,A,-,Y,VEN,,23," ",R,5.512,H,,L,Y,2,0,1,1,A,-,01,23152,A,N,E,I,A,A,H,-,D,D,0,,,,,Y,Y,A,07,1,0,0,0,0,0,0,0,0,"- ","- ",34.204658508300781,-118.85243225097656,VENTURA,"THOUSAND OAKS",-118.85237884521484,34.204605102539062
94379444,2024,2024-09-03,9770,2024-08-29,1620,023928,,4,2,6,5607,0,1,3,,2,076,"SR-23 N/B (MOORPARK FREEWAY)","OLSEN ROAD",2700.00,S,N,A,-,Y,VEN,,23," ",R,7.717,H,,R,N,3,0,1,2,A,-,03,22350,,N,C,C,A,A,H,-,A,D,0,,,,,Y,,D,22,0,1,0,0,0,0,0,0,0,"- ","- ",34.234588623046875,-118.84258270263672,VENTURA,"THOUSAND OAKS",-118.84260559082031,34.234603881835938
9437953,2022,2022-05-23,5608,2022-04-25,0659,442,,1,5,6,5608,0,0,0,,0,002,"SEAWARD AV","HARBOR BL",263.00,N,N,A,-,N,,,,,,,,,,Y,3,0,3,3,A,-,03,22350,,N,C,C,A,A,H,-,A,A,0,,,,,Y,,A,01,0,1,2,0,0,0,0,0,0,"- ","- ",,,VENTURA,VENTURA,-119.2694091796875,34.264984130859375
94379550,2024,2024-09-03,9770,2024-08-30,1750,021911,,5,2,6,5607,0,1,3,,2,085,"SR-23 S/B (MOORPARK FREEWAY)","OLSEN ROAD",528.00,S,N,A,-,Y,VEN,,23," ",R,8.084,H,,L,Y,3,0,1,1,A,-,08,22107,,N,E,I,A,A,H,-,A,D,0,,,,,Y,,A,01,0,1,0,0,0,0,0,0,0,"- ","- ",34.239761352539062,-118.84091186523438,VENTURA,"THOUSAND OAKS",-118.84079742431641,34.239730834960938
9438029,2022,2022-05-18,5608,2022-04-22,1251,526,,5,5,6,5608,0,0,0,,0,001,"EAST THOMPSON BL","S KALORAMA ST",0.00,,Y,A,-,N,,,,,,,,,,Y,4,0,3,2,A,-,09,21801,A,N,D,C,A,A,H,-,A,A,0,,,,,Y,,A,01,0,0,3,0,0,0,0,0,0,"- ","- ",,,VENTURA,VENTURA,-119.2869873046875,34.278282165527344
9438030,2022,2022-05-18,5608,2022-04-28,1113,513,VENTU,4,5,6,5608,0,0,0,,0,003,"TELEPHONE RD","PETIT AV",42.00,E,N,A,-,N,,,,,,,,,,N,4,0,1,2,A,-,03,22350,,N,C,G,A,A,H,-,A,A,0,,Y,,,Y,,A,01,0,0,1,0,0,0,1,0,0,"- ","- ",,,VENTURA,VENTURA,-119.17045593261719,34.272308349609375
9438330,2022,2022-04-22,5604,2022-03-13,1445,5583,,7,5,6,5604,0,0,0,,0,041,"W YUCCA ST","S J ST S",0.00,,Y,A,-,N,,,,,,,,,,Y,3,0,1,2,D,-,00,,,N,B,C,A,A,H,-,A,D,0,,,,Y,Y,,-,"- ",0,1,0,0,0,0,0,0,0,"- ","- ",34.165988922119141,-119.18596649169922,VENTURA,OXNARD,-119.18572998046875,34.165996551513672
94387121,2024,2024-09-09,9765,2024-08-31,1410,022472,,6,2,9,5600,0,3,5,,2,002,"SR-150 (OJAI ROAD)","MOUNTAIN LION ROAD",1158.00,E,N,A,-,Y,VEN,,150," "," ",23.654,H,,R,N,4,0,1,1,A,-,03,22350,,N,F,I,A,A,H,-,A,D,0,,,Y,,Y,,C,02,0,0,1,0,0,0,0,0,1,"- ","- ",34.437759399414062,-119.16866302490234,VENTURA,UNINCORPORATED,-119.16869354248047,34.437698364257812
94388862,2024,2024-09-10,9765,2024-09-02,1507,022472,,1,2,9,5600,0,3,5,,2,002,SR-150,"VILLANOVA ROAD",893.00,W,N,A,-,Y,VEN,,150," "," ",15.715,H,,R,N,4,0,1,1,A,-,08,22107,,N,E,C,A,A,H,-,A,D,0,,,,,Y,,A,08,0,0,1,0,0,0,0,0,0,"- ","- ",34.431800842285156,-119.26921844482422,VENTURA,UNINCORPORATED,-119.26922607421875,34.431873321533203
94389048,2024,2024-09-10,9765,2024-09-03,2123,023267,,2,2,9,5600,0,3,5,,2,002,"W VILLA NOVA ROAD","LOMA DRIVE",55.00,W,N,A,-,N,,,,,,,,,,N,3,0,1,1,A,-,01,23152,A,M,E,8,A,A,H,-,D,D,0,,,,,Y,Y,D,22,0,1,0,0,0,0,0,0,0,"- ","- ",34.427871704101562,-119.28054809570312,VENTURA,UNINCORPORATED,-119.28046417236328,34.427837371826172
94390632,2024,2024-09-11,9765,2024-09-09,"729 ",020832,,1,1,9,5600,0,3,5,,2,006,"HUENEME ROAD","NAVAL AIR ROAD",1045.00,W,N,A,-,N,,,,,,,,,,Y,2,0,1,2,A,-,08,22107,,N,D,G,A,A,H,-,A,D,0,,Y,,,Y,,L,04,1,0,0,0,0,0,1,0,0,"- ","- ",34.146980285644531,-119.11641693115234,VENTURA,UNINCORPORATED,-119.1160888671875,34.146984100341797
94391623,2024,2024-09-12,9765,2024-09-01,"355 ",023024,,7,3,9,5600,0,3,5,,2,005,"WOOLEY ROAD","RICE AVE",912.00,E,N,A,-,N,,,,,,,,,,Y,3,0,5,2,A,-,01,23152,A,F,A,2,A,A,H,-,D,A,0,,,,,Y,Y,A,01,0,2,3,0,0,0,0,0,0,"- ","- ",34.189750671386719,-119.14537811279297,VENTURA,UNINCORPORATED,-119.14232635498047,34.189720153808594
94393554,2024,2024-09-13,9765,2024-09-05,1700,023911,,4,2,9,5600,0,1,3,,1,020,"SR-33 S/B","EAST OLD CREEK ROAD",730.00,S,N,A,-,Y,VEN,,33," "," ",7.624,H,,L,Y,3,0,3,2,A,-,01,23152,A,N,A,C,A,A,H,-,A,D,0,,,,,Y,Y,A,01,0,2,1,0,0,0,0,0,0,"- ","- ",34.380771636962891,-119.3043212890625,VENTURA,UNINCORPORATED,-119.30432891845703,34.380771636962891
9439459,2022,2022-06-13,5605,2022-04-23,0839,75,PATRO,6,5,3,5605,0,0,0,,0,002,"CHANNEL ISLANDS BL","LIDO BL",478.00,W,N,A,-,N,,,,,,,,,,N,4,0,1,2,A,-,05,21650,,N,-,G,A,-,H,-,A,A,0,,Y,,,Y,,D,22,0,0,1,0,0,0,1,0,0,"- ","- ",,,VENTURA,"PORT HUENEME",-119.20394897460938,34.175697326660156
94396817,2024,2024-09-17,9765,2024-09-08,1324,023739,,7,1,9,5600,0,1,3,,1,062,"SR-1 (PACIFIC COAST HIGHWAY)","LA JOLLA CANYON TRAIL HEAD",763.00,N,N,A,-,Y,VEN,,1," "," ",6.194,H,,R,Y,3,0,2,2,A,-,08,22107,,N,D,C,A,A,H,-,A,D,0,,,,,Y,,A,01,0,2,0,0,0,0,0,0,0,"- ","- ",34.084041595458984,-119.03846740722656,VENTURA,UNINCORPORATED,-119.03847503662109,34.084018707275391
94397450,2024,2024-09-17,9765,2024-09-12,"705 ",020983,,4,1,9,5600,0,1,3,,1,020,"SR-33 N/B","OLD CREEK ROAD",100.00,S,N,A,-,N,,,,,,,,,,N,4,0,1,2,A,-,03,22350,,N,C,C,A,A,H,-,A,D,0,,,,,Y,,A,01,0,0,1,0,0,0,0,0,0,"- ","- ",34.381511688232422,-119.30390167236328,VENTURA,UNINCORPORATED,-119.30344390869141,34.382431030273438
94397768,2024,2024-09-17,9765,2024-09-13,"15  ",022453,,5,3,9,5600,0,3,5,,2,005,SR-118,"SANTA CLARA AVENUE",50.00,E,N,A,-,N,,,,,,,,,,N,4,0,1,1,A,-,03,22350,,N,E,J,A,A,H,-,C,A,0,,,,,Y,Y,D,22,0,0,1,0,0,0,0,0,0,"- ","- ",34.255790710449219,-119.10881805419922,VENTURA,UNINCORPORATED,-119.10884857177734,34.256008148193359
9440015,2022,2022-04-25,5604,2022-02-27,1853,5641,,7,5,6,5604,0,0,0,,0,012,"FINANCIAL SQ BL","DANUBE WY",0.00,,Y,A,-,N,,,,,,,,,,N,4,0,2,2,A,-,00,12500,A,N,D,C,A,A,H,-,C,D,0,,,,,Y,,A,01,0,0,2,0,0,0,0,0,0,"- ","- ",34.232219696044922,-119.1707763671875,VENTURA,OXNARD,-119.17015075683594,34.231876373291016
94402817,2024,2024-09-20,9765,2024-09-18,"735 ",019884,,3,1,4,5606,0,1,3,,2,041,"SR-126 W/B","BRIGGS ROAD",30.00,E,N,A,-,Y,VEN,,126," ",R,8.919,H,,L,N,4,0,3,2,A,-,03,22350,,N,C,2,A,A,H,-,A,D,0,,,,,Y,,D,22,0,0,3,0,0,0,0,0,0,"- ","- ",34.32257080078125,-119.10114288330078,VENTURA,"SANTA PAULA",-119.10114288330078,34.322574615478516
94412407,2024,2024-09-30,9765,2024-09-15,1802,023703,,7,2,5,5601,0,1,2,,2,504,"US-101 N/B","LAS POSAS ROAD",2640.00,S,N,B,-,Y,VEN,,101," "," ",15.422,H,,R,Y,3,0,2,4,A,-,07,21658,A,N,B,C,A,A,H,-,A,D,0,,,,,Y,,A,07,0,1,1,0,0,0,0,0,0,"- ","- ",34.218471527099609,-119.06157684326172,VENTURA,CAMARILLO,-119.06156158447266,34.218605041503906
94412516,2024,2024-09-30,9765,2024-09-20,1835,023911,,5,2,6,5604,0,1,2,,2,501,"US-101 S/B (VENTURA FREEWAY)","VINEYARD AVENUE",1584.00,S,N,B,-,Y,VEN,,101," "," ",21.696,H,,L,Y,2,0,2,3,A,-,03,22350,,N,C,C,A,A,H,-,A,D,0,,,,Y,Y,,G,27,1,0,1,0,0,0,0,0,0,"- ","- ",34.228408813476562,-119.16988372802734,VENTURA,OXNARD,-119.16985321044922,34.228439331054688
94413226,2024,2024-09-30,9770,2024-09-24,"806 ",020169,,2,1,6,5607,0,1,3,,2,085,"SR-23 S/B (MOORPARK FREEWAY)","OLSEN ROAD",1000.00,N,N,B,E,Y,VEN,,23," ",R,8.595,H,,L,Y,4,0,2,3,A,-,03,22350,,N,C,C,A,A,H,-,A,A,0,,,,,Y,,D,22,0,0,2,0,0,0,0,0,0,"- ","- ",34.246898651123047,-118.83995819091797,VENTURA,"THOUSAND OAKS",-118.83997344970703,34.246898651123047
94416396,2024,2024-10-02,9765,2024-09-22,1732,023911,,7,2,6,5608,0,1,3,,1,031,"SR-126 W/B TO VICTORIA AVE. (NORTH)","VICTORIA AVE.",115.00,E,N,A,-,Y,,,,,,,,,,Y,3,0,2,1,A,-,01,23152,A,N,E,8,A,A,H,-,A,A,0,,,,,Y,Y,A,01,0,2,0,0,0,0,0,0,0,"- ","- ",34.272609710693359,-119.21336364746094,VENTURA,VENTURA,-119.2135009765625,34.271541595458984
94417698,2024,2024-10-03,9765,2024-09-26,1150,018884,,4,1,6,5604,0,1,2,,2,301,"US 101 SOUTHBOUND (VENTURA FREEWAY)","OXNARD BLVD",1584.00,N,N,A,-,Y,VEN,,101," ",R,23.082,H,,L,N,4,0,1,2,A,-,07,21658,A,N,B,C,A,A,H,-,A,D,0,,,,,Y,,-,"- ",0,0,1,0,0,0,0,0,0,"- ","- ",34.241329193115234,-119.186767578125,VENTURA,OXNARD,-119.18679046630859,34.241287231445312
94421250,2024,2024-10-07,9770,2024-10-05,1035,019849,,6,1,6,5607,0,1,2,,2,074,"US-101 N/B (VENTURA FREEWAY)","RANCHO ROAD",1056.00,N,N,A,-,Y,VEN,,101," "," ",3.562,H,,R,Y,4,0,2,4,A,-,03,22350,,N,C,C,A,A,H,-,A,D,0,,,,,Y,,A,07,0,0,2,0,0,0,0,0,0,"- ","- ",34.176738739013672,-118.86753082275391,VENTURA,"THOUSAND OAKS",-118.86752319335938,34.176811218261719
94421714,2024,2024-10-07,9765,2024-10-02,1410,021999,,3,2,5,5601,0,1,2,,2,503,"US-101 S/B (VENTURA FREEWAY)","SPRINGVILLE DRIVE",1385.00,N,N,A,-,Y,VEN,,101," "," ",17.067,H,,L,Y,3,0,3,3,A,-,03,22350,,N,C,2,A,A,H,-,A,D,0,,,,,Y,,A,07,0,1,2,0,0,0,0,0,0,"- ","- ",34.220638275146484,-119.09018707275391,VENTURA,CAMARILLO,-119.09018707275391,34.220672607421875
94424140,2024,2024-10-09,9770,2024-09-28,2130,023517,,6,2,9,5600,0,2,4,,1,055,"BALCOM CANYON","BIXBY ROAD",35.00,W,N,A,-,N,,,,,,,,,,Y,3,0,1,1,A,-,01,23152,A,N,E,I,A,A,H,-,D,D,0,,,,,Y,Y,A,07,0,1,0,0,0,0,0,0,0,"- ","- ",34.31610107421875,-118.96092987060547,VENTURA,UNINCORPORATED,-118.97995758056641,34.346916198730469
94424286,2024,2024-10-09,9765,2024-10-01,"955 ",024090,,2,1,9,5600,0,1,3,,1,062,"SR-1 N/B","MUGU CANYON REST AREA",7920.00,S,N,A,-,Y,VEN,,1," "," ",7.527,H,,R,N,3,0,1,1,C,-,18,,,N,E,J,A,A,H,-,A,D,0,,,,,Y,,-,"- ",0,1,0,0,0,0,0,0,0,"- ","- ",34.086788177490234,-119.06060791015625,VENTURA,UNINCORPORATED,-119.06061553955078,34.086776733398438
94429531,2024,2024-10-14,9765,2024-10-05,1648,022472,,6,2,9,5600,0,1,3,,1,020,"SR-33 (N VENTURA AVE)","LARMIER AVENUE",60.00,S,N,B,-,Y,VEN,,33," "," ",8.504,H,,R,N,4,0,2,2,A,-,03,22350,,N,C,C,A,A,H,-,A,D,0,,,,,Y,,D,22,0,0,2,0,0,0,0,0,0,"- ","- ",34.392738342285156,-119.30117797851562,VENTURA,UNINCORPORATED,-119.30117034912109,34.392738342285156
94429893,2024,2024-10-14,9765,2024-10-07,"820 ",019277,,1,1,6,5608,0,1,2,,2,302,"US-101 N/B (VENTURA FREEWAY)","TELEPHONE ROAD",122.00,N,N,A,-,Y,VEN,,101," "," ",26.006,H,,R,Y,3,0,2,4,A,-,03,22350,,N,C,C,A,A,H,-,A,D,0,,,,,Y,,A,01,0,1,1,0,0,0,0,0,0,"- ","- ",34.262599945068359,-119.23123168945312,VENTURA,VENTURA,-119.23125457763672,34.262561798095703
94429912,2024,2024-10-14,9765,2024-10-07,1755,022472,,1,2,9,5600,0,3,5,,2,005,SR-118,"ROSE AVENUE",75.00,E,N,B,-,Y,VEN,,118," "," ",2.888,H,,R,N,4,0,1,3,A,-,03,22350,,N,C,C,A,A,H,-,A,D,0,,,,,Y,,A,01,0,0,1,0,0,0,0,0,0,"- ","- ",34.26776123046875,-119.12621307373047,VENTURA,UNINCORPORATED,-119.12622833251953,34.267742156982422
9443366,2022,2022-05-03,5608,2022-04-19,1615,527,,2,5,6,5608,0,0,0,,0,002,"SEAWARD AV","HARBOR BL",23.00,N,N,A,-,N,,,,,,,,,,Y,4,0,1,2,A,-,12,21453,,N,D,C,A,A,H,-,A,A,0,,,,,Y,,A,01,0,0,1,0,0,0,0,0,0,"- ","- ",,,VENTURA,VENTURA,-119.27017211914062,34.264892578125
9443465,2022,2022-05-12,5608,2022-04-22,1437,545,,5,5,6,5608,0,0,0,,0,002,"OCEAN AV","CORONADO ST",50.00,W,N,A,-,N,,,,,,,,,,Y,4,0,1,1,A,-,08,22107,,N,A,I,A,A,H,-,A,D,0,,,,,Y,,A,01,0,0,1,0,0,0,0,0,0,"- ","- ",,,VENTURA,VENTURA,-119.26882171630859,34.27252197265625
9443466,2022,2022-05-18,5608,2022-04-20,1716,501,VENTU,3,5,6,5608,0,0,0,,0,004,"JOHNSON DR","RT 101",0.00,,Y,A,-,Y,VEN,7,101,-,R,23.501,R,4,S,N,4,0,1,2,A,-,09,21801,A,N,D,C,A,A,H,-,A,A,0,,,,,Y,,A,01,0,0,1,0,0,0,0,0,0,"- ",SO,,,VENTURA,VENTURA,-119.19357299804688,34.243770599365234
94435068,2024,2024-10-17,9770,2024-10-09,1710,023928,,3,2,9,5600,0,2,4,,1,031,"SANTA ROSA ROAD","BRITTANY PARK ROAD",200.00,W,N,A,-,N,,,,,,,,,,Y,3,0,2,2,A,-,03,22350,,N,C,C,A,A,H,-,A,D,0,,,,,Y,,A,01,0,2,0,0,0,0,0,0,0,"- ","- ",34.237289428710938,-118.91526031494141,VENTURA,UNINCORPORATED,-118.91517639160156,34.237335205078125
94435148,2024,2024-10-17,9765,2024-10-09,2310,023911,,3,3,9,5600,0,3,5,,2,003,"OLIVAS PARK DRIVE","VICTORIA AVENUE",650.00,W,N,A,-,N,,,,,,,,,,Y,4,0,1,1,A,-,01,23152,G,N,E,I,A,A,H,-,D,D,0,,,,,Y,Y,A,07,0,0,1,0,0,0,0,0,0,"- ","- ",34.244800567626953,-119.21730804443359,VENTURA,UNINCORPORATED,-119.21714782714844,34.244659423828125