CASE_ID,ACCIDENT_YEAR,PROC_DATE,JURIS,COLLISION_DATE,COLLISION_TIME,OFFICER_ID,REPORTING_DISTRICT,DAY_OF_WEEK,CHP_SHIFT,POPULATION,CNTY_CITY_LOC,SPECIAL_COND,BEAT_TYPE,CHP_BEAT_TYPE,CITY_DIVISION_LAPD,CHP_BEAT_CLASS,BEAT_NUMBER,PRIMARY_RD,SECONDARY_RD,DISTANCE,DIRECTION,INTERSECTION,WEATHER_1,WEATHER_2,STATE_HWY_IND,CALTRANS_COUNTY,CALTRANS_DISTRICT,STATE_ROUTE,ROUTE_SUFFIX,POSTMILE_PREFIX,POSTMILE,LOCATION_TYPE,RAMP_INTERSECTION,SIDE_OF_HWY,TOW_AWAY,COLLISION_SEVERITY,NUMBER_KILLED,NUMBER_INJURED,PARTY_COUNT,PRIMARY_COLL_FACTOR,PCF_CODE_OF_VIOL,PCF_VIOL_CATEGORY,PCF_VIOLATION,PCF_VIOL_SUBSECTION,HIT_AND_RUN,TYPE_OF_COLLISION,MVIW,PED_ACTION,ROAD_SURFACE,ROAD_COND_1,ROAD_COND_2,LIGHTING,CONTROL_DEVICE,CHP_ROAD_TYPE,PEDESTRIAN_ACCIDENT,BICYCLE_ACCIDENT,MOTORCYCLE_ACCIDENT,TRUCK_ACCIDENT,NOT_PRIVATE_PROPERTY,ALCOHOL_INVOLVED,STWD_VEHTYPE_AT_FAULT,CHP_VEHTYPE_AT_FAULT,COUNT_SEVERE_INJ,COUNT_VISIBLE_INJ,COUNT_COMPLAINT_PAIN,COUNT_PED_KILLED,COUNT_PED_INJURED,COUNT_BICYCLIST_KILLED,COUNT_BICYCLIST_INJURED,COUNT_MC_KILLED,COUNT_MC_INJURED,PRIMARY_RAMP,SECONDARY_RAMP,LATITUDE,LONGITUDE,COUNTY,CITY,POINT_X,POINT_Y
9521721,2022,2022-11-16,5604,2022-10-14,2010,5657,,5,5,6,5604,0,0,0,,0,014,"VINEYARD AV","STROUBE ST",20.00,S,N,A,-,N,,,,,,,,,,Y,3,0,1,2,A,-,01,23152,A,N,G,B,D,A,H,-,C,A,0,Y,,,Y,Y,Y,F,26,0,1,0,0,1,0,0,0,0,"- ","- ",34.237209320068359,-119.16925811767578,VENTURA,OXNARD,-119.16929626464844,34.237194061279297
9521727,2022,2022-11-14,5604,2022-08-07,0152,5648,,7,5,6,5604,0,0,0,,0,023,"S C ST","9TH ST",10.00,N,N,A,-,N,,,,,,,,,,Y,4,0,1,2,A,-,01,23152,A,F,C,C,A,A,H,-,C,A,0,,,,Y,Y,Y,A,07,0,0,1,0,0,0,0,0,0,"- ","- ",34.192440032958984,-119.18115997314453,VENTURA,OXNARD,-119.18116760253906,34.192485809326172
9521740,2022,2022-11-22,5605,2022-10-17,1729,126,PATRO,1,5,3,5605,0,0,0,,0,001,"CHANNEL ISLAND BL","WHEELHOUSE AV",545.00,W,N,A,-,N,,,,,,,,,,N,4,0,1,2,A,-,03,22350,,N,C,C,A,A,H,-,A,A,0,,,,,Y,,I,19,0,0,1,0,0,0,0,0,0,"- ","- ",34.176189422607422,-119.21266937255859,VENTURA,"PORT HUENEME",-119.21452331542969,34.17578125
9521806,2022,2022-12-13,5608,2022-11-03,1227,548,,4,5,6,5608,0,0,0,,0,003,"SOUTH VICTORIA AV","CLOVERLY ST",333.00,S,N,A,G,N,,,,,,,,,,Y,3,0,1,1,A,-,03,22350,,N,E,I,A,A,H,-,A,D,0,,,,,Y,,D,22,0,1,0,0,0,0,0,0,0,"- ","- ",,,VENTURA,VENTURA,-119.21413421630859,34.274005889892578
9521906,2022,2022-11-18,5604,2022-09-28,1348,5065,,3,5,6,5604,0,0,0,,0,032,"S ROSE AV","EMERSON AV",0.00,,Y,A,-,N,,,,,,,,,,N,3,0,1,2,A,-,12,21453,A,N,G,G,A,A,H,-,A,A,0,,Y,,,Y,,-,,0,1,0,0,0,0,1,0,0,"- ","- ",34.182571411132812,-119.15995025634766,VENTURA,OXNARD,-119.16004943847656,34.182548522949219
9521921,2022,2022-11-15,5604,2022-09-09,1525,5623,,5,5,6,5604,0,0,0,,0,022,"S VENTURA RD","TEAL CLUB RD",0.00,,Y,B,-,N,,,,,,,,,,Y,4,0,2,2,A,-,09,21801,A,N,D,C,A,A,H,-,A,A,0,,,,,Y,,A,07,0,0,2,0,0,0,0,0,0,"- ","- ",34.202880859375,-119.19474029541016,VENTURA,OXNARD,-119.19470977783203,34.202888488769531
9521929,2022,2022-11-15,5604,2022-09-19,1744,5135,,1,5,6,5604,0,0,0,,0,014,"VINEYARD AV","ESPLANADE DR",10.00,N,N,A,-,N,,,,,,,,,,N,4,0,5,3,A,-,12,21453,A,N,A,C,A,A,H,-,A,A,0,,,,,Y,,A,01,0,0,5,0,0,0,0,0,0,"- ","- ",34.229999542236328,-119.17465209960938,VENTURA,OXNARD,-119.17464447021484,34.230022430419922
9522018,2022,2022-11-23,5604,2022-10-05,2046,5592,,3,5,6,5604,0,0,0,,0,022,"N VENTURA RD","TEAL CLUB RD",0.00,,Y,A,-,N,,,,,,,,,,Y,4,0,1,2,A,-,12,21453,A,F,D,C,A,A,H,-,C,A,0,,,,,Y,,A,01,0,0,1,0,0,0,0,0,0,"- ","- ",34.202880859375,-119.19474029541016,VENTURA,OXNARD,-119.19470977783203,34.202888488769531
9522102,2022,2022-11-18,5604,2022-09-18,1404,5566,,7,5,6,5604,0,0,0,,0,012,"VINEYARD AV","E ESPLANADE DR E",0.00,,Y,A,-,N,,,,,,,,,,N,4,0,1,2,A,-,12,21453,A,N,D,C,A,A,H,-,A,A,0,,,,,Y,,-,"- ",0,0,1,0,0,0,0,0,0,"- ","- ",34.229999542236328,-119.17465209960938,VENTURA,OXNARD,-119.17465972900391,34.229995727539062
9522104,2022,2022-11-16,5604,2022-09-06,1531,5018,,2,5,6,5604,0,0,0,,0,031,"S LOMBARD ST","EASTMAN AV",1000.00,S,N,A,-,N,,,,,,,,,,Y,4,0,1,5,A,-,03,22350,,N,D,E,A,A,H,-,A,D,0,,,,,Y,,A,01,0,0,1,0,0,0,0,0,0,"- ","- ",34.198699951171875,-119.14842987060547,VENTURA,OXNARD,-119.14910125732422,34.197460174560547
9522106,2022,2022-11-22,5604,2022-09-24,1650,5396,,6,5,6,5604,0,0,0,,0,031,"E 3RD ST","GARFIELD AV",0.00,,Y,A,-,N,,,,,,,,,,N,4,0,1,2,A,-,04,21703,,N,C,C,A,A,H,-,A,A,0,,,,,Y,,A,01,0,0,1,0,0,0,0,0,0,"- ","- ",34.200111389160156,-119.17350769042969,VENTURA,OXNARD,-119.173828125,34.200557708740234
9522108,2022,2022-11-16,5604,2022-09-23,1622,5534,,5,5,6,5604,0,0,0,,0,011,"N H ST","GLENWOOD DR",50.00,S,N,A,-,N,,,,,,,,,,Y,4,0,2,2,A,-,08,22100,B,N,D,C,A,A,H,-,A,D,0,,,,,Y,,A,07,0,0,2,0,0,0,0,0,0,"- ","- ",34.213668823242188,-119.18763732910156,VENTURA,OXNARD,-119.18796539306641,34.214374542236328
9522463,2022,2022-12-27,5604,2022-11-23,2003,5135,,3,5,6,5604,0,0,0,,0,011,"PATTERSON RD","GONZALES RD",0.00,,Y,A,-,N,,,,,,,,,,N,4,0,1,2,A,-,09,21801,A,N,A,C,A,A,H,-,C,A,0,,,Y,,Y,,C,06,0,0,1,0,0,0,0,0,0,"- ","- ",34.2193603515625,-119.20702362060547,VENTURA,OXNARD,-119.20716094970703,34.219314575195312
9522467,2022,2022-12-29,5604,2022-11-28,1233,5672,,1,5,6,5604,0,0,0,,0,012,"LATIGO AV","LOMBARD ST",15.00,E,N,A,-,N,,,,,,,,,,Y,3,0,1,2,A,-,09,21802,A,N,A,C,A,A,H,-,A,A,0,,,,,Y,,A,07,0,1,0,0,0,0,0,0,0,"- ","- ",34.211009979248047,-119.14936065673828,VENTURA,OXNARD,-119.14932250976562,34.211029052734375
9522471,2022,2022-12-29,5604,2022-11-26,1242,5508,,6,5,6,5604,0,0,0,,0,022,"VENTURA RD","WOOLEY RD",100.00,N,N,A,-,N,,,,,,,,,,N,4,0,1,2,A,-,07,21658,A,N,D,C,A,A,H,-,A,A,0,,,,,Y,,A,08,0,0,1,0,0,0,0,0,0,"- ","- ",34.1905517578125,-119.1944580078125,VENTURA,OXNARD,-119.19511413574219,34.190574645996094
9523345,2022,2023-02-06,5608,2022-12-18,1551,552,VENTU,7,5,6,5608,0,0,0,,0,003,"LOMA VISTA RD","NORTH VICTORIA AV",0.00,,Y,A,-,N,,,,,,,,,,N,3,0,1,2,A,-,09,21801,A,N,D,G,A,A,H,-,A,A,0,,Y,,,Y,,A,01,0,1,0,0,0,0,1,0,0,"- ","- ",,,VENTURA,VENTURA,-119.21554565429688,34.281963348388672
9524393,2022,2022-12-28,5608,2022-11-23,1356,552,,3,5,6,5608,0,0,0,,0,001,"CHESTNUT ST","SANTA CLARA ST",0.00,,Y,A,-,N,,,,,,,,,,N,4,0,1,2,A,-,10,21950,A,N,G,B,B,A,H,-,A,A,0,Y,,,,Y,,A,01,0,0,1,0,1,0,0,0,0,"- ","- ",,,VENTURA,VENTURA,-119.29154968261719,34.279541015625
9524396,2022,2023-01-11,5608,2022-11-24,2126,547,,4,5,6,5608,0,0,0,,0,002,"S SEAWARD AV","SAN MARCOS ST",155.00,N,N,A,-,N,,,,,,,,,,Y,4,0,2,3,A,-,08,22107,,N,B,E,A,A,H,-,C,D,0,,,,,Y,,A,07,0,0,2,0,0,0,0,0,0,"- ","- ",,,VENTURA,VENTURA,-119.26747894287109,34.269855499267578
9526338,2023,2023-02-23,5608,2023-01-28,"743 ",548,,6,5,6,5608,0,0,0,,0,003,"TELEPHONE RD","LARK ST",21.00,E,N,A,-,N,,,,,,,,,,Y,2,0,1,1,A,-,01,23152,G,N,E,I,A,A,H,-,A,A,0,,,,,Y,,A,01,1,0,0,0,0,0,0,0,0,"- ","- ",,,VENTURA,VENTURA,-119.20982360839844,34.265811920166016
9526341,2023,2023-02-28,5608,2023-01-21,1232,522,,6,5,6,5608,0,0,0,,0,004,"OLIVAS PARK DR","VICTORIA AV",450.00,E,N,A,-,N,,,,,,,,,,Y,4,0,1,2,A,-,08,22107,,N,D,C,A,A,H,-,A,D,0,,,,,Y,,A,07,0,0,1,0,0,0,0,0,0,"- ","- ",,,VENTURA,VENTURA,-119.21366882324219,34.243766784667969
9526346,2023,2023-02-23,5608,2023-01-31,"908 ",472,,2,5,6,5608,0,0,0,,0,001,"NORTH VENTURA AV","STANLEY AV",0.00,,Y,A,-,N,,,,,,,,,,N,3,0,1,1,A,-,03,22350,,N,H,J,A,A,-,-,A,A,0,,Y,,,Y,,L,04,0,1,0,0,0,0,1,0,0,"- ","- ",34.298919677734375,-119.29548645019531,VENTURA,VENTURA,-119.29532623291016,34.299503326416016
9528435,2022,2022-12-06,5608,2022-10-24,0950,465,,1,5,6,5608,0,0,0,,0,003,"SOUTH VICTORIA AV","WOODLAND ST",100.00,S,N,A,-,N,,,,,,,,,,N,3,0,1,2,A,-,03,22350,,F,C,C,A,A,H,-,A,A,0,,,,,Y,,-,,0,1,0,0,0,0,0,0,0,"- ","- ",,,VENTURA,VENTURA,-119.21455383300781,34.275299072265625
9528438,2022,2022-11-18,5608,2022-10-21,1730,542,,5,5,6,5608,0,0,0,,0,003,"E MAIN ST","DOS CAMINOS AV",75.00,W,N,A,-,N,,,,,,,,,,N,3,0,1,2,A,-,00,21670,,F,B,G,A,-,H,-,A,A,0,,Y,,,Y,,A,07,0,1,0,0,0,0,1,0,0,"- ","- ",,,VENTURA,VENTURA,-119.25493621826172,34.270099639892578
9529286,2022,2022-11-17,5604,2022-07-06,1725,5135,,3,5,6,5604,0,0,0,,0,011,"N VENTURA RD","DEVONSHIRE DR",250.00,S,N,A,-,N,,,,,,,,,,N,4,0,1,2,A,-,03,22350,,N,C,C,A,A,H,-,A,D,0,,,,,Y,,A,01,0,0,1,0,0,0,0,0,0,"- ","- ",34.211498260498047,-119.19464111328125,VENTURA,OXNARD,-119.19464874267578,34.210823059082031
9530123,2022,2022-12-20,5604,2022-10-29,0454,5642,,6,5,6,5604,0,0,0,,0,014,"N OXNARD BL","WAGON WHEEL RD",500.00,N,N,A,-,Y,VEN,7,1,-,-,21.062,I,5,N,Y,3,0,2,2,-,-,"- ",,,N,A,C,A,A,H,-,C,A,0,,,,,Y,,-,"- ",0,1,1,0,0,0,0,0,0,"- ","- ",34.238998413085938,-119.18084716796875,VENTURA,OXNARD,-119.180908203125,34.238807678222656
9532085,2022,2022-11-15,5604,2022-09-15,2110,5642,,4,5,6,5604,0,0,0,,0,031,"CAMINO DEL SOL RD","RICE AV",100.00,W,N,A,-,N,,,,,,,,,,Y,4,0,1,2,A,-,11,21954,A,N,G,B,D,A,H,-,C,A,0,Y,,,,Y,,N,60,0,0,1,0,1,0,0,0,0,"- ","- ",34.206150054931641,-119.14215850830078,VENTURA,OXNARD,-119.14260101318359,34.206165313720703
9533602,2023,2023-02-16,5608,2023-01-06,1733,447,,5,5,6,5608,0,0,0,,0,004,"RALSTON ST","SUNRISE DR",354.00,E,N,A,-,N,,,,,,,,,,N,4,0,1,2,A,-,09,21804,A,N,D,C,A,A,H,-,C,A,0,,,Y,,Y,,O,05,0,0,1,0,0,0,0,0,1,"- ","- ",,,VENTURA,VENTURA,,
9533828,2023,2023-02-15,5605,2023-01-09,1422,227,PATRO,1,5,3,5605,0,0,0,,0,003,"VENTURA RD","B ST",7.00,S,N,C,-,N,,,,,,,,,,N,4,0,2,2,A,-,08,22107,,N,D,C,A,B,H,-,A,D,0,,,,,Y,,A,01,0,0,2,0,0,0,0,0,0,"- ","- ",34.153251647949219,-119.19545745849609,VENTURA,"PORT HUENEME",-119.19553375244141,34.153179168701172
9533829,2023,2023-02-15,5605,2023-01-16,1826,224,PATRO,1,5,3,5605,0,0,0,,0,002,"CHANNEL ISLANDS BL","VENTURA RD",494.00,W,N,B,-,N,,,,,,,,,,N,4,0,1,2,A,-,03,22350,,N,C,C,A,A,H,-,C,D,0,,,,,Y,,A,01,0,0,1,0,0,0,0,0,0,"- ","- ",34.175689697265625,-119.19496917724609,VENTURA,"PORT HUENEME",-119.19670104980469,34.175640106201172
9533830,2023,2023-02-15,5605,2023-01-23,1335,238,PATRO,1,5,3,5605,0,0,0,,0,003,"PLEASANT VALLEY RD","FLORENCE AV",320.00,W,N,A,-,N,,,,,,,,,,N,3,0,1,2,A,-,21,22106,,N,G,B,E,A,H,-,A,D,0,Y,,,,Y,,A,07,0,1,0,0,1,0,0,0,0,"- ","- ",34.154788970947266,-119.19010162353516,VENTURA,"PORT HUENEME",-119.19118499755859,34.154888153076172
9535027,2023,2023-02-17,5608,2023-01-01,1542,522,,7,5,6,5608,0,0,0,,0,001,"MAIN ST","KALORAMA ST",0.00,,Y,A,-,N,,,,,,,,,,Y,3,0,1,2,A,-,09,21802,A,N,D,C,A,A,H,-,A,D,0,,,,,Y,,A,07,0,1,0,0,0,0,0,0,0,"- ","- ",,,VENTURA,VENTURA,-119.28701019287109,34.280838012695312
9535030,2022,2023-02-17,5608,2022-12-28,1347,397,VENTU,3,5,6,5608,0,0,0,,0,001,"THOMPSON BL","CHESTNUT ST",0.00,,Y,A,-,N,,,,,,,,,,Y,4,0,1,2,A,-,09,21801,,N,A,C,A,A,H,-,A,A,0,,,,,Y,,A,01,0,0,1,0,0,0,0,0,0,"- ","- ",,,VENTURA,VENTURA,-119.29154968261719,34.278263092041016
9535320,2022,2023-02-09,5605,2022-12-11,2042,231,PATRO,7,5,3,5605,0,0,0,,0,001,"CHANNEL ISLAND BL","BOLKER DR",0.00,,Y,A,-,N,,,,,,,,,,N,4,0,2,2,A,-,09,21804,A,N,D,D,A,A,H,-,C,A,0,,,,,Y,Y,D,22,0,0,2,0,0,0,0,0,0,"- ","- ",34.175811767578125,-119.20623016357422,VENTURA,"PORT HUENEME",-119.20624542236328,34.175968170166016
9537012,2022,2022-12-12,5604,2022-10-21,1332,5535,,5,5,6,5604,0,0,0,,0,012,"N ROSE AV","CESAR CHAVEZ DR",0.00,,Y,A,-,N,,,,,,,,,,N,3,0,1,2,A,-,12,21453,A,F,D,C,A,A,H,-,A,A,0,,,,,Y,,-,"- ",0,1,0,0,0,0,0,0,0,"- ","- ",34.213138580322266,-119.15959167480469,VENTURA,OXNARD,-119.15969848632812,34.213150024414062
9537072,2022,2023-01-03,5604,2022-11-07,0434,5655,,1,5,6,5604,0,0,0,,0,012,"N ROSE AV","E LOCKWOOD ST E",0.00,,Y,A,-,N,,,,,,,,,,Y,3,0,1,1,A,-,01,23152,A,N,E,I,A,A,H,-,C,A,0,,,,,Y,Y,A,01,0,1,0,0,0,0,0,0,0,"- ","- ",34.222118377685547,-119.15824127197266,VENTURA,OXNARD,-119.15828704833984,34.222114562988281
9537074,2022,2022-12-22,5604,2022-11-08,1832,5532,,2,5,6,5604,0,0,0,,0,012,"VINEYARD AV","ESPLANADE DR",0.00,,Y,A,-,N,,,,,,,,,,Y,4,0,1,2,A,-,12,21453,A,N,D,C,A,A,-,-,C,A,0,,,,,Y,,A,01,0,0,1,0,0,0,0,0,0,"- ","- ",34.229999542236328,-119.17465209960938,VENTURA,OXNARD,-119.17465972900391,34.229995727539062
9537512,2022,2022-12-28,5604,2022-09-28,0610,5501,,3,5,6,5604,0,0,0,,0,032,"EMERSON AV","ROSE AV",0.00,,Y,A,-,N,,,,,,,,,,Y,4,0,1,2,-,-,"- ",,,F,D,C,A,A,H,-,C,A,0,,,,Y,Y,,-,"- ",0,0,1,0,0,0,0,0,0,"- ","- ",34.182571411132812,-119.15995025634766,VENTURA,OXNARD,-119.16004943847656,34.182548522949219
9539886,2022,2023-02-03,5604,2022-12-25,1749,5624,,7,5,6,5604,0,0,0,,0,031,"ROSE AV","CAMINO DEL SOL",0.00,,Y,A,-,N,,,,,,,,,,Y,4,0,2,2,A,-,09,21801,A,N,A,C,A,A,H,-,C,A,0,,,,,Y,,A,01,0,0,2,0,0,0,0,0,0,"- ","- ",34.206119537353516,-119.15923309326172,VENTURA,OXNARD,-119.15969085693359,34.206352233886719
9539891,2022,2023-02-03,5604,2022-12-10,2225,5529,,6,5,6,5604,0,0,0,,0,024,"VENTURA RD","HILL ST",425.00,S,N,C,-,N,,,,,,,,,,Y,4,0,1,2,A,-,01,23153,A,N,A,C,A,B,H,-,C,A,0,,,,,Y,Y,A,01,0,0,1,0,0,0,0,0,0,"- ","- ",34.1864013671875,-119.19523620605469,VENTURA,OXNARD,-119.19522094726562,34.186420440673828
9539913,2022,2023-02-08,5604,2022-12-09,2108,5540,,5,5,6,5604,0,0,0,,0,014,"OXNARD BL","RT 101",0.00,,Y,A,-,Y,VEN,7,1,-,-,21.074,I,5,N,Y,3,0,1,2,A,-,09,21801,A,N,D,C,A,-,H,-,B,A,0,,,,,Y,,A,01,0,1,0,0,0,0,0,0,0,"- ",NF,34.238998413085938,-119.18084716796875,VENTURA,OXNARD,-119.18084716796875,34.239768981933594
9539918,2022,2023-02-01,5604,2022-12-21,2304,5659,,3,5,6,5604,0,0,0,,0,022,"5TH ST","VENTURA RD",0.00,,Y,A,-,N,,,,,,,,,,N,4,0,1,1,A,-,08,22107,,N,F,I,A,A,H,-,C,A,0,,,,,Y,,A,01,0,0,1,0,0,0,0,0,0,"- ","- ",,,VENTURA,OXNARD,-119.19487762451172,34.197578430175781
9541370,2022,2023-01-06,5604,2022-11-08,1628,4868,,2,5,6,5604,0,0,0,,0,011,"N VENTURA RD","ANNA WY",0.00,,Y,C,-,N,,,,,,,,,,Y,3,0,2,2,A,-,09,21801,A,N,D,C,A,B,H,-,B,D,0,,,,,Y,,A,01,0,1,1,0,0,0,0,0,0,"- ","- ",34.217288970947266,-119.194580078125,VENTURA,OXNARD,-119.19467926025391,34.217296600341797
9541495,2022,2023-02-09,5604,2022-12-04,2332,5630,,7,5,6,5604,0,0,0,,0,042,"SAVIERS RD","BARD RD",0.00,,Y,A,-,N,,,,,,,,,,Y,4,0,1,2,A,-,12,21453,A,F,D,C,A,A,H,-,C,A,0,,,,,Y,,A,01,0,0,1,0,0,0,0,0,0,"- ","- ",34.160659790039062,-119.17726898193359,VENTURA,OXNARD,-119.17778015136719,34.161003112792969
9541496,2022,2023-02-02,5604,2022-12-04,1819,5586,,7,5,6,5604,0,0,0,,0,032,"SAN MARINO ST","OLIVE DR",50.00,S,N,A,-,N,,,,,,,,,,Y,3,0,1,2,A,-,08,22107,,N,C,E,A,B,H,-,C,D,0,,,,,Y,,A,01,0,1,0,0,0,0,0,0,0,"- ","- ",34.175010681152344,-119.17610168457031,VENTURA,OXNARD,-119.17608642578125,34.174873352050781
9541965,2022,2023-02-02,5604,2022-12-15,1026,5631,,4,5,6,5604,0,0,0,,0,011,"RODERICK AV","H ST",0.00,,Y,A,-,N,,,,,,,,,,Y,4,0,2,2,A,-,12,22450,A,N,D,C,A,A,H,-,A,A,0,,,,,Y,,A,01,0,0,2,0,0,0,0,0,0,"- ","- ",34.209819793701172,-119.18801116943359,VENTURA,OXNARD,-119.18801116943359,34.2098388671875
9541966,2022,2023-02-02,5604,2022-12-16,1005,5569,,5,5,6,5604,0,0,0,,0,014,"VINEYARD AV","ESPLANADE DR",0.00,,Y,A,-,N,,,,,,,,,,Y,4,0,1,2,A,-,12,21453,A,N,D,C,A,A,H,-,A,A,0,,,Y,,Y,,C,02,0,0,1,0,0,0,0,0,1,"- ","- ",34.230010986328125,-119.17465209960938,VENTURA,OXNARD,-119.17465972900391,34.229995727539062
9541974,2022,2023-02-01,5604,2022-12-04,1445,5677,,7,5,6,5604,0,0,0,,0,023,"5TH ST","OXNARD BL",0.00,,Y,B,-,N,,,,,,,,,,Y,4,0,1,3,A,-,09,21801,A,N,D,C,A,B,H,-,A,A,0,,,,,Y,,A,01,0,0,1,0,0,0,0,0,0,"- ","- ",34.197681427001953,-119.17738342285156,VENTURA,OXNARD,-119.17746734619141,34.197685241699219
9543068,2022,2023-02-01,5608,2022-12-27,0327,519,,2,5,6,5608,0,0,0,,0,004,"SPERRY AV","VALENTINE RD",10.00,S,N,A,-,N,,,,,,,,,,N,3,0,1,2,A,-,08,22107,,F,G,B,B,A,H,-,C,A,0,Y,,,,Y,Y,A,01,0,1,0,0,1,0,0,0,0,"- ","- ",,,VENTURA,VENTURA,-119.21783447265625,34.255901336669922
9544094,2022,2023-01-31,5604,2022-12-16,2102,5615,,5,5,6,5604,0,0,0,,0,031,"S RICE AV","RT 34",300.00,N,N,A,-,N,,,,,,,,,,Y,4,0,1,2,A,-,03,22350,,N,C,C,A,A,H,-,C,A,0,,,,,Y,,A,01,0,0,1,0,0,0,0,0,0,"- ","- ",,,VENTURA,OXNARD,-119.14238739013672,34.197662353515625
9544098,2022,2023-02-02,5604,2022-12-24,2144,5475,,6,5,6,5604,0,0,0,,0,022,"S OXNARD BL","2ND ST",200.00,N,N,A,-,N,,,,,,,,,,Y,4,0,1,2,A,-,01,23152,A,F,C,C,A,A,H,-,C,D,0,,,,,Y,Y,A,01,0,0,1,0,0,0,0,0,0,"- ","- ",34.201629638671875,-119.17732238769531,VENTURA,OXNARD,-119.17740631103516,34.202167510986328
9545113,2023,2023-03-03,5608,2023-01-16,1341,517,,1,5,6,5608,0,0,0,,0,003,"TELEPHONE RD","LARK AV",288.00,E,N,A,-,N,,,,,,,,,,N,3,0,1,3,A,-,08,22107,,N,C,C,A,A,H,-,A,A,0,,,Y,,Y,,D,22,0,1,0,0,0,0,0,0,1,"- ","- ",,,VENTURA,VENTURA,-119.20895385742188,34.265949249267578
9545673,2023,2023-02-18,5604,2023-01-26,2227,5071,,4,5,6,5604,0,0,0,,0,023,"9TH ST","B ST",25.00,E,N,A,-,N,,,,,,,,,,Y,3,0,1,3,A,-,01,23152,A,N,C,E,A,A,H,-,C,D,0,,,,,Y,Y,A,01,0,1,0,0,0,0,0,0,0,"- ","- ",34.19232177734375,-119.17955017089844,VENTURA,OXNARD,-119.17981719970703,34.192455291748047
9545677,2023,2023-02-18,5604,2023-01-15,"449 ",5610,,7,5,6,5604,0,0,0,,0,012,"AUTO CENTER DR","VENTURA BL",100.00,E,N,B,-,N,,,,,,,,,,Y,2,0,1,1,A,-,01,23152,A,N,A,I,A,B,H,-,C,D,0,,,,,Y,Y,A,01,1,0,0,0,0,0,0,0,0,"- ","- ",34.228431701660156,-119.15236663818359,VENTURA,OXNARD,-119.15622711181641,34.228164672851562
9546364,2023,2023-03-03,5608,2023-01-24,1711,415,,2,5,6,5608,0,0,0,,0,004,"TELEPHONE RD","COPLAND DR",0.00,,Y,A,-,N,,,,,,,,,,N,4,0,1,2,A,-,10,21950,A,N,G,B,B,A,H,-,A,A,0,Y,,,,Y,,-,,0,0,1,0,1,0,0,0,0,"- ","- ",,,VENTURA,VENTURA,-119.23021697998047,34.262702941894531
9546493,2023,2023-04-13,5608,2023-02-05,1822,441,,7,5,6,5608,0,0,0,,0,002,"POLI ST","EUGENIA ST",0.00,,Y,A,-,N,,,,,,,,,,Y,3,0,1,2,A,-,09,21804,A,N,B,C,A,A,H,-,C,D,0,,,,,Y,,A,01,0,1,0,0,0,0,0,0,0,"- ","- ",,,VENTURA,VENTURA,-119.26139831542969,34.279037475585938
9548697,2022,2023-02-15,5604,2022-12-13,1550,5671,,2,5,6,5604,0,0,0,,0,011,"GONZALES RD","GALLANTIN PL",15.00,W,N,A,-,N,,,,,,,,,,N,4,0,1,2,A,-,03,22350,,N,C,C,A,A,H,-,A,A,0,,,,,Y,,A,01,0,0,1,0,0,0,0,0,0,"- ","- ",34.219318389892578,-119.20198822021484,VENTURA,OXNARD,-119.20207214355469,34.219402313232422
9549143,2023,2023-04-06,5608,2023-02-25,1803,469,,6,5,6,5608,0,0,0,,0,003,"FOOTHILL RD","SETON HALL AV",0.00,W,N,C,-,N,,,,,,,,,,Y,3,0,1,1,A,-,08,22107,,N,E,I,A,B,H,-,D,D,0,,,,,Y,,A,01,0,1,0,0,0,0,0,0,0,"- ","- ",34.282989501953125,-119.23668670654297,VENTURA,VENTURA,-119.233154296875,34.283134460449219
9549144,2023,2023-04-06,5608,2023-02-23,"829 ",532,,4,5,6,5608,0,0,0,,0,003,"DARLING RD","WELLS RD",0.00,W,N,C,-,N,,,,,,,,,,N,4,0,1,2,A,-,09,21804,A,N,D,C,A,B,H,-,A,A,0,,,,,Y,,A,07,0,0,1,0,0,0,0,0,0,"- ","- ",34.286251068115234,-119.15901184082031,VENTURA,VENTURA,-119.15362548828125,34.286617279052734
9549476,2023,2023-03-21,5608,2023-02-12,1230,459,5608,7,5,6,5608,0,0,0,,0,001,"SANTA CLARA ST","OAK ST",0.00,,Y,A,-,N,,,,,,,,,,N,4,0,1,2,A,-,10,21950,,N,G,G,A,A,H,-,A,A,0,,Y,,,Y,,A,07,0,0,1,0,0,0,1,0,0,"- ","- ",,,VENTURA,VENTURA,-119.29467010498047,34.279533386230469
9551956,2023,2023-04-19,5608,2023-02-18,1427,535,,6,5,6,5608,0,0,0,,0,001,"CALIFORNIA ST","RT 101",0.00,,Y,A,-,Y,VEN,7,101,-,-,30.007,R,4,N,Y,2,0,1,2,A,-,09,21801,A,N,D,C,A,A,H,-,A,D,0,,,Y,,Y,,A,07,1,0,0,0,0,0,0,0,1,"- ",NF,34.277759552001953,-119.29306793212891,VENTURA,VENTURA,-119.29065704345703,34.277133941650391
9551959,2023,2023-04-13,5608,2023-02-21,1607,480,VENTU,2,5,6,5608,0,0,0,,0,004,"VALENTINE RD","SPERRY AV",100.00,W,-,A,-,N,,,,,,,,,,Y,3,0,1,2,A,-,06,21755,A,N,D,C,A,A,H,-,A,D,0,,,Y,,Y,,C,02,0,1,0,0,0,0,0,0,1,"- ","- ",,,VENTURA,VENTURA,-119.21811676025391,34.256069183349609