CASE_ID,ACCIDENT_YEAR,PROC_DATE,JURIS,COLLISION_DATE,COLLISION_TIME,OFFICER_ID,REPORTING_DISTRICT,DAY_OF_WEEK,CHP_SHIFT,POPULATION,CNTY_CITY_LOC,SPECIAL_COND,BEAT_TYPE,CHP_BEAT_TYPE,CITY_DIVISION_LAPD,CHP_BEAT_CLASS,BEAT_NUMBER,PRIMARY_RD,SECONDARY_RD,DISTANCE,DIRECTION,INTERSECTION,WEATHER_1,WEATHER_2,STATE_HWY_IND,CALTRANS_COUNTY,CALTRANS_DISTRICT,STATE_ROUTE,ROUTE_SUFFIX,POSTMILE_PREFIX,POSTMILE,LOCATION_TYPE,RAMP_INTERSECTION,SIDE_OF_HWY,TOW_AWAY,COLLISION_SEVERITY,NUMBER_KILLED,NUMBER_INJURED,PARTY_COUNT,PRIMARY_COLL_FACTOR,PCF_CODE_OF_VIOL,PCF_VIOL_CATEGORY,PCF_VIOLATION,PCF_VIOL_SUBSECTION,HIT_AND_RUN,TYPE_OF_COLLISION,MVIW,PED_ACTION,ROAD_SURFACE,ROAD_COND_1,ROAD_COND_2,LIGHTING,CONTROL_DEVICE,CHP_ROAD_TYPE,PEDESTRIAN_ACCIDENT,BICYCLE_ACCIDENT,MOTORCYCLE_ACCIDENT,TRUCK_ACCIDENT,NOT_PRIVATE_PROPERTY,ALCOHOL_INVOLVED,STWD_VEHTYPE_AT_FAULT,CHP_VEHTYPE_AT_FAULT,COUNT_SEVERE_INJ,COUNT_VISIBLE_INJ,COUNT_COMPLAINT_PAIN,COUNT_PED_KILLED,COUNT_PED_INJURED,COUNT_BICYCLIST_KILLED,COUNT_BICYCLIST_INJURED,COUNT_MC_KILLED,COUNT_MC_INJURED,PRIMARY_RAMP,SECONDARY_RAMP,LATITUDE,LONGITUDE,COUNTY,CITY,POINT_X,POINT_Y
9769328,2025,2025-02-13,5608,2025-01-16,1518,503,,4,5,6,5608,0,0,0,,0,003,"WAKE FOREST AV","TELEGRAPH RD",95.00,S,N,A,-,N,,,,,,,,,,N,4,0,1,2,A,-,09,21804,A,N,D,C,A,A,H,-,A,D,0,,,Y,,Y,,A,07,0,0,1,0,0,0,0,0,1,"- ","- ",,,VENTURA,VENTURA,-119.21794128417969,34.277500152587891
9769330,2025,2025-02-13,5608,2025-01-16,1546,379,135,4,5,6,5608,0,0,0,,0,003,"CAMBRIA AV","EL CAJON ST",150.00,N,N,A,-,N,,,,,,,,,,N,4,0,1,2,A,-,09,21804,A,N,D,C,A,A,H,-,A,D,0,,,,,Y,,A,01,0,0,1,0,0,0,0,0,0,"- ","- ",34.283069610595703,-119.17903900146484,VENTURA,VENTURA,-119.17903900146484,34.283031463623047
9769335,2025,2025-02-13,5608,2025-01-25,1439,466,,6,5,6,5608,0,0,0,,0,003,"DARLING RD","CACHUMA AV",345.00,E,N,A,-,N,,,,,,,,,,Y,3,0,1,3,A,-,01,23153,,N,B,B,E,A,H,-,A,D,0,Y,,,,Y,,A,01,0,1,0,0,1,0,0,0,0,"- ","- ",,,VENTURA,VENTURA,-119.16389465332031,34.280464172363281
9769338,2025,2025-02-13,5608,2025-01-24,1821,429,,5,5,6,5608,0,0,0,,0,002,"E MAIN ST","EAST THOMPSON BL",0.00,,Y,A,-,N,,,,,,,,,,N,4,0,1,2,A,-,08,22107,,N,B,C,A,A,H,-,C,A,0,,,,,Y,,A,01,0,0,1,0,0,0,0,0,0,"- ","- ",,,VENTURA,VENTURA,-119.25702667236328,34.271713256835938
9770646,2024,2025-02-03,5608,2024-12-18,"137 ",546,VENTU,3,5,6,5608,0,0,0,,0,004,"SOUTH WELLS RD","NARDO ST",265.00,N,N,A,-,N,,,,,,,,,,Y,3,0,1,1,A,-,01,23152,A,N,E,I,A,A,H,-,C,A,0,,,,,Y,Y,E,22,0,1,0,0,0,0,0,0,0,"- ","- ",,,VENTURA,VENTURA,-119.14844512939453,34.282188415527344
9771788,2024,2025-01-14,5608,2024-12-12,2018,568,,4,5,6,5608,0,0,0,,0,001,"S OAK ST","E SANTA CLARA ST",0.00,,Y,A,-,N,,,,,,,,,,N,4,0,1,2,A,-,17,21461,A,N,D,C,A,A,H,-,C,A,0,,,,,Y,,A,01,0,0,1,0,0,0,0,0,0,"- ","- ",34.279571533203125,-119.29466247558594,VENTURA,VENTURA,-119.29467010498047,34.279533386230469
9771790,2024,2025-01-06,5608,2024-12-08,1720,441,,7,5,6,5608,0,0,0,,0,002,"HARTMAN DR","THOMPSON BL",158.00,N,N,A,-,N,,,,,,,,,,Y,4,0,3,2,A,-,09,21804,A,N,D,C,A,A,H,-,C,D,0,,,,,Y,,A,01,0,0,3,0,0,0,0,0,0,"- ","- ",,,VENTURA,VENTURA,-119.26116943359375,34.272994995117188
9771791,2024,2025-01-06,5608,2024-02-06,1004,423,,2,5,6,5608,0,0,0,,0,,"FIR ST","SANTA CLARA ST",0.00,,Y,A,-,N,,,,,,,,,,N,3,0,1,2,A,-,12,22450,A,N,D,G,A,A,H,-,A,D,0,,Y,,,Y,,L,04,0,1,0,0,0,0,1,0,0,"- ","- ",,,VENTURA,VENTURA,-119.29003143310547,34.279552459716797
9771793,2024,2025-01-31,5608,2024-12-07,2207,565,,6,5,6,5608,0,0,0,,0,003,"SOUTH WELLS RD","RT 126 E",70.00,N,N,A,-,Y,VEN,7,118,-,-,0.580,H,-,E,Y,4,0,1,2,A,-,03,22350,,F,C,C,A,A,H,-,C,A,0,,,,,Y,,A,01,0,0,1,0,0,0,0,0,0,"- ","- ",,,VENTURA,VENTURA,-119.15575408935547,34.288909912109375
9771998,2024,2025-01-13,5604,2024-12-02,1740,5789,,1,5,6,5604,0,0,0,,0,012,"ROSE AVE","CAMINO DEL SOL",0.00,,Y,A,-,N,,,,,,,,,,Y,4,0,1,2,A,-,04,21703,,N,C,C,A,A,H,-,C,D,0,,,,,Y,,A,01,0,0,1,0,0,0,0,0,0,"- ","- ",34.206329345703125,-119.46967315673828,VENTURA,OXNARD,-119.15969085693359,34.206352233886719
9772073,2024,2025-01-15,5604,2024-11-23,1346,5454,,6,5,6,5604,0,0,0,,0,032,"S OXNARD BL","STATHAM BL",0.00,,Y,B,C,N,,,,,,,,,,N,4,0,1,3,A,-,12,21453,A,N,D,D,A,B,H,-,A,A,0,,,,,Y,,A,01,0,0,1,0,0,0,0,0,0,"- ","- ",34.179878234863281,-119.16523742675781,VENTURA,OXNARD,-119.16529083251953,34.179874420166016
9772161,2024,2025-01-22,5604,2024-11-12,1906,5608,,2,5,6,5604,0,0,0,,0,012,"ROSE AV","LOCKWOOD ST",500.00,N,N,A,-,N,,,,,,,,,,N,4,0,2,2,A,-,08,22107,,N,B,C,A,A,H,-,C,A,0,,,,,Y,,A,01,0,0,2,0,0,0,0,0,0,"- ","- ",34.225051879882812,-119.15875244140625,VENTURA,OXNARD,-119.15856170654297,34.223464965820312
9772291,2024,2025-01-27,5604,2024-12-06,2113,5699,,5,5,6,5604,0,0,0,,0,011,"CARTY AV","DORIS DR",0.00,,Y,A,-,N,,,,,,,,,,Y,3,0,2,2,A,-,12,22450,A,F,D,C,A,A,H,-,C,A,0,,,,,Y,,A,01,0,1,1,0,0,0,0,0,0,"- ","- ",34.207931518554688,-119.18293762207031,VENTURA,OXNARD,-119.18293762207031,34.20794677734375
9772292,2024,2025-01-27,5604,2024-12-06,1600,5563,,5,5,6,5604,0,0,0,,0,011,"N F ST","ROBERT AV",0.00,,Y,A,-,N,,,,,,,,,,Y,4,0,1,2,A,-,08,22107,,F,D,C,A,A,H,-,A,D,0,,,,,Y,,A,07,0,0,1,0,0,0,0,0,0,"- ","- ",34.210739135742188,-119.18498992919922,VENTURA,OXNARD,-119.18500518798828,34.210765838623047
9772295,2024,2025-01-27,5604,2024-12-02,1254,5817,,1,5,6,5604,0,0,0,,0,012,"VENTURA BL","AUTO CENTER DR",1310.00,S,N,A,-,N,,,,,,,,,,Y,4,0,1,2,A,-,12,22450,A,N,D,C,A,A,H,-,A,D,0,,,,,Y,,A,01,0,0,1,0,0,0,0,0,0,"- ","- ",34.224868774414062,-119.15512847900391,VENTURA,OXNARD,-119.15460968017578,34.224979400634766
9772833,2024,2024-12-27,5605,2024-10-25,1447,224,PATRO,5,5,3,5605,0,0,0,,0,001,"CHANNEL ISLANDS BL","PATTERSON RD",55.00,E,N,A,-,N,,,,,,,,,,N,4,0,2,2,A,-,03,22350,,N,C,C,A,A,D,-,A,A,0,,,,,Y,,D,22,0,0,2,0,0,0,0,0,0,"- ","- ",34.175849914550781,-119.20815277099609,VENTURA,"PORT HUENEME",-119.20823669433594,34.175731658935547
9774201,2024,2025-01-17,5604,2024-12-18,"800 ",5799,,3,5,6,5604,0,0,0,,0,021,"WOOLEY RD","OFFSHORE ST",15.00,E,N,A,-,N,,,,,,,,,,Y,4,0,1,2,A,-,03,22350,,N,C,C,A,A,A,H,A,A,0,,,,,Y,,D,22,0,0,1,0,0,0,0,0,0,"- ","- ",34.190288543701172,-119.21450042724609,VENTURA,OXNARD,-119.2144775390625,34.190269470214844
9777727,2025,2025-03-19,5608,2025-02-20,1531,472,,4,5,6,5608,0,0,0,,0,002,"SAN NICHOLAS ST","SOUTH SANTA CRUZ SR",0.00,,Y,A,-,N,,,,,,,,,,N,3,0,1,2,A,-,12,22450,,N,D,G,A,A,H,-,A,A,0,,Y,,,Y,,A,01,0,1,0,0,0,0,1,0,0,"- ","- ",,,VENTURA,VENTURA,-119.271728515625,34.276462554931641
9777730,2025,2025-03-19,5608,2025-02-20,1752,803,,4,5,6,5608,0,0,0,,0,003,"DARLING RD","DE LOS ARBOLES",220.00,E,N,A,-,N,,,,,,,,,,Y,2,0,1,1,A,-,00,28152,A,N,H,A,A,A,H,-,A,D,0,,,,,Y,Y,-,,1,0,0,0,0,0,0,0,0,"- ","- ",,,VENTURA,VENTURA,,
9778821,2024,2025-02-03,5608,2024-12-31,"1   ",469,4,2,5,6,5608,0,0,0,,0,,"SEAHAWK ST","ALAMEDA AV",20.00,W,N,A,-,N,,,,,,,,,,Y,4,0,1,2,A,-,01,23152,A,N,B,E,A,A,H,-,C,D,0,,,,,Y,Y,A,07,0,0,1,0,0,0,0,0,0,"- ","- ",,,VENTURA,VENTURA,-119.20831298828125,34.252101898193359
9782432,2024,2025-02-13,5604,2024-12-29,1445,5776,,7,5,6,5604,0,0,0,,0,012,"N ROSE AV","GONZALES RD",2112.00,N,N,A,-,N,,,,,,,,,,N,4,0,1,2,B,-,22,,,F,G,B,D,A,H,-,A,D,0,Y,,,,Y,,A,01,0,0,1,0,1,0,0,0,0,"- ","- ",34.221210479736328,-119.16140747070312,VENTURA,OXNARD,-119.15876770019531,34.224742889404297
9782437,2024,2025-02-26,5604,2024-12-27,2044,5673,,5,5,6,5604,0,0,0,,0,014,"W VINEYARD AV","N H ST N",0.00,,Y,A,-,N,,,,,,,,,,Y,4,0,2,2,A,-,09,21801,A,N,D,C,A,-,H,-,C,A,0,,,,,Y,,A,01,0,0,2,0,0,0,0,0,0,"- ","- ",34.229290008544922,-119.18618011474609,VENTURA,OXNARD,-119.18618011474609,34.229251861572266
9783006,2025,2025-03-21,5608,2025-02-12,"527 ",552,,3,5,6,5608,0,0,0,,0,003,"WELLS RD","RT 126",0.00,,Y,C,-,Y,VEN,7,118,-,-,0.480,H,-,E,N,3,0,1,1,A,-,08,22107,,N,B,I,A,B,H,-,C,D,0,,,,,Y,,D,22,0,1,0,0,0,0,0,0,0,"- ",WF,34.290031433105469,-119.15677642822266,VENTURA,VENTURA,-119.15681457519531,34.290023803710938
9783950,2025,2025-03-07,5604,2025-01-14,1816,5773,,2,5,6,5604,0,0,0,,0,012,"SAKIOKA DR","GRAVITY CIR",800.00,E,N,A,-,N,,,,,,,,,,Y,4,0,1,2,A,-,09,21801,A,N,D,C,A,A,H,-,C,D,0,,,,,Y,,A,01,0,0,1,0,0,0,0,0,0,"- ","- ",34.215358734130859,-119.13758087158203,VENTURA,OXNARD,,
9783951,2025,2025-02-14,5604,2025-01-23,"42  ",5407,,4,5,6,5604,0,0,0,,0,011,"W GONZALES RD","PATTERSON RD",821.00,E,N,A,-,N,,,,,,,,,,Y,4,0,1,2,A,-,08,22107,,F,B,C,A,A,H,-,C,D,0,,,,,Y,,A,01,0,0,1,0,0,0,0,0,0,"- ","- ",34.219348907470703,-119.20472717285156,VENTURA,OXNARD,-119.20444488525391,34.219287872314453
9783998,2025,2025-02-25,5604,2025-01-31,1605,5669,2707,5,5,6,5604,0,0,0,,0,031,"CESAR CHAVEZ DR","S ROSE AV",0.00,,Y,A,-,N,,,,,,,,,,Y,3,0,1,2,A,-,"- ",,,N,C,C,A,A,H,-,A,A,0,,,,,Y,,A,01,0,1,0,0,0,0,0,0,0,"- ","- ",34.213138580322266,-119.15959167480469,VENTURA,OXNARD,-119.15969848632812,34.213150024414062
9784003,2025,2025-02-14,5604,2025-01-08,1752,5560,,3,5,6,5604,0,0,0,,0,012,"W GONZALES RD","N ROSE AV",0.00,,Y,A,-,N,,,,,,,,,,N,4,0,2,2,A,-,01,23152,A,N,C,C,A,A,H,-,C,A,0,,,,,Y,Y,A,07,0,0,2,0,0,0,0,0,0,"- ","- ",,,VENTURA,OXNARD,-119.15843200683594,34.218990325927734
9784189,2024,2025-02-19,5604,2024-12-28,"19  ",5615,,6,5,6,5604,0,0,0,,0,023,"OXNARD BL","7TH ST",0.00,,Y,A,-,N,,,,,,,,,,Y,3,0,3,2,A,-,01,23153,A,N,D,C,A,A,H,-,C,A,0,,,,,Y,Y,A,07,0,1,2,0,0,0,0,0,0,"- ","- ",,,VENTURA,OXNARD,-119.17747497558594,34.195041656494141
9784330,2025,2025-02-24,5604,2025-01-31,2229,5786,,5,5,6,5604,0,0,0,,0,031,"OXNARD  BL","ROBERT AV",40.00,N,N,A,-,N,,,,,,,,,,Y,4,0,1,3,A,-,01,23152,A,N,C,C,A,A,H,-,C,D,0,,,,,Y,Y,A,01,0,0,1,0,0,0,0,0,0,"- ","- ",34.211189270019531,-119.17722320556641,VENTURA,OXNARD,-119.17732238769531,34.211311340332031
9784331,2025,2025-02-25,5604,2025-01-31,1855,5737,,5,5,6,5604,0,0,0,,0,021,"WEST 5TH ST","HARBOR BL",0.00,,Y,A,-,N,,,,,,,,,,Y,4,0,1,2,A,-,09,21801,A,N,A,C,A,A,H,-,C,A,0,,,,,Y,,A,01,0,0,1,0,0,0,0,0,0,"- ","- ",34.197788238525391,-119.24246978759766,VENTURA,OXNARD,-119.24250030517578,34.197803497314453
9786031,2023,2025-03-05,5604,2023-11-19,2252,5609,,7,5,6,5604,0,0,0,,0,042,"PERKINS RD","HUENEME RD",0.00,,Y,A,-,N,,,,,,,,,,N,1,1,0,2,D,-,00,,,F,G,B,D,A,H,-,D,A,0,Y,,,,Y,Y,-,"- ",0,0,0,1,0,0,0,0,0,"- ","- ",34.147480010986328,-119.18392944335938,VENTURA,OXNARD,-119.18393707275391,34.147441864013672
9786093,2023,2025-03-19,5604,2023-02-12,"7   ",5609,,7,5,6,5604,0,0,0,,0,021,"5TH ST","PORTOFINO PL",1200.00,E,N,A,-,N,,,,,,,,,,Y,1,2,1,2,A,-,03,22350,,N,D,C,A,A,H,-,D,D,0,,,,,Y,,A,01,0,1,0,0,0,0,0,0,0,"- ","- ",34.197589874267578,-119.21466827392578,VENTURA,OXNARD,-119.21077728271484,34.19744873046875
9786137,2024,2025-04-25,5606,2024-03-14,1824,1173,5606,4,5,4,5606,0,0,0,,0,001,"SANTA PAULA ST","PECK RD",0.00,,Y,A,-,N,,,,,,,,,,Y,1,1,0,2,A,-,03,22350,,N,D,C,A,A,H,-,A,A,0,,,Y,,Y,,C,02,0,0,0,0,0,0,0,1,0,"- ","- ",,,VENTURA,"SANTA PAULA",-119.09007263183594,34.346050262451172
9787190,2025,2025-04-24,5608,2025-03-23,2100,569,,7,5,6,5608,0,0,0,,0,001,"E THOMPSON BLVD","SOUTH ASH ST",177.00,E,N,A,-,N,,,,,,,,,,Y,3,0,1,2,A,-,01,23153,A,N,F,E,A,A,H,-,C,D,0,,,,,Y,Y,A,01,0,1,0,0,0,0,0,0,0,"- ","- ",34.278278350830078,-119.28851318359375,VENTURA,VENTURA,-119.28790283203125,34.278278350830078
9787191,2025,2025-04-24,5608,2025-03-24,1013,561,,1,5,6,5608,0,0,0,,0,002,"HARBOR BLVD","MONMOUTH WY",56.00,E,N,E,-,N,,,,,,,,,,Y,3,0,2,2,A,-,09,21801,A,N,D,C,A,A,H,-,A,A,0,,,,,Y,,A,01,0,2,0,0,0,0,0,0,0,"- ","- ",,,VENTURA,VENTURA,-119.27276611328125,34.267353057861328
9787457,2025,2025-04-24,5608,2025-04-03,1255,503,,4,5,6,5608,0,0,0,,0,003,"LOMA VISTA RD","TELOMA DR",20.00,W,N,A,-,N,,,,,,,,,,Y,3,0,2,2,A,-,00,28102,,N,D,C,A,A,H,-,A,D,0,,,,,Y,,A,01,0,1,1,0,0,0,0,0,0,"- ","- ",,,VENTURA,VENTURA,-119.22464752197266,34.280422210693359
9789560,2025,2025-04-22,5608,2025-03-26,"910 ",561,,3,5,6,5608,0,0,0,,0,002,"MAIN ST","CALLENS RD",286.00,W,N,B,-,N,,,,,,,,,,Y,3,0,3,3,A,-,03,22350,,N,C,C,A,B,H,-,A,A,0,,,,,Y,,D,22,0,1,2,0,0,0,0,0,0,"- ","- ",,,VENTURA,VENTURA,-119.24038696289062,34.263591766357422
9790804,2024,2025-04-17,5606,2024-08-29,1420,1182,5606,4,5,4,5606,0,0,0,,0,002,"PAULA ST","10TH ST",15.00,E,N,A,-,Y,VEN,7,150,-,-,33.851,I,6,E,N,3,0,1,2,A,-,08,22107,,N,B,G,A,A,H,-,A,A,0,,Y,,,Y,,A,01,0,1,0,0,0,0,1,0,0,"- ","- ",,,VENTURA,"SANTA PAULA",-119.06156921386719,34.357376098632812
9792309,2025,2025-03-14,5605,2025-01-14,1241,230,PATRO,2,5,3,5605,0,0,0,,0,002,"ANCHOR AV","HEMLOCK ST",145.00,S,N,A,-,N,,,,,,,,,,Y,4,0,1,2,A,-,09,21804,A,N,D,C,A,A,H,-,A,D,0,,,,,Y,,A,01,0,0,1,0,0,0,0,0,0,"- ","- ",34.181289672851562,-119.21977233886719,VENTURA,"PORT HUENEME",-119.22005462646484,34.180912017822266
9794374,2025,2025-03-26,5608,2025-03-09,"628 ",372,,7,5,6,5608,0,0,0,,0,,"JOHNSON DR","ALBATROSS ST",75.00,N,N,A,-,N,,,,,,,,,,Y,2,0,1,4,A,-,01,23152,F,N,B,E,A,A,H,-,B,D,0,,,,,Y,,A,01,1,0,0,0,0,0,0,0,0,"- ","- ",,,VENTURA,VENTURA,-119.19974517822266,34.263355255126953
9794546,2024,2025-05-14,5606,2024-07-02,"839 ",1166,,2,5,4,5606,0,0,0,,0,002,"MAIN ST","7TH ST",0.00,,Y,A,-,N,,,,,,,,,,N,3,0,1,3,D,-,00,,,F,C,C,A,A,H,-,A,D,0,,,,,Y,,-,"- ",0,1,0,0,0,0,0,0,0,"- ","- ",,,VENTURA,"SANTA PAULA",-119.06591033935547,34.352062225341797
9797464,2023,2025-06-23,5606,2023-12-10,1252,1154,5606,7,5,4,5606,0,0,0,,0,002,"8TH ST","HARVARD BL",0.00,,Y,A,-,N,,,,,,,,,,Y,4,0,1,3,A,-,09,21801,A,N,D,C,A,A,H,-,A,A,0,,,,,Y,,A,01,0,0,1,0,0,0,0,0,0,"- ","- ",,,VENTURA,"SANTA PAULA",-119.06251525878906,34.349254608154297
9797483,2023,2025-04-22,5606,2023-12-04,"259 ",1125,5606,1,5,4,5606,0,0,0,,0,001,"4YJ ST","MAIN ST",63.00,S,N,A,-,N,,,,,,,,,,Y,3,0,2,2,D,-,00,,,M,C,E,A,A,H,-,C,A,0,,,,,Y,Y,-,"- ",0,1,1,0,0,0,0,0,0,"- ","- ",,,VENTURA,"SANTA PAULA",,
9800269,2024,2025-05-22,5606,2024-10-19,1020,1175,5606,6,5,4,5606,0,0,0,,0,001,"TELEGRAPH RD","TELEGRAPH RD 15765",0.00,,N,A,-,N,,,,,,,,,,N,4,0,1,2,A,-,04,21703,,N,C,C,A,A,H,-,A,D,0,,,,,Y,,D,22,0,0,1,0,0,0,0,0,0,"- ","- ",,,VENTURA,"SANTA PAULA",-119.08543395996094,34.340068817138672
9800280,2024,2025-04-23,5606,2024-11-11,"819 ",1141,5606,1,5,4,5606,0,0,0,,0,002,"MAIN E ST","7TH ST",0.00,,Y,A,-,N,,,,,,,,,,Y,3,0,2,2,A,-,09,21801,A,N,A,C,A,A,H,-,A,D,0,,,,,Y,,A,01,0,1,1,0,0,0,0,0,0,"- ","- ",,,VENTURA,"SANTA PAULA",-119.06591033935547,34.352062225341797
9800285,2024,2025-05-13,5606,2024-03-26,1408,1171,5606,2,5,4,5606,0,0,0,,0,001,"HARVARD BL","PALM AV",328.00,W,N,A,-,N,,,,,,,,,,N,4,0,1,2,D,-,00,,,N,H,C,A,A,H,-,A,D,0,,Y,,Y,Y,Y,-,"- ",0,0,1,0,0,0,0,0,0,"- ","- ",,,VENTURA,"SANTA PAULA",-119.07080841064453,34.346672058105469
9800897,2025,2025-05-29,5608,2025-05-12,"716 ",521,,1,5,6,5608,0,0,0,,0,004,"VALENTINE RD","RT 101",0.00,,Y,A,-,Y,VEN,7,101,-,R,24.712,R,4,S,Y,3,0,3,2,A,-,12,21453,A,N,D,C,A,A,H,-,A,A,0,,,,,Y,,A,07,0,1,2,0,0,0,0,0,0,"- ",SO,34.252468109130859,-119.21351623535156,VENTURA,VENTURA,-119.21188354492188,34.252933502197266
9801688,2025,2025-04-15,5605,2025-03-10,2000,236,PATRO,1,5,3,5605,0,0,0,,0,001,"CHANNEL ISLANDS BL","BOLKER DR S",0.00,,Y,B,-,N,,,,,,,,,,Y,4,0,2,2,A,-,09,21802,A,N,D,C,A,A,H,-,C,D,0,,,,,Y,,A,07,0,0,2,0,0,0,0,0,0,"- ","- ",34.175811767578125,-119.20623016357422,VENTURA,"PORT HUENEME",-119.20624542236328,34.175968170166016
9802502,2024,2025-04-25,5606,2024-05-12,1038,1175,5606,7,5,4,5606,0,0,0,,0,002,"VIRGINIA TER","10TH ST",0.00,,Y,A,-,N,,,,,,,,,,N,3,0,1,2,A,-,12,22450,A,N,G,G,A,A,H,-,A,D,0,,Y,,,Y,,L,04,0,1,0,0,0,0,1,0,0,"- ","- ",,,VENTURA,"SANTA PAULA",-119.06291961669922,34.360172271728516
9802503,2024,2025-04-25,5606,2024-05-10,1404,1175,,5,5,4,5606,0,0,0,,0,003,"TELEGRAPH RD","HALLOCK DR",27.00,W,N,A,-,N,,,,,,,,,,N,4,0,1,2,A,-,09,21800,A,N,D,C,A,A,H,-,A,B,0,,,,,Y,,A,07,0,0,1,0,0,0,0,0,0,"- ","- ",,,VENTURA,"SANTA PAULA",-119.04256439208984,34.361358642578125
9802506,2024,2025-09-11,5606,2024-05-27,1511,1182,5606,1,5,4,5606,0,0,0,,0,001,"BARBARA ST","BRADLEY ST",188.00,E,N,A,-,N,,,,,,,,,,Y,4,0,1,2,A,-,04,21703,,N,C,D,A,A,H,-,A,D,0,,,,,Y,,A,01,0,0,1,0,0,0,0,0,0,"- ","- ",,,VENTURA,"SANTA PAULA",,
9802522,2024,2025-04-29,5606,2024-08-02,1216,1177,5606,5,5,4,5606,0,0,0,,0,003,"TELEGRAPH RD","FERRIS DR",92.00,W,N,A,-,N,,,,,,,,,,N,3,0,1,3,A,-,08,22107,,N,C,E,A,A,H,-,A,D,0,,,,,Y,Y,A,01,0,1,0,0,0,0,0,0,0,"- ","- ",,,VENTURA,"SANTA PAULA",-119.04803466796875,34.358505249023438
9802541,2024,2025-04-30,5606,2024-11-26,1203,1141,5606,2,5,4,5606,0,0,0,,0,002,"E HARVARD BL","SOUTH MILL ST",0.00,,Y,C,-,N,,,,,,,,,,N,3,0,2,2,A,-,12,22450,A,N,D,C,A,B,G,-,A,A,0,,,,,Y,Y,A,01,0,1,1,0,0,0,0,0,0,"- ","- ",,,VENTURA,"SANTA PAULA",-119.05953216552734,34.350200653076172
9802542,2024,2025-04-30,5606,2024-11-22,1414,1141,5606,5,5,4,5606,0,0,0,,0,001,"S PALM AV","HARVARD BL",0.00,,Y,A,-,N,,,,,,,,,,N,4,0,1,2,A,-,12,21453,A,N,D,C,A,A,H,-,A,A,0,,,,,Y,Y,A,01,0,0,1,0,0,0,0,0,0,"- ","- ",,,VENTURA,"SANTA PAULA",-119.06978607177734,34.346988677978516
9802561,2024,2025-04-18,5606,2024-02-05,1750,1169,5606,1,5,4,5606,0,0,0,,0,001,"EAST MAIN ST","S 4TH ST",6.00,E,N,C,-,N,,,,,,,,,,N,3,0,1,2,A,-,08,22107,,N,G,B,B,B,H,-,C,D,0,Y,,,,Y,,A,01,0,1,0,0,1,0,0,0,0,"- ","- ",,,VENTURA,"SANTA PAULA",-119.0689697265625,34.351127624511719
9802743,2025,2025-05-01,5604,2025-03-31,1951,5703,,1,5,6,5604,0,0,0,,0,032,"E WOOLEY RD","PACIFIC AV",0.00,,Y,A,-,N,,,,,,,,,,N,4,0,3,2,A,-,09,21801,A,N,D,C,A,A,H,-,C,A,0,,,,,Y,,A,01,0,0,3,0,0,0,0,0,0,"- ","- ",34.189910888671875,-119.16484832763672,VENTURA,OXNARD,-119.16486358642578,34.189918518066406
9803417,2025,2025-05-06,5604,2025-02-04,1032,5678,,2,5,6,5604,0,0,0,,0,024,"W VENTURA RD","WOOLEY RD",50.00,S,N,A,-,N,,,,,,,,,,Y,4,0,2,3,A,-,01,23153,A,N,C,C,A,A,H,-,A,A,0,,,,,Y,Y,A,01,0,0,2,0,0,0,0,0,0,"- ","- ",34.190090179443359,-119.19487762451172,VENTURA,OXNARD,-119.19512176513672,34.190299987792969
9804766,2025,2025-04-28,5604,2025-03-18,"45  ",5728,,2,5,6,5604,0,0,0,,0,042,"NAPOLEON AV","GERONIMO DR",346.00,W,N,A,-,N,,,,,,,,,,N,3,0,1,1,A,-,00,23103,A,N,E,I,A,A,H,-,C,D,0,,,,,Y,Y,A,01,0,1,0,0,0,0,0,0,0,"- ","- ",34.176120758056641,-119.15287780761719,VENTURA,OXNARD,-119.15291595458984,34.175914764404297
9804786,2025,2025-04-25,5608,2025-04-16,1944,547,,3,5,6,5608,0,0,0,,0,002,"E MAIN ST","LOMA VISTA RD",0.00,,Y,A,-,N,,,,,,,,,,Y,4,0,1,1,C,-,18,,,N,E,I,A,A,H,-,C,A,0,,,,,Y,,-,"- ",0,0,1,0,0,0,0,0,0,"- ","- ",,,VENTURA,VENTURA,-119.26152801513672,34.2747802734375
9804788,2025,2025-04-25,5608,2025-04-09,1837,469,,3,5,6,5608,0,0,0,,0,,"MAIN ST","LAUREL ST",4.00,E,N,A,F,N,,,,,,,,,,Y,3,0,1,2,A,-,10,21950,A,N,G,B,B,A,H,-,B,A,0,Y,,,,Y,,A,01,0,1,0,0,1,0,0,0,0,"- ","- ",,,VENTURA,VENTURA,-119.28546905517578,34.280849456787109
9805108,2025,2025-05-06,5604,2025-03-22,"630 ",5713,,6,5,6,5604,0,0,0,,0,031,"E 1ST ST","CAMPTON DR",30.00,E,N,A,-,N,,,,,,,,,,N,4,0,1,3,A,-,03,22350,,N,B,E,A,A,H,-,A,A,0,,,,,Y,,A,01,0,0,1,0,0,0,0,0,0,"- ","- ",34.202449798583984,-119.16404724121094,VENTURA,OXNARD,-119.16432189941406,34.202659606933594
9805467,2025,2025-05-05,5604,2025-01-31,1827,5773,,5,5,6,5604,0,0,0,,0,012,"AUTO CENTER DR","PASEO MERCADO",0.00,,Y,A,-,N,,,,,,,,,,Y,3,0,1,2,A,-,09,21801,B,N,D,C,A,A,H,-,C,D,0,,,Y,,Y,,A,01,0,1,0,0,0,0,0,0,1,"- ","- ",34.226291656494141,-119.14643859863281,VENTURA,OXNARD,-119.14916229248047,34.226730346679688
9805760,2025,2025-05-22,5604,2025-04-23,1345,5715,,3,5,6,5604,0,0,0,,0,014,"IRONBARK DR","INDIGO PL",0.00,,Y,B,-,N,,,,,,,,,,N,4,0,1,2,A,-,10,21950,A,N,G,B,B,A,H,-,A,D,0,Y,,,,Y,,D,22,0,0,1,0,1,0,0,0,0,"- ","- ",,,VENTURA,OXNARD,-119.18709564208984,34.227352142333984