CASE_ID,ACCIDENT_YEAR,PROC_DATE,JURIS,COLLISION_DATE,COLLISION_TIME,OFFICER_ID,REPORTING_DISTRICT,DAY_OF_WEEK,CHP_SHIFT,POPULATION,CNTY_CITY_LOC,SPECIAL_COND,BEAT_TYPE,CHP_BEAT_TYPE,CITY_DIVISION_LAPD,CHP_BEAT_CLASS,BEAT_NUMBER,PRIMARY_RD,SECONDARY_RD,DISTANCE,DIRECTION,INTERSECTION,WEATHER_1,WEATHER_2,STATE_HWY_IND,CALTRANS_COUNTY,CALTRANS_DISTRICT,STATE_ROUTE,ROUTE_SUFFIX,POSTMILE_PREFIX,POSTMILE,LOCATION_TYPE,RAMP_INTERSECTION,SIDE_OF_HWY,TOW_AWAY,COLLISION_SEVERITY,NUMBER_KILLED,NUMBER_INJURED,PARTY_COUNT,PRIMARY_COLL_FACTOR,PCF_CODE_OF_VIOL,PCF_VIOL_CATEGORY,PCF_VIOLATION,PCF_VIOL_SUBSECTION,HIT_AND_RUN,TYPE_OF_COLLISION,MVIW,PED_ACTION,ROAD_SURFACE,ROAD_COND_1,ROAD_COND_2,LIGHTING,CONTROL_DEVICE,CHP_ROAD_TYPE,PEDESTRIAN_ACCIDENT,BICYCLE_ACCIDENT,MOTORCYCLE_ACCIDENT,TRUCK_ACCIDENT,NOT_PRIVATE_PROPERTY,ALCOHOL_INVOLVED,STWD_VEHTYPE_AT_FAULT,CHP_VEHTYPE_AT_FAULT,COUNT_SEVERE_INJ,COUNT_VISIBLE_INJ,COUNT_COMPLAINT_PAIN,COUNT_PED_KILLED,COUNT_PED_INJURED,COUNT_BICYCLIST_KILLED,COUNT_BICYCLIST_INJURED,COUNT_MC_KILLED,COUNT_MC_INJURED,PRIMARY_RAMP,SECONDARY_RAMP,LATITUDE,LONGITUDE,COUNTY,CITY,POINT_X,POINT_Y
9807018,2025,2025-05-22,5604,2025-03-23,2302,5615,,7,5,6,5604,0,0,0,,0,024,"SAVIERS RD","CHANNEL ISLAND BL",50.00,N,N,A,-,N,,,,,,,,,,Y,2,0,7,5,A,-,03,22350,,N,C,C,A,A,H,-,C,A,0,,,,,Y,,A,01,1,1,5,0,0,0,0,0,0,"- ","- ",,,VENTURA,OXNARD,-119.17765808105469,34.173576354980469
9807081,2025,2025-06-19,5608,2025-04-29,1852,530,,2,5,6,5608,0,0,0,,0,004,"VENTURA AV","SEAHAWK ST",99.00,E,N,A,-,N,,,,,,,,,,N,3,0,1,2,A,-,09,21804,A,N,D,G,A,A,H,-,A,D,0,,Y,,,Y,,L,04,0,1,0,0,0,0,1,0,0,"- ","- ",34.251708984375,-119.20876312255859,VENTURA,VENTURA,-119.20894622802734,34.251781463623047
9807082,2025,2025-06-26,5608,2025-04-22,"846 ",447,,2,5,6,5608,0,0,0,,0,002,"LOMA VISTA RD","LOMA VISTA RD 2790",0.00,,Y,B,-,N,,,,,,,,,,N,4,0,1,2,A,-,08,22107,,N,A,C,A,A,H,-,A,A,0,,,,,Y,,A,01,0,0,1,0,0,0,0,0,0,"- ","- ",34.275081634521484,-119.25888061523438,VENTURA,VENTURA,,
9807084,2025,2025-05-30,5608,2025-04-23,"734 ",520,,3,5,6,5608,0,0,0,,0,003,"MAIN ST","DOS CAMINOS AV",249.00,,N,B,-,N,,,,,,,,,,Y,3,0,1,2,A,-,03,22350,,N,C,C,A,A,H,-,A,D,0,,,Y,,Y,,C,02,0,1,0,0,0,0,0,0,1,"- ","- ",,,VENTURA,VENTURA,-119.25473785400391,34.269966125488281
9807172,2025,2025-05-21,5608,2025-05-02,1301,532,,5,5,6,5608,0,0,0,,0,004,"MARKET ST","PALMA DR",0.00,,Y,A,-,N,,,,,,,,,,Y,3,0,2,2,A,-,09,21801,A,N,A,C,A,A,H,-,A,A,0,,,,,Y,,A,07,0,2,0,0,0,0,0,0,0,"- ","- ",,,VENTURA,VENTURA,-119.2275390625,34.257438659667969
9807223,2025,2025-05-27,5604,2025-04-04,2004,5824,,5,5,6,5604,0,0,0,,0,024,"W WOOLEY RD","S J ST S",0.00,,Y,A,-,N,,,,,,,,,,Y,4,0,1,2,A,-,09,21801,B,N,D,C,A,A,H,-,C,A,0,,,,,Y,,A,01,0,0,1,0,0,0,0,0,0,"- ","- ",,,VENTURA,OXNARD,-119.18952178955078,34.190036773681641
9807238,2025,2025-05-20,5604,2025-03-24,"911 ",5802,,1,5,6,5604,0,0,0,,0,042,"S COURTLAND ST","W HUENEME RD",0.00,,Y,A,-,N,,,,,,,,,,N,4,0,1,2,A,-,05,21650,1,N,D,G,A,A,H,-,A,A,0,,Y,,,Y,,L,04,0,0,1,0,0,0,1,0,0,"- ","- ",,,VENTURA,OXNARD,-119.17948150634766,34.147411346435547
9807242,2025,2025-05-20,5604,2025-03-17,"648 ",5678,,1,5,6,5604,0,0,0,,0,024,"W WOOLEY RD","C ST",100.00,E,N,A,-,N,,,,,,,,,,N,4,0,1,2,A,-,03,22350,,N,C,C,A,A,H,-,A,A,0,,,,,Y,,A,07,0,0,1,0,0,0,0,0,0,"- ","- ",34.189929962158203,-119.18115234375,VENTURA,OXNARD,-119.18086242675781,34.189960479736328
9807244,2025,2025-09-15,5604,2025-03-30,"34  ",5669,,7,5,6,5604,0,0,0,,0,014,"N OXNARD BL","VINEYARD AV",0.00,,Y,A,-,N,,,,,,,,,,Y,4,0,2,2,A,-,01,23152,A,N,A,C,A,A,A,-,C,A,0,,,,,Y,Y,A,01,0,0,2,0,0,0,0,0,0,"- ","- ",34.226509094238281,-119.17733001708984,VENTURA,OXNARD,-119.17755126953125,34.226512908935547
9807391,2025,2025-06-02,5608,2025-04-30,1915,540,,3,5,6,5608,0,0,0,,0,001,"CHESTNUT ST","MAIN ST",20.00,N,N,A,-,N,,,,,,,,,,Y,3,0,1,1,A,-,01,23153,A,N,E,I,A,A,H,-,A,D,0,,,,,Y,Y,-,"- ",0,1,0,0,0,0,0,0,0,"- ","- ",,,VENTURA,VENTURA,-119.29154968261719,34.2808837890625
9808325,2025,2025-07-23,5604,2025-06-18,"835 ",5814,,3,5,6,5604,0,0,0,,0,011,"VINEYARD AV","RIVER RIDGE RD",250.00,W,N,A,-,N,,,,,,,,,,N,4,0,2,2,A,-,04,21703,,N,C,C,A,A,H,-,A,D,0,,,,,Y,,A,07,0,0,2,0,0,0,0,0,0,"- ","- ",34.229888916015625,-119.20034027099609,VENTURA,OXNARD,-119.19975280761719,34.229316711425781
9809843,2025,2025-05-21,5605,2025-03-23,1705,244,,7,5,3,5605,0,0,0,,0,,"CHANNEL ISLANDS BL","WHEELHOUSE AV S",46.00,W,N,A,-,N,,,,,,,,,,N,4,0,1,3,A,-,03,22350,,M,C,C,A,A,H,-,A,A,0,,,,,Y,,-,,0,0,1,0,0,0,0,0,0,"- ","- ",34.175918579101562,-119.21266937255859,VENTURA,"PORT HUENEME",-119.21287536621094,34.175769805908203
9809897,2025,2025-05-22,5604,2025-05-08,"832 ",5812,,4,5,6,5604,0,0,0,,0,041,"DE ANZA WY","CLOYNE ST",200.00,W,N,A,-,N,,,,,,,,,,,4,0,2,2,A,-,21,22106,,N,D,C,A,-,H,-,A,D,0,,,,,Y,,M,57,0,0,2,0,0,0,0,0,0,"- ","- ",34.16680908203125,-119.17392730712891,VENTURA,OXNARD,-119.17344665527344,34.16705322265625
9809913,2025,2025-05-27,5604,2025-04-28,"735 ",5451,,1,5,6,5604,0,0,0,,0,041,"CONCORD DR","CHANNEL ISLAND BL",0.00,,Y,A,-,N,,,,,,,,,,Y,4,0,6,2,A,-,03,22350,,N,D,C,A,A,H,-,A,D,0,,,,,Y,,A,01,0,0,6,0,0,0,0,0,0,"- ","- ",34.172000885009766,-119.16400146484375,VENTURA,OXNARD,-119.16493225097656,34.173305511474609
9809915,2025,2025-05-27,5604,2025-04-30,1316,5354,,3,5,6,5604,0,0,0,,0,012,"STURGIS RD","DEL NORTE BL",0.00,,Y,A,-,N,,,,,,,,,,Y,4,0,1,2,A,-,12,21453,A,N,D,C,A,A,H,-,A,A,0,,,,,Y,,A,08,0,0,1,0,0,0,0,0,0,"- ","- ",,,VENTURA,OXNARD,-119.12744140625,34.201835632324219
9809984,2025,2025-06-16,5604,2025-05-03,1114,5675,,6,5,6,5604,0,0,0,,0,012,"COLLINS ST","N ROSE AV",0.00,,Y,B,-,N,,,,,,,,,,Y,4,0,2,2,A,-,09,21801,B,N,A,C,A,A,H,-,A,A,0,,,,,Y,,A,01,0,0,2,0,0,0,0,0,0,"- ","- ",34.230720520019531,-119.15653228759766,VENTURA,OXNARD,-119.15648651123047,34.230682373046875
9810129,2025,2025-05-23,5604,2025-05-01,"534 ",5676,,4,5,6,5604,0,0,0,,0,021,"PATTERSON RD","W HEMLOCK ST",0.00,,Y,B,-,N,,,,,,,,,,Y,4,0,2,2,A,-,09,21801,A,N,D,C,A,A,H,-,C,A,0,,,,,Y,,A,01,0,0,2,0,0,0,0,0,0,"- ","- ",34.181228637695312,-119.20832061767578,VENTURA,OXNARD,-119.20838165283203,34.181243896484375
9810130,2025,2025-05-29,5604,2025-05-01,1254,5817,,4,5,6,5604,0,0,0,,0,014,"N OXNARD BL","TOWN CENTER DR",516.00,S,N,A,-,N,,,,,,,,,,Y,4,0,1,4,C,-,18,,,N,C,C,A,A,H,-,A,A,0,,,,,Y,,-,"- ",0,0,1,0,0,0,0,0,0,"- ","- ",34.240558624267578,-119.180908203125,VENTURA,OXNARD,-119.18097686767578,34.240264892578125
9810146,2025,2025-05-27,5604,2025-04-25,1129,5715,,5,5,6,5604,0,0,0,,0,024,"W HILL ST","SAVIERS RD",0.00,,Y,A,-,N,,,,,,,,,,N,3,0,1,2,A,-,04,21703,,N,C,C,A,A,H,-,A,A,0,,,,,Y,,A,01,0,1,0,0,0,0,0,0,0,"- ","- ",,,VENTURA,OXNARD,-119.17756652832031,34.186607360839844
9810147,2025,2025-06-05,5604,2025-04-25,1918,5789,,5,5,6,5604,0,0,0,,0,032,"S OXNARD BL","E WOOLEY RD",0.00,,Y,A,-,N,,,,,,,,,,N,4,0,1,2,D,-,00,,,N,G,B,B,-,H,-,A,A,0,Y,,,,Y,,-,"- ",0,0,1,0,1,0,0,0,0,"- ","- ",34.189781188964844,-119.17662048339844,VENTURA,OXNARD,-119.17742919921875,34.190010070800781
9810247,2025,2025-06-26,5608,2025-05-10,"848 ",530,,6,5,6,5608,0,0,0,,0,002,"EAST THOMPSON BL","MACMILLAN AV",50.00,E,N,A,-,N,,,,,,,,,,N,4,0,1,2,A,-,09,21804,A,N,D,C,A,A,H,-,A,D,0,,,,,Y,,A,01,0,0,1,0,0,0,0,0,0,"- ","- ",34.275650024414062,-119.27687072753906,VENTURA,VENTURA,-119.27690124511719,34.275661468505859
9810250,2025,2025-06-13,5608,2025-05-12,1520,469,,1,5,6,5608,0,0,0,,0,003,"WELLS RD","TELEPHONE RD",492.00,N,N,A,-,N,,,,,,,,,,Y,4,0,2,2,A,-,06,21755,A,N,D,C,A,A,H,-,A,D,0,,,,,Y,,A,07,0,0,2,0,0,0,0,0,0,"- ","- ",,,VENTURA,VENTURA,-119.15220642089844,34.284797668457031
9812150,2025,2025-10-16,5608,2025-08-25,1825,299,,1,5,6,5608,0,0,0,,0,003,"KIMBALL RD","RT 126",82.00,N,N,A,-,Y,VEN,7,126,-,-,2.598,R,4,E,N,3,0,1,1,A,-,17,21663,,N,-,I,A,A,G,-,A,D,0,,Y,,,Y,,L,04,0,1,0,0,0,0,1,0,0,"- ",EF,,,VENTURA,VENTURA,-119.19386291503906,34.274200439453125
9812467,2025,2025-11-14,5604,2025-09-05,1910,5807,,5,5,6,5604,0,0,0,,0,014,"RT 232","OLIVE ST",0.00,,Y,A,-,Y,VEN,7,232,-,-,0.667,I,5,N,Y,4,0,2,3,A,-,08,22107,,N,D,C,A,A,H,-,A,D,0,,,,,Y,,A,01,0,0,2,0,0,0,0,0,0,"- ","- ",,,VENTURA,OXNARD,-119.17124176025391,34.234638214111328
9813326,2025,2025-05-20,5604,2025-04-07,1236,5681,,1,5,6,5604,0,0,0,,0,014,"SURREY CIR","BUCKAROO AV",0.00,,Y,A,-,N,,,,,,,,,,N,4,0,1,2,A,-,09,21802,A,N,A,C,A,A,H,-,A,D,0,,,,,Y,,A,01,0,0,1,0,0,0,0,0,0,"- ","- ",,,VENTURA,OXNARD,,
9813328,2025,2025-05-20,5604,2025-04-09,1014,5773,,3,5,6,5604,0,0,0,,0,024,"DUNSMUIR ST","CAROB ST",350.00,S,N,A,-,N,,,,,,,,,,N,4,0,1,2,A,-,21,22106,,F,D,C,A,A,H,-,A,D,0,,,,,Y,,A,01,0,0,1,0,0,0,0,0,0,"- ","- ",34.182960510253906,-119.20484161376953,VENTURA,OXNARD,-119.20458221435547,34.182937622070312
9813329,2025,2025-05-20,5604,2025-04-09,1059,5773,,3,5,6,5604,0,0,0,,0,041,"ROSE AV","BARD RD",0.00,,Y,A,-,N,,,,,,,,,,Y,3,0,2,2,A,-,09,21801,A,N,A,C,A,A,H,-,A,A,0,,,,,Y,,A,01,0,2,0,0,0,0,0,0,0,"- ","- ",34.162220001220703,-119.15943145751953,VENTURA,OXNARD,-119.15950012207031,34.162227630615234
9813428,2025,2025-05-23,5604,2025-04-22,1511,5773,,2,5,6,5604,0,0,0,,0,021,"S HARBOR BL","5TH ST",75.00,S,N,A,-,N,,,,,,,,,,N,4,0,1,2,A,-,04,21703,,N,C,C,A,A,H,-,A,A,0,,,,,Y,,A,01,0,0,1,0,0,0,0,0,0,"- ","- ",34.197788238525391,-119.24246978759766,VENTURA,OXNARD,-119.24235534667969,34.1976318359375
9814246,2025,2025-06-25,5608,2025-05-23,1420,539,,5,5,6,5608,0,0,0,,0,001,"NORTH VENTURA AV","PLEASANT PL",33.00,S,N,A,-,N,,,,,,,,,,N,2,0,2,3,A,-,03,22350,,F,G,B,F,A,H,-,A,D,0,Y,Y,,,Y,Y,L,04,1,1,0,0,2,0,0,0,0,"- ","- ",,,VENTURA,VENTURA,-119.29622650146484,34.296562194824219
9814247,2025,2025-06-25,5608,2025-05-30,1921,575,,5,5,6,5608,0,0,0,,0,004,"TELEPHONE RD",JOHNSON,0.00,,Y,A,-,N,,,,,,,,,,N,3,0,1,2,A,-,03,22350,,F,A,C,A,A,H,-,A,A,0,,,,,Y,Y,A,01,0,1,0,0,0,0,0,0,0,"- ","- ",,,VENTURA,VENTURA,-119.20079040527344,34.267131805419922
9814260,2025,2025-06-26,5608,2025-06-06,1942,565,,5,5,6,5608,0,0,0,,0,004,"TELEPHONE RD","WESTING HOUSE ST",400.00,E,N,A,-,N,,,,,,,,,,Y,3,0,2,2,A,-,12,21453,A,N,D,C,A,A,H,-,A,A,0,,,,,Y,,A,01,0,2,0,0,0,0,0,0,0,"- ","- ",34.260749816894531,-119.23393249511719,VENTURA,VENTURA,-119.23515319824219,34.258819580078125
9814921,2025,2025-06-02,5604,2025-04-03,"237 ",5407,,4,5,6,5604,0,0,0,,0,011,"W GONZALES RD","VENTURA RD",1321.00,W,N,A,-,N,,,,,,,,,,Y,2,0,2,1,A,-,03,22350,,F,A,I,A,A,H,-,C,D,0,,,,,Y,,A,01,1,1,0,0,0,0,0,0,0,"- ","- ",34.219841003417969,-119.17752075195312,VENTURA,OXNARD,-119.19900512695312,34.219249725341797
9814965,2025,2025-06-02,5604,2025-03-27,"808 ",5772,,4,5,6,5604,0,0,0,,0,021,"W HEMLOCK ST","MASTHEAD DR",0.00,,Y,A,-,N,,,,,,,,,,Y,3,0,2,2,A,-,09,21800,A,N,D,C,A,A,H,-,A,D,0,,,,,Y,,A,01,0,1,1,0,0,0,0,0,0,"- ","- ",,,VENTURA,OXNARD,-119.21327972412109,34.181262969970703
9814966,2025,2025-07-30,5604,2025-03-21,1851,5796,,5,5,6,5604,0,0,0,,0,031,"S JUANITA AV","E 1ST ST E",0.00,,Y,A,-,N,,,,,,,,,,Y,4,0,1,2,A,-,08,22107,,N,B,E,A,A,H,-,A,D,0,,,,,Y,,A,01,0,0,1,0,0,0,0,0,0,"- ","- ",34.202548980712891,-119.16879272460938,VENTURA,OXNARD,-119.16850280761719,34.202663421630859
9814968,2025,2025-06-02,5604,2025-03-30,1945,5005,,7,5,6,5604,0,0,0,,0,021,"S HARBOR BL","W 5TH ST W",0.00,,Y,B,-,N,,,,,,,,,,Y,4,0,1,2,A,-,09,21801,A,N,D,C,A,A,H,-,C,A,0,,,,,Y,,A,01,0,0,1,0,0,0,0,0,0,"- ","- ",34.197788238525391,-119.24246978759766,VENTURA,OXNARD,-119.24250030517578,34.197803497314453
9814969,2025,2025-07-01,5604,2025-05-07,2010,5790,,3,5,6,5604,0,0,0,,0,022,"DORIS AV","N F ST",0.00,,Y,B,-,N,,,,,,,,,,Y,3,0,2,2,A,-,03,22350,,F,C,C,A,A,H,-,B,D,0,,,,,Y,,A,01,0,1,1,0,0,0,0,0,0,"- ","- ",34.207931518554688,-119.18502044677734,VENTURA,OXNARD,-119.18503570556641,34.207954406738281
9814971,2025,2025-06-19,5608,2025-05-12,1941,559,,1,5,6,5608,0,0,0,,0,003,"MAIN ST","PACIFIC VIEW",0.00,,N,A,-,N,,,,,,,,,,N,3,0,1,2,A,-,03,22350,,N,C,C,A,A,H,-,A,A,0,,,,,Y,,A,07,0,1,0,0,0,0,0,0,0,"- ","- ",34.266120910644531,-119.24878692626953,VENTURA,VENTURA,-119.27288818359375,34.278713226318359
9814974,2025,2025-06-19,5608,2025-05-15,1209,539,,4,5,6,5608,0,0,0,,0,001,"S SEAWARD AVE","SAN NICHOLAS ST",0.00,,Y,A,-,N,,,,,,,,,,N,3,0,1,2,A,-,09,21804,A,N,D,C,A,A,H,-,A,D,0,,,,,Y,,A,01,0,1,0,0,0,0,0,0,0,"- ","- ",,,VENTURA,VENTURA,-119.26564025878906,34.275310516357422
9814976,2025,2025-06-19,5608,2025-05-14,1527,544,,3,5,6,5608,0,0,0,,0,001,"THOMPSON BL","KALORAMA ST",0.00,,Y,A,-,N,,,,,,,,,,N,4,0,1,2,A,-,03,22350,,N,C,C,A,A,H,-,A,A,0,,,,,Y,,A,01,0,0,1,0,0,0,0,0,0,"- ","- ",34.278308868408203,-119.28681945800781,VENTURA,VENTURA,-119.2869873046875,34.278282165527344
9814980,2025,2025-07-01,5608,2025-05-18,2050,545,,7,5,6,5608,0,0,0,,0,003,"TELEGRAPH RD","N DUNNING ST",80.00,W,N,A,-,N,,,,,,,,,,Y,2,0,2,1,A,-,01,23152,F,N,E,I,A,A,H,-,C,D,0,,,,,Y,,A,01,1,1,0,0,0,0,0,0,0,"- ","- ",,,VENTURA,VENTURA,-119.25193786621094,34.272533416748047
9815145,2025,2025-06-03,5604,2025-02-12,1807,5776,,3,5,6,5604,0,0,0,,0,012,"N ROSE AVE","E STROUBE ST",0.00,,Y,C,-,N,,,,,,,,,,Y,4,0,2,2,A,-,08,22107,,N,D,C,A,B,H,-,C,D,0,,,,,Y,,A,01,0,0,2,0,0,0,0,0,0,"- ","- ",34.228050231933594,-119.15795135498047,VENTURA,OXNARD,-119.15744781494141,34.229015350341797
9815152,2025,2025-06-03,5604,2025-02-14,1656,5773,,5,5,6,5604,0,0,0,,0,032,"CALIFORNIA ST","E DATE ST",250.00,N,N,A,-,N,,,,,,,,,,Y,3,0,1,2,A,-,21,22106,,N,C,E,A,A,H,-,A,D,0,,,,,Y,,A,01,0,1,0,0,0,0,0,0,0,"- ","- ",34.183540344238281,-119.17131042480469,VENTURA,OXNARD,-119.17192840576172,34.184013366699219
9815159,2025,2025-06-03,5604,2025-02-19,1605,5773,,3,5,6,5604,0,0,0,,0,032,"S ROSE AVE","E CHANNEL ISLANDS BL",175.00,S,N,A,-,N,,,,,,,,,,N,4,0,2,2,A,-,07,21658,A,N,B,C,A,A,H,-,A,A,0,,,,,Y,,A,01,0,0,2,0,0,0,0,0,0,"- ","- ",34.173881530761719,-119.16072082519531,VENTURA,OXNARD,-119.16017150878906,34.172740936279297
9815162,2025,2025-07-14,5604,2025-02-24,1455,5824,,1,5,6,5604,0,0,0,,0,014,"N OXNARD BL","RT 101",60.00,S,N,A,-,Y,VEN,7,101,-,T,22.919,R,4,N,N,4,0,1,2,-,-,"- ",,,N,C,C,A,A,H,-,A,A,0,,,,,Y,,-,"- ",0,0,1,0,0,0,0,0,0,"- ",SO,,,VENTURA,OXNARD,-119.18411254882812,34.240596771240234
9815262,2025,2025-06-09,5604,2025-05-16,1456,5823,,5,5,6,5604,0,0,0,,0,032,"STATHAM BL","S OXNARD BL S",0.00,,Y,B,-,N,,,,,,,,,,N,4,0,1,2,A,-,03,22350,,N,C,C,A,A,H,-,A,A,0,,,,,Y,,A,01,0,0,1,0,0,0,0,0,0,"- ","- ",34.180019378662109,-119.16509246826172,VENTURA,OXNARD,-119.16529083251953,34.179874420166016
9815272,2025,2025-06-12,5604,2025-05-07,1745,5715,,3,5,6,5604,0,0,0,,0,042,"E PLEASANT VALLEY RD","ORANGE GROVE AV",0.00,,Y,B,-,N,,,,,,,,,,N,4,0,2,2,A,-,09,21801,A,N,D,C,A,A,H,-,A,A,0,,,,,Y,,A,01,0,0,2,0,0,0,0,0,0,"- ","- ",,,VENTURA,OXNARD,-119.14793395996094,34.163703918457031
9815273,2025,2025-09-15,5604,2025-05-07,1530,5773,4,3,5,6,5604,0,0,0,,0,041,"S ROSE AV","N CAMPUS RD N",0.00,,Y,A,-,N,,,,,,,,,,N,4,0,1,2,A,-,09,21801,A,N,D,C,A,A,H,-,A,D,0,,,,,Y,,A,01,0,0,1,0,0,0,0,0,0,"- ","- ",34.162220001220703,-119.15943145751953,VENTURA,OXNARD,-119.15933990478516,34.166725158691406
9815278,2025,2025-06-09,5604,2025-05-06,1337,5812,,2,5,6,5604,0,0,0,,0,032,"E CHANNEL ISLANDS BL","SAN MARINO ST",200.00,W,N,A,-,N,,,,,,,,,,Y,4,0,2,2,A,-,03,22350,,N,C,C,A,A,H,-,A,A,0,,,,,Y,,A,01,0,0,2,0,0,0,0,0,0,"- ","- ",34.173648834228516,-119.17494964599609,VENTURA,OXNARD,-119.17681121826172,34.173427581787109
9815280,2025,2025-09-15,5604,2025-05-06,"624 ",5637,,2,5,6,5604,0,0,0,,0,022,"N C ST","MAGNOLIA AV",0.00,,Y,A,-,N,,,,,,,,,,Y,4,0,2,2,A,-,09,21801,A,N,D,C,A,A,H,-,A,A,0,,,,,Y,,A,01,0,0,2,0,0,0,0,0,0,"- ","- ",34.203990936279297,-119.1810302734375,VENTURA,OXNARD,-119.18102264404297,34.204013824462891
9815300,2025,2025-06-18,5604,2025-05-12,1356,5623,,1,5,6,5604,0,0,0,,0,014,"LANTANA ST","KUMQUAT PL",100.00,S,N,A,-,N,,,,,,,,,,Y,3,0,2,2,A,-,08,22107,,N,F,E,A,A,H,-,A,D,0,,,,,Y,,A,07,0,1,1,0,0,0,0,0,0,"- ","- ",34.228000640869141,-119.19010162353516,VENTURA,OXNARD,-119.190185546875,34.228496551513672
9815605,2025,2025-06-03,5604,2025-02-10,2136,5750,,1,5,6,5604,0,0,0,,0,011,"DORIS AV","N C ST",0.00,,Y,A,-,N,,,,,,,,,,N,4,0,2,2,A,-,12,22450,A,F,B,C,A,A,H,-,C,A,0,,,,,Y,,-,99,0,0,2,0,0,0,0,0,0,"- ","- ",34.207908630371094,-119.18099212646484,VENTURA,OXNARD,-119.18097686767578,34.207927703857422
9817979,2025,2025-06-19,5604,2025-05-24,1320,5675,,6,5,6,5604,0,0,0,,0,022,"W 4TH ST","S H ST",0.00,,Y,A,-,N,,,,,,,,,,Y,3,0,3,2,A,-,09,21804,A,N,F,C,A,A,A,H,A,D,0,,,,,Y,,A,07,0,1,2,0,0,0,0,0,0,"- ","- ",34.199058532714844,-119.18788909912109,VENTURA,OXNARD,-119.18789672851562,34.199062347412109
9817981,2025,2025-06-19,5604,2025-05-04,"853 ",5538,,7,5,6,5604,0,0,0,,0,041,"PLEASANT VALLEY RD","OXNARD BL",0.00,,Y,A,-,N,,,,,,,,,,Y,4,0,1,2,A,-,12,21453,A,N,B,C,A,A,H,-,A,A,0,,,,,Y,,A,01,0,0,1,0,0,0,0,0,0,"- ","- ",34.164951324462891,-119.14510345458984,VENTURA,OXNARD,-119.14414215087891,34.165439605712891
9817991,2025,2025-06-19,5604,2025-05-28,2149,5810,,3,5,6,5604,0,0,0,,0,021,"HARBOR BL","WOOLEY RD",0.00,,Y,A,-,N,,,,,,,,,,N,4,0,1,2,A,-,12,21453,A,N,B,C,A,A,H,-,C,A,0,,,,,Y,,A,07,0,0,1,0,0,0,0,0,0,"- ","- ",34.19049072265625,-119.23872375488281,VENTURA,OXNARD,-119.23871612548828,34.190513610839844
9817994,2025,2025-06-19,5604,2025-05-27,"651 ",5812,,2,5,6,5604,0,0,0,,0,014,"WILLIAMS DR","E GONZALES RD E",0.00,,Y,A,-,N,,,,,,,,,,N,4,0,1,2,A,-,05,21650,,N,G,G,A,A,H,-,A,A,0,,Y,,,Y,,L,04,0,0,1,0,0,0,1,0,0,"- ","- ",34.218860626220703,-119.1539306640625,VENTURA,OXNARD,-119.15392303466797,34.218936920166016
9817995,2025,2025-06-19,5604,2025-05-28,"920 ",5823,,3,5,6,5604,0,0,0,,0,014,"W ESPLANADE DR","OXNARD BL",0.00,,Y,B,-,N,,,,,,,,,,Y,3,0,2,2,A,-,12,21453,A,N,G,B,F,A,H,-,A,A,0,Y,,,,Y,,A,01,0,1,1,0,1,0,0,0,0,"- ","- ",34.234729766845703,-119.17989349365234,VENTURA,OXNARD,-119.18045806884766,34.236858367919922
9817997,2025,2025-06-19,5604,2025-05-31,2030,5814,,6,5,6,5604,0,0,0,,0,022,"S E ST","W 7TH ST",0.00,,Y,A,-,N,,,,,,,,,,N,4,0,1,2,A,-,12,22450,,F,D,B,B,A,H,-,C,A,0,Y,,,,Y,,A,01,0,0,1,0,1,0,0,0,0,"- ","- ",34.193260192871094,-119.18225860595703,VENTURA,OXNARD,-119.18363952636719,34.195102691650391
9818022,2025,2025-08-01,5604,2025-06-21,"641 ",5643,,6,5,6,5604,0,0,0,,0,024,"S VENTURA RD","W HEMLOCK ST W",0.00,,Y,A,-,N,,,,,,,,,,Y,2,0,4,2,A,-,01,23152,A,N,D,C,A,A,H,-,A,A,0,,,,,Y,Y,A,01,3,0,1,0,0,0,0,0,0,"- ","- ",34.181110382080078,-119.1953125,VENTURA,OXNARD,-119.19532012939453,34.181118011474609
9818023,2025,2025-08-01,5604,2025-06-21,1530,5799,,6,5,6,5604,0,0,0,,0,024,"SAVIERS RD","CHANNEL ISLAND BL",75.00,S,N,A,-,N,,,,,,,,,,Y,4,0,1,2,A,-,04,21703,,N,C,C,A,A,H,-,A,A,0,,,,,Y,,A,01,0,0,1,0,0,0,0,0,0,"- ","- ",34.17340087890625,-119.17755126953125,VENTURA,OXNARD,-119.17765808105469,34.173233032226562
9818029,2025,2025-08-01,5604,2025-06-16,1616,5802,,1,5,6,5604,0,0,0,,0,024,"S C ST","W WOLFF ST W",0.00,,Y,A,-,N,,,,,,,,,,N,4,0,2,2,A,-,09,21802,A,N,D,C,A,A,H,-,A,A,0,,,,,Y,,A,01,0,0,2,0,0,0,0,0,0,"- ","- ",,,VENTURA,OXNARD,-119.18122100830078,34.188316345214844
9818066,2025,2025-08-05,5604,2025-07-03,1645,5800,,4,5,6,5604,0,0,0,,0,011,"N M ST","DEVONSHIRE DR",140.00,N,N,A,-,N,,,,,,,,,,N,3,0,1,2,A,-,09,21804,A,N,D,G,A,A,H,-,A,D,0,,Y,,,Y,Y,-,,0,1,0,0,0,0,1,0,0,"- ","- ",34.211471557617188,-119.19225311279297,VENTURA,OXNARD,-119.1922607421875,34.211875915527344