CASE_ID,ACCIDENT_YEAR,PROC_DATE,JURIS,COLLISION_DATE,COLLISION_TIME,OFFICER_ID,REPORTING_DISTRICT,DAY_OF_WEEK,CHP_SHIFT,POPULATION,CNTY_CITY_LOC,SPECIAL_COND,BEAT_TYPE,CHP_BEAT_TYPE,CITY_DIVISION_LAPD,CHP_BEAT_CLASS,BEAT_NUMBER,PRIMARY_RD,SECONDARY_RD,DISTANCE,DIRECTION,INTERSECTION,WEATHER_1,WEATHER_2,STATE_HWY_IND,CALTRANS_COUNTY,CALTRANS_DISTRICT,STATE_ROUTE,ROUTE_SUFFIX,POSTMILE_PREFIX,POSTMILE,LOCATION_TYPE,RAMP_INTERSECTION,SIDE_OF_HWY,TOW_AWAY,COLLISION_SEVERITY,NUMBER_KILLED,NUMBER_INJURED,PARTY_COUNT,PRIMARY_COLL_FACTOR,PCF_CODE_OF_VIOL,PCF_VIOL_CATEGORY,PCF_VIOLATION,PCF_VIOL_SUBSECTION,HIT_AND_RUN,TYPE_OF_COLLISION,MVIW,PED_ACTION,ROAD_SURFACE,ROAD_COND_1,ROAD_COND_2,LIGHTING,CONTROL_DEVICE,CHP_ROAD_TYPE,PEDESTRIAN_ACCIDENT,BICYCLE_ACCIDENT,MOTORCYCLE_ACCIDENT,TRUCK_ACCIDENT,NOT_PRIVATE_PROPERTY,ALCOHOL_INVOLVED,STWD_VEHTYPE_AT_FAULT,CHP_VEHTYPE_AT_FAULT,COUNT_SEVERE_INJ,COUNT_VISIBLE_INJ,COUNT_COMPLAINT_PAIN,COUNT_PED_KILLED,COUNT_PED_INJURED,COUNT_BICYCLIST_KILLED,COUNT_BICYCLIST_INJURED,COUNT_MC_KILLED,COUNT_MC_INJURED,PRIMARY_RAMP,SECONDARY_RAMP,LATITUDE,LONGITUDE,COUNTY,CITY,POINT_X,POINT_Y
6795124,2015,2016-09-20,9770,2015-01-10,1715,018332,,6,2,6,5607,0,1,3,,2,084,"RT 23","OLSEN RD",500.00,N,N,B,C,Y,VEN,7,23,-,R,8.340,H,-,N,Y,3,0,1,1,A,-,07,21658,A,N,F,A,A,B,H,-,D,D,1,,,,,Y,,A,01,0,1,0,0,0,0,0,0,0,"- ","- ",34.238100000000003,-118.84089,VENTURA,"THOUSAND OAKS",-118.83952198,34.243336429999999
6795140,2015,2016-11-21,9770,2015-01-05,1645,015489,,1,2,6,5607,0,1,2,,2,073,"RT 101","LYNN RD",2000.00,N,N,A,-,Y,VEN,7,101,-,-,5.430,H,-,S,Y,4,0,1,2,A,-,07,21658,A,N,C,C,A,A,H,-,B,D,1,,,,,Y,,A,07,0,0,1,0,0,0,0,0,0,"- ","- ",34.184460000000001,-118.89937999999999,VENTURA,"THOUSAND OAKS",-118.89802915999999,34.184572639999999
6795148,2015,2016-11-05,9770,2015-01-13,0830,018572,,2,1,6,5607,0,1,2,,2,075,"RT 101","CONEJO SCHOOL RD",300.00,S,N,A,-,Y,VEN,7,101,-,-,2.190,H,-,S,Y,4,0,1,2,A,-,03,22350,,N,C,C,A,A,D,-,A,D,1,,,,,Y,,A,01,0,0,1,0,0,0,0,0,0,"- ","- ",34.170479999999998,-118.84457999999999,VENTURA,"THOUSAND OAKS",-118.84553416,34.171016700000003
6795160,2015,2016-10-27,9770,2015-01-11,0900,018942,,7,1,6,5609,0,1,3,,2,083,"RT 118","STEARNS ST",707.00,W,N,B,-,Y,VEN,7,118,-,R,28.690,H,-,E,Y,2,0,1,1,A,-,08,22107,,N,E,I,A,B,H,-,A,D,1,,,,,Y,,A,01,1,0,0,0,0,0,0,0,0,"- ","- ",34.281390000000002,-118.69368,VENTURA,"SIMI VALLEY",-118.69384448,34.281486030000003
6795167,2015,2016-09-19,9770,2015-01-01,0025,020040,,4,3,6,5607,0,1,3,,2,077,"RT 23","JANSS RD",1584.00,S,N,A,-,Y,VEN,7,23,-,R,4.760,H,-,S,Y,4,0,1,2,A,-,03,22350,,N,C,C,A,A,H,-,D,D,1,,,,,Y,,A,01,0,0,1,0,0,0,0,0,0,"- ","- ",34.17248,-118.84728,VENTURA,"THOUSAND OAKS",-118.85976029,34.195979530000002
6798059,2015,2015-02-24,5600,2015-01-15,1534,3687,5110,4,5,4,5690,0,0,0,,0,2A01,"LOS ANGELES AV","MILLER PKWY",25.00,W,N,A,-,N,,,,,,,,,,Y,4,0,1,2,A,-,03,22350,,N,C,C,A,A,H,-,A,A,0,,,,,Y,,A,01,0,0,1,0,0,0,0,0,0,"- ","- ",,,VENTURA,MOORPARK,-118.86931814,34.279447679999997
6798062,2015,2015-02-24,5600,2015-01-14,1737,4218,5100,3,5,4,5690,0,0,0,,0,02B,"SPRING RD","HIGH ST",0.00,,Y,A,-,N,,,,,,,,,,Y,4,0,1,2,A,-,12,21453,A,N,D,C,A,A,H,-,C,A,0,,,,,Y,,A,01,0,0,1,0,0,0,0,0,0,"- ","- ",,,VENTURA,MOORPARK,-118.87473000999999,34.285480069999998
6798796,2015,2015-02-25,5600,2015-01-07,1243,4397,8151,3,5,5,5601,0,0,0,,0,08B,"VENTURA BL","S GLENN DR",0.00,,Y,A,-,N,,,,,,,,,,N,3,0,1,2,A,-,09,21802,A,N,D,C,A,A,H,-,A,A,0,,,,,Y,,A,01,0,1,0,0,0,0,0,0,0,"- ","- ",34.200200000000002,-119.07055,VENTURA,CAMARILLO,-119.03773004999999,34.216370079999997
6799069,2015,2015-02-25,5600,2015-01-14,1638,4221,9154,3,5,6,5607,0,0,0,,0,09G,"THOUSAND OAKS BL","LIVE OAK ST",72.00,E,N,A,-,N,,,,,,,,,,Y,3,0,1,3,A,-,21,22106,,N,H,C,A,A,H,-,B,D,0,,,,,Y,,A,01,0,1,0,0,0,0,0,0,0,"- ","- ",,,VENTURA,"THOUSAND OAKS",-118.84030405,34.172397170000004
6799315,2015,2015-02-19,5600,2015-01-10,1722,336X,9154,6,5,6,5607,0,0,0,,0,09G,"THOUSAND OAKS BL","FAIRVIEW RD",36.00,E,N,B,C,N,,,,,,,,,,Y,2,0,1,3,A,-,09,21802,A,N,D,D,A,B,H,-,C,A,0,,,,,Y,,A,01,1,0,0,0,0,0,0,0,0,"- ","- ",,,VENTURA,"THOUSAND OAKS",-118.83747176999999,34.170243829999997
6800406,2015,2015-03-03,5600,2015-01-27,2035,2740,9028,2,5,6,5607,0,0,0,,0,09B,"AVENIDA DE LOS ARBOLES","ERBES RD",0.00,,Y,A,-,N,,,,,,,,,,Y,4,0,2,2,A,-,09,21453,C,N,H,C,A,A,H,-,C,A,0,,,,,Y,Y,A,07,0,0,2,0,0,0,0,0,0,"- ","- ",,,VENTURA,"THOUSAND OAKS",-118.84014002000001,34.211800070000002
6800898,2015,2016-10-17,9765,2015-02-03,0705,015117,,2,1,9,5600,0,1,2,,1,102,"RT 101","SANTA BARBARA AV",1056.00,N,N,A,-,Y,VEN,7,101,-,-,41.670,H,-,N,Y,4,0,1,2,A,-,03,22350,,N,C,C,A,A,D,-,A,D,5,,,,,Y,,A,01,0,0,1,0,0,0,0,0,0,"- ","- ",34.376060000000003,-119.47374000000001,VENTURA,UNINCORPORATED,-119.44956329999999,34.364307599999997
6803834,2015,2015-02-24,5609,2015-01-22,1539,227,,4,5,6,5609,0,0,0,,0,003,"ROYAL AV","CROSBY AV",0.00,,Y,A,-,N,,,,,,,,,,N,3,0,1,2,A,-,09,21801,A,N,F,-,A,A,H,-,A,D,0,,,Y,,Y,,A,07,0,1,0,0,0,0,0,0,1,"- ","- ",,,VENTURA,"SIMI VALLEY",-118.75000008000001,34.260850040000001
6803838,2015,2015-03-03,5608,2015-01-25,1722,464,,7,5,6,5608,0,0,0,,0,001,"CHESTNUT ST","E MAIN ST",106.00,S,N,A,-,N,,,,,,,,,,Y,4,0,1,2,A,-,09,21804,A,N,D,C,A,A,H,-,C,D,0,,,,,Y,,-,,0,0,1,0,0,0,0,0,0,"- ","- ",,,VENTURA,VENTURA,-119.29155,34.280830000000002
6804760,2015,2015-03-05,5608,2015-01-24,1244,447,,6,5,6,5608,0,0,0,,0,001,"THOMPSON BL","ASH ST",0.00,,Y,A,-,N,,,,,,,,,,N,4,0,1,2,A,-,08,22107,,N,H,G,A,A,H,-,A,A,0,,Y,,,Y,,-,,0,0,1,0,0,0,1,0,0,"- ","- ",,,VENTURA,VENTURA,-119.28848997,34.278280019999997
6805291,2015,2016-09-19,5600,2015-01-20,0949,5041,9178,2,5,6,5607,0,0,0,,0,09D,"RT 23","TRIUNFO CANYON RD",114.00,N,N,A,-,Y,VEN,7,23,-,R,2.280,H,-,S,Y,4,0,1,2,A,-,03,22350,,N,C,C,A,A,H,-,A,A,0,,,,,Y,,A,01,0,0,1,0,0,0,0,0,0,"- ","- ",,,VENTURA,"THOUSAND OAKS",-118.83861351,34.149620640000002
6806089,2015,2016-09-20,9765,2015-01-31,1320,20302,,6,1,6,5608,0,1,3,,2,010,"RT 33","STANLEY AV",3696.00,S,N,A,-,Y,VEN,7,33,-,-,0.870,H,-,N,Y,4,0,1,1,A,-,08,22107,,N,E,I,A,A,H,-,A,D,1,,,,,Y,,A,01,0,0,1,0,0,0,0,0,0,"- ","- ",34.292389999999997,-119.30580999999999,VENTURA,VENTURA,-119.30622176999999,34.291686310000003
6806090,2015,2016-11-05,9765,2015-01-24,0144,20906,,6,3,6,5604,0,1,2,,2,501,"RT 101","DEL NORTE BL",1500.00,N,N,A,-,Y,VEN,7,101,-,-,19.450,H,-,S,Y,4,0,1,2,A,-,01,23152,A,N,C,C,A,A,H,-,C,D,1,,,,,Y,Y,A,01,0,0,1,0,0,0,0,0,0,"- ","- ",34.222029999999997,-119.13191,VENTURA,OXNARD,-119.13170898,34.222043280000001
6807606,2015,2015-03-03,5600,2015-01-15,1925,4695,8210,4,5,5,5601,0,0,0,,0,08D,"SANTA ROSA RD","WOODCREEK RD",101.00,S,N,A,-,N,,,,,,,,,,Y,3,0,1,3,C,-,18,,,N,E,J,A,A,H,-,C,D,0,,,,,Y,,-,"- ",0,1,0,0,0,0,0,0,0,"- ","- ",34.223579999999998,-118.99472,VENTURA,CAMARILLO,-118.99466454,34.223727490000002
6809281,2015,2016-11-05,9770,2015-01-31,1400,016383,,6,2,6,5607,0,1,2,,2,074,"RT 101","CONEJO SCHOOL RD",1584.00,N,N,A,-,Y,VEN,7,101,-,-,2.570,H,-,N,Y,3,0,1,2,A,-,07,21658,A,N,B,C,A,A,D,-,A,D,1,,,,,Y,,A,01,0,1,0,0,0,0,0,0,0,"- ","- ",34.172649999999997,-118.84753000000001,VENTURA,"THOUSAND OAKS",-118.8507219,34.17469895
6809285,2015,2016-11-05,9770,2015-01-28,1725,014454,,3,2,6,5607,0,1,2,,2,073,"RT 101","VENTU PARK RD",528.00,N,N,B,-,Y,VEN,7,101,-,-,6.420,H,-,S,N,4,0,1,2,A,-,03,22350,,N,C,A,A,A,H,-,B,D,1,,,,,Y,,A,01,0,0,1,0,0,0,0,0,0,"- ","- ",34.184530000000002,-118.91522000000001,VENTURA,"THOUSAND OAKS",-118.91526725,34.184254070000001
6813604,2015,2015-03-11,9765,2015-02-10,1840,019988,,2,2,9,5600,0,3,5,,2,002,"EL ROBLAR DR","POLI ST",50.00,E,N,A,-,N,,,,,,,,,,N,4,0,1,3,A,-,11,21954,A,N,G,B,D,A,H,-,D,D,0,Y,,,,Y,,N,60,0,0,1,0,1,0,0,0,0,"- ","- ",34.450000000000003,-119.28100000000001,VENTURA,UNINCORPORATED,-119.28079045,34.449583050000001
6813608,2015,2016-11-05,9765,2015-02-11,1615,020924,,3,2,6,5604,0,1,2,,2,501,"RT 101","RICE AV",528.00,S,N,A,-,Y,VEN,7,101,-,-,19.980,H,-,S,Y,3,0,1,3,A,-,03,22350,,N,C,C,A,A,H,-,A,D,1,,,,,Y,,A,01,0,1,0,0,0,0,0,0,0,"- ","- ",34.222290000000001,-119.13773999999999,VENTURA,OXNARD,-119.14095861,34.222437939999999
6814298,2015,2015-03-16,5609,2015-01-23,2130,,,5,5,6,5609,0,0,0,,0,,"ALAMO ST","WOODROW AV",0.00,,Y,A,-,N,,,,,,,,,,Y,4,0,2,2,A,-,09,21801,A,N,D,C,A,A,H,-,C,D,0,,,,,Y,,A,01,0,0,2,0,0,0,0,0,0,"- ","- ",34.286349999999999,-118.74545999999999,VENTURA,"SIMI VALLEY",-118.74546012,34.286270039999998
6815879,2015,2015-08-19,5600,2015-02-08,1247,4673,9082,7,5,6,5607,0,0,0,,0,09B,"MOORPARK RD",MAYFLOWER,150.00,N,N,A,-,N,,,,,,,,,,Y,4,0,4,2,A,-,07,21658,A,M,B,C,A,A,H,-,A,D,0,,,,,Y,,-,99,0,0,4,0,0,0,0,0,0,"- ","- ",,,VENTURA,"THOUSAND OAKS",-118.87430139999999,34.191563360000004
6815893,2015,2016-10-27,9765,2015-02-05,1620,17675,,4,2,6,5608,0,1,3,,1,031,"RT 126","PETIT AV",50.00,W,N,B,-,Y,VEN,7,126,-,-,3.610,H,-,W,Y,4,0,1,1,A,-,08,22107,,N,E,I,A,A,H,-,A,D,1,,,,,Y,,A,07,0,0,1,0,0,0,0,0,0,"- ","- ",34.277560000000001,-119.17718000000001,VENTURA,VENTURA,-119.17692241,34.277590879999998
6820178,2014,2015-03-06,5600,2014-02-06,1650,2548,6014,4,5,3,5602,0,0,0,,0,06B,"RT 126","OLIVE ST",0.00,,Y,A,-,Y,,,,,,,,,,Y,4,0,1,2,A,-,09,21801,A,N,H,C,A,A,H,-,A,A,0,,,,,Y,,A,01,0,0,1,0,0,0,0,0,0,"- ","- ",,,VENTURA,FILLMORE,,
6820179,2015,2016-09-08,5600,2015-02-07,1235,3754,8125,6,5,5,5601,0,0,0,,0,08C,"RT 34","DAILY DR",0.00,,Y,B,C,Y,VEN,7,34,-,-,13.657,I,5,E,Y,2,0,1,2,A,-,09,21801,A,N,H,C,A,B,H,-,A,A,0,,,,,Y,,A,01,1,0,0,0,0,0,0,0,0,"- ","- ",34.217390000000002,-119.03342000000001,VENTURA,CAMARILLO,-119.03352700000001,34.217386879999999
6824230,2015,2016-11-05,9765,2015-02-12,1600,020924,,4,2,6,5604,0,1,2,,2,501,"RT 101","DEL NORTE BL",528.00,N,N,A,-,Y,VEN,7,101,-,-,19.410,H,-,S,Y,4,0,1,3,A,-,03,22350,,N,C,C,A,A,H,-,A,D,1,,,,,Y,,A,01,0,0,1,0,0,0,0,0,0,"- ","- ",34.222059999999999,-119.13095,VENTURA,OXNARD,-119.13100967,34.222044009999998
6824234,2015,2016-11-05,9765,2015-02-12,0825,020880,,4,1,5,5601,0,1,2,,2,504,"RT 101","CAMARILLO SPRINGS RD",1584.00,N,N,A,-,Y,VEN,7,101,-,-,11.070,H,-,N,Y,3,0,1,3,A,-,08,22107,,N,B,C,A,A,H,-,A,D,1,,,,,Y,,A,01,0,1,0,0,0,0,0,0,0,"- ","- ",34.204689999999999,-118.98229000000001,VENTURA,CAMARILLO,-118.98880581,34.205582339999999
6824391,2015,2015-03-19,5600,2015-02-15,0534,2913,8012,7,5,5,5601,0,0,0,,0,8A01,"CALLE LA RODA","E CALLE LA SOMBRA",44.00,N,N,A,-,N,,,,,,,,,,N,4,0,1,2,A,-,05,21650,,M,A,E,A,A,H,-,C,D,0,,,,,Y,,A,01,0,0,1,0,0,0,0,0,0,"- ","- ",34.224440000000001,-119.06652,VENTURA,CAMARILLO,-119.06646000000001,34.224400750000001
6825047,2015,2016-10-27,9770,2015-02-01,0300,018942,,7,3,6,5609,0,1,3,,2,082,"RT 118","1ST ST",528.00,E,N,A,-,Y,VEN,7,118,-,R,24.160,H,-,W,Y,3,0,1,1,A,-,01,23152,A,N,E,I,A,A,H,-,C,D,1,,,,,Y,Y,A,01,0,1,0,0,0,0,0,0,0,"- ","- ",34.282220000000002,-118.77621000000001,VENTURA,"SIMI VALLEY",-118.77297504000001,34.282420279999997
6825137,2015,2015-03-12,5608,2015-02-09,0256,462,,1,5,6,5608,0,0,0,,0,004,JOHNSON,"DOVE ST",45.00,N,N,A,-,N,,,,,,,,,,Y,3,0,1,1,A,-,08,22107,,N,E,I,A,A,H,-,C,D,0,,,,,Y,,-,,0,1,0,0,0,0,0,0,0,"- ","- ",,,VENTURA,VENTURA,-119.19894370999999,34.259711930000002
6825158,2015,2015-03-10,5609,2015-02-07,1428,437,,6,5,6,5609,0,0,0,,0,003,"SEQUOIA AV","ROYAL AV",0.00,,Y,A,-,N,,,,,,,,,,Y,3,0,1,2,A,-,12,21453,A,N,D,C,A,B,H,-,A,A,0,,,,,Y,,A,01,0,1,0,0,0,0,0,0,0,"- ","- ",,,VENTURA,"SIMI VALLEY",-118.73049012,34.264580070000001
6825162,2015,2015-03-10,5609,2015-02-07,1832,437,,6,5,6,5609,0,0,0,,0,006,"LOS ANGELES AV","YOSEMITE AV",128.00,E,N,A,-,N,,,,,,,,,,Y,4,0,2,2,A,-,03,22350,,N,A,C,A,B,H,-,E,D,0,,,,,Y,,A,07,0,0,2,0,0,0,0,0,0,"- ","- ",,,VENTURA,"SIMI VALLEY",-118.677977,34.271740000000001
6825178,2015,2015-03-10,5609,2015-02-03,1400,227,,2,5,6,5609,0,0,0,,0,004,"COCHRAN ST","SYCAMORE DR",117.00,W,N,A,-,N,,,,,,,,,,N,4,0,2,2,A,-,03,22350,,N,C,C,A,A,H,-,A,A,0,,,,,Y,,A,01,0,0,2,0,0,0,0,0,0,"- ","- ",,,VENTURA,"SIMI VALLEY",-118.74429653999999,34.279009309999999
6825613,2015,2015-03-09,9770,2015-01-17,0755,019930,,6,1,9,5600,0,2,4,,1,062,"POTRERO RD","HIDDEN VALLEY RD",400.00,E,N,A,-,N,,,,,,,,,,Y,3,0,1,1,A,-,03,22350,,N,E,J,A,A,H,-,A,D,0,,,,,Y,,A,01,0,1,0,0,0,0,0,0,0,"- ","- ",34.155419999999999,-118.91987,VENTURA,UNINCORPORATED,-118.92021013999999,34.155380000000001
6826158,2015,2016-10-27,5600,2015-02-15,1003,3292,6027,7,5,3,5602,0,0,0,,0,06A,"D ST","RT 126",10.00,S,N,A,-,Y,VEN,7,126,-,-,20.271,I,6,W,N,4,0,1,2,A,-,03,22350,,N,C,C,A,A,H,-,A,A,0,,,,,Y,,A,01,0,0,1,0,0,0,0,0,0,"- ","- ",,,VENTURA,FILLMORE,-118.93194584,34.394364420000002
6827408,2014,2015-03-24,5608,2014-01-09,1527,459,5608,4,5,6,5608,0,0,0,,0,002,"E MAIN ST","ARUNDELL AV",75.00,W,N,A,-,N,,,,,,,,,,Y,4,0,1,3,A,-,"- ",,,N,C,C,A,A,H,-,A,D,0,,,,,Y,,-,,0,0,1,0,0,0,0,0,0,"- ","- ",,,VENTURA,VENTURA,-119.24301577,34.264093719999998
6828978,2015,2015-04-08,5606,2015-01-17,1636,1033,5606,6,5,4,5606,0,0,0,,0,002,"HARVARD BL","10TH ST",145.00,W,N,A,-,N,,,,,,,,,,Y,3,0,1,2,A,-,09,21804,A,N,D,C,A,A,H,-,B,A,0,,,,,Y,,D,23,0,1,0,0,0,0,0,0,0,"- ","- ",,,VENTURA,"SANTA PAULA",-119.05887851999999,34.350408690000002
6830561,2015,2015-03-12,9765,2015-02-24,0750,015117,,2,1,9,5600,0,2,4,,2,064,"PLEASANT VALLEY RD","WOLFF RD",100.00,W,N,A,-,N,,,,,,,,,,N,4,0,1,2,A,-,03,22350,,N,C,C,A,A,H,-,A,D,0,,,,,Y,,D,22,0,0,1,0,0,0,0,0,0,"- ","- ",34.186210000000003,-119.11418,VENTURA,UNINCORPORATED,-119.11439808,34.186020390000003
6833497,2015,2015-03-12,5600,2015-02-20,2030,3364,9126,5,5,6,5607,0,0,0,,0,09H,"HILLCREST DR","RANCHO CONEJO BL",0.00,,Y,A,-,N,,,,,,,,,,Y,4,0,1,2,A,-,09,21453,C,N,H,C,A,A,H,-,C,A,0,,,,,Y,,A,01,0,0,1,0,0,0,0,0,0,"- ","- ",,,VENTURA,"THOUSAND OAKS",-118.92516008,34.187060109999997
6834987,2015,2015-03-19,5600,2015-02-19,1813,4554,8205,4,5,5,5601,0,0,0,,0,08D,"SANTA ROSA RD","VERDUGO WY",111.00,N,N,A,-,N,,,,,,,,,,N,4,0,1,2,A,-,04,21703,,N,C,C,A,A,H,-,C,D,0,,,,,Y,,A,01,0,0,1,0,0,0,0,0,0,"- ","- ",34.216830000000002,-119.00593000000001,VENTURA,CAMARILLO,-119.00612984999999,34.21684149
6835421,2015,2016-11-05,9770,2015-02-15,1325,19896,,7,1,6,5607,0,1,2,,2,072,"RT 101","LYNN RD",10.00,S,N,A,-,Y,VEN,7,101,-,-,5.050,H,-,N,N,4,0,1,2,A,-,03,22350,,N,C,C,A,A,H,-,A,D,1,,,,,Y,,A,07,0,0,1,0,0,0,0,0,0,"- ","- ",34.183639999999997,-118.89135,VENTURA,"THOUSAND OAKS",-118.89156518,34.183651279999999
6836527,2015,2015-04-09,5608,2015-02-26,1745,390,5608,4,5,6,5608,0,0,0,,0,001,"VENTURA AV","KELLOGG ST",0.00,,Y,A,-,N,,,,,,,,,,N,4,0,1,2,A,-,03,22350,A,N,C,D,A,A,H,-,A,D,0,,,,,Y,,-,,0,0,1,0,0,0,0,0,0,"- ","- ",,,VENTURA,VENTURA,-119.29799995,34.290660090000003
6836528,2015,2016-04-13,5608,2015-02-26,1510,333,,4,5,6,5608,0,0,0,,0,003,"TELEGRAPH RD","HILL RD",1056.00,E,N,A,-,N,,,,,,,,,,N,3,0,1,2,A,-,05,21202,A,N,D,G,A,A,H,-,A,-,0,,Y,,,Y,,L,04,0,1,0,0,0,0,1,0,0,"- ","- ",,,VENTURA,VENTURA,-119.20560276,34.279309210000001
6836620,2015,2015-03-16,5608,2015-02-23,1332,439,,1,5,6,5608,0,0,0,,0,004,"SOUTH VICTORIA AV","TELEPHONE RD",0.00,,Y,A,-,N,,,,,,,,,,N,4,0,1,2,A,-,03,22350,,N,C,C,A,A,H,-,A,A,0,,,,,Y,,-,,0,0,1,0,0,0,0,0,0,"- ","- ",,,VENTURA,VENTURA,-119.21255992,34.265460109999999
6837637,2015,2015-03-16,5600,2015-02-26,1215,3147,9106,4,5,6,5607,0,0,0,,0,9C01,"OLD CONEJO RD","REINO RD",0.00,,Y,A,-,N,,,,,,,,,,Y,3,0,1,2,A,-,09,21801,A,N,H,C,A,A,H,-,A,A,0,,,,,Y,,A,07,0,1,0,0,0,0,0,0,0,"- ","- ",,,VENTURA,"THOUSAND OAKS",-118.95260003999999,34.192040069999997
6840450,2015,2016-11-05,9770,2015-02-28,1140,16383,,6,1,5,5601,0,1,2,,2,070,"RT 101","CAMARILLO SPRINGS RD",1584.00,S,N,A,-,Y,VEN,7,101,-,-,10.440,H,-,N,Y,4,0,3,2,A,-,03,22350,,N,C,C,A,A,H,-,A,D,1,,,,,Y,,A,01,0,0,3,0,0,0,0,0,0,"- ","- ",34.202379999999998,-118.97915,VENTURA,CAMARILLO,-118.97929225999999,34.2023996
6841601,2015,2016-10-27,5609,2015-03-02,1529,427,113,1,5,6,5609,0,0,0,,0,002,"MADERA RD","RT 118",0.00,,Y,B,C,Y,VEN,7,118,-,R,22.806,R,4,E,Y,4,0,1,2,A,-,12,21453,A,N,D,C,A,B,H,-,A,A,0,,,,,Y,,A,01,0,0,1,0,0,0,0,0,0,"- ",EF,,,VENTURA,"SIMI VALLEY",-118.79593748000001,34.285321840000002
6841633,2015,2015-03-25,5609,2015-03-11,0951,455,124,3,5,6,5609,0,0,0,,0,001,"LOS ANGELES AV","FIRST ST",131.00,E,N,A,-,N,,,,,,,,,,N,4,0,1,2,A,-,03,22350,,N,C,C,A,A,H,-,A,A,0,,,,,Y,,A,07,0,0,1,0,0,0,0,0,0,"- ","- ",,,VENTURA,"SIMI VALLEY",-118.77854707,34.271807240000001
6841799,2015,2015-03-24,5600,2015-03-12,1720,1936,9154,4,5,6,5607,0,0,0,,0,09G,"THOUSAND OAKS BL","SKYLINE DR",0.00,,Y,A,-,N,,,,,,,,,,Y,3,0,2,2,A,-,12,21453,A,N,D,D,A,A,H,-,A,A,0,,,,,Y,,A,08,0,1,1,0,0,0,0,0,0,"- ","- ",,,VENTURA,"THOUSAND OAKS",-118.83808012999999,34.170720109999998
6842091,2015,2016-10-27,9770,2015-03-02,1510,020721,,1,2,4,5690,1,4,S,,2,901,"RT 118","SPRING RD",0.00,,Y,B,C,Y,VEN,7,23,-,T,12.259,I,5,S,N,3,0,1,1,C,-,18,,,N,H,A,A,B,H,-,A,A,1,,,,,Y,,-,"- ",0,1,0,0,0,0,0,0,0,"- ","- ",34.279029999999999,-118.87470999999999,VENTURA,MOORPARK,-118.87472418999999,34.278856390000001
6843802,2015,2015-03-19,5605,2015-02-01,1423,75,PATRO,7,5,3,5605,0,0,0,,0,CITY,"CHANNEL ISLANDS BL","BOLKER DR",48.00,W,N,A,-,N,,,,,,,,,,N,4,0,1,2,A,-,03,22350,,N,C,C,A,A,H,-,A,A,0,,,Y,,Y,,C,02,0,0,1,0,0,0,0,0,1,"- ","- ",,,VENTURA,"PORT HUENEME",-119.20639848,34.175972639999998
6843806,2015,2015-03-19,5605,2015-02-27,1842,121,PATRO,5,5,3,5605,0,0,0,,0,006,"N VENTURA RD","REDWOOD ST",83.00,S,N,A,-,N,,,,,,,,,,N,4,0,1,3,A,-,03,22350,,N,C,C,A,A,H,-,C,D,0,,,,,Y,,A,01,0,0,1,0,0,0,0,0,0,"- ","- ",,,VENTURA,"PORT HUENEME",-119.1951,34.173532190000003
6844771,2015,2016-11-05,5600,2015-02-25,0849,3006,9128,3,5,6,5607,0,0,0,,0,09H,"VENTU PARK RD","RT 101",20.00,W,N,A,-,Y,VEN,7,101,-,-,5.989,R,4,N,Y,4,0,1,2,A,-,12,21453,A,F,D,D,A,A,H,-,A,A,0,,,,,Y,,A,01,0,0,1,0,0,0,0,0,0,"- ",NF,,,VENTURA,"THOUSAND OAKS",-118.90773127999999,34.184508819999998
6845073,2015,2015-03-13,5608,2015-02-25,1800,401,,3,5,6,5608,0,0,0,,0,001,"N OLIVE ST","W WARNER ST",0.00,,Y,A,-,N,,,,,,,,,,N,3,0,1,2,A,-,05,21650,1,N,G,G,A,A,H,-,B,D,0,,Y,,,Y,,L,04,0,1,0,0,0,0,1,0,0,"- ","- ",,,VENTURA,VENTURA,-119.30052997,34.29313003
6845504,2015,2015-03-23,5608,2015-03-06,1853,391,,5,5,6,5608,0,0,0,,0,002,"SANJON RD","HARBOR BL",100.00,N,N,A,-,N,,,,,,,,,,N,4,0,1,1,A,-,03,22350,,N,-,A,A,A,B,D,C,A,0,,,,,Y,,-,,0,0,1,0,0,0,0,0,0,"- ","- ",,,VENTURA,VENTURA,-119.28464025,34.273343959999998
6845505,2015,2016-04-13,5608,2015-03-06,1646,398,,5,5,6,5608,0,0,0,,0,002,"SAN JON RD","EAST THOMPSON BL",134.00,S,N,A,-,N,,,,,,,,,,,4,0,1,2,A,-,09,21801,A,N,D,C,A,A,H,-,A,A,0,,,,,Y,,-,,0,0,1,0,0,0,0,0,0,"- ","- ",,,VENTURA,VENTURA,-119.28137271,34.276187360000002
6846051,2015,2016-09-20,5600,2015-03-07,0056,1929,9178,6,5,6,5607,0,0,0,,0,09D,"RT 23","TRIUNFO CANYON RD",50.00,N,N,A,-,Y,VEN,7,23,-,R,2.270,H,-,N,Y,3,0,1,1,A,-,01,23152,A,N,E,I,A,A,H,-,C,D,0,,,,,Y,Y,A,07,0,1,0,0,0,0,0,0,0,"- ","- ",,,VENTURA,"THOUSAND OAKS",-118.83869959,34.149452719999999
6847582,2015,2016-09-20,5600,2015-03-05,2152,3364,9158,4,5,6,5607,0,0,0,,0,090,"TOWNSGATE RD","RT 23",35.00,W,N,A,-,Y,VEN,7,23,-,R,3.101,I,6,S,Y,3,0,2,2,A,-,01,23152,A,N,C,C,A,A,H,-,C,A,0,,,,,Y,Y,A,01,0,1,1,0,0,0,0,0,0,"- ","- ",,,VENTURA,"THOUSAND OAKS",-118.82731075,34.154764370000002