CASE_ID,ACCIDENT_YEAR,PROC_DATE,JURIS,COLLISION_DATE,COLLISION_TIME,OFFICER_ID,REPORTING_DISTRICT,DAY_OF_WEEK,CHP_SHIFT,POPULATION,CNTY_CITY_LOC,SPECIAL_COND,BEAT_TYPE,CHP_BEAT_TYPE,CITY_DIVISION_LAPD,CHP_BEAT_CLASS,BEAT_NUMBER,PRIMARY_RD,SECONDARY_RD,DISTANCE,DIRECTION,INTERSECTION,WEATHER_1,WEATHER_2,STATE_HWY_IND,CALTRANS_COUNTY,CALTRANS_DISTRICT,STATE_ROUTE,ROUTE_SUFFIX,POSTMILE_PREFIX,POSTMILE,LOCATION_TYPE,RAMP_INTERSECTION,SIDE_OF_HWY,TOW_AWAY,COLLISION_SEVERITY,NUMBER_KILLED,NUMBER_INJURED,PARTY_COUNT,PRIMARY_COLL_FACTOR,PCF_CODE_OF_VIOL,PCF_VIOL_CATEGORY,PCF_VIOLATION,PCF_VIOL_SUBSECTION,HIT_AND_RUN,TYPE_OF_COLLISION,MVIW,PED_ACTION,ROAD_SURFACE,ROAD_COND_1,ROAD_COND_2,LIGHTING,CONTROL_DEVICE,CHP_ROAD_TYPE,PEDESTRIAN_ACCIDENT,BICYCLE_ACCIDENT,MOTORCYCLE_ACCIDENT,TRUCK_ACCIDENT,NOT_PRIVATE_PROPERTY,ALCOHOL_INVOLVED,STWD_VEHTYPE_AT_FAULT,CHP_VEHTYPE_AT_FAULT,COUNT_SEVERE_INJ,COUNT_VISIBLE_INJ,COUNT_COMPLAINT_PAIN,COUNT_PED_KILLED,COUNT_PED_INJURED,COUNT_BICYCLIST_KILLED,COUNT_BICYCLIST_INJURED,COUNT_MC_KILLED,COUNT_MC_INJURED,PRIMARY_RAMP,SECONDARY_RAMP,LATITUDE,LONGITUDE,COUNTY,CITY,POINT_X,POINT_Y
6910538,2015,2015-05-12,9770,2015-04-06,0835,16383,,1,1,9,5600,0,3,5,,2,007,"CARLISLE RD","DECKER CANYON RD",15840.00,E,N,A,-,N,,,,,,,,,,Y,4,0,1,1,A,-,08,22107,,N,E,I,A,A,H,-,A,D,0,,,,,Y,,A,01,0,0,1,0,0,0,0,0,0,"- ","- ",34.125590000000003,-118.87533999999999,VENTURA,UNINCORPORATED,,
6915674,2015,2016-12-03,9765,2015-05-02,1313,20087,,6,1,9,5600,0,1,3,,2,011,"RT 33","VENTURA AV",117.00,N,N,A,-,Y,VEN,7,33,-,R,4.110,H,-,S,Y,2,0,2,1,A,-,01,23152,E,N,E,I,A,A,H,-,A,D,1,,,,,Y,,D,22,2,0,0,0,0,0,0,0,0,"- ","- ",34.335970000000003,-119.2928,VENTURA,UNINCORPORATED,-119.29276104,34.336268779999997
6916836,2015,2015-05-29,5600,2015-05-01,1903,5128,9138,5,5,6,5607,0,0,0,,0,09G,"ROLLING OAKS DR","MOORPARK RD",454.00,E,N,A,-,N,,,,,,,,,,Y,4,0,1,2,A,-,09,21801,A,N,H,C,A,A,H,-,B,A,0,,,,,Y,,A,07,0,0,1,0,0,0,0,0,0,"- ","- ",,,VENTURA,"THOUSAND OAKS",-118.87478229,34.175811160000002
6916871,2015,2015-05-29,5600,2015-05-04,1655,2913,9146,1,5,6,5607,0,0,0,,0,09D,"LINDERO CANYON RD","BOWFIELD ST",0.00,,Y,A,-,N,,,,,,,,,,Y,4,0,1,2,A,-,09,21802,A,N,D,D,A,A,H,-,A,A,0,,,,,Y,,A,01,0,0,1,0,0,0,0,0,0,"- ","- ",,,VENTURA,"THOUSAND OAKS",-118.78675011,34.180830049999997
6917975,2015,2015-05-20,5605,2015-04-25,1054,75,PATRO,6,5,3,5605,0,0,0,,0,CITY,"VENTURA RD","HUENEME RD",15.00,S,N,A,-,N,,,,,,,,,,Y,4,0,2,2,A,-,03,22350,,N,C,C,A,A,H,-,A,A,0,,,,,Y,,A,07,0,0,2,0,0,0,0,0,0,"- ","- ",,,VENTURA,"PORT HUENEME",-119.19545889,34.147816980000002
6917976,2015,2015-05-20,5605,2015-04-16,1231,135,PATRO,4,5,3,5605,0,0,0,,0,GRID10,"VENTURA RD","CLARA ST",0.00,,Y,A,-,N,,,,,,,,,,Y,4,0,1,3,A,-,09,21801,A,N,D,C,A,A,H,-,A,A,0,,,,,Y,,A,07,0,0,1,0,0,0,0,0,0,"- ","- ",34.09057,-119.11436,VENTURA,"PORT HUENEME",-119.19558010999999,34.15160006
6918228,2015,2015-05-26,9770,2015-04-17,2130,18659,,5,2,9,5600,0,2,4,,2,078,"DEBBIE ST","SHIRLEY DR",200.00,N,N,A,-,N,,,,,,,,,,Y,4,0,3,2,A,-,01,23152,A,N,A,E,A,A,H,-,C,D,0,,,,,Y,Y,D,22,0,0,3,0,0,0,0,0,0,"- ","- ",37.187280000000001,-118.93969,VENTURA,UNINCORPORATED,-118.94012565,34.18737351
6918797,2015,2015-05-27,5609,2015-04-13,1230,456,510,1,5,6,5609,0,0,0,,0,005,"COCHRAN ST","TAPO CANYON RD",0.00,,Y,A,-,N,,,,,,,,,,Y,4,0,1,2,A,-,12,21453,A,N,D,C,A,A,H,-,A,A,0,,,,,Y,,A,01,0,0,1,0,0,0,0,0,0,"- ","- ",,,VENTURA,"SIMI VALLEY",-118.71787001,34.279070019999999
6921432,2015,2016-12-06,9765,2015-05-03,1800,20882,,7,2,5,5601,0,1,2,,2,501,"RT 101","CENTRAL AV",300.00,N,N,A,-,Y,VEN,7,101,-,-,17.810,H,-,S,Y,3,0,1,3,A,-,03,22350,,N,C,C,A,A,H,-,A,D,1,,,,,Y,,A,01,0,1,0,0,0,0,0,0,0,"- ","- ",34.221870000000003,-119.10572000000001,VENTURA,CAMARILLO,-119.10303738,34.221757349999997
6925415,2015,2015-06-18,5600,2015-05-23,1123,3701,9110,6,5,6,5607,0,0,0,,0,9C01,"REINO RD","KIMBER DR",0.00,,Y,B,-,N,,,,,,,,,,Y,4,0,1,2,A,-,12,21453,A,N,D,D,A,A,H,-,A,A,0,,,,,Y,,D,22,0,0,1,0,0,0,0,0,0,"- ","- ",,,VENTURA,"THOUSAND OAKS",-118.95489000000001,34.171630069999999
6925426,2015,2015-06-23,5609,2015-05-16,1205,374,,6,5,6,5609,0,0,0,,0,,"KUEHNER DR","KATHERINE RD",220.00,S,N,A,-,N,,,,,,,,,,Y,2,0,1,2,A,-,08,22103,,N,D,C,A,A,H,-,A,D,0,,,Y,,Y,,C,02,1,0,0,0,0,0,0,0,1,"- ","- ",,,VENTURA,"SIMI VALLEY",-118.66206192999999,34.264666589999997
6925445,2015,2016-12-03,9770,2015-04-30,1600,19276,,4,2,6,5607,0,1,3,,2,077,"RT 23","RANCHO RD",1848.00,N,N,A,-,Y,VEN,7,23,-,R,3.676,R,1,S,N,4,0,1,2,A,-,03,22350,,N,C,C,A,A,H,-,A,D,1,,,,,Y,,D,22,0,0,1,0,0,0,0,0,0,TO,"- ",34.176760000000002,-118.86492,VENTURA,"THOUSAND OAKS",-118.86064672000001,34.180793809999997
6925465,2015,2016-11-07,9770,2015-05-04,0850,017638,,1,1,6,5609,0,1,3,,2,082,"RT 118","COCHRAN ST",700.00,E,N,B,-,Y,VEN,7,118,-,R,30.090,H,-,W,Y,4,0,1,2,A,-,08,22107,,N,B,C,A,A,H,-,A,D,1,,,,,Y,,D,22,0,0,1,0,0,0,0,0,0,"- ","- ",34.280329999999999,-118.66968,VENTURA,"SIMI VALLEY",-118.66958861000001,34.28039485
6925643,2015,2016-11-07,9770,2015-04-27,0745,17732,,1,1,6,5609,0,1,3,,2,082,"RT 118","TAPO CANYON RD",200.00,W,N,A,-,Y,VEN,7,118,-,R,27.260,H,-,W,Y,4,0,1,2,A,-,03,22350,,N,C,C,A,A,H,-,A,D,1,,,,,Y,,A,01,0,0,1,0,0,0,0,0,0,"- ","- ",34.282220000000002,-118.71999,VENTURA,"SIMI VALLEY",-118.71882669,34.28201
6926431,2015,2016-12-10,9765,2015-04-29,1744,20358,,3,2,6,5604,0,1,2,,2,501,"RT 101","DEL NORTE BL",1056.00,N,N,A,-,Y,VEN,7,101,-,-,19.370,H,-,S,Y,3,0,2,2,A,-,03,22350,,N,C,C,A,A,H,-,A,D,1,,,,,Y,,A,01,0,1,1,0,0,0,0,0,0,"- ","- ",34.222070000000002,-119.13082,VENTURA,OXNARD,-119.13031087,34.222044740000001
6926503,2015,2015-06-01,5609,2015-05-05,2258,388,,2,5,6,5609,0,0,0,,0,001,"COCHRAN ST","ERRINGER RD",0.00,,Y,A,-,N,,,,,,,,,,Y,3,0,2,2,A,-,12,21453,A,N,D,C,A,A,H,-,C,A,0,,,,,Y,,-,"- ",0,1,1,0,0,0,0,0,0,"- ","- ",,,VENTURA,"SIMI VALLEY",-118.76140006999999,34.279010120000002
6928817,2015,2015-06-11,5600,2015-05-14,1428,4045,9144,4,5,6,5607,0,0,0,,0,9D01,"WESTLAKE BL","HILLCREST DR",0.00,,Y,A,-,N,,,,,,,,,,Y,3,0,2,2,A,-,12,21453,A,N,D,D,A,A,H,-,A,A,0,,,,,Y,,A,01,0,1,1,0,0,0,0,0,0,"- ","- ",,,VENTURA,"THOUSAND OAKS",-118.82028013,34.170800069999999
6930744,2015,2015-07-01,5600,2015-05-24,0336,4460,6008,7,5,3,5602,0,0,0,,0,6A01,"SANTA CLARA ST","DEL VALLE DR",68.00,E,N,A,-,N,,,,,,,,,,N,4,0,1,3,A,-,01,23152,A,N,A,E,A,A,H,-,C,D,0,,,,,Y,Y,D,22,0,0,1,0,0,0,0,0,0,"- ","- ",,,VENTURA,FILLMORE,-118.92005659,34.397299910000001
6930783,2015,2016-12-03,5600,2015-04-16,1230,4626,1000,4,5,2,5603,0,0,0,,0,1A1,"CARRILLO RD","RT 33",10.00,W,N,A,-,Y,VEN,7,33,-,-,11.331,I,6,S,Y,3,0,1,2,A,-,08,22107,,N,H,C,A,A,H,-,A,A,0,,,Y,,Y,,D,22,0,1,0,0,0,0,0,0,1,"- ","- ",,,VENTURA,OJAI,-119.26275138,34.441925769999997
6930911,2015,2016-12-08,9770,2015-05-18,0735,016383,,1,1,6,5607,0,1,2,,2,075,"RT 101","HAMPSHIRE RD",200.00,S,N,B,-,Y,VEN,7,101,-,-,1.493,R,1,S,N,4,0,1,2,A,-,03,22350,,N,C,C,A,A,D,-,A,A,1,,,,,Y,,D,22,0,0,1,0,0,0,0,0,0,"- ","- ",34.165010000000002,-118.83701000000001,VENTURA,"THOUSAND OAKS",-118.83599712,34.164705619999999
6931712,2015,2016-12-08,9770,2015-04-13,1650,16561,,1,2,6,5607,0,1,2,,2,074,"RT 101","WESTLAKE BL",528.00,S,N,A,-,Y,VEN,7,101,-,-,0.600,H,-,N,N,4,0,1,2,A,-,03,22350,,M,C,C,A,A,D,-,A,D,1,,,,,Y,,A,07,0,0,1,0,0,0,0,0,0,"- ","- ",34.15719,-118.82379,VENTURA,"THOUSAND OAKS",-118.82365786,34.156800480000001
6931885,2015,2016-12-06,5600,2015-04-25,1425,4455,8007,6,5,5,5601,0,0,0,,0,8A01,"LAS POSAS RD","PARK N RIDE RD",200.00,N,N,A,-,Y,VEN,7,101,-,-,15.864,R,4,N,N,4,0,1,2,A,-,03,22350,,N,C,C,A,A,H,-,A,D,0,,,,,Y,,A,01,0,0,1,0,0,0,0,0,0,"- ","- ",34.218539999999997,-119.06971,VENTURA,CAMARILLO,-119.06936687,34.219265270000001
6934778,2015,2015-07-13,5609,2015-06-19,1217,437,,5,5,6,5609,0,0,0,,0,004,"ALAMO ST","LEMON DR",358.00,E,N,A,-,N,,,,,,,,,,Y,2,0,1,2,A,-,09,21801,A,N,D,C,A,A,H,-,A,D,0,,,Y,,Y,,A,07,1,0,0,0,0,0,0,0,1,"- ","- ",,,VENTURA,"SIMI VALLEY",-118.72533686,34.286430000000003
6937358,2015,2016-11-30,9765,2015-05-28,1612,020497,,4,2,6,5608,0,1,3,,2,030,"RT 126","SATICOY AV",60.00,E,N,A,-,Y,VEN,7,126,-,-,4.500,H,-,E,Y,4,0,1,1,A,-,08,22107,,N,E,I,A,A,H,-,A,D,1,,,,,Y,,D,22,0,0,1,0,0,0,0,0,0,"- ","- ",,,VENTURA,VENTURA,-119.16385025,34.285089360000001
6937447,2015,2015-06-16,9765,2015-05-21,0400,020906,,4,3,9,5600,0,3,5,,2,004,"SOUTH MOUNTAIN RD","WILLARD CANYON RD",2640.00,W,N,A,-,N,,,,,,,,,,Y,3,0,1,1,A,-,01,23152,A,N,F,A,A,A,H,-,D,D,0,,,,,Y,Y,D,22,0,1,0,0,0,0,0,0,0,"- ","- ",,,VENTURA,UNINCORPORATED,-118.99970055,34.354207299999999
6938261,2015,2015-09-19,5608,2015-08-28,1935,430,,5,5,6,5608,0,0,0,,0,,"THOMPSON BL","KALORAMA ST",0.00,,Y,A,-,N,,,,,,,,,,Y,4,0,2,2,A,-,09,21801,A,N,D,C,A,A,H,-,A,A,0,,,,,Y,,A,01,0,0,2,0,0,0,0,0,0,"- ","- ",,,VENTURA,VENTURA,-119.28698987,34.278280019999997
6938452,2015,2015-09-25,5608,2015-09-14,1242,391,,1,5,6,5608,0,0,0,,0,,"LOMA VISTA RD","AGNUS DR",0.00,,Y,A,-,N,,,,,,,,,,N,3,0,1,2,A,-,03,22350,,N,-,C,A,A,H,-,A,-,0,,,,,Y,,D,22,0,1,0,0,0,0,0,0,0,"- ","- ",,,VENTURA,VENTURA,-119.25084998,34.276380019999998
6939874,2015,2016-12-10,9765,2015-05-11,1057,020004,,1,1,9,5600,0,1,2,,1,104,"RT 101","DULAH RD",11.00,S,N,B,-,Y,VEN,7,101,-,R,34.700,H,-,N,Y,3,0,1,1,A,-,08,22107,,N,E,I,A,A,H,-,A,D,1,,,,,Y,,A,07,0,1,0,0,0,0,0,0,0,"- ","- ",34.312170000000002,-119.35663,VENTURA,UNINCORPORATED,-119.35662705999999,34.312036790000001
6940499,2015,2016-12-10,9765,2015-04-30,2235,19884,,4,3,6,5608,0,1,2,,2,531,"RT 101","MONTALVO SPUR",300.00,N,N,A,-,Y,VEN,7,101,-,R,24.080,H,-,S,Y,3,0,2,2,A,-,03,22350,,N,C,C,A,A,H,-,D,D,1,,,,,Y,,A,01,0,1,1,0,0,0,0,0,0,"- ","- ",34.247540000000001,-119.20161,VENTURA,VENTURA,-119.2024923,34.248062160000003
6941770,2015,2016-12-10,9765,2015-05-18,0225,20585,,1,3,6,5608,0,1,2,,1,104,"RT 101","RT 33",794.00,S,N,A,-,Y,VEN,7,101,-,-,30.760,H,-,N,Y,4,0,1,1,A,-,08,22107,,N,F,A,A,A,H,-,D,D,1,,,,,Y,,D,22,0,0,1,0,0,0,0,0,0,"- ","- ",34.27928,-119.30441999999999,VENTURA,VENTURA,-119.30363199999999,34.278396460000003
6941921,2015,2016-12-10,9765,2015-05-16,1540,020917,,6,2,6,5604,0,1,2,,2,501,"RT 101","RICE AV",640.00,S,N,A,-,Y,VEN,7,101,-,-,19.750,H,-,S,Y,3,0,1,2,A,-,03,22350,,N,C,C,A,A,H,-,A,D,1,,,,,Y,,A,01,0,1,0,0,0,0,0,0,0,"- ","- ",34.22213,-119.13503,VENTURA,OXNARD,-119.13694374000001,34.22225469
6941937,2015,2015-06-29,9765,2015-05-21,0720,015117,,4,1,9,5600,0,3,5,,2,003,"BRISTOL RD","ERMINE AV",1056.00,E,N,A,-,N,,,,,,,,,,Y,3,0,2,1,A,-,08,22107,,N,F,A,A,A,H,-,A,D,0,,,,,Y,Y,A,01,0,1,1,0,0,0,0,0,0,"- ","- ",34.256920000000001,-119.18778,VENTURA,UNINCORPORATED,-119.18437415,34.257598790000003
6941960,2015,2016-12-03,9770,2015-05-23,0455,20549,,6,3,9,5600,0,1,3,,1,057,"RT 23","BARDSDALE AV",5280.00,S,N,A,-,Y,VEN,7,23,-,R,21.260,H,-,N,Y,3,0,2,1,A,-,01,23152,A,N,E,I,A,A,H,-,D,D,0,,,,,Y,Y,A,01,0,2,0,0,0,0,0,0,0,"- ","- ",34.360860000000002,-118.92072,VENTURA,UNINCORPORATED,-118.92043192,34.355769029999998
6942092,2015,2016-11-30,5600,2015-05-15,1624,2548,6004,5,5,3,5602,0,0,0,,0,6A01,"RT 126","B ST",923.00,E,N,A,-,Y,VEN,7,126,-,-,21.030,H,-,E,N,4,0,2,4,A,-,21,22106,,N,C,C,A,A,H,-,A,A,0,,,,,Y,,A,01,0,0,2,0,0,0,0,0,0,"- ","- ",,,VENTURA,FILLMORE,-118.91960496999999,34.395927690000001
6942108,2015,2015-06-29,5600,2015-05-15,1557,4457,6020,5,5,3,5602,0,0,0,,0,6B01,"MAIN ST","CLAY ST",85.00,E,N,A,-,N,,,,,,,,,,Y,3,0,1,1,A,-,08,22107,,N,E,I,A,A,H,-,A,D,0,,,,,Y,,A,01,0,1,0,0,0,0,0,0,0,"- ","- ",,,VENTURA,FILLMORE,-118.90960225000001,34.399647350000002
6942147,2015,2016-12-06,5600,2015-05-08,1006,4615,8007,5,5,5,5601,0,0,0,,0,08A,"LAS POSAS RD","RT 101",0.00,,Y,A,-,Y,VEN,7,101,-,-,15.653,R,4,N,Y,3,0,2,2,A,-,12,21453,A,N,D,C,A,A,H,-,A,A,0,,,,,Y,,A,01,0,2,0,0,0,0,0,0,0,"- ",WF,,,VENTURA,CAMARILLO,-119.06563876,34.21891145
6942285,2015,2016-11-07,9770,2015-05-07,0630,014675,,4,1,6,5609,0,1,3,,2,082,"RT 118","KUEHNER DR",945.00,E,N,B,-,Y,VEN,7,118,-,R,30.740,H,-,W,Y,3,0,2,1,A,-,08,22107,,N,E,I,A,A,H,-,A,D,1,,,,,Y,,A,01,0,2,0,0,0,0,0,0,0,"- ","- ",34.277140000000003,-118.65837000000001,VENTURA,"SIMI VALLEY",-118.65898059,34.277720619999997
6944604,2015,2015-06-23,5606,2015-04-15,1734,1084,5606,3,5,4,5606,0,0,0,,0,001,"S STECKEL DR","MOULTRIE PL",75.00,N,N,A,-,N,,,,,,,,,,Y,4,0,1,2,A,-,03,22350,,N,C,C,A,A,H,-,A,D,0,,,,,Y,,D,22,0,0,1,0,0,0,0,0,0,"- ","- ",,,VENTURA,"SANTA PAULA",-119.07882737,34.345375599999997
6947129,2015,2015-06-29,5608,2015-05-19,1316,417,,2,5,6,5608,0,0,0,,0,001,"POLI ST","ASH ST",0.00,,Y,A,-,N,,,,,,,,,,N,3,0,1,2,A,-,10,21950,A,N,G,B,B,A,H,-,A,D,0,Y,,,,Y,,-,,0,1,0,0,1,0,0,0,0,"- ","- ",,,VENTURA,VENTURA,-119.28852987,34.282160040000001
6947137,2015,2015-06-29,5608,2015-05-28,1952,282,VENTU,4,5,6,5608,0,0,0,,0,004,"TELEPHONE RD","SATICOY AV",0.00,,Y,A,-,N,,,,,,,,,,,3,0,2,2,A,-,12,21453,A,N,D,C,A,A,H,-,B,A,0,,,,,Y,,-,,0,1,1,0,0,0,0,0,0,"- ","- ",,,VENTURA,VENTURA,-119.15834009,34.27951006
6947153,2015,2015-07-08,5608,2015-05-19,1455,465,,2,5,6,5608,0,0,0,,0,003,"DARLING RD","WELLS RD",0.00,,Y,A,-,N,,,,,,,,,,N,4,0,2,2,A,-,09,21801,A,N,D,C,A,A,H,-,A,A,0,,,,,Y,,-,"- ",0,0,2,0,0,0,0,0,0,"- ","- ",,,VENTURA,VENTURA,-119.15373011,34.286570089999998
6948068,2015,2015-06-17,5600,2015-05-30,1523,5128,9168,6,5,6,5607,0,0,0,,0,09D,"LAKEVIEW CANYON RD","THOUSAND OAKS BL",1339.00,N,N,A,-,N,,,,,,,,,,Y,3,0,3,3,A,-,09,21804,A,N,D,C,A,A,H,-,A,A,0,,,,,Y,,A,01,0,1,2,0,0,0,0,0,0,"- ","- ",,,VENTURA,"THOUSAND OAKS",-118.81796,34.158749999999998
6948140,2015,2015-07-01,5600,2015-05-30,1947,2941,9074,6,5,6,5607,0,0,0,,0,9G01,"THOUSAND OAKS BL","CUNNINGHAM PL",157.00,E,N,A,-,N,,,,,,,,,,N,4,0,1,2,A,-,05,21650,1,N,H,G,A,A,H,-,A,D,0,,Y,,,Y,,L,04,0,0,1,0,0,0,1,0,0,"- ","- ",,,VENTURA,"THOUSAND OAKS",-118.85621747,34.178194509999997
6948602,2015,2015-06-23,5600,2015-05-27,1704,3364,9160,3,5,6,5607,0,0,0,,0,090,"WESTLAKE BL","THOUSAND OAKS BL",210.00,S,N,A,-,N,,,,,,,,,,Y,3,0,1,1,A,-,08,22107,,N,E,I,A,A,H,-,A,D,0,,,Y,,Y,,C,02,0,1,0,0,0,0,0,0,1,"- ","- ",,,VENTURA,"THOUSAND OAKS",-118.82324178,34.16040976
6949713,2015,2016-11-30,9765,2015-05-29,1655,017675,,5,2,9,5600,0,1,3,,2,040,"RT 126","EDWARDS RANCH RD",1584.00,W,N,A,-,Y,VEN,7,126,-,R,6.650,H,-,E,Y,4,0,2,3,A,-,03,22350,,N,C,C,A,A,H,-,A,D,1,,,,,Y,,A,01,0,0,2,0,0,0,0,0,0,"- ","- ",34.300759999999997,-119.13749,VENTURA,UNINCORPORATED,-119.13337898,34.30318046
6951419,2015,2016-12-03,5600,2015-05-24,2053,3927,8126,7,5,5,5601,0,0,0,,0,08C,"RT 34","TEMPLE AV",0.00,,Y,A,-,Y,VEN,7,34,-,-,14.041,I,5,W,Y,4,0,2,2,A,-,09,21801,A,N,H,C,A,A,H,-,C,D,0,,,,,Y,,A,01,0,0,2,0,0,0,0,0,0,"- ","- ",34.221620000000001,-119.02928,VENTURA,CAMARILLO,-119.0293076,34.221589379999998
6952065,2015,2015-07-11,5600,2015-06-04,1633,3364,9072,4,5,6,5607,0,0,0,,0,09G,"THOUSAND OAKS BL","CONEJO SCHOOL RD",160.00,W,N,A,-,N,,,,,,,,,,N,4,0,2,4,A,-,04,21703,,N,C,C,A,A,H,-,A,D,0,,,,,Y,,D,22,0,0,2,0,0,0,0,0,0,"- ","- ",,,VENTURA,"THOUSAND OAKS",-118.84530638,34.174634439999998
6952348,2015,2015-07-14,5608,2015-06-08,0800,443,VENTU,1,5,6,5608,0,0,0,,0,003,"FOOTHILL RD","KIMBALL RD",483.00,E,N,A,-,N,,,,,,,,,,Y,4,0,1,2,A,-,03,22350,,N,C,C,A,A,H,-,A,A,0,,,,,Y,,-,,0,0,1,0,0,0,0,0,0,"- ","- ",,,VENTURA,VENTURA,-119.19383313,34.288268989999999
6952364,2015,2015-07-14,5608,2015-06-07,1752,471,,7,5,6,5608,0,0,0,,0,004,VICTORIA,"MOON DR",22.00,N,N,A,-,N,,,,,,,,,,N,3,0,4,2,A,-,03,22350,,N,C,C,A,A,H,-,A,A,0,,,,,Y,,-,,0,1,3,0,0,0,0,0,0,"- ","- ",,,VENTURA,VENTURA,-119.21052363,34.255849310000002
6952368,2015,2015-07-14,5608,2015-06-06,1507,471,,6,5,6,5608,0,0,0,,0,,"TELEPHONE RD",VICTORIA,0.00,,Y,A,-,N,,,,,,,,,,N,4,0,1,3,A,-,21,22106,,N,C,C,A,A,H,-,A,A,0,,,,,Y,,-,,0,0,1,0,0,0,0,0,0,"- ","- ",,,VENTURA,VENTURA,-119.21255992,34.265460109999999
6952372,2015,2015-07-23,5608,2015-06-05,2159,333,,5,5,6,5608,0,0,0,,0,,"EVERGREEN DR","OCEAN AV",100.00,S,N,A,-,N,,,,,,,,,,N,3,0,1,2,A,-,21,22106,,N,G,B,F,A,H,-,C,D,0,Y,,,,Y,,-,,0,1,0,0,1,0,0,0,0,"- ","- ",,,VENTURA,VENTURA,-119.26464377000001,34.270772440000002
6953444,2015,2016-11-07,9770,2015-05-26,1235,013407,,2,1,9,5600,0,1,3,,1,052,"RT 118","HITCH BL",2112.00,E,N,B,-,Y,VEN,7,118,-,-,15.340,H,-,W,N,3,0,1,1,A,-,08,22107,,N,E,J,A,A,H,-,A,D,5,,,,,Y,,A,07,0,1,0,0,0,0,0,0,0,"- ","- ",,,VENTURA,UNINCORPORATED,-118.92070832,34.278744840000002
6953446,2015,2016-12-06,9770,2015-05-25,1805,16561,,1,2,6,5607,0,1,2,,2,074,"RT 101","MOORPARK RD",528.00,S,N,A,-,Y,VEN,7,101,-,-,3.960,H,-,N,Y,4,0,2,2,A,-,08,22107,,N,B,C,A,A,D,-,A,D,1,,,,,Y,,A,01,0,0,2,0,0,0,0,0,0,"- ","- ",,,VENTURA,"THOUSAND OAKS",-118.8745174,34.177295129999997
6953454,2015,2016-12-06,9770,2015-05-21,0430,014454,,4,3,6,5607,0,1,2,,2,072,"RT 101","LYNN RD",1056.00,N,N,A,-,Y,VEN,7,101,-,-,5.250,H,-,N,Y,4,0,1,1,A,-,08,22107,,N,E,I,A,A,H,-,D,D,1,,,,,Y,,A,08,0,0,1,0,0,0,0,0,0,"- ","- ",,,VENTURA,"THOUSAND OAKS",-118.89484048,34.184682619999997
6953858,2015,2015-07-06,5609,2015-06-02,0606,447,418,2,5,6,5609,0,0,0,,0,004,"COCHRAN ST","TRACY AV",0.00,,Y,A,-,N,,,,,,,,,,N,4,0,1,2,A,-,09,21453,B,N,D,G,A,A,H,-,A,A,0,,Y,,,Y,,D,22,0,0,1,0,0,0,1,0,0,"- ","- ",,,VENTURA,"SIMI VALLEY",-118.72362011,34.279020090000003
6956546,2015,2015-07-14,9770,2015-05-31,2055,20641,,7,2,9,5600,0,2,4,,1,062,"POTRERO RD","PIXTON ST",150.00,E,N,A,-,N,,,,,,,,,,Y,3,0,1,2,A,-,01,23152,A,M,B,C,A,A,H,-,D,D,0,,,,,Y,Y,D,22,0,1,0,0,0,0,0,0,0,"- ","- ",34.144269999999999,-118.87206999999999,VENTURA,UNINCORPORATED,-118.87209814000001,34.144214079999998
6956624,2015,2015-07-03,5609,2015-06-01,1859,388,,1,5,6,5609,0,0,0,,0,005,"LOS ANGELES AV","ANGUS AV",477.00,W,N,A,-,N,,,,,,,,,,N,2,0,1,2,A,-,09,21804,A,N,D,G,A,A,H,-,A,D,0,,Y,,,Y,,L,04,1,0,0,0,0,0,1,0,0,"- ","- ",,,VENTURA,"SIMI VALLEY",-118.70407618,34.271680000000003
6957589,2015,2016-06-01,5600,2015-05-05,1735,2740,9060,2,5,6,5607,0,0,0,,0,09B,"JANSS RD","RT 23",340.00,E,N,B,-,N,,,,,,,,,,Y,3,0,1,2,A,-,09,21804,A,N,D,C,A,A,H,-,A,A,0,,,,,Y,,D,22,0,1,0,0,0,0,0,0,0,"- ",NF,,,VENTURA,"THOUSAND OAKS",-118.85621518000001,34.199879520000003
6957905,2015,2015-06-25,5609,2015-05-15,1625,433,4120,5,5,6,5609,0,0,0,,0,004,"ALAMO ST","VETERANS PLAZA PKWY",0.00,,Y,A,-,N,,,,,,,,,,Y,4,0,1,2,A,-,09,21801,A,N,D,C,A,A,H,-,A,A,0,,,,,Y,,A,07,0,0,1,0,0,0,0,0,0,"- ","- ",,,VENTURA,"SIMI VALLEY",,
6957909,2015,2015-06-25,5609,2015-05-23,1620,437,,6,5,6,5609,0,0,0,,0,004,"COCHRAN ST","SYCAMORE DR",460.00,E,N,A,-,N,,,,,,,,,,N,4,0,1,1,A,-,08,22107,,N,E,I,A,A,H,-,A,D,0,,,,,Y,,A,01,0,0,1,0,0,0,0,0,0,"- ","- ",,,VENTURA,"SIMI VALLEY",-118.74238965000001,34.279004540000003
6960127,2015,2016-12-06,9765,2015-06-05,1045,18305,,5,1,5,5601,0,1,2,,2,504,"RT 101","LAS POSAS RD",1584.00,S,N,B,-,Y,VEN,7,101,-,-,15.590,H,-,N,Y,4,0,1,2,A,-,03,22350,,N,C,C,A,A,H,-,A,D,1,,,,,Y,,A,01,0,0,1,0,0,0,0,0,0,"- ","- ",34.218719999999998,-119.06441,VENTURA,CAMARILLO,-119.06452446999999,34.218825600000002
6964243,2015,2015-07-10,5600,2015-06-02,1557,2913,9085,2,5,6,5607,0,0,0,,0,09G,"THOUSAND OAKS BL","LONG CT",200.00,E,N,A,-,N,,,,,,,,,,Y,4,0,1,2,A,-,03,22350,,N,C,C,A,A,H,-,A,A,0,,,,,Y,,A,01,0,0,1,0,0,0,0,0,0,"- ","- ",,,VENTURA,"THOUSAND OAKS",-118.86656281,34.178953970000002
6965159,2015,2016-12-03,5600,2015-06-20,1445,4615,8125,6,5,5,5601,0,0,0,,0,8C01,"RT 34","DAILY DR",0.00,,Y,A,-,Y,VEN,7,34,-,-,13.657,I,5,E,Y,4,0,2,2,A,-,09,21801,A,N,H,C,A,A,H,-,A,A,0,,,,,Y,,A,01,0,0,2,0,0,0,0,0,0,"- ","- ",34.217419999999997,-119.03343,VENTURA,CAMARILLO,-119.03352700000001,34.217386879999999