CASE_ID,ACCIDENT_YEAR,PROC_DATE,JURIS,COLLISION_DATE,COLLISION_TIME,OFFICER_ID,REPORTING_DISTRICT,DAY_OF_WEEK,CHP_SHIFT,POPULATION,CNTY_CITY_LOC,SPECIAL_COND,BEAT_TYPE,CHP_BEAT_TYPE,CITY_DIVISION_LAPD,CHP_BEAT_CLASS,BEAT_NUMBER,PRIMARY_RD,SECONDARY_RD,DISTANCE,DIRECTION,INTERSECTION,WEATHER_1,WEATHER_2,STATE_HWY_IND,CALTRANS_COUNTY,CALTRANS_DISTRICT,STATE_ROUTE,ROUTE_SUFFIX,POSTMILE_PREFIX,POSTMILE,LOCATION_TYPE,RAMP_INTERSECTION,SIDE_OF_HWY,TOW_AWAY,COLLISION_SEVERITY,NUMBER_KILLED,NUMBER_INJURED,PARTY_COUNT,PRIMARY_COLL_FACTOR,PCF_CODE_OF_VIOL,PCF_VIOL_CATEGORY,PCF_VIOLATION,PCF_VIOL_SUBSECTION,HIT_AND_RUN,TYPE_OF_COLLISION,MVIW,PED_ACTION,ROAD_SURFACE,ROAD_COND_1,ROAD_COND_2,LIGHTING,CONTROL_DEVICE,CHP_ROAD_TYPE,PEDESTRIAN_ACCIDENT,BICYCLE_ACCIDENT,MOTORCYCLE_ACCIDENT,TRUCK_ACCIDENT,NOT_PRIVATE_PROPERTY,ALCOHOL_INVOLVED,STWD_VEHTYPE_AT_FAULT,CHP_VEHTYPE_AT_FAULT,COUNT_SEVERE_INJ,COUNT_VISIBLE_INJ,COUNT_COMPLAINT_PAIN,COUNT_PED_KILLED,COUNT_PED_INJURED,COUNT_BICYCLIST_KILLED,COUNT_BICYCLIST_INJURED,COUNT_MC_KILLED,COUNT_MC_INJURED,PRIMARY_RAMP,SECONDARY_RAMP,LATITUDE,LONGITUDE,COUNTY,CITY,POINT_X,POINT_Y
81800584,2022,2022-06-22,5600,2022-05-16,0924,5150,9132,1,5,6,5607,0,0,0,,0,9C01,"VENTU PARK RD","NEWBURY RD",0.00,,Y,A,-,N,,,,,,,,,,Y,3,0,2,2,A,-,01,23153,A,N,D,C,A,A,H,-,A,A,0,,,,,Y,Y,A,01,0,2,0,0,0,0,0,0,0,"- ","- ",34.182270050048828,-118.91114044189453,VENTURA,"THOUSAND OAKS",-118.91123962402344,34.182277679443359
81800594,2022,2022-06-22,5600,2022-05-19,1413,4527,9050,4,5,6,5607,0,0,0,,0,9B01,"WHITECLIFF RD","CHELTERHAM CI",140.00,S,N,A,-,N,,,,,,,,,,Y,3,0,1,2,A,-,01,23152,F,N,C,E,A,A,H,-,A,D,0,,,,,Y,,A,01,0,1,0,0,0,0,0,0,0,"- ","- ",34.192100524902344,-118.86298370361328,VENTURA,"THOUSAND OAKS",-118.86309051513672,34.191619873046875
81800599,2022,2022-06-22,5600,2022-05-22,2310,5278,,7,5,4,5690,0,0,0,,0,2B01,"ARROYO DRIVE","COLLINS DRIVE",1004.00,E,N,A,-,N,,,,,,,,,,Y,4,0,2,1,A,-,03,22350,,N,E,I,A,A,H,-,D,D,0,,,,,Y,,-,"- ",0,0,2,0,0,0,0,0,0,"- ","- ",,,VENTURA,MOORPARK,-118.8399658203125,34.292884826660156
81800602,2022,2022-06-22,5600,2022-06-07,1540,2994,5110,2,5,4,5690,0,0,0,,0,2A01,"PEACH HILL RD","SPRING RD",844.00,E,N,A,-,N,,,,,,,,,,N,2,0,1,2,A,-,11,21954,A,N,G,B,D,A,H,-,A,D,0,Y,,,,Y,,N,60,1,0,0,0,1,0,0,0,0,"- ","- ",34.271900177001953,-118.86885833740234,VENTURA,MOORPARK,-118.86696624755859,34.271099090576172
81805517,2022,2022-06-29,5600,2022-06-11,1713,5653,9024,6,5,6,5607,0,0,0,,0,9B01,"AVENIDA DE LOS ARBOLES","ERBES RD",0.00,,Y,A,-,N,,,,,,,,,,Y,4,0,2,2,A,-,12,21453,A,N,D,C,A,A,H,-,A,A,0,,,,,Y,,A,01,0,0,2,0,0,0,0,0,0,"- ","- ",34.211700439453125,-118.84018707275391,VENTURA,"THOUSAND OAKS",-118.84014129638672,34.211799621582031
81809316,2022,2022-07-04,5600,2022-06-13,0012,5342,9128,1,5,6,5607,0,0,0,,0,9H01,"HILLCREST DR","KALINDA PL",224.00,E,N,A,-,N,,,,,,,,,,Y,3,0,1,1,A,-,01,23152,A,N,E,I,A,A,H,-,C,D,0,,,,,Y,Y,A,01,0,1,0,0,0,0,0,0,0,"- ","- ",34.184909820556641,-118.90274047851562,VENTURA,"THOUSAND OAKS",-118.90190124511719,34.184768676757812
81809323,2022,2022-07-04,5600,2022-06-16,1248,4550,9126,4,5,6,5607,0,0,0,,0,9H01,"CAMINO DOS RIOS","HILLCREST DR (S)",0.00,,Y,A,-,N,,,,,,,,,,Y,4,0,1,2,A,-,12,21453,A,N,D,D,A,A,H,-,A,A,0,,,,,Y,,A,07,0,0,1,0,0,0,0,0,0,"- ","- ",34.189479827880859,-118.93517303466797,VENTURA,"THOUSAND OAKS",-118.93514251708984,34.189380645751953
81809324,2022,2022-07-04,5600,2022-06-16,1604,2913,9138,4,5,6,5607,0,0,0,,0,9G01,"ROLLING OAKS DR","LOS PADRES DR",375.00,W,N,A,-,N,,,,,,,,,,Y,4,0,1,2,A,-,05,21460,A,N,B,C,A,A,H,-,A,D,0,,,,,Y,,A,01,0,0,1,0,0,0,0,0,0,"- ","- ",34.174198150634766,-118.87010192871094,VENTURA,"THOUSAND OAKS",-118.87117004394531,34.174343109130859
81809341,2022,2022-07-04,5600,2022-06-24,1800,5653,9068,5,5,6,5607,0,0,0,,0,9B01,"ERBES RD","CROSS BRIDGE PL",0.00,,Y,A,-,N,,,,,,,,,,Y,3,0,1,2,A,-,04,21703,,N,C,C,A,A,H,-,A,D,0,,,,,Y,,A,01,0,1,0,0,0,0,0,0,0,"- ","- ",34.184791564941406,-118.84796905517578,VENTURA,"THOUSAND OAKS",-118.84807586669922,34.184719085693359
81810823,2022,2022-07-06,5609,2022-06-26,1728,5003,,7,5,6,5609,0,0,0,,0,003,"ROYAL AVE","SYCAMORE DR",0.00,,Y,A,-,N,,,,,,,,,,Y,3,0,3,2,A,-,01,23153,A,N,D,C,A,A,H,-,A,A,0,,,,,Y,Y,A,01,0,3,0,0,0,0,0,0,0,"- ","- ",34.260440826416016,-118.74771881103516,VENTURA,"SIMI VALLEY",-118.74777984619141,34.260848999023438
81810845,2022,2022-07-06,5609,2022-06-28,1804,5003,,2,5,6,5609,0,0,0,,0,001,"SIMI TOWN CENTER WAY","JEFFERSON WAY (E)",0.00,,Y,A,-,N,,,,,,,,,,Y,3,0,1,2,A,-,12,22450,A,N,D,C,A,A,H,-,A,D,0,,,,,Y,,D,22,0,1,0,0,0,0,0,0,0,"- ","- ",34.283000946044922,-118.76316833496094,VENTURA,"SIMI VALLEY",-118.77471923828125,34.283313751220703
81812604,2022,2022-07-08,5600,2022-06-27,0919,4221,9146,1,5,6,5607,0,0,0,,0,9D01,"LINDERO CANYON RD","ROCKFIELD ST",75.00,S,N,A,-,N,,,,,,,,,,N,4,0,2,2,A,-,21,22106,,N,C,C,A,A,H,-,A,A,0,,,,,Y,,A,01,0,0,2,0,0,0,0,0,0,"- ","- ",34.175590515136719,-118.78765106201172,VENTURA,"THOUSAND OAKS",-118.78765106201172,34.175457000732422
81812610,2022,2022-07-08,5600,2022-06-28,1852,3147,9024,2,5,6,5607,0,0,0,,0,9B01,"ERBES RD","LAURELWOOD CT",0.00,,Y,A,-,N,,,,,,,,,,N,4,0,1,2,A,-,09,21802,A,N,D,C,A,A,H,-,A,A,0,,,,,Y,,A,07,0,0,1,0,0,0,0,0,0,"- ","- ",34.219539642333984,-118.84175872802734,VENTURA,"THOUSAND OAKS",-118.84172821044922,34.219585418701172
8181290,2016,2016-12-07,5600,2016-11-17,1203,4529,9085,4,5,6,5607,0,0,0,,0,09G,"HILLCREST DR","HOUSTON DR",653.00,E,N,A,-,N,,,,,,,,,,Y,4,0,1,7,A,-,01,23152,A,M,B,E,A,A,H,-,A,D,0,,,,,Y,Y,A,07,0,0,1,0,0,0,0,0,0,"- ","- ",,,VENTURA,"THOUSAND OAKS",-118.86222404,34.181680540000002
8181298,2016,2016-12-08,5600,2016-11-28,1955,2740,9114,1,5,6,5607,0,0,0,,0,09C,"WALTER AV","WALTER CIR",0.00,,Y,A,-,N,,,,,,,,,,N,3,0,1,2,A,-,10,21950,A,F,G,B,B,A,H,-,D,D,0,Y,,,,Y,,D,22,0,1,0,0,1,0,0,0,0,"- ","- ",,,VENTURA,"THOUSAND OAKS",-118.95372999999999,34.1721401
8181302,2016,2017-01-05,5600,2016-11-29,0856,4529,9064,2,5,6,5607,0,0,0,,0,09B,"JANSS RD","MOORPARK RD",0.00,,Y,A,-,N,,,,,,,,,,Y,4,0,1,4,A,-,12,21453,A,N,D,C,A,A,H,-,A,A,0,,,,Y,Y,,A,07,0,0,1,0,0,0,0,0,0,"- ","- ",,,VENTURA,"THOUSAND OAKS",-118.86856009,34.199760089999998
8181428,2016,2017-02-14,5600,2016-11-24,1605,2740,9006,4,5,6,5607,0,0,0,,0,09A,"OLSEN RD","RT 23",1025.00,E,N,A,-,Y,VEN,7,23,-,R,8.400,H,-,N,Y,3,0,1,1,A,-,08,22107,,N,E,I,A,A,H,-,A,D,0,,,,,Y,,A,01,0,1,0,0,0,0,0,0,0,"- ",NF,,,VENTURA,"THOUSAND OAKS",-118.8394814,34.244237259999998
81816705,2022,2022-07-14,5600,2022-05-25,0855,5302,8212,3,5,5,5601,0,0,0,,0,8D01,"SANTA ROSA RD","OAK CANYON RD",0.00,,Y,A,-,N,,,,,,,,,,Y,3,0,2,2,A,-,09,21801,A,N,H,C,A,A,H,-,A,A,0,,,,,Y,,E,22,0,1,1,0,0,0,0,0,0,"- ","- ",34.227008819580078,-119.98697662353516,VENTURA,CAMARILLO,-118.98685455322266,34.227081298828125
81816773,2022,2022-07-14,5600,2022-07-09,2040,3597,9020,6,5,6,5607,0,0,0,,0,9A01,"MOORPARK RD","CAMINO DOS PALOS",0.00,,Y,A,-,N,,,,,,,,,,Y,4,0,2,2,A,-,09,21802,A,N,D,C,A,A,H,-,C,D,0,,,,,Y,,A,01,0,0,2,0,0,0,0,0,0,"- ","- ",34.222591400146484,-118.86836242675781,VENTURA,"THOUSAND OAKS",-118.86841583251953,34.222579956054688
81824744,2022,2022-07-26,5600,2022-07-09,1305,5208,6008,6,5,3,5602,0,0,0,,0,6A01,"SR-126 (VENTURA ST)","B ST",374.00,E,N,A,-,Y,,,,,,,,,,N,4,0,1,2,A,-,09,21801,A,N,A,C,A,A,H,-,A,D,0,,,,,Y,,A,07,0,0,1,0,0,0,0,0,0,"- ","- ",,,VENTURA,FILLMORE,-118.92124176025391,34.395774841308594
81824768,2022,2022-07-26,5600,2022-07-18,1056,5150,9160,1,5,6,5607,0,0,0,,0,9D01,"THOUSAND OAKS BL","WESTLAKE BL",0.00,,Y,A,-,N,,,,,,,,,,N,4,0,1,2,A,-,09,21453,C,N,H,C,A,A,H,-,A,A,0,,,,,Y,,A,07,0,0,1,0,0,0,0,0,0,"- ","- ",34.160961151123047,-118.82283782958984,VENTURA,"THOUSAND OAKS",-118.82292175292969,34.160923004150391
81825738,2022,2022-07-27,5609,2022-07-22,1257,464,,5,5,6,5609,0,0,0,,0,002,"ROYAL AVE","BUCKSKIN AVE",107.00,W,N,A,-,N,,,,,,,,,,N,4,0,2,3,A,-,03,22350,,N,C,C,A,A,H,-,A,D,0,,,,,Y,,A,01,0,0,2,0,0,0,0,0,0,"- ","- ",34.264541625976562,-118.77294921875,VENTURA,"SIMI VALLEY",-118.7733154296875,34.264480590820312
81826701,2022,2022-07-28,5600,2022-07-24,1357,5150,9116,7,5,6,5607,0,0,0,,0,9C01,"ERINLEA AV","HOMESTAKE PL",0.00,,Y,A,-,N,,,,,,,,,,Y,4,0,1,2,A,-,09,21800,B,N,D,C,A,A,H,-,A,D,0,,,,,Y,,A,01,0,0,1,0,0,0,0,0,0,"- ","- ",34.15625,-118.94869232177734,VENTURA,"THOUSAND OAKS",-118.94864654541016,34.15618896484375
81832695,2022,2022-08-04,5609,2022-07-07,2254,5023,,4,5,6,5609,0,0,0,,0,001,"COCHRAN ST","FIRST ST",0.00,,Y,A,-,N,,,,,,,,,,Y,4,0,2,2,A,-,12,21453,A,N,H,C,A,A,H,-,C,A,0,,,,,Y,,A,01,0,0,2,0,0,0,0,0,0,"- ","- ",34.27886962890625,-118.77883148193359,VENTURA,"SIMI VALLEY",-118.77899169921875,34.279018402099609
8183353,2016,2016-12-13,5600,2016-11-23,1254,4483,9036,3,5,6,5607,0,0,0,,0,9B01,"ERBES RD","AVENIDA DE LAS FLORES",0.00,,Y,A,-,N,,,,,,,,,,Y,4,0,1,2,A,-,09,21801,A,N,H,C,A,A,H,-,A,A,0,,,,,Y,,D,22,0,0,1,0,0,0,0,0,0,"- ","- ",,,VENTURA,"THOUSAND OAKS",-118.83962008,34.207880009999997
81833637,2022,2022-08-05,5609,2022-07-28,1200,443,,4,5,6,5609,0,0,0,,0,003,"SYCAMORE DR","MARCELLA ST (S)",0.00,,Y,A,-,N,,,,,,,,,,Y,3,0,1,2,A,-,08,22107,,N,A,C,A,A,H,-,A,D,0,,,,,Y,,A,01,0,1,0,0,0,0,0,0,0,"- ","- ",34.2689208984375,-118.74524688720703,VENTURA,"SIMI VALLEY",-118.74530029296875,34.269020080566406
81835865,2022,2022-08-09,5600,2022-07-06,1230,5302,8221,3,5,5,5601,0,0,0,,0,8D01,"LOS PUEBLOS DR","AVENIDA ENCANTO",0.00,,Y,A,-,N,,,,,,,,,,N,4,0,1,2,A,-,09,21801,A,N,H,C,A,A,H,-,A,D,0,,,,,Y,,A,01,0,0,1,0,0,0,0,0,0,"- ","- ",34.220310211181641,-118.99964141845703,VENTURA,CAMARILLO,-118.99969482421875,34.220359802246094
81835868,2022,2022-08-09,5600,2022-07-06,2101,5016,6006,3,5,3,5602,0,0,0,,0,6A01,"SR 126 (VENTURA ST)","D ST",0.00,,Y,A,-,Y,,,,,,,,,,Y,2,0,2,2,A,-,09,21802,A,N,D,C,A,A,H,-,C,A,0,,,,,Y,,D,22,1,0,1,0,0,0,0,0,0,"- ","- ",,,VENTURA,FILLMORE,-118.93186950683594,34.394309997558594
81835878,2022,2022-08-09,5600,2022-07-17,0139,4673,1003,7,5,3,5602,0,0,0,,0,6A01,"SR 126 (VENTURA STREET)","E STREET",843.00,E,N,A,-,Y,,,,,,,,,,Y,2,0,1,2,A,-,08,22107,,N,C,E,A,A,H,-,D,D,0,,,,,Y,,A,07,1,0,0,0,0,0,0,0,0,"- ","- ",,,VENTURA,FILLMORE,-118.93358612060547,34.394069671630859
81842013,2022,2022-08-17,5609,2022-07-09,1433,505,,6,5,6,5609,0,0,0,,0,003,"ROYAL AVE","SEQUOIA AVE",0.00,,Y,A,-,N,,,,,,,,,,Y,3,0,2,2,A,-,12,21453,A,N,D,C,A,A,H,-,A,A,0,,,,,Y,,A,01,0,1,1,0,0,0,0,0,0,"- ","- ",34.264579772949219,-118.73059844970703,VENTURA,"SIMI VALLEY",-118.73049163818359,34.264583587646484
81846207,2022,2022-08-23,5600,2022-08-13,1833,5016,6003,6,5,3,5602,0,0,0,,0,6A01,"SR 126 (VENTURA ST)","C ST",670.00,E,N,A,-,Y,,,,,,,,,,N,3,0,2,2,A,-,03,22350,,N,C,C,A,A,H,-,A,A,0,,,,,Y,,A,01,0,1,1,0,0,0,0,0,0,"- ","- ",,,VENTURA,FILLMORE,-118.92502593994141,34.395256042480469
81847258,2022,2022-08-24,5600,2022-08-11,0955,5408,9160,4,5,6,5607,0,0,0,,0,9D01,"THOUSAND OAKS BL","PACKARD CI",0.00,,Y,A,-,N,,,,,,,,,,Y,4,0,1,2,A,-,12,21453,A,N,H,C,A,A,H,-,A,A,0,,,,,Y,,A,01,0,0,1,0,0,0,0,0,0,"- ","- ",34.161781311035156,-118.82437896728516,VENTURA,"THOUSAND OAKS",-118.82440948486328,34.161697387695312
81847281,2022,2022-08-24,5600,2022-07-14,1646,5280,8111,4,5,5,5601,0,0,0,,0,8B01,"EAST PONDEROSA DRIVE","ARNEILL ROAD",45.00,E,N,A,-,N,,,,,,,,,,Y,4,0,1,4,A,-,08,22107,,N,B,C,A,A,H,-,A,A,0,,,,,Y,,A,01,0,0,1,0,0,0,0,0,0,"- ","- ",,,VENTURA,CAMARILLO,-119.03889465332031,34.223529815673828
81848233,2022,2022-08-25,5609,2022-08-18,1743,464,,4,5,6,5609,0,0,0,,0,,"YOSEMITE AVE","SUNSET AVE",207.00,S,N,A,-,N,,,,,,,,,,Y,2,0,1,2,A,-,03,22350,,N,C,E,A,A,H,-,A,D,0,,Y,,Y,Y,,L,04,1,0,0,0,0,0,1,0,0,"- ","- ",34.293361663818359,-118.68654632568359,VENTURA,"SIMI VALLEY",-118.68632507324219,34.293903350830078
81851043,2022,2022-08-29,5609,2022-08-24,0817,443,,3,5,6,5609,0,0,0,,0,002,"LONG CANYON RD","SV POLE #03354",267.00,W,N,A,-,N,,,,,,,,,,Y,3,0,2,1,A,-,08,22107,,N,E,I,A,A,H,-,A,D,0,,,,,Y,,A,07,0,2,0,0,0,0,0,0,0,"- ","- ",,,VENTURA,"SIMI VALLEY",,
8185875,2016,2016-12-19,5608,2016-12-03,1334,456,,6,5,6,5608,0,0,0,,0,002,"HARBOR BL","SEAWARD AV",0.00,,Y,A,-,N,,,,,,,,,,Y,4,0,1,2,A,-,03,22350,,N,-,C,A,A,H,-,A,A,0,,,,,Y,,-,,0,0,1,0,0,0,0,0,0,"- ","- ",,,VENTURA,VENTURA,-119.27023993,34.264860030000001
81860516,2022,2022-09-09,5600,2022-02-26,1821,2913,9130,6,5,6,5607,0,0,0,,0,9C01,"LYNN RD","EAST KELLEY RD",0.00,,Y,A,-,N,,,,,,,,,,Y,1,1,2,2,A,-,01,23152,A,N,D,C,A,A,H,-,C,A,0,,,Y,,Y,,C,02,0,2,0,0,0,0,0,1,0,"- ","- ",34.175868988037109,-118.921142578125,VENTURA,"THOUSAND OAKS",-118.92104339599609,34.175735473632812
81861349,2022,2022-09-12,5600,2022-09-01,1235,5443,9090,4,5,6,5607,0,0,0,,0,9G01,"THOUSAND OAKS BL","BOARDWALK AV",35.00,E,N,A,-,N,,,,,,,,,,N,4,0,1,2,A,-,04,21703,,N,C,D,A,A,H,-,A,A,0,,,,,Y,,A,01,0,0,1,0,0,0,0,0,0,"- ","- ",34.176090240478516,-118.87683868408203,VENTURA,"THOUSAND OAKS",-118.87276458740234,34.179233551025391
81863847,2022,2022-09-14,5609,2022-09-07,1458,464,,3,5,6,5609,0,0,0,,0,005,"TAPO ST","COCHRAN ST",0.00,,Y,A,-,N,,,,,,,,,,Y,4,0,1,2,A,-,09,21801,A,N,D,C,A,A,H,-,A,A,0,,,,,Y,,A,01,0,0,1,0,0,0,0,0,0,"- ","- ",34.278999328613281,-118.70906829833984,VENTURA,"SIMI VALLEY",-118.70896148681641,34.279010772705078
81864922,2022,2022-09-15,5600,2022-09-10,0942,5039,9052,6,5,6,5607,0,0,0,,0,9B01,"AVENIDA DE LAS FLORES","CALLE JAZMIN (E)",1185.00,E,N,B,-,N,,,,,,,,,,Y,4,0,1,2,A,-,03,22350,,N,C,C,A,A,H,-,A,D,0,,,,,Y,,A,07,0,0,1,0,0,0,0,0,0,"- ","- ",34.206821441650391,-118.85816955566406,VENTURA,"THOUSAND OAKS",-118.86373138427734,34.208477020263672
81872476,2022,2022-09-26,5609,2022-09-08,2249,472,,4,5,6,5609,0,0,0,,0,001,"FIRST ST","118 WB OFF FIRST STREET RAMP",0.00,,Y,A,-,N,,,,,,,,,,Y,4,0,2,2,A,-,12,21453,A,N,D,C,A,A,H,-,C,A,0,,,,,Y,,A,07,0,0,2,0,0,0,0,0,0,"- ","- ",34.283199310302734,-118.77876281738281,VENTURA,"SIMI VALLEY",,
81876208,2022,2022-09-29,5609,2022-09-20,1700,472,304,2,5,6,5609,0,0,0,,0,003,"LOS ANGELES AVE","SEQUOIA AVE",0.00,,Y,A,-,N,,,,,,,,,,Y,4,0,1,2,A,-,09,21801,A,N,D,C,A,A,H,-,A,A,0,,,,,Y,,A,01,0,0,1,0,0,0,0,0,0,"- ","- ",34.271160125732422,-118.73033905029297,VENTURA,"SIMI VALLEY",-118.73052978515625,34.271675109863281
81878403,2022,2022-09-30,5600,2022-07-29,2212,4501,8007,5,5,5,5601,0,0,0,,0,8A01,"LAS POSAS RD","PONDEROSA DR (W)",0.00,,Y,A,-,N,,,,,,,,,,Y,4,0,1,2,A,-,09,21801,A,N,H,C,A,A,H,-,C,A,0,,,,,Y,,D,22,0,0,1,0,0,0,0,0,0,"- ","- ",34.223670959472656,-119.06980133056641,VENTURA,CAMARILLO,-119.06977081298828,34.223705291748047
81878413,2022,2022-09-30,5600,2022-07-30,0937,5063,1000,6,5,2,5603,0,0,0,,0,1A01,"W. OJAI AVENUE / SR 150","EL PASEO RD (W)",600.00,E,N,A,-,Y,VEN,,150,,,16.711,H,,R,Y,4,0,3,4,A,-,03,22350,,N,C,C,A,A,H,-,A,A,0,,,,,Y,Y,A,01,0,0,3,0,0,0,0,0,0,"- ","- ",34.442359924316406,-119.2587890625,VENTURA,OJAI,-119.25879669189453,34.442371368408203
81878473,2022,2022-09-30,5600,2022-08-30,1554,5420,8250,2,5,5,5601,0,0,0,,0,8C01,"LEWIS ROAD","VENTURA BOULEVARD",173.00,S,N,A,-,Y,VEN,,34,,R,13.494,H,,R,Y,3,0,1,2,A,-,09,21804,A,N,D,C,A,A,H,-,A,D,0,,,Y,,Y,,A,01,0,1,0,0,0,0,0,0,1,"- ","- ",34.215511322021484,-119.03517150878906,VENTURA,CAMARILLO,-119.03514862060547,34.215499877929688
81878506,2022,2022-09-30,5600,2022-09-21,1730,4973,8111,3,5,5,5601,0,0,0,,0,8B01,"ARNEILL RD","PONDEROSA DR",0.00,,Y,A,-,N,,,,,,,,,,Y,3,0,2,3,A,-,01,23153,B,N,H,C,A,A,H,-,A,A,0,,,,,Y,Y,D,22,0,2,0,0,0,0,0,0,0,"- ","- ",34.221759796142578,-119.04226684570312,VENTURA,CAMARILLO,-119.03903961181641,34.223526000976562
81883541,2022,2022-10-06,5609,2022-08-27,1553,504,,6,5,6,5609,0,0,0,,0,006,"LOS ANGELES AVE","DOWEL DR",0.00,,Y,A,-,N,,,,,,,,,,Y,4,0,1,2,A,-,09,21801,A,N,D,D,A,A,H,-,A,D,0,,,,,Y,,A,01,0,0,1,0,0,0,0,0,0,"- ","- ",34.271671295166016,-118.66397857666016,VENTURA,"SIMI VALLEY",-118.66399383544922,34.271755218505859
81883561,2022,2022-10-06,5609,2022-10-03,1612,443,,1,5,6,5609,0,0,0,,0,002,"ROYAL AVE","FOURTH ST",0.00,,Y,A,-,N,,,,,,,,,,Y,3,0,2,3,A,-,12,21453,A,N,D,C,A,A,H,-,A,A,0,,,,Y,Y,,F,26,0,1,1,0,0,0,0,0,0,"- ","- ",34.264251708984375,-118.78224182128906,VENTURA,"SIMI VALLEY",-118.78231811523438,34.264450073242188
81885572,2022,2022-10-10,5600,2022-09-21,1712,5644,9068,3,5,6,5607,0,0,0,,0,9B01,"HILLCREST DR","N RANCHO ROAD",40.00,W,N,A,-,N,,,,,,,,,,Y,4,0,2,2,A,-,03,22350,,N,C,C,A,A,H,-,A,D,0,,,,,Y,,D,22,0,0,2,0,0,0,0,0,0,"- ","- ",34.178390502929688,-118.86131286621094,VENTURA,"THOUSAND OAKS",-118.86090087890625,34.178401947021484
81885575,2022,2022-10-10,5600,2022-09-27,0447,5342,9124,2,5,6,5607,0,0,0,,0,9C01,"BORCHARD RD","CAROB DR",48.00,W,N,A,-,N,,,,,,,,,,Y,3,0,1,1,A,-,01,23152,A,N,E,I,A,A,H,-,C,D,0,,,,,Y,Y,A,01,0,1,0,0,0,0,0,0,0,"- ","- ",34.180629730224609,-118.92942047119141,VENTURA,"THOUSAND OAKS",-118.92943572998047,34.180515289306641
81885586,2022,2022-10-10,5600,2022-10-01,0459,5244,9076,6,5,6,5607,0,0,0,,0,9H01,"HENDRIX AV","AVON CI",39.00,E,N,A,-,N,,,,,,,,,,N,4,0,1,2,A,-,08,22107,,N,A,E,A,A,H,-,C,D,0,,,,,Y,,A,08,0,0,1,0,0,0,0,0,0,"- ","- ",,,VENTURA,"THOUSAND OAKS",-118.87824249267578,34.19329833984375
81887975,2022,2022-10-12,5600,2022-08-20,0220,5041,9170,6,5,6,5607,0,0,0,,0,9D01,"SR23 (WESTLAKE BLVD)","TOWNSGATE RD",36.00,N,N,A,-,Y,,,,,,,,,,Y,4,0,1,1,A,-,08,22107,,N,E,I,A,A,H,-,C,A,0,,,,,Y,,D,22,0,0,1,0,0,0,0,0,0,"- ","- ",,,VENTURA,"THOUSAND OAKS",-118.82721710205078,34.154853820800781
81888001,2022,2022-10-12,5600,2022-10-03,0745,5644,9094,1,5,6,5607,0,0,0,,0,9B01,"BRAZIL ST","MOORPARK RD",83.00,E,N,A,-,N,,,,,,,,,,N,3,0,1,2,A,-,03,22350,,N,C,E,A,A,H,-,A,D,0,,,,Y,Y,,A,01,0,1,0,0,0,0,0,0,0,"- ","- ",34.180988311767578,-118.87930297851562,VENTURA,"THOUSAND OAKS",-118.87525177001953,34.184047698974609
81888003,2022,2022-10-12,5600,2022-10-03,1407,2913,9166,1,5,6,5607,0,0,0,,0,9D01,"THOUSAND OAKS BL","PACKARD CI",124.00,E,N,A,-,N,,,,,,,,,,N,4,0,1,2,D,-,00,,,N,C,C,A,A,H,-,A,D,0,,,,,Y,,-,"- ",0,0,1,0,0,0,0,0,0,"- ","- ",34.158298492431641,-118.82862091064453,VENTURA,"THOUSAND OAKS",-118.82406616210938,34.161514282226562
81888976,2022,2022-10-13,5609,2022-10-10,0754,443,,1,5,6,5609,0,0,0,,0,002,"MADERA RD","COUNTRY CLUB DR (W)",0.00,,Y,B,-,N,,,,,,,,,,Y,3,0,2,2,A,-,09,21801,A,N,A,C,A,A,H,-,A,A,0,,,,,Y,,A,08,0,1,1,0,0,0,0,0,0,"- ","- ",34.251659393310547,-118.82230377197266,VENTURA,"SIMI VALLEY",-118.82228851318359,34.251670837402344
81892378,2022,2022-10-18,5600,2022-10-14,1043,5039,9092,5,5,6,5607,0,0,0,,0,9G01,"MOORPARK RD","THOUSAND OAKS BL",69.00,N,N,B,-,N,,,,,,,,,,Y,4,0,1,2,A,-,08,22107,,N,C,C,A,A,H,-,A,A,0,,,,,Y,,A,01,0,0,1,0,0,0,0,0,0,"- ","- ",34.179019927978516,-118.87648773193359,VENTURA,"THOUSAND OAKS",-118.87649536132812,34.179119110107422
81892379,2022,2022-10-18,5600,2022-10-14,1756,4973,8111,5,5,5,5601,0,0,0,,0,8B01,"ARNEILL RD","PONDEROSA DR",27.00,S,N,B,-,N,,,,,,,,,,N,4,0,1,2,A,-,21,22106,,N,C,C,A,A,H,-,A,A,0,,,,,Y,,D,22,0,0,1,0,0,0,0,0,0,"- ","- ",34.223560333251953,-119.03898620605469,VENTURA,CAMARILLO,-119.03904724121094,34.223457336425781
81893501,2022,2022-10-19,5609,2022-10-11,1828,464,,2,5,6,5609,0,0,0,,0,005,"TAPO ST","ALAMO ST",0.00,,Y,A,-,N,,,,,,,,,,N,4,0,1,3,A,-,09,21801,A,N,D,C,A,A,H,-,A,A,0,,,,,Y,,A,01,0,0,1,0,0,0,0,0,0,"- ","- ",34.286289215087891,-118.70899963378906,VENTURA,"SIMI VALLEY",-118.70895385742188,34.286346435546875
81894818,2022,2022-10-20,5600,2022-10-17,1338,4221,9160,1,5,6,5607,0,0,0,,0,9D01,"THOUSAND OAKS BL","CORD AV",14.00,W,N,A,-,N,,,,,,,,,,N,4,0,1,2,A,-,10,21950,A,N,G,B,B,A,H,-,A,B,0,Y,,,,Y,,A,07,0,0,1,0,1,0,0,0,0,"- ","- ",34.163360595703125,-118.82736206054688,VENTURA,"THOUSAND OAKS",-118.82743835449219,34.163291931152344