CASE_ID,ACCIDENT_YEAR,PROC_DATE,JURIS,COLLISION_DATE,COLLISION_TIME,OFFICER_ID,REPORTING_DISTRICT,DAY_OF_WEEK,CHP_SHIFT,POPULATION,CNTY_CITY_LOC,SPECIAL_COND,BEAT_TYPE,CHP_BEAT_TYPE,CITY_DIVISION_LAPD,CHP_BEAT_CLASS,BEAT_NUMBER,PRIMARY_RD,SECONDARY_RD,DISTANCE,DIRECTION,INTERSECTION,WEATHER_1,WEATHER_2,STATE_HWY_IND,CALTRANS_COUNTY,CALTRANS_DISTRICT,STATE_ROUTE,ROUTE_SUFFIX,POSTMILE_PREFIX,POSTMILE,LOCATION_TYPE,RAMP_INTERSECTION,SIDE_OF_HWY,TOW_AWAY,COLLISION_SEVERITY,NUMBER_KILLED,NUMBER_INJURED,PARTY_COUNT,PRIMARY_COLL_FACTOR,PCF_CODE_OF_VIOL,PCF_VIOL_CATEGORY,PCF_VIOLATION,PCF_VIOL_SUBSECTION,HIT_AND_RUN,TYPE_OF_COLLISION,MVIW,PED_ACTION,ROAD_SURFACE,ROAD_COND_1,ROAD_COND_2,LIGHTING,CONTROL_DEVICE,CHP_ROAD_TYPE,PEDESTRIAN_ACCIDENT,BICYCLE_ACCIDENT,MOTORCYCLE_ACCIDENT,TRUCK_ACCIDENT,NOT_PRIVATE_PROPERTY,ALCOHOL_INVOLVED,STWD_VEHTYPE_AT_FAULT,CHP_VEHTYPE_AT_FAULT,COUNT_SEVERE_INJ,COUNT_VISIBLE_INJ,COUNT_COMPLAINT_PAIN,COUNT_PED_KILLED,COUNT_PED_INJURED,COUNT_BICYCLIST_KILLED,COUNT_BICYCLIST_INJURED,COUNT_MC_KILLED,COUNT_MC_INJURED,PRIMARY_RAMP,SECONDARY_RAMP,LATITUDE,LONGITUDE,COUNTY,CITY,POINT_X,POINT_Y
8189778,2016,2016-12-19,5605,2016-11-17,1623,14,PATRO,4,5,3,5605,0,0,0,,0,005,"VENTURA RD","REDWOOD ST",226.00,N,N,A,-,N,,,,,,,,,,Y,4,0,1,2,A,-,09,21801,A,N,D,C,A,A,H,-,A,D,0,,,Y,,Y,,D,23,0,0,1,0,0,0,0,0,1,"- ","- ",,,VENTURA,"PORT HUENEME",-119.1951,34.174380309999997
81898266,2022,2022-10-25,5600,2022-10-17,1758,5653,9126,1,5,6,5607,0,0,0,,0,9H01,"HILLCREST DR","LAWRENCE DR",50.00,E,N,A,-,N,,,,,,,,,,N,4,0,1,2,A,-,03,22350,,N,C,C,A,A,H,-,A,A,0,,,,,Y,,D,22,0,0,1,0,0,0,0,0,0,"- ","- ",34.186519622802734,-118.92997741699219,VENTURA,"THOUSAND OAKS",-118.92973327636719,34.186435699462891
81899387,2022,2022-10-26,5600,2022-10-17,1132,4704,8020,1,5,5,5601,0,0,0,,0,8A01,"ROSEWOOD AV","PONDEROSA DR",0.00,,Y,A,-,N,,,,,,,,,,N,3,0,1,2,A,-,12,22450,A,N,D,C,A,A,H,-,A,A,0,,,,,Y,,H,13,0,1,0,0,0,0,0,0,0,"- ","- ",34.223560333251953,-119.06150054931641,VENTURA,CAMARILLO,-119.06149291992188,34.223526000976562
81908118,2022,2022-11-03,5609,2022-10-22,1948,5023,,6,5,6,5609,0,0,0,,0,006,"YOSEMITE AVE","DAMON ST",50.00,N,N,B,-,N,,,,,,,,,,Y,3,0,3,2,A,-,09,21801,A,N,H,C,A,A,H,-,C,D,0,,,,,Y,,A,07,0,2,1,0,0,0,0,0,0,"- ","- ",34.267871856689453,-118.67841339111328,VENTURA,"SIMI VALLEY",-118.67840576171875,34.267955780029297
81908123,2022,2022-11-03,5609,2022-10-26,0739,5033,,3,5,6,5609,0,0,0,,0,006,"YOSEMITE AVE","FEARING ST",24.00,S,N,A,-,N,,,,,,,,,,Y,4,0,1,2,A,-,09,21802,A,N,D,C,A,A,H,-,A,A,0,,,,,Y,Y,A,01,0,0,1,0,0,0,0,0,0,"- ","- ",34.273658752441406,-118.67826080322266,VENTURA,"SIMI VALLEY",-118.67845916748047,34.274425506591797
81909434,2022,2022-11-04,5600,2022-10-19,1734,5166,9128,3,5,6,5607,0,0,0,,0,9H01,"HILLCREST DR","SHADY OAKS DR (E)",0.00,,Y,A,-,N,,,,,,,,,,N,4,0,2,2,D,-,00,,,N,D,C,A,A,H,-,B,A,0,,,,,Y,,-,"- ",0,0,2,0,0,0,0,0,0,"- ","- ",34.188068389892578,-118.9180908203125,VENTURA,"THOUSAND OAKS",-118.91999053955078,34.187633514404297
81909436,2022,2022-11-04,5600,2022-10-21,1754,5058,1002,5,5,2,5603,0,0,0,,0,1A01,"MARICOPA HWY (SR33)","VALLERIO AV",38.00,N,N,A,-,Y,VEN,,33,,,11.420,H,,R,N,4,0,1,2,A,-,09,21801,A,N,D,G,A,A,H,-,A,D,0,,Y,,,Y,,A,01,0,0,1,0,0,0,1,0,0,"- ","- ",34.442230224609375,-119.26422882080078,VENTURA,OJAI,-119.26422882080078,34.442241668701172
81914357,2022,2022-11-10,5609,2022-11-06,1411,5000,,7,5,6,5609,0,0,0,,0,004,"GALENA AVE","COCHRAN ST",0.00,,Y,A,-,N,,,,,,,,,,Y,4,0,3,2,A,-,12,21453,A,N,B,C,A,A,H,-,A,A,0,,,,,Y,,A,01,0,0,3,0,0,0,0,0,0,"- ","- ",34.279029846191406,-118.73562622070312,VENTURA,"SIMI VALLEY",-118.73564147949219,34.279010772705078
81914360,2022,2022-11-10,5609,2022-11-07,0956,443,,1,5,6,5609,0,0,0,,0,001,"LOS ANGELES AVE","FIRST ST",0.00,,Y,B,C,N,,,,,,,,,,N,4,0,1,3,A,-,09,21453,B,F,D,C,A,B,H,-,A,A,0,,,,,Y,,D,22,0,0,1,0,0,0,0,0,0,"- ","- ",34.271511077880859,-118.77870178222656,VENTURA,"SIMI VALLEY",-118.77898406982422,34.271812438964844
81916235,2022,2022-11-14,5600,2022-11-01,1818,4501,8010,2,5,5,5601,0,0,0,,0,8A01,"25 LAS POSAS ROAD","LAS POSAS ROAD",125.00,N,N,A,-,N,,,,,,,,,,Y,3,0,1,1,A,-,01,23152,A,N,E,I,A,A,H,-,C,D,0,,,,,Y,Y,D,22,0,1,0,0,0,0,0,0,0,"- ","- ",34.229598999023438,-119.06919860839844,VENTURA,CAMARILLO,,
81918795,2022,2022-11-16,5609,2022-11-12,1007,5000,,6,5,6,5609,0,0,0,,0,005,"COCHRAN ST","RALSTON AVE",0.00,,Y,A,-,N,,,,,,,,,,N,4,0,2,2,A,-,09,21802,A,N,D,C,A,A,H,-,A,D,0,,,,,Y,,A,01,0,0,2,0,0,0,0,0,0,"- ","- ",34.278949737548828,-118.70176696777344,VENTURA,"SIMI VALLEY",-118.70169067382812,34.279010772705078
81922052,2022,2022-11-21,5609,2022-11-14,1725,5023,,1,5,6,5609,0,0,0,,0,003,"ROYAL AVE","BLACKSTOCK AVE",593.00,W,N,A,-,N,,,,,,,,,,Y,3,0,3,2,A,-,03,22350,,N,C,C,A,A,H,-,C,A,0,,,,,Y,,A,01,0,1,2,0,0,0,0,0,0,"- ","- ",34.264480590820312,-118.73529052734375,VENTURA,"SIMI VALLEY",-118.73685455322266,34.263683319091797
81922163,2022,2022-11-21,5600,2022-11-15,0928,5780,9062,2,5,6,5607,0,0,0,,0,9B01,"ERBES RD","LA GRANADA DR",0.00,,Y,A,-,N,,,,,,,,,,Y,4,0,1,2,A,-,12,21453,A,N,D,C,A,A,H,-,A,A,0,,,,,Y,,A,07,0,0,1,0,0,0,0,0,0,"- ","- ",34.194339752197266,-118.84293365478516,VENTURA,"THOUSAND OAKS",-118.84293365478516,34.194358825683594
81922165,2022,2022-11-21,5600,2022-11-15,1804,3147,9080,2,5,6,5607,0,0,0,,0,9H01,"HILLCREST DR","MCCLOUD AV",0.00,,Y,A,-,N,,,,,,,,,,Y,3,0,1,2,A,-,09,21801,A,N,H,C,A,A,H,-,C,A,0,,,,,Y,,A,07,0,1,0,0,0,0,0,0,0,"- ","- ",34.187141418457031,-118.88732147216797,VENTURA,"THOUSAND OAKS",-118.88735961914062,34.186977386474609
81922662,2022,2022-11-21,5600,2022-10-21,1813,3101,6033,5,5,3,5602,0,0,0,,0,6B01,"SR 126 (E. TELEGRAPH ROAD)","TRESTLE WAY",590.00,W,N,A,-,Y,,,,,,,,,,Y,3,0,2,2,A,-,03,22350,,N,C,C,A,A,H,-,B,D,0,,,,,Y,,A,01,0,1,1,0,0,0,0,0,0,"- ","- ",,,VENTURA,FILLMORE,,
81926024,2022,2022-11-24,5600,2022-11-11,0700,5423,5110,5,5,4,5690,0,0,0,,0,2A01,"SPRING RD","PEACH HILL RD",0.00,,Y,A,-,N,,,,,,,,,,Y,4,0,1,2,A,-,12,21453,A,N,H,C,A,A,H,-,A,A,0,,,,,Y,,A,01,0,0,1,0,0,0,0,0,0,"- ","- ",34.271869659423828,-118.86882781982422,VENTURA,MOORPARK,-118.86888122558594,34.271900177001953
81926038,2022,2022-11-24,5600,2022-11-17,1716,5251,9114,4,5,6,5607,0,0,0,,0,9C01,"S WENDY DR","PEPPERMINT ST",0.00,,Y,A,-,N,,,,,,,,,,Y,4,0,1,2,A,-,09,21802,A,N,D,C,A,A,H,-,B,A,0,,,,,Y,,A,01,0,0,1,0,0,0,0,0,0,"- ","- ",,,VENTURA,"THOUSAND OAKS",-118.94331359863281,34.169319152832031
81926048,2022,2022-11-24,5600,2022-11-20,1728,3147,9085,7,5,6,5607,0,0,0,,0,9G01,"THOUSAND OAKS BL","ONRAMP NB 23 THOUSAND OAKS",0.00,,Y,A,-,N,,,,,,,,,,Y,4,0,1,2,A,-,09,21801,A,N,H,C,A,A,H,-,C,A,0,,,Y,,Y,,A,01,0,0,1,0,0,0,0,0,1,"- ","- ",34.175819396972656,-118.86372375488281,VENTURA,"THOUSAND OAKS",-118.87651824951172,34.178932189941406
81926750,2022,2022-11-28,5600,2022-11-02,1547,5302,8215,3,5,5,5601,0,0,0,,0,8D01,"ADOBE WY","SANTA ROSA RD",58.00,S,N,A,-,N,,,,,,,,,,Y,4,0,2,2,A,-,08,22107,,N,A,C,A,A,H,-,A,D,0,,,,,Y,,A,01,0,0,2,0,0,0,0,0,0,"- ","- ",34.227569580078125,-119.98316192626953,VENTURA,CAMARILLO,-118.98296356201172,34.227504730224609
81928458,2022,2022-11-29,5600,2022-11-11,2257,5321,9064,5,5,6,5607,0,0,0,,0,9B01,"JANSS RD","MOORPARK RD",0.00,,Y,A,-,N,,,,,,,,,,Y,4,0,1,2,A,-,12,21453,A,F,D,C,A,A,H,-,C,D,0,,,,,Y,Y,A,07,0,0,1,0,0,0,0,0,0,"- ","- ",34.199741363525391,-118.86846160888672,VENTURA,"THOUSAND OAKS",-118.86856079101562,34.199756622314453
81928460,2022,2022-11-29,5600,2022-11-14,1632,5653,9146,1,5,6,5607,0,0,0,,0,9D01,"LINDERO CANYON RD","CONCERTO DR",190.00,S,N,A,-,N,,,,,,,,,,Y,3,0,1,3,A,-,04,21703,,N,C,C,A,A,D,-,A,D,0,,,,,Y,,A,07,0,1,0,0,0,0,0,0,0,"- ","- ",34.169681549072266,-118.79197692871094,VENTURA,"THOUSAND OAKS",-118.78794097900391,34.172874450683594
81928473,2022,2022-11-29,5600,2022-11-25,1639,5455,9154,5,5,6,5607,0,0,0,,0,9G01,"THOUSAND OAKS BL","FAIRVIEW RD",1740.00,E,N,A,-,N,,,,,,,,,,N,3,0,1,2,A,-,17,22517,,N,H,G,A,A,H,-,A,D,0,,Y,,,Y,,A,01,0,1,0,0,0,0,1,0,0,"- ","- ",34.166908264160156,-118.84165191650391,VENTURA,"THOUSAND OAKS",-118.83335876464844,34.167057037353516
81929785,2022,2022-11-30,5609,2022-11-12,2224,5023,,6,5,6,5609,0,0,0,,0,006,"MOUNT SINAI DRIVE","E COCHRAN STREET",0.00,,Y,A,-,N,,,,,,,,,,Y,4,0,1,1,A,-,03,22350,,F,E,I,A,A,H,-,C,D,0,,,,,Y,,D,22,0,0,1,0,0,0,0,0,0,"- ","- ",,,VENTURA,"SIMI VALLEY",-118.67028045654297,34.284328460693359
81935814,2022,2022-12-07,5600,2022-11-17,1655,5644,9098,4,5,6,5607,0,0,0,,0,9G01,"MOORPARK RD","BRAZIL ST",165.00,S,N,A,-,N,,,,,,,,,,Y,3,0,1,1,A,-,04,21703,,N,F,A,A,A,H,-,B,D,0,,,Y,,Y,,C,03,0,1,0,0,0,0,0,0,1,"- ","- ",34.180988311767578,-118.87930297851562,VENTURA,"THOUSAND OAKS",-118.8756103515625,34.183631896972656
81935838,2022,2022-12-07,5600,2022-12-05,2000,2913,8111,1,5,5,5601,0,0,0,,0,8B01,"LAS POSAS RD","ARNEILL RD",0.00,,Y,A,-,N,,,,,,,,,,Y,3,0,1,2,D,-,00,,,N,H,C,A,A,H,-,C,A,0,,,,,Y,,-,"- ",0,1,0,0,0,0,0,0,0,"- ","- ",,,VENTURA,CAMARILLO,-119.03907775878906,34.236469268798828
8193614,2016,2016-12-27,5608,2016-12-11,1715,474,,7,5,6,5608,0,0,0,,0,,CHESTNUT,"SANTA CLARA",0.00,,Y,A,-,N,,,,,,,,,,Y,4,0,1,2,D,-,00,,,N,D,C,A,A,H,-,C,A,0,,,,,Y,,-,"- ",0,0,1,0,0,0,0,0,0,"- ","- ",,,VENTURA,VENTURA,-119.29154988000001,34.279540009999998
81940523,2022,2022-12-13,5600,2022-11-16,1733,5459,9166,3,5,6,5607,0,0,0,,0,9D01,"THOUSAND OAKS BL","WESTLAKE BL",26.00,W,N,A,-,N,,,,,,,,,,Y,4,0,1,2,A,-,04,21703,,N,C,C,A,A,H,-,B,A,0,,,,,Y,Y,A,01,0,0,1,0,0,0,0,0,0,"- ","- ",34.157478332519531,-118.82707977294922,VENTURA,"THOUSAND OAKS",-118.82299041748047,34.160957336425781
8194313,2016,2016-12-28,5608,2016-12-14,0623,401,,3,5,6,5608,0,0,0,,0,004,"SOUTH VICTORIA AV","MOON DR",12.00,S,N,B,-,N,,,,,,,,,,N,4,0,1,2,A,-,10,21950,A,N,-,B,B,A,H,-,B,A,0,Y,,,,Y,,-,,0,0,1,0,1,0,0,0,0,"- ","- ",,,VENTURA,VENTURA,-119.2105028,34.255757610000003
81947716,2022,2022-12-21,5600,2022-12-11,1837,3687,5103,7,5,4,5690,0,0,0,,0,2B01,"SPRING RD","CHARLES ST",0.00,,Y,B,-,N,,,,,,,,,,Y,4,0,3,2,A,-,12,21453,A,N,D,C,A,A,H,-,C,A,0,,,,,Y,,A,07,0,0,3,0,0,0,0,0,0,"- ","- ",34.286418914794922,-118.87481689453125,VENTURA,MOORPARK,-118.87480163574219,34.286453247070312
81948751,2022,2022-12-22,5609,2022-12-20,0759,356,,2,5,6,5609,0,0,0,,0,001,"FIRST ST","EASY ST",0.00,,Y,A,-,N,,,,,,,,,,Y,3,0,2,3,A,-,09,21801,A,N,A,C,A,A,H,-,A,A,0,,,,,Y,,A,01,0,1,1,0,0,0,0,0,0,"- ","- ",34.273540496826172,-118.77886962890625,VENTURA,"SIMI VALLEY",-118.77898406982422,34.273693084716797
81948754,2022,2022-12-22,5609,2022-12-21,1232,443,,3,5,6,5609,0,0,0,,0,001,"ALVISO ST","DRAPER CT",204.00,W,N,A,-,N,,,,,,,,,,Y,4,0,1,2,A,-,09,21804,A,N,D,C,A,A,H,-,A,D,0,,,,,Y,,A,01,0,0,1,0,0,0,0,0,0,"- ","- ",34.272789001464844,-118.76564788818359,VENTURA,"SIMI VALLEY",-118.7664794921875,34.273269653320312
81950921,2022,2022-12-23,5600,2022-12-05,1457,5653,9106,1,5,6,5607,0,0,0,,0,9C01,"BORCHARD RD","MONTENEGRO CI",0.00,,Y,A,-,N,,,,,,,,,,N,4,0,1,2,A,-,09,21804,A,N,D,C,A,A,H,-,A,D,0,,,,,Y,,A,01,0,0,1,0,0,0,0,0,0,"- ","- ",34.179210662841797,-118.95427703857422,VENTURA,"THOUSAND OAKS",-118.95420074462891,34.179229736328125
81950953,2022,2022-12-23,5600,2022-12-19,1555,3147,9124,1,5,6,5607,0,0,0,,0,9C01,"BORCHARD RD","MICHAEL DR",0.00,,Y,A,-,N,,,,,,,,,,N,2,0,1,2,D,-,00,,,N,G,B,B,A,H,-,A,A,0,Y,,,,Y,,-,"- ",1,0,0,0,1,0,0,0,0,"- ","- ",34.179168701171875,-118.93131256103516,VENTURA,"THOUSAND OAKS",-118.92739105224609,34.181911468505859
81953796,2022,2022-12-28,5609,2022-12-23,1321,5000,,5,5,6,5609,0,0,0,,0,004,"ALAMO ST","LEMON DR",56.00,E,N,A,-,N,,,,,,,,,,Y,4,0,1,2,A,-,09,21801,A,N,D,C,A,A,H,-,A,A,0,,,,,Y,,A,01,0,0,1,0,0,0,0,0,0,"- ","- ",34.285839080810547,-118.7261962890625,VENTURA,"SIMI VALLEY",-118.72633361816406,34.286441802978516
81953797,2022,2022-12-28,5609,2022-12-24,0732,5000,,6,5,6,5609,0,0,0,,0,004,"TOWNSHIP AVE","PRESIDIO DR",0.00,,Y,A,-,N,,,,,,,,,,N,4,0,1,2,A,-,09,21802,A,N,D,C,A,A,H,-,A,A,0,,,,,Y,,A,01,0,0,1,0,0,0,0,0,0,"- ","- ",34.293571472167969,-118.73081970214844,VENTURA,"SIMI VALLEY",-118.73080444335938,34.29351806640625
81953850,2022,2022-12-28,5600,2022-12-18,1636,4501,8128,7,5,5,5601,0,0,0,,0,8C01,"PONDEROSA DR","SHEPHERD DR",13.00,S,N,A,-,N,,,,,,,,,,N,3,0,1,2,A,-,10,21950,A,N,G,B,B,A,H,-,B,A,0,Y,,,,Y,,A,07,0,1,0,0,1,0,0,0,0,"- ","- ",34.230571746826172,-119.02995300292969,VENTURA,CAMARILLO,-119.02690887451172,34.232475280761719
81953855,2022,2022-12-28,5600,2022-12-20,0930,4221,9108,2,5,6,5607,0,0,0,,0,9C01,"WENDY DR","101 FW (N)",0.00,,Y,A,-,Y,VEN,,101,,,7.891,H,,R,N,4,0,2,2,A,-,07,21658,A,N,B,C,A,A,H,-,A,A,0,,,,,Y,,A,01,0,0,2,0,0,0,0,0,0,"- ","- ",34.189990997314453,-118.93927001953125,VENTURA,"THOUSAND OAKS",-118.9393310546875,34.189895629882812
81954969,2022,2022-12-29,5600,2022-12-17,1649,5506,9162,6,5,6,5607,0,0,0,,0,9D01,"THOUSAND OAKS BL","DUESENBERG DR",0.00,,Y,A,-,N,,,,,,,,,,Y,4,0,1,2,A,-,09,21801,A,N,A,C,A,A,H,-,A,A,0,,,,,Y,,A,01,0,0,1,0,0,0,0,0,0,"- ","- ",34.166599273681641,-118.83296203613281,VENTURA,"THOUSAND OAKS",-118.83292388916016,34.166618347167969
81965183,2022,2023-01-11,5609,2022-12-24,1633,5004,,6,5,6,5609,0,0,0,,0,001,"SIMI TOWN CENTER WAY","FIRST ST",500.00,E,N,A,-,N,,,,,,,,,,N,3,0,1,2,A,-,17,21200,A,N,D,G,A,A,H,-,B,D,0,,Y,,,Y,,L,04,0,1,0,0,0,0,1,0,0,"- ","- ",34.284469604492188,-118.77867889404297,VENTURA,"SIMI VALLEY",-118.77727508544922,34.283920288085938
81965192,2023,2023-01-11,5609,2023-01-06,1850,5023,,5,5,6,5609,0,0,0,,0,005,"COCHRAN ST","TAPO CANYON RD",0.00,,Y,A,-,N,,,,,,,,,,Y,4,0,3,2,A,-,12,21453,A,N,H,C,A,A,H,-,C,A,0,,,,,Y,,A,01,0,0,3,0,0,0,0,0,0,"- ","- ",34.278450012207031,-118.71752166748047,VENTURA,"SIMI VALLEY",-118.71787261962891,34.279075622558594
81967373,2022,2023-01-13,5609,2022-12-23,1633,5004,,5,5,6,5609,0,0,0,,0,001,"SIMI TOWN CENTER WAY","FIRST ST",500.00,E,N,A,-,N,,,,,,,,,,N,3,0,1,2,A,-,17,21200,A,N,D,G,A,A,H,-,B,D,0,,Y,,,Y,,L,04,0,1,0,0,0,0,1,0,0,"- ","- ",34.284469604492188,-118.77867889404297,VENTURA,"SIMI VALLEY",-118.77727508544922,34.283920288085938
81971413,2022,2023-01-19,5600,2022-12-23,1825,5302,8132,5,5,5,5601,0,0,0,,0,8C01,"LEWIS RD","ADOLFO RD",0.00,,Y,A,-,Y,VEN,,34,,,14.943,H,,R,Y,4,0,2,2,A,-,09,21801,A,N,H,C,A,A,H,-,C,A,0,,,,,Y,,A,01,0,0,2,0,0,0,0,0,0,"- ","- ",34.231189727783203,-119.01959991455078,VENTURA,CAMARILLO,-119.01954650878906,34.231151580810547
81971468,2023,2023-01-19,5600,2023-01-06,"935 ",4550,9126,5,5,6,5607,0,0,0,,0,9H01,"GRANDE VISTA DR","ACADEMY DR",2534.00,W,N,A,-,N,,,,,,,,,,Y,4,0,1,2,A,-,09,21804,A,N,D,C,A,A,H,-,A,D,0,,,,,Y,,A,01,0,0,1,0,0,0,0,0,0,"- ","- ",34.191459655761719,-118.93831634521484,VENTURA,"THOUSAND OAKS",-118.94575500488281,34.193214416503906
81971491,2023,2023-01-19,5600,2023-01-10,1437,5644,9109,2,5,6,5607,0,0,0,,0,9H01,"RANCHO CONEJO BL","CONEJO SPECTRUM ST",0.00,,Y,A,-,N,,,,,,,,,,Y,4,0,1,2,A,-,09,21804,A,N,D,C,A,A,H,-,A,D,0,,,,,Y,,A,07,0,0,1,0,0,0,0,0,0,"- ","- ",34.20458984375,-118.92797088623047,VENTURA,"THOUSAND OAKS",-118.9281005859375,34.204536437988281
8197324,2016,2017-01-06,5600,2016-11-01,1525,3924,5117,2,5,4,5690,0,0,0,,0,02A,"TIERRA REJADA RD","WALNUT CREEK RD",0.00,,Y,A,-,N,,,,,,,,,,Y,3,0,2,2,A,-,12,21453,A,N,H,C,A,A,H,-,A,A,0,,,,,Y,,A,07,0,1,1,0,0,0,0,0,0,"- ","- ",,,VENTURA,MOORPARK,-118.88669002,34.263640080000002
81973760,2023,2023-01-23,5609,2023-01-11,"918 ",5060,,3,5,6,5609,0,0,0,,0,005,"GUARDIAN ST","POLE # SV03036",89.00,W,N,A,-,N,,,,,,,,,,Y,3,0,1,2,A,-,09,21801,A,N,D,C,A,A,H,-,A,D,0,,,,,Y,,A,01,0,1,0,0,0,0,0,0,0,"- ","- ",,,VENTURA,"SIMI VALLEY",,
81976424,2023,2023-01-25,5609,2023-01-20,1558,5023,,5,5,6,5609,0,0,0,,0,005,"TAPO ST","COCHRAN ST",0.00,,Y,A,-,N,,,,,,,,,,Y,4,0,1,2,A,-,09,21801,A,N,H,C,A,A,H,-,A,A,0,,,,,Y,,A,01,0,0,1,0,0,0,0,0,0,"- ","- ",34.278999328613281,-118.70906829833984,VENTURA,"SIMI VALLEY",-118.70896148681641,34.279010772705078
81976434,2022,2023-01-25,5600,2022-12-09,1848,5166,9126,5,5,6,5607,0,0,0,,0,9H01,"RANCHO CONEJO BL","HILLCREST DR",352.00,S,N,A,-,N,,,,,,,,,,Y,4,0,1,1,A,-,03,22350,,N,H,A,A,A,H,-,C,A,0,,,Y,,Y,,C,02,0,0,1,0,0,0,0,0,1,"- ","- ",34.187068939208984,-118.92523956298828,VENTURA,"THOUSAND OAKS",-118.92527770996094,34.186103820800781
81981233,2023,2023-01-30,5600,2023-01-18,1646,5653,9032,3,5,6,5607,0,0,0,,0,9A01,"MOORPARK RD","CALLE ENTRAR",240.00,N,N,A,-,N,,,,,,,,,,Y,3,0,1,2,A,-,04,21703,,N,C,C,A,A,H,-,A,D,0,,,,,Y,,A,01,0,1,0,0,0,0,0,0,0,"- ","- ",34.21295166015625,-118.87174224853516,VENTURA,"THOUSAND OAKS",-118.86839294433594,34.216777801513672
81981431,2023,2023-01-30,5600,2023-01-11,1630,3101,6017,3,5,3,5602,0,0,0,,0,6B01,"SR 126 (E. TELEGRAPH ROAD)","TRESTLE WAY",2000.00,W,N,B,-,Y,,,,,,,,,,Y,3,0,1,2,A,-,09,21804,B,N,D,C,A,A,H,-,A,A,0,,,,,Y,,A,01,0,1,0,0,0,0,0,0,0,"- ","- ",,,VENTURA,FILLMORE,,
81985655,2023,2023-02-03,5600,2023-01-14,2332,5496,8006,6,5,5,5601,0,0,0,,0,8A01,"EARL JOSEPH DR","GREEN LAWN AV",0.00,,Y,B,C,N,,,,,,,,,,Y,4,0,2,2,A,-,09,21802,A,N,D,C,A,B,H,-,C,A,0,,,,,Y,,A,01,0,0,2,0,0,0,0,0,0,"- ","- ",34.227508544921875,-119.07444000244141,VENTURA,CAMARILLO,-119.07444763183594,34.2275390625
81986650,2023,2023-02-06,5609,2023-01-21,1742,5023,,6,5,6,5609,0,0,0,,0,001,"LOS ANGELES AVE","FIRST ST",254.00,W,N,A,-,N,,,,,,,,,,N,4,0,1,2,A,-,01,23152,A,N,C,C,A,A,H,-,C,A,0,,,,,Y,Y,A,01,0,0,1,0,0,0,0,0,0,"- ","- ",34.271511077880859,-118.77870178222656,VENTURA,"SIMI VALLEY",-118.77981567382812,34.271804809570312
8198881,2016,2016-12-27,5600,2016-12-06,0725,4045,9100,2,5,6,5607,0,0,0,,0,09B,"BRAZIL ST","PENNSFIELD PL",0.00,,Y,A,-,N,,,,,,,,,,Y,4,0,1,2,A,-,09,21804,A,N,D,D,A,A,H,-,A,D,0,,,,,Y,,A,07,0,0,1,0,0,0,0,0,0,"- ","- ",,,VENTURA,"THOUSAND OAKS",-118.87423001000001,34.183920069999999
8199014,2016,2016-12-28,5600,2016-12-08,2009,3771,8064,4,5,5,5601,0,0,0,,0,08A,"CALLE LA RODA","DAILY DR",0.00,,Y,A,-,N,,,,,,,,,,Y,3,0,2,2,A,-,09,21801,A,N,H,C,A,A,H,-,C,D,0,,,,,Y,,A,01,0,1,1,0,0,0,0,0,0,"- ","- ",34.131770000000003,-119.04031000000001,VENTURA,CAMARILLO,-119.06749014,34.221550010000001
81992194,2023,2023-02-13,5609,2023-02-02,1138,5060,,4,5,6,5609,0,0,0,,0,001,"LOS ANGELES AVE","SIMI VILLAGE DR",0.00,,Y,A,-,N,,,,,,,,,,Y,4,0,1,2,A,-,09,21801,A,N,H,C,A,A,H,-,A,A,0,,,,,Y,,D,22,0,0,1,0,0,0,0,0,0,"- ","- ",34.271678924560547,-118.79097747802734,VENTURA,"SIMI VALLEY",-118.79096221923828,34.271728515625
81992198,2023,2023-02-13,5609,2023-02-06,1034,443,,1,5,6,5609,0,0,0,,0,002,"FIRST ST","FITZGERALD RD",0.00,,Y,A,-,N,,,,,,,,,,Y,4,0,1,3,A,-,12,21453,A,N,D,C,A,A,H,-,A,A,0,,,,,Y,,A,01,0,0,1,0,0,0,0,0,0,"- ","- ",34.256961822509766,-118.77912902832031,VENTURA,"SIMI VALLEY",-118.77919006347656,34.257312774658203
81992463,2023,2023-02-13,5600,2023-01-04,"854 ",5644,9144,3,5,6,5607,0,0,0,,0,9D01,"LAKEVIEW CANYON RD","DORAL CI",0.00,,Y,B,-,N,,,,,,,,,,Y,4,0,1,2,A,-,09,21802,A,N,D,C,A,B,H,-,A,D,0,,,,,Y,,D,22,0,0,1,0,0,0,0,0,0,"- ","- ",34.189239501953125,-118.80419921875,VENTURA,"THOUSAND OAKS",-118.80412292480469,34.189163208007812
81992469,2023,2023-02-13,5600,2023-01-27,1316,5688,8126,5,5,5,5601,0,0,0,,0,8C01,"WALKER AV","DUMETZ ST",26.00,N,N,A,-,N,,,,,,,,,,N,4,0,1,2,A,-,03,22350,,N,A,C,A,A,H,-,A,D,0,,,,,Y,,D,22,0,0,1,0,0,0,0,0,0,"- ","- ",34.220291137695312,-119.03346252441406,VENTURA,CAMARILLO,-119.03343200683594,34.220432281494141