CASE_ID,ACCIDENT_YEAR,PROC_DATE,JURIS,COLLISION_DATE,COLLISION_TIME,OFFICER_ID,REPORTING_DISTRICT,DAY_OF_WEEK,CHP_SHIFT,POPULATION,CNTY_CITY_LOC,SPECIAL_COND,BEAT_TYPE,CHP_BEAT_TYPE,CITY_DIVISION_LAPD,CHP_BEAT_CLASS,BEAT_NUMBER,PRIMARY_RD,SECONDARY_RD,DISTANCE,DIRECTION,INTERSECTION,WEATHER_1,WEATHER_2,STATE_HWY_IND,CALTRANS_COUNTY,CALTRANS_DISTRICT,STATE_ROUTE,ROUTE_SUFFIX,POSTMILE_PREFIX,POSTMILE,LOCATION_TYPE,RAMP_INTERSECTION,SIDE_OF_HWY,TOW_AWAY,COLLISION_SEVERITY,NUMBER_KILLED,NUMBER_INJURED,PARTY_COUNT,PRIMARY_COLL_FACTOR,PCF_CODE_OF_VIOL,PCF_VIOL_CATEGORY,PCF_VIOLATION,PCF_VIOL_SUBSECTION,HIT_AND_RUN,TYPE_OF_COLLISION,MVIW,PED_ACTION,ROAD_SURFACE,ROAD_COND_1,ROAD_COND_2,LIGHTING,CONTROL_DEVICE,CHP_ROAD_TYPE,PEDESTRIAN_ACCIDENT,BICYCLE_ACCIDENT,MOTORCYCLE_ACCIDENT,TRUCK_ACCIDENT,NOT_PRIVATE_PROPERTY,ALCOHOL_INVOLVED,STWD_VEHTYPE_AT_FAULT,CHP_VEHTYPE_AT_FAULT,COUNT_SEVERE_INJ,COUNT_VISIBLE_INJ,COUNT_COMPLAINT_PAIN,COUNT_PED_KILLED,COUNT_PED_INJURED,COUNT_BICYCLIST_KILLED,COUNT_BICYCLIST_INJURED,COUNT_MC_KILLED,COUNT_MC_INJURED,PRIMARY_RAMP,SECONDARY_RAMP,LATITUDE,LONGITUDE,COUNTY,CITY,POINT_X,POINT_Y
8448410,2017,2017-09-14,5600,2017-08-29,1615,5065,8151,2,5,5,5601,0,0,0,,0,08B,"EAST VENTURA BL","ARNEILL RD",0.00,,Y,A,-,N,,,,,,,,,,Y,4,0,1,2,A,-,09,21801,A,N,H,C,A,A,H,-,A,A,0,,,,,Y,,A,01,0,0,1,0,0,0,0,0,0,"- ","- ",34.216470000000001,-116.03904,VENTURA,CAMARILLO,-119.0391101,34.216510059999997
84497793,2024,2024-12-13,5600,2024-12-03,1726,5280,,2,5,5,5601,0,0,0,,0,8D01,"SANTA ROSA RD","ADOLFO RD",150.00,S,N,A,-,N,,,,,,,,,,Y,3,0,3,3,A,-,03,22350,,N,C,C,A,A,H,-,C,A,0,,,,,Y,,A,07,0,1,2,0,0,0,0,0,0,"- ","- ",34.218238830566406,-119.00505828857422,VENTURA,CAMARILLO,-119.00543975830078,34.217945098876953
8450004,2017,2017-09-27,5600,2017-07-22,1330,5020,,6,5,5,5601,0,0,0,,0,08A,"VENTURA BL","PROMENADE DR",0.00,,Y,A,-,N,,,,,,,,,,Y,4,0,1,2,A,-,09,21801,A,N,H,C,A,A,H,-,A,A,0,,,,,Y,,A,01,0,0,1,0,0,0,0,0,0,"- ","- ",,,VENTURA,CAMARILLO,-119.06741005000001,34.216560090000002
84501096,2024,2024-12-13,5600,2024-12-01,1116,5807,,7,5,6,5607,0,0,0,,0,9D01,"VILLAGE GLEN AV","AGOURA RD",9.00,N,N,A,-,N,,,,,,,,,,N,3,0,1,2,A,-,10,21950,A,N,G,B,B,A,H,-,A,A,0,Y,,,,Y,,A,01,0,1,0,0,1,0,0,0,0,"- ","- ",34.147029876708984,-118.82972717285156,VENTURA,"THOUSAND OAKS",-118.82532501220703,34.150470733642578
84501100,2024,2024-12-13,5600,2024-12-05,1910,5244,,4,5,6,5607,0,0,0,,0,9A01,"LYNN RD","JANSS RD",649.00,S,N,A,-,N,,,,,,,,,,Y,3,0,1,2,A,-,03,22350,,N,C,C,A,A,H,-,C,D,0,,,,,Y,,A,01,0,1,0,0,0,0,0,0,0,"- ","- ",34.203071594238281,-118.88996124267578,VENTURA,"THOUSAND OAKS",-118.88819885253906,34.204982757568359
84508000,2024,2024-12-18,5600,2024-11-10,1350,5633,,7,5,6,5607,0,0,0,,0,9A01,"AVENIDA DE LAS PLANTAS","AVENIDA DE LOS ARBOLES",0.00,,Y,A,-,N,,,,,,,,,,Y,4,0,1,3,A,-,12,22450,A,N,H,C,A,A,H,-,A,A,0,,,Y,,Y,,C,02,0,0,1,0,0,0,0,0,1,"- ","- ",34.212188720703125,-118.86289215087891,VENTURA,"THOUSAND OAKS",-118.85947418212891,34.215415954589844
84508015,2024,2024-12-18,5600,2024-12-12,1516,5150,,4,5,6,5607,0,0,0,,0,9D01,"THOUSAND OAKS BL","WESTLAKE BL",30.00,W,N,A,-,N,,,,,,,,,,Y,4,0,1,2,A,-,03,22350,,N,C,C,A,A,H,-,A,A,0,,,,,Y,,A,07,0,0,1,0,0,0,0,0,0,"- ","- ",34.160961151123047,-118.82283782958984,VENTURA,"THOUSAND OAKS",-118.82300567626953,34.160964965820312
84508017,2024,2024-12-18,5600,2024-12-12,1525,2913,,4,5,6,5607,0,0,0,,0,9G01,"HODENCAMP RD","THOUSAND OAKS BL",460.00,N,N,A,-,N,,,,,,,,,,N,4,0,2,2,A,-,04,21703,,N,C,C,A,A,H,-,A,D,0,,,,,Y,,A,01,0,0,2,0,0,0,0,0,0,"- ","- ",34.179981231689453,-118.85758972167969,VENTURA,"THOUSAND OAKS",-118.86852264404297,34.179908752441406
84509469,2024,2024-12-19,5600,2024-12-13,1327,5807,,5,5,6,5607,0,0,0,,0,9D01,"THOUSAND OAKS BL","WESTLAKE BL",29.00,W,N,A,-,N,,,,,,,,,,N,4,0,1,2,A,-,21,22106,,N,C,C,A,A,H,-,A,A,0,,,,,Y,,A,08,0,0,1,0,0,0,0,0,0,"- ","- ",34.160961151123047,-118.82283782958984,VENTURA,"THOUSAND OAKS",-118.822998046875,34.160961151123047
8451006,2017,2017-10-13,5605,2017-09-01,1803,66,PATRO,5,5,3,5605,0,0,0,,0,GRID,"CHANNEL ISLANDS BL","PATTERSON RD",0.00,W,-,A,-,N,,,,,,,,,,Y,4,0,1,2,A,-,07,21658,A,N,C,C,A,A,H,-,A,A,0,,,,,Y,Y,A,01,0,0,1,0,0,0,0,0,0,"- ","- ",34.175710000000002,-119.21068,VENTURA,"PORT HUENEME",-119.20842003,34.175980080000002
8451060,2017,2017-10-27,5605,2017-09-16,1009,66,PATRO,6,5,3,5605,0,0,0,,0,GRID,"SEASPRAY WY","VENTURA RD",0.00,,N,A,-,N,,,,,,,,,,N,4,0,1,2,A,-,03,22350,,N,-,-,A,A,H,-,A,A,0,,,,,Y,,A,07,0,0,1,0,0,0,0,0,0,"- ","- ",34.145800000000001,-119.19580000000001,VENTURA,"PORT HUENEME",-119.19556013,34.145160109999999
8451064,2017,2017-10-24,5605,2017-09-12,1629,101,PATRO,2,5,3,5605,0,0,0,,0,GRID5,"CHANNEL ISLAND BL","MADERA CIR",270.00,W,N,A,-,N,,,,,,,,,,Y,4,0,1,2,A,-,09,21802,A,N,D,C,A,A,H,-,A,D,0,,,Y,,Y,,A,01,0,0,1,0,0,0,0,0,1,"- ","- ",,,VENTURA,"PORT HUENEME",-119.19832137,34.17591857
84511109,2024,2024-12-20,5600,2024-12-18,1355,5487,,3,5,4,5690,0,0,0,,0,2A01,"TIERRA REJADA RD","HARVESTER ST",0.00,,Y,A,-,N,,,,,,,,,,Y,3,0,1,2,A,-,09,21802,A,N,D,C,A,A,H,-,A,D,0,,,,,Y,,D,22,0,1,0,0,0,0,0,0,0,"- ","- ",34.275588989257812,-118.90081024169922,VENTURA,MOORPARK,-118.90085601806641,34.275581359863281
8451405,2017,2017-10-20,5606,2017-08-05,1511,1114,5606,6,5,4,5606,0,0,0,,0,002,"HARVARD S BL","MILL S ST",0.00,,Y,A,-,N,,,,,,,,,,Y,2,0,2,2,A,-,09,21802,A,N,D,C,A,A,H,-,A,A,0,,,Y,,Y,,A,01,1,0,1,0,0,0,0,0,1,"- ","- ",,,VENTURA,"SANTA PAULA",-119.05953004,34.350200119999997
84514451,2024,2024-12-25,5600,2024-12-17,1604,5862,,2,5,5,5601,0,0,0,,0,8B01,"LAS POSAS RD","CHARTER OAK DR",0.00,,Y,A,-,N,,,,,,,,,,Y,4,0,1,2,A,-,12,21453,A,N,H,C,A,A,H,-,A,A,0,,,,,Y,,A,08,0,0,1,0,0,0,0,0,0,"- ","- ",34.237190246582031,-119.03614807128906,VENTURA,CAMARILLO,-119.03621673583984,34.237270355224609
84517454,2024,2024-12-27,5609,2024-09-28,1427,5040,,6,5,6,5609,0,0,0,,0,002,"SINALOA RD","BRISTOL AVE",234.00,N,N,A,-,N,,,,,,,,,,Y,4,0,1,1,A,-,01,23152,A,N,E,I,A,A,H,-,A,D,0,,,,,Y,Y,A,01,0,0,1,0,0,0,0,0,0,"- ","- ",34.251991271972656,-118.78752899169922,VENTURA,"SIMI VALLEY",-118.78755950927734,34.252632141113281
84517462,2024,2024-12-27,5609,2024-12-25,1838,481,,3,5,6,5609,0,0,0,,0,005,"LOS ANGELES AVE","TAPO ST",7.00,W,N,A,-,N,,,,,,,,,,N,4,0,1,2,A,-,10,21950,A,N,G,B,B,A,H,-,C,A,0,Y,,,,Y,,-,"- ",0,0,1,0,1,0,0,0,0,"- ","- ",34.271678924560547,-118.70913696289062,VENTURA,"SIMI VALLEY",-118.70897674560547,34.271697998046875
84520903,2024,2024-12-31,5600,2024-12-19,1730,5039,,4,5,6,5607,0,0,0,,0,9H01,"LYNN RD","CAMINO DOS RIOS",0.00,,Y,A,-,N,,,,,,,,,,Y,4,0,1,2,A,-,12,21453,A,N,D,C,A,A,H,-,C,A,0,,,,,Y,,A,01,0,0,1,0,0,0,0,0,0,"- ","- ",34.190170288085938,-118.89766693115234,VENTURA,"THOUSAND OAKS",-118.89396667480469,34.193161010742188
84520906,2024,2024-12-31,5600,2024-12-23,"940 ",4965,,1,5,5,5601,0,0,0,,0,8A01,"PONDEROSA DR","ROSEWOOD AV",0.00,,Y,A,-,N,,,,,,,,,,Y,3,0,2,2,A,-,12,22450,A,N,D,C,A,A,H,-,A,A,0,,,,,Y,,A,07,0,1,1,0,0,0,0,0,0,"- ","- ",34.223560333251953,-119.06150054931641,VENTURA,CAMARILLO,-119.06149291992188,34.223526000976562
84522385,2024,2025-01-01,5609,2024-12-28,2347,5120,,6,5,6,5609,0,0,0,,0,,"MADERA RD","WOOD RANCH PKWY",270.00,E,N,A,-,N,,,,,,,,,,Y,3,0,1,1,A,-,08,22107,,N,E,I,A,A,H,-,C,D,0,,,,,Y,Y,-,"- ",0,1,0,0,0,0,0,0,0,"- ","- ",34.254291534423828,-118.81224060058594,VENTURA,"SIMI VALLEY",-118.81140899658203,34.254398345947266
84522435,2024,2025-01-01,5600,2024-12-19,2057,5612,,4,5,3,5602,0,0,0,,0,6A01,"B ST","WILEMAN ST",36.00,S,N,A,-,N,,,,,,,,,,N,3,0,1,3,A,-,08,22107,,F,C,E,A,A,H,-,C,D,0,,,,,Y,Y,D,72,0,1,0,0,0,0,0,0,0,"- ","- ",34.398601531982422,-118.92311859130859,VENTURA,FILLMORE,-118.92304229736328,34.398502349853516
8452298,2017,2018-06-11,5609,2017-08-22,1452,472,602,2,5,6,5609,0,0,0,,0,006,"YOSEMITE AV","RT 118",31.00,N,N,A,-,Y,VEN,7,118,-,R,29.761,R,4,W,Y,4,0,1,2,A,-,03,22350,,N,C,C,A,A,H,-,A,A,0,,,,,Y,,A,01,0,0,1,0,0,0,0,0,0,"- ",WF,,,VENTURA,"SIMI VALLEY",-118.67511725,34.281715159999997
84524330,2024,2025-01-03,5609,2024-12-30,1745,5120,,1,5,6,5609,0,0,0,,0,,"LOS ANGELES AVE","FIFTH ST",0.00,,Y,A,-,N,,,,,,,,,,Y,3,0,1,2,A,-,01,23153,A,N,D,C,A,A,H,-,C,D,0,,,,,Y,Y,-,"- ",0,1,0,0,0,0,0,0,0,"- ","- ",34.271530151367188,-118.783447265625,VENTURA,"SIMI VALLEY",-118.78362274169922,34.271648406982422
84527728,2024,2025-01-08,5600,2024-12-27,1309,5780,,5,5,6,5607,0,0,0,,0,9G01,"THOUSAND OAKS BL","SKYLINE DR",140.00,E,N,A,-,N,,,,,,,,,,Y,2,0,1,2,A,-,09,21804,A,N,D,C,A,B,H,-,A,A,0,,,,,Y,,A,01,1,0,0,0,0,0,0,0,0,"- ","- ",34.170711517333984,-118.83808135986328,VENTURA,"THOUSAND OAKS",-118.83774566650391,34.170455932617188
84529259,2024,2025-01-08,5600,2024-12-16,1647,5487,,1,5,4,5690,0,0,0,,0,2A01,"LOS ANGELES AV","SPRING RD",825.00,E,N,A,-,Y,VEN,,118," ",R,17.906,H,,L,Y,2,0,1,2,A,-,03,22350,,N,C,C,A,A,H,-,C,D,0,,,Y,,Y,,A,07,1,0,0,0,0,0,0,0,1,"- ","- ",34.2789306640625,-118.87474060058594,VENTURA,MOORPARK,-118.87474060058594,34.278999328613281
84529280,2024,2025-01-08,5600,2024-12-28,1140,5039,,6,5,6,5607,0,0,0,,0,9D01,"WESTLAKE BL","DEVONSHIRE CT",0.00,,Y,A,-,N,,,,,,,,,,N,3,0,1,2,A,-,09,21802,A,F,D,G,A,A,H,-,A,A,0,,Y,,,Y,,A,08,0,1,0,0,0,0,1,0,0,"- ","- ",34.144138336181641,-118.84787750244141,VENTURA,"THOUSAND OAKS",-118.84774780273438,34.144027709960938
84530935,2024,2025-01-09,5600,2024-12-19,1800,5601,,4,5,4,5690,0,0,0,,0,2A01,"TIERRA REJADA ROAD","SUNSET VALLEY ROAD",250.00,E,N,A,-,N,,,,,,,,,,N,4,0,1,2,A,-,04,21703,,N,C,C,A,A,H,-,C,A,0,,,,,Y,,A,07,0,0,1,0,0,0,0,0,0,"- ","- ",34.264671325683594,-118.85434722900391,VENTURA,MOORPARK,-118.85447692871094,34.264614105224609
84539297,2024,2025-01-16,5600,2024-12-21,1227,5099,,6,5,2,5603,0,0,0,,0,1A01,"W OJAI AVENUE / SR 150","EL PASEO RD",400.00,W,N,A,-,Y,,,,,,,,,,N,4,0,1,2,A,-,03,22350,,N,C,C,A,A,H,-,A,D,0,,,,,Y,Y,D,22,0,0,1,0,0,0,0,0,0,"- ","- ",,,VENTURA,OJAI,,
84539304,2025,2025-01-17,5600,2025-01-06,1512,2913,,1,5,6,5607,0,0,0,,0,9H01,"MOORPARK RD","WILBUR RD",0.00,,Y,A,-,N,,,,,,,,,,N,3,0,1,2,A,-,12,21453,A,F,D,G,A,A,H,-,A,A,0,,Y,,,Y,,L,04,0,1,0,0,0,0,1,0,0,"- ","- ",34.1834716796875,-118.87879180908203,VENTURA,"THOUSAND OAKS",-118.87504577636719,34.186588287353516
84539305,2025,2025-01-16,5600,2025-01-01,1435,5244,,3,5,6,5607,0,0,0,,0,9C01,"WENDY DR","OLD CONEJO RD",52.00,N,N,A,-,N,,,,,,,,,,N,4,0,2,2,A,-,03,22350,,N,C,C,A,A,H,-,A,A,0,,,,,Y,,A,01,0,0,2,0,0,0,0,0,0,"- ","- ",34.189029693603516,-118.94023895263672,VENTURA,"THOUSAND OAKS",-118.94010162353516,34.18902587890625
84540869,2025,2025-01-17,5609,2025-01-15,1440,443,,3,5,6,5609,0,0,0,,0,005,"LOS ANGELES AVE","BUYERS ST",12.00,W,N,A,-,N,,,,,,,,,,Y,2,0,2,2,A,-,09,21802,A,N,D,C,A,A,H,-,A,A,0,,,Y,,Y,,D,22,1,0,1,0,0,0,0,0,1,"- ","- ",34.271049499511719,-118.71179962158203,VENTURA,"SIMI VALLEY",-118.71199798583984,34.271678924560547
84545158,2025,2025-01-22,5609,2025-01-13,1543,5004,,1,5,6,5609,0,0,0,,0,002,"ROYAL AVE","FOURTH ST",33.00,W,N,A,-,N,,,,,,,,,,N,4,0,1,2,A,-,03,22350,,N,C,C,A,A,H,-,A,B,0,,,,,Y,,A,07,0,0,1,0,0,0,0,0,0,"- ","- ",34.264339447021484,-118.78240203857422,VENTURA,"SIMI VALLEY",-118.78243255615234,34.264446258544922
8454527,2017,2017-10-09,5609,2017-08-25,1539,435,,5,5,6,5609,0,0,0,,0,,"LOS ANGELES AV","EMORY AV",256.00,E,N,A,-,N,,,,,,,,,,N,4,0,1,3,A,-,21,22106,,N,B,C,A,A,H,-,A,D,0,,,,,Y,,A,01,0,0,1,0,0,0,0,0,0,"- ","- ",34.271799999999999,-118.687,VENTURA,"SIMI VALLEY",-118.68616399,34.271749999999997
8454539,2017,2017-10-09,5609,2017-08-31,1600,435,,4,5,6,5609,0,0,0,,0,,"TAPO CANYON RD","PRESIDIO DR",1060.00,N,N,A,-,N,,,,,,,,,,Y,3,0,1,1,A,-,01,23152,A,N,E,I,A,A,H,-,A,D,0,,,,,Y,Y,A,01,0,1,0,0,0,0,0,0,0,"- ","- ",34.29853,-118.71822,VENTURA,"SIMI VALLEY",-118.71971173999999,34.301206530000002
8454543,2017,2017-10-09,5608,2017-08-31,1135,439,,4,5,6,5608,0,0,0,,0,004,"TELEPHONE RD","PORTOLA RD",212.00,W,N,A,-,N,,,,,,,,,,Y,3,0,2,3,A,-,03,22350,,N,C,C,A,A,H,-,A,A,0,,,,,Y,,-,,0,1,1,0,0,0,0,0,0,"- ","- ",,,VENTURA,VENTURA,-119.22584169,34.26349621
84546752,2025,2025-01-23,5600,2025-01-17,2033,5321,,5,5,6,5607,0,0,0,,0,9A01,"AVENIDA DE LOS ARBOLES","MOUNTCLEF BL",0.00,,Y,A,-,N,,,,,,,,,,Y,4,0,1,3,A,-,03,22350,,N,C,E,A,A,H,-,C,A,0,,,,,Y,,A,07,0,0,1,0,0,0,0,0,0,"- ","- ",34.215629577636719,-118.87886810302734,VENTURA,"THOUSAND OAKS",-118.87547302246094,34.218727111816406
84549438,2025,2025-01-27,5600,2025-01-09,1411,5015,,4,5,3,5602,0,0,0,,0,6A01,"VENTURA ST","A ST",459.00,W,N,A,-,Y,VEN,,23," "," ",24.164,H,,R,Y,3,0,1,2,A,-,09,21801,B,N,B,C,A,A,H,-,A,A,0,,,Y,,Y,Y,A,01,0,1,0,0,0,0,0,0,1,"- ","- ",34.396190643310547,-118.91777801513672,VENTURA,FILLMORE,-118.91779327392578,34.396186828613281
84551732,2025,2025-01-29,5600,2025-01-25,1503,5924,,6,5,6,5607,0,0,0,,0,9G01,"THOUSAND OAKS BL","HAMPSHIRE RD",120.00,E,N,A,B,N,,,,,,,,,,Y,4,0,2,2,A,-,07,21658,A,F,B,C,A,A,H,-,A,A,0,,,,,Y,,A,01,0,0,2,0,0,0,0,0,0,"- ","- ",34.169239044189453,-118.836181640625,VENTURA,"THOUSAND OAKS",-118.83585357666016,34.169013977050781
84555156,2025,2025-01-30,5600,2025-01-27,"743 ",5781,,1,5,5,5601,0,0,0,,0,8A01,"LAS POSAS RD","101 FW (N)",0.00,,Y,A,-,Y,VEN,,101," "," ",15.886,H,,R,Y,4,0,1,2,A,-,09,21800,D,N,D,C,A,A,H,-,A,B,0,,,,,Y,,A,07,0,0,1,0,0,0,0,0,0,"- ","- ",34.21929931640625,-119.06976318359375,VENTURA,CAMARILLO,-119.06976318359375,34.219295501708984
84555159,2025,2025-01-31,5600,2025-01-08,1623,5781,,3,5,5,5601,0,0,0,,0,,"ARNEILL RD","PICKWICK DR",31.00,N,N,A,-,N,,,,,,,,,,N,4,0,2,2,A,-,03,22350,,N,C,C,A,A,H,-,A,A,0,,,,,Y,,A,01,0,0,2,0,0,0,0,0,0,"- ","- ",34.220470428466797,-119.04229736328125,VENTURA,CAMARILLO,-119.03905487060547,34.222366333007812
84556665,2025,2025-02-03,5600,2025-01-25,1609,5705,,6,5,2,5603,0,0,0,,0,1A01,"W. OJAI AVENUE / SR-150","COUNTRY CLUB DRIVE",300.00,E,N,B,-,Y,,,,,,,,,,N,4,0,2,2,A,-,08,22100,B,N,D,C,A,A,H,-,A,D,0,,,,,Y,,A,01,0,0,2,0,0,0,0,0,0,"- ","- ",34.26409912109375,-119.15110015869141,VENTURA,OJAI,,
8455712,2017,2017-09-27,5600,2017-09-01,2003,2833,9176,5,5,6,5607,0,0,0,,0,09D,"OAKSHORE DR","LA VENTA DR",8.00,E,N,A,-,N,,,,,,,,,,N,4,0,1,2,B,-,22,,,N,G,B,-,A,H,-,C,D,0,Y,,,,Y,,A,01,0,0,1,0,1,0,0,0,0,"- ","- ",,,VENTURA,"THOUSAND OAKS",-118.82852421,34.14387241
8455778,2017,2017-10-05,5608,2017-09-06,0835,417,,3,5,6,5608,0,0,0,,0,004,"JOHNSON DR","CRESCENT ST",88.00,N,N,A,-,N,,,,,,,,,,N,4,0,1,4,A,-,03,22350,,N,C,C,A,A,H,-,A,A,0,,,,,Y,,A,01,0,0,1,0,0,0,0,0,0,"- ","- ",,,VENTURA,VENTURA,-119.19666230999999,34.250767600000003
8456223,2017,2017-09-25,5600,2017-09-12,1115,1936,9050,2,5,6,5607,0,0,0,,0,09B,"JANSS RD","MONTGOMERY RD",451.00,W,N,A,-,N,,,,,,,,,,N,4,0,1,2,A,-,05,21650,1,N,H,G,A,A,H,-,A,A,0,,Y,,,Y,,L,04,0,0,1,0,0,0,1,0,0,"- ","- ",,,VENTURA,"THOUSAND OAKS",-118.86551514999999,34.199532220000002
84565618,2025,2025-02-05,5609,2025-01-31,1655,5023,,5,5,6,5609,0,0,0,,0,,"LOS ANGELES AVE","EXECUTIVE WAY",0.00,,Y,A,-,N,,,,,,,,,,Y,4,0,1,2,A,-,09,21801,A,N,H,C,A,A,H,-,A,A,0,,,,,Y,,D,22,0,0,1,0,0,0,0,0,0,"- ","- ",34.27178955078125,-118.77198791503906,VENTURA,"SIMI VALLEY",-118.86300659179688,34.282341003417969
84565619,2025,2025-02-05,5609,2025-01-31,2035,5023,,5,5,6,5609,0,0,0,,0,004,"TAPO CANYON RD","118 WB OFF TAPO CANYON RAMP",0.00,,Y,A,-,Y,,,,,,,,,,Y,3,0,2,2,A,-,09,21801,A,N,H,C,A,A,H,-,C,A,0,,,,,Y,,A,01,0,1,1,0,0,0,0,0,0,"- ","- ",34.282680511474609,-118.71772003173828,VENTURA,"SIMI VALLEY",-118.71633148193359,34.264438629150391
8456826,2017,2017-09-28,5600,2017-09-13,1406,5234,9300,3,5,6,5607,0,0,0,,0,09C,"VIA AURORA","VIA FELICIA",204.00,W,N,A,-,N,,,,,,,,,,Y,3,0,3,2,A,-,08,22100,B,N,H,C,A,A,H,-,A,D,0,,,,,Y,,A,08,0,2,1,0,0,0,0,0,0,"- ","- ",,,VENTURA,"THOUSAND OAKS",-118.9791974,34.174028579999998
8456862,2017,2017-09-28,5600,2017-09-15,1502,4753,1000,5,5,2,5603,0,0,0,,0,1A01,"OJAI AV","EL PASEO RD",350.00,E,N,A,-,N,,,,,,,,,,Y,4,0,1,3,A,-,03,22350,,N,C,C,A,A,H,-,A,A,0,,,,,Y,,A,01,0,0,1,0,0,0,0,0,0,"- ","- ",34.442860000000003,-119.25761,VENTURA,OJAI,-119.25771247,34.442828980000002
8456889,2017,2018-06-22,5600,2017-09-15,0810,4996,9174,5,5,6,5607,0,0,0,,0,9G01,"RT 23","BAY DR",25.00,N,N,A,-,Y,VEN,7,23,-,R,2.400,I,5,N,Y,3,0,1,2,A,-,09,21801,A,N,H,C,A,A,H,-,A,D,0,,,,,Y,,A,08,0,1,0,0,0,0,0,0,0,"- ","- ",,,VENTURA,"THOUSAND OAKS",-118.83660165000001,34.149805780000001
84569610,2025,2025-02-07,5600,2025-01-28,"915 ",4527,,2,5,6,5607,0,0,0,,0,9B01,"MOORPARK RD","GAINSBOROUGH RD",50.00,S,N,A,-,N,,,,,,,,,,Y,4,0,1,2,A,-,08,22107,,N,B,C,A,A,H,-,A,A,0,,,,,Y,,A,07,0,0,1,0,0,0,0,0,0,"- ","- ",34.191749572753906,-118.87593078613281,VENTURA,"THOUSAND OAKS",-118.87233734130859,34.194805145263672
84569640,2025,2025-02-07,5600,2025-01-23,2143,5399,,4,5,6,5607,0,0,0,,0,9C01,"REINO RD","MAURICE DR",37.00,S,N,-,-,N,,,,,,,,,,N,3,0,1,1,A,-,08,22107,,N,E,I,A,A,H,-,C,D,0,,Y,,,Y,Y,L,04,0,1,0,0,0,0,1,0,0,"- ","- ",34.165840148925781,-118.96028137207031,VENTURA,"THOUSAND OAKS",-118.95623016357422,34.168262481689453
84573038,2025,2025-02-11,5600,2025-02-05,"908 ",5661,,3,5,6,5607,0,0,0,,0,9G01,"THOUSAND OAKS BL","MAEGAN PL",70.00,W,N,C,-,N,,,,,,,,,,Y,4,0,3,1,A,-,03,22350,,N,E,I,A,B,H,-,A,D,0,,,,,Y,,D,22,0,0,3,0,0,0,0,0,0,"- ","- ",34.179359436035156,-118.84208679199219,VENTURA,"THOUSAND OAKS",-118.85324859619141,34.178089141845703
84574792,2025,2025-02-12,5609,2025-01-29,1437,482,,3,5,6,5609,0,0,0,,0,006,"STOW ST","PITTMAN ST",107.00,S,N,A,-,N,,,,,,,,,,Y,4,0,1,2,A,-,08,22103,,N,D,C,A,A,H,-,A,D,0,,,,,Y,,A,01,0,0,1,0,0,0,0,0,0,"- ","- ",34.277420043945312,-118.68270111083984,VENTURA,"SIMI VALLEY",-118.68276977539062,34.277114868164062
84574812,2025,2025-02-12,5609,2025-02-09,1520,5120,,7,5,6,5609,0,0,0,,0,,"LOS ANGELES AVE","SEQUOIA AVE",0.00,,Y,A,-,N,,,,,,,,,,Y,3,0,1,3,A,-,12,21453,A,N,D,C,A,A,H,-,A,A,0,,,,Y,Y,,-,"- ",0,1,0,0,0,0,0,0,0,"- ","- ",34.271690368652344,-118.73056030273438,VENTURA,"SIMI VALLEY",-118.73052978515625,34.271675109863281
84586754,2025,2025-02-24,5609,2025-02-19,"917 ",443,,3,5,6,5609,0,0,0,,0,002,"FIRST ST","VILLAGE CT",290.00,S,N,A,-,N,,,,,,,,,,N,4,0,1,2,A,-,17,22109,,N,C,C,A,A,H,-,A,D,0,,,,,Y,,A,01,0,0,1,0,0,0,0,0,0,"- ","- ",34.262741088867188,-118.77886199951172,VENTURA,"SIMI VALLEY",-118.77899932861328,34.262172698974609
84589998,2025,2025-02-26,5600,2025-02-23,1310,3147,,7,5,6,5607,0,0,0,,0,9H01,"AVENIDA DEL PLATINO","CALLE TURQUESA",0.00,,Y,A,-,N,,,,,,,,,,N,4,0,1,2,A,-,09,21802,A,N,D,C,A,A,H,-,A,A,0,,,,,Y,,A,01,0,0,1,0,0,0,0,0,0,"- ","- ",34.183738708496094,-118.91722869873047,VENTURA,"THOUSAND OAKS",-118.91333770751953,34.186607360839844
8459103,2017,2017-10-03,5600,2017-09-20,1923,2740,9124,3,5,6,5607,0,0,0,,0,09C,"BORCHARD RD","REDFIELD AV",93.00,W,N,A,-,N,,,,,,,,,,Y,3,0,1,2,D,-,00,,,N,E,I,A,A,H,-,B,D,0,,,,,Y,,-,"- ",0,1,0,0,0,0,0,0,0,"- ","- ",,,VENTURA,"THOUSAND OAKS",-118.93144312,34.179898440000002
84600989,2025,2025-03-18,5609,2025-03-07,1720,5023,,5,5,6,5609,0,0,0,,0,003,"LOS ANGELES AVE","HUBBARD ST",115.00,E,N,B,-,N,,,,,,,,,,N,4,0,1,2,A,-,03,22350,,F,C,C,A,A,H,-,A,D,0,,,,,Y,,A,07,0,0,1,0,0,0,0,0,0,"- ","- ",34.271778106689453,-118.77004241943359,VENTURA,"SIMI VALLEY",-118.76976013183594,34.27166748046875