CASE_ID,ACCIDENT_YEAR,PROC_DATE,JURIS,COLLISION_DATE,COLLISION_TIME,OFFICER_ID,REPORTING_DISTRICT,DAY_OF_WEEK,CHP_SHIFT,POPULATION,CNTY_CITY_LOC,SPECIAL_COND,BEAT_TYPE,CHP_BEAT_TYPE,CITY_DIVISION_LAPD,CHP_BEAT_CLASS,BEAT_NUMBER,PRIMARY_RD,SECONDARY_RD,DISTANCE,DIRECTION,INTERSECTION,WEATHER_1,WEATHER_2,STATE_HWY_IND,CALTRANS_COUNTY,CALTRANS_DISTRICT,STATE_ROUTE,ROUTE_SUFFIX,POSTMILE_PREFIX,POSTMILE,LOCATION_TYPE,RAMP_INTERSECTION,SIDE_OF_HWY,TOW_AWAY,COLLISION_SEVERITY,NUMBER_KILLED,NUMBER_INJURED,PARTY_COUNT,PRIMARY_COLL_FACTOR,PCF_CODE_OF_VIOL,PCF_VIOL_CATEGORY,PCF_VIOLATION,PCF_VIOL_SUBSECTION,HIT_AND_RUN,TYPE_OF_COLLISION,MVIW,PED_ACTION,ROAD_SURFACE,ROAD_COND_1,ROAD_COND_2,LIGHTING,CONTROL_DEVICE,CHP_ROAD_TYPE,PEDESTRIAN_ACCIDENT,BICYCLE_ACCIDENT,MOTORCYCLE_ACCIDENT,TRUCK_ACCIDENT,NOT_PRIVATE_PROPERTY,ALCOHOL_INVOLVED,STWD_VEHTYPE_AT_FAULT,CHP_VEHTYPE_AT_FAULT,COUNT_SEVERE_INJ,COUNT_VISIBLE_INJ,COUNT_COMPLAINT_PAIN,COUNT_PED_KILLED,COUNT_PED_INJURED,COUNT_BICYCLIST_KILLED,COUNT_BICYCLIST_INJURED,COUNT_MC_KILLED,COUNT_MC_INJURED,PRIMARY_RAMP,SECONDARY_RAMP,LATITUDE,LONGITUDE,COUNTY,CITY,POINT_X,POINT_Y
8615136,2018,2018-05-08,5604,2018-02-04,0735,5252,,7,5,6,5604,0,0,0,,0,042,"SAVIERS RD","BARD RD",0.00,,Y,A,-,N,,,,,,,,,,N,4,0,1,2,A,-,12,21453,A,N,D,C,A,A,H,-,A,A,0,,,,,Y,,-,"- ",0,0,1,0,0,0,0,0,0,"- ","- ",34.160999298095703,-119.17768859863281,VENTURA,OXNARD,-119.17778015136719,34.160999298095703
8615942,2018,2018-08-22,5600,2018-04-05,0946,5016,6008,4,5,3,5602,0,0,0,,0,6A01,"RT 126","B ST",352.00,E,N,A,-,Y,VEN,7,126,-,-,20.920,H,-,E,Y,3,0,2,2,A,-,09,21801,A,N,H,C,A,A,H,-,A,A,0,,,,,Y,,A,01,0,2,0,0,0,0,0,0,0,"- ","- ",,,VENTURA,FILLMORE,-118.9215087890625,34.395675659179688
8617025,2018,2018-05-17,5604,2018-04-27,1107,5354,,5,5,6,5604,0,0,0,,0,012,"VINEYARD AV","ESPLANADE DR",550.00,N,N,A,-,N,,,,,,,,,,Y,4,0,2,2,A,-,08,22107,,N,D,C,A,A,H,-,A,A,0,,,,,Y,,A,01,0,0,2,0,0,0,0,0,0,"- ","- ",,,VENTURA,OXNARD,-119.17369079589844,34.231277465820312
8617255,2018,2018-05-18,5608,2018-05-07,1746,504,,1,5,6,5608,0,0,0,,0,001,"NORTH VENTURA AV","SIMPSON ST",0.00,,Y,A,-,N,,,,,,,,,,Y,3,0,2,2,A,-,01,23152,F,N,C,C,A,A,H,-,A,D,0,,,,,Y,,A,01,0,1,1,0,0,0,0,0,0,"- ","- ",34.171901702880859,-119.17549896240234,VENTURA,VENTURA,-119.29865264892578,34.288539886474609
8617279,2018,2018-05-18,5608,2018-05-08,1446,400,VENTU,2,5,6,5608,0,0,0,,0,003,"SOUTH VICTORIA AV","VICTORIA AV",0.00,,Y,A,-,N,,,,,,,,,,N,3,0,1,2,A,-,09,21804,A,N,D,C,A,A,H,-,A,D,0,,,,,Y,,-,,0,1,0,0,0,0,0,0,0,"- ","- ",,,VENTURA,VENTURA,-119.21463012695312,34.278011322021484
8618637,2018,2018-08-21,5600,2018-04-29,1342,4808,6008,7,5,3,5602,0,0,0,,0,6A01,"RT 126","B ST",0.00,,Y,A,-,Y,VEN,7,126,-,-,20.861,I,5,W,Y,3,0,2,2,A,-,09,21801,A,N,H,C,A,A,H,-,A,A,0,,,,,Y,,A,01,0,1,1,0,0,0,0,0,0,"- ","- ",,,VENTURA,FILLMORE,-118.92253875732422,34.395648956298828
8618687,2018,2018-07-30,5600,2018-04-25,1745,5388,9072,3,5,6,5607,0,0,0,,0,09H,"RANCHO RD","THOUSAND OAKS BL",230.00,S,N,A,-,N,,,,,,,,,,N,4,0,1,2,A,-,04,21703,,N,C,C,A,A,H,-,A,A,0,,,,,Y,,A,07,0,0,1,0,0,0,0,0,0,"- ","- ",,,VENTURA,"THOUSAND OAKS",-118.85787963867188,34.178531646728516
8622491,2018,2018-05-30,5609,2018-05-08,1813,447,310,2,5,6,5609,0,0,0,,0,003,"ROYAL AV","CAVALIER AV",0.00,,Y,A,-,N,,,,,,,,,,Y,4,0,2,2,A,-,09,21802,A,N,D,C,A,A,H,-,A,D,0,,,,,Y,,-,,0,0,2,0,0,0,0,0,0,"- ","- ",34.260749816894531,-118.74566650390625,VENTURA,"SIMI VALLEY",-118.74565124511719,34.260841369628906
8622499,2018,2018-05-30,5609,2018-05-05,1311,464,,6,5,6,5609,0,0,0,,0,004,"SANTA YNEZ AV","SIERRA MADRE CT",44.00,N,N,A,-,N,,,,,,,,,,N,2,0,1,1,A,-,03,22350,,N,E,I,A,A,H,-,A,D,0,,,Y,,Y,,C,02,1,0,0,0,0,0,0,0,1,"- ","- ",34.284481048583984,-118.72023010253906,VENTURA,"SIMI VALLEY",-118.72035980224609,34.284652709960938
8622504,2018,2018-05-30,5609,2018-04-30,1627,447,123,1,5,6,5609,0,0,0,,0,001,"LOS ANGELES AV","SOCRATES AV",200.00,W,N,A,-,N,,,,,,,,,,Y,4,0,1,2,A,-,03,22350,,N,C,C,A,A,C,-,A,D,0,,,,,Y,,-,,0,0,1,0,0,0,0,0,0,"- ","- ",34.271678924560547,-118.79097747802734,VENTURA,"SIMI VALLEY",-118.79161071777344,34.27166748046875
8622519,2018,2018-06-04,5609,2018-05-17,0631,312,,4,5,6,5609,0,0,0,,0,,"1ST ST","AGNEW ST",0.00,,Y,A,-,N,,,,,,,,,,Y,4,0,1,2,A,-,12,21453,A,N,D,C,A,A,H,-,A,A,0,,,,,Y,,-,"- ",0,0,1,0,0,0,0,0,0,"- ","- ",34.276641845703125,-118.77884674072266,VENTURA,"SIMI VALLEY",-118.77896881103516,34.276798248291016
8623353,2018,2018-06-13,5600,2018-05-23,2227,4863,9090,3,5,6,5607,0,0,0,,0,09G,"THOUSAND OAKS BL","MOORPARK RD",0.00,,Y,A,-,N,,,,,,,,,,Y,3,0,2,2,A,-,09,21453,C,N,H,C,A,A,H,-,C,A,0,,,,,Y,,D,22,0,1,1,0,0,0,0,0,0,"- ","- ",,,VENTURA,"THOUSAND OAKS",-118.87651824951172,34.178928375244141
8623893,2018,2018-08-22,5600,2018-04-22,1348,5066,1000,7,5,2,5603,0,0,0,,0,1A01,"RT 150","BRISTOL RD",101.00,W,N,A,-,Y,VEN,7,150,-,-,17.150,H,-,W,Y,3,0,1,1,A,-,08,22107,,N,F,A,A,A,H,-,A,D,0,,,Y,,Y,,C,02,0,1,0,0,0,0,0,0,1,"- ","- ",,,VENTURA,OJAI,-119.25026702880859,34.446758270263672
8623901,2018,2018-08-22,5600,2018-04-10,1420,3927,8260,2,5,5,5601,0,0,0,,0,08D,"SANTA ROSA RD","RT 101",0.00,,Y,A,-,Y,VEN,7,101,-,-,12.208,R,4,N,N,4,0,2,2,A,-,12,21453,A,N,D,C,A,A,H,-,A,A,0,,,,,Y,,A,08,0,0,2,0,0,0,0,0,0,"- ",NF,34.214710235595703,-119.00710296630859,VENTURA,CAMARILLO,-119.00624847412109,34.213302612304688
8624704,2018,2018-08-17,5608,2018-05-27,0658,469,,7,5,6,5608,0,0,0,,0,002,"HARBOR BL","MONMOUTH DR",51.00,W,N,A,-,Y,VEN,7,101,-,-,28.808,R,4,S,Y,3,0,1,2,A,-,09,21802,A,N,D,C,A,A,H,-,A,A,0,,,,,Y,,-,,0,1,0,0,0,0,0,0,0,"- ","- ",,,VENTURA,VENTURA,-119.27276611328125,34.269439697265625
8624882,2018,2018-07-16,5608,2018-06-11,1642,505,,1,5,6,5608,0,0,0,,0,001,"STANLEY AV","OLIVE ST",0.00,W,N,A,-,N,,,,,,,,,,N,3,0,1,2,A,-,09,21803,A,N,D,G,A,A,H,-,A,A,0,,Y,,,Y,,A,01,0,1,0,0,0,0,1,0,0,"- ","- ",34.300701141357422,-119.30039978027344,VENTURA,VENTURA,-119.29817199707031,34.300140380859375
8625123,2018,2018-05-31,5604,2018-05-05,1900,5181,,6,5,6,5604,0,0,0,,0,032,"ROSE AV","EMERSON AV",20.00,N,N,A,-,N,,,,,,,,,,Y,4,0,3,3,A,-,03,22350,,N,C,C,A,A,H,-,B,A,0,,,,,Y,,A,08,0,0,3,0,0,0,0,0,0,"- ","- ",34.182571411132812,-119.15995025634766,VENTURA,OXNARD,-119.16004943847656,34.182605743408203
8625138,2018,2018-05-31,5604,2018-05-16,0739,5151,,3,5,6,5604,0,0,0,,0,031,"3RD ST","CAMPTON ST",0.00,,Y,A,-,N,,,,,,,,,,Y,4,0,1,2,A,-,09,21801,A,N,D,C,A,A,H,-,A,D,0,,,,Y,Y,,F,26,0,0,1,0,0,0,0,0,0,"- ","- ",34.200458526611328,-119.16442108154297,VENTURA,OXNARD,-119.16443634033203,34.200481414794922
8625198,2018,2018-05-31,5604,2018-05-03,1930,5530,,4,5,6,5604,0,0,0,,0,031,"MARQUITA ST","COLONIA RD",0.00,,Y,A,-,N,,,,,,,,,,,4,0,2,2,A,-,08,22107,,N,D,C,A,A,H,-,A,D,0,,,,,Y,,M,44,0,0,2,0,0,0,0,0,0,"- ","- ",34.20635986328125,-119.16632843017578,VENTURA,OXNARD,-119.16632080078125,34.206378936767578
8625449,2018,2018-05-29,5604,2018-04-22,1922,5378,,7,5,6,5604,0,0,0,,0,014,"VINEYARD AV","OXNARD BL",0.00,,Y,A,-,N,,,,,,,,,,Y,4,0,1,2,A,-,08,22107,,F,D,C,A,A,H,-,A,A,0,,,,,Y,Y,A,01,0,0,1,0,0,0,0,0,0,"- ","- ",34.229290008544922,-119.18618011474609,VENTURA,OXNARD,-119.17755126953125,34.226509094238281
8625540,2018,2018-05-31,5604,2018-05-04,1506,5519,,5,5,6,5604,0,0,0,,0,011,"GONZALES RD","VICTORIA AV",100.00,E,N,A,-,N,,,,,,,,,,N,4,0,2,2,A,-,04,21703,,N,C,C,A,A,H,-,A,A,0,,,,,Y,,A,01,0,0,2,0,0,0,0,0,0,"- ","- ",,,VENTURA,OXNARD,-119.22097015380859,34.219383239746094
8625592,2018,2018-05-31,5604,2018-05-18,1800,5338,,5,5,6,5604,0,0,0,,0,024,"CHANNEL ISLANDS BL","N ST",0.00,,Y,A,-,N,,,,,,,,,,Y,4,0,1,3,A,-,06,21755,A,N,D,C,A,A,H,-,A,D,0,,,,,Y,,A,01,0,0,1,0,0,0,0,0,0,"- ","- ",34.176849365234375,-119.19300079345703,VENTURA,OXNARD,-119.19362640380859,34.1756591796875
8625597,2018,2018-05-30,5604,2018-05-10,1910,5472,,4,5,6,5604,0,0,0,,0,042,"CUESTA DEL MAR DR","COURTLAND AV",350.00,W,N,A,-,N,,,,,,,,,,N,4,0,1,2,A,-,11,21950,B,N,G,B,D,A,H,-,B,D,0,Y,,,,Y,,N,60,0,0,1,0,1,0,0,0,0,"- ","- ",34.148998260498047,-119.18105316162109,VENTURA,OXNARD,-119.18063354492188,34.148811340332031
8625646,2018,2018-06-27,5604,2018-04-06,1901,5430,,5,5,6,5604,0,0,0,,0,024,"HEMLOCK ST W","N ST",20.00,W,N,A,-,N,,,,,,,,,,N,3,0,1,2,A,-,01,23152,A,M,B,E,A,A,H,-,B,D,0,,,,,Y,Y,A,07,0,1,0,0,0,0,0,0,0,"- ","- ",34.188259124755859,-119.17739868164062,VENTURA,OXNARD,-119.19229888916016,34.181098937988281
8627404,2018,2018-06-06,5608,2018-05-22,1511,456,,2,5,6,5608,0,0,0,,0,002,"HARBOR BL",BEACHMONT,0.00,W,N,A,-,N,,,,,,,,,,Y,2,0,2,1,A,-,01,23153,,N,E,I,A,A,H,-,A,D,0,,,,,Y,,-,,1,1,0,0,0,0,0,0,0,"- ","- ",34.254501342773438,-119.25959777832031,VENTURA,VENTURA,-119.25955963134766,34.254100799560547
8627408,2018,2018-06-06,5608,2018-05-22,1449,422,VENTU,2,5,6,5608,0,0,0,,0,004,"NORTHBANK DR","JOHNSON DR",0.00,,Y,A,-,N,,,,,,,,,,Y,3,0,1,1,A,-,01,23152,E,N,E,I,A,A,H,-,A,A,0,,,,,Y,,-,,0,1,0,0,0,0,0,0,0,"- ","- ",,,VENTURA,VENTURA,-119.19488990000001,34.24695002
8632454,2018,2018-06-21,5608,2018-05-28,0218,471,,1,5,6,5608,0,0,0,,0,004,"VICTORIA AV","MOON DR",0.00,,Y,A,-,N,,,,,,,,,,Y,4,0,1,3,A,-,08,22107,,N,A,E,A,A,H,-,C,A,0,,,,,Y,,-,,0,0,1,0,0,0,0,0,0,"- ","- ",,,VENTURA,VENTURA,-119.21051025390625,34.255790710449219
8633654,2018,2018-06-18,5600,2018-05-12,1327,2877,8012,6,5,5,5601,0,0,0,,0,8A01,"PONDEROSA DR","CALLE LA RODA",0.00,,Y,B,-,N,,,,,,,,,,Y,3,0,4,2,A,-,09,21802,A,N,D,C,A,A,H,-,A,A,0,,,,,Y,,A,07,0,2,2,0,0,0,0,0,0,"- ","- ",34.132560729980469,-119.03594970703125,VENTURA,CAMARILLO,-119.06645965576172,34.223789215087891
8634013,2018,2018-06-08,5600,2018-05-12,0842,3816,9130,6,5,6,5607,0,0,0,,0,09C,"LYNN RD","KELLY RD EAST",0.00,,Y,A,-,N,,,,,,,,,,N,3,0,1,1,C,-,18,,,N,F,A,A,D,G,-,A,D,0,,Y,,,Y,,-,"- ",0,1,0,0,0,0,1,0,0,"- ","- ",,,VENTURA,"THOUSAND OAKS",-118.92104339599609,34.175838470458984
8634844,2018,2018-06-18,5604,2018-05-06,1257,5450,,7,5,6,5604,0,0,0,,0,032,"GISLER AV","POPLAR ST",0.00,,Y,A,-,N,,,,,,,,,,Y,3,0,3,2,A,-,09,21802,A,N,D,C,A,A,H,-,A,D,0,,,,,Y,,D,22,0,1,2,0,0,0,0,0,0,"- ","- ",34.174198150634766,-119.17244720458984,VENTURA,OXNARD,-119.17243957519531,34.174228668212891
8634856,2018,2018-06-15,5600,2018-05-29,1905,2740,9068,2,5,6,5607,0,0,0,,0,09B,"ENCINO VISTA DR","ROSARIO DR",0.00,,Y,A,-,N,,,,,,,,,,Y,4,0,1,2,A,-,12,22450,A,N,D,D,A,A,H,-,A,A,0,,,,,Y,,D,22,0,0,1,0,0,0,0,0,0,"- ","- ",,,VENTURA,"THOUSAND OAKS",-118.85886383056641,34.184738159179688
8634891,2018,2018-06-18,5600,2018-05-25,0653,4610,9162,5,5,6,5607,0,0,0,,0,09D,"THOUSAND OAKS BL","AUTO MALL DR",0.00,,Y,B,-,N,,,,,,,,,,Y,3,0,1,3,A,-,09,21801,A,N,H,C,A,A,H,-,A,A,0,,,,,Y,,A,07,0,1,0,0,0,0,0,0,0,"- ","- ",,,VENTURA,"THOUSAND OAKS",-118.83291625976562,34.166618347167969
8634896,2018,2018-06-22,5604,2018-05-25,1705,5431,,5,5,6,5604,0,0,0,,0,031,"GONZALES RD","ROSE AV",100.00,W,N,A,-,N,,,,,,,,,,N,4,0,1,2,A,-,21,22106,,N,C,C,A,A,H,-,A,A,0,,,,,Y,,A,01,0,0,1,0,0,0,0,0,0,"- ","- ",34.217628479003906,-119.15924072265625,VENTURA,OXNARD,-119.15876007080078,34.218994140625
8634912,2018,2018-07-06,5604,2018-05-19,1710,4734,,6,5,6,5604,0,0,0,,0,024,"VENTURA RD","9TH ST",75.00,S,N,A,-,N,,,,,,,,,,Y,4,0,1,2,A,-,08,22107,,F,C,C,A,A,H,-,A,A,0,,,,,Y,Y,-,99,0,0,1,0,0,0,0,0,0,"- ","- ",34.192390441894531,-119.19508361816406,VENTURA,OXNARD,-119.195068359375,34.192184448242188
8634920,2018,2018-06-19,5604,2018-05-21,1733,5216,,1,5,6,5604,0,0,0,,0,042,"BEAUMONT AV","VANETTA ST",0.00,,Y,A,-,N,,,,,,,,,,Y,4,0,1,2,A,-,08,22107,,N,B,E,A,A,H,-,A,A,0,,,,,Y,,A,01,0,0,1,0,0,0,0,0,0,"- ","- ",34.15631103515625,-119.15315246582031,VENTURA,OXNARD,-119.15286254882812,34.156398773193359
8634924,2018,2018-06-19,5604,2018-05-21,1338,5527,,1,5,6,5604,0,0,0,,0,031,"ROSE AV","EASTMAN AV",20.00,N,N,A,-,N,,,,,,,,,,N,4,0,1,2,A,-,04,21703,,N,C,C,A,A,H,-,A,A,0,,,,,Y,,A,01,0,0,1,0,0,0,0,0,0,"- ","- ",34.198291778564453,-119.15975952148438,VENTURA,OXNARD,-119.15988159179688,34.198356628417969
8634928,2018,2018-06-19,5604,2018-05-19,1642,5534,,6,5,6,5604,0,0,0,,0,014,"OTTER CREEK LN","STONE CREEK DR",50.00,S,N,A,-,N,,,,,,,,,,N,3,0,1,2,A,-,13,22515,A,N,A,C,A,A,H,-,A,D,0,,,Y,,Y,,C,02,0,1,0,0,0,0,0,0,1,"- ","- ",34.232128143310547,-119.19400024414062,VENTURA,OXNARD,-119.19373321533203,34.232204437255859
8634944,2018,2018-06-19,5604,2018-05-11,1702,5534,,5,5,6,5604,0,0,0,,0,014,"OWENS RIVER RD","VENTURA RD",100.00,W,N,A,-,N,,,,,,,,,,N,3,0,1,2,A,-,11,21954,A,N,G,B,E,A,H,-,A,D,0,Y,,,,Y,,N,60,0,1,0,0,1,0,0,0,0,"- ","- ",34.247760772705078,-119.17688751220703,VENTURA,OXNARD,-119.17683410644531,34.248222351074219
8634953,2018,2018-06-15,5604,2018-05-06,1411,5160,,7,5,6,5604,0,0,0,,0,011,"VENTURA RD","DEVONSHIRE DR",60.00,N,N,A,-,N,,,,,,,,,,N,4,0,1,2,A,-,03,22350,,N,C,C,A,A,H,-,A,A,0,,,,,Y,,A,07,0,0,1,0,0,0,0,0,0,"- ","- ",34.211498260498047,-119.19464111328125,VENTURA,OXNARD,-119.19463348388672,34.211673736572266
8634993,2018,2018-07-03,5604,2018-04-22,1412,5526,,7,5,6,5604,0,0,0,,0,041,"BRYCE CANYON AV","SAVIERS RD",0.00,,N,A,-,N,,,,,,,,,,Y,4,0,1,4,A,-,03,22350,,F,D,C,A,A,H,-,A,A,0,,,,,Y,Y,A,01,0,0,1,0,0,0,0,0,0,"- ","- ",,,VENTURA,OXNARD,-119.17768859863281,34.169780731201172
8635030,2018,2018-06-18,5604,2018-05-23,0917,5242,,3,5,6,5604,0,0,0,,0,011,"C ST","DEODAR ST",100.00,S,N,A,-,N,,,,,,,,,,Y,4,0,1,3,A,-,09,21802,A,N,D,C,A,A,H,-,A,A,0,,,,,Y,,A,01,0,0,1,0,0,0,0,0,0,"- ","- ",,,VENTURA,OXNARD,-119.18099212646484,34.20672607421875
8638253,2018,2018-06-19,5600,2018-05-21,1418,3927,8201,1,5,5,5601,0,0,0,,0,08D,"FLYNN RD","ADOLFO RD",0.00,,Y,A,-,N,,,,,,,,,,Y,3,0,2,2,A,-,12,21453,A,N,D,C,A,A,H,-,A,A,0,,,,,Y,,D,22,0,1,1,0,0,0,0,0,0,"- ","- ",34.229358673095703,-119.01696014404297,VENTURA,CAMARILLO,-119.01693725585938,34.22930908203125
8638477,2018,2018-06-22,5608,2018-06-02,1226,497,,6,5,6,5608,0,0,0,,0,004,"TELEPHONE RD","CACHUMA AV",15.00,E,N,A,-,N,,,,,,,,,,N,3,0,1,2,A,-,08,22107,,N,D,G,A,A,H,-,A,D,0,,Y,,,Y,,L,04,0,1,0,0,0,0,1,0,0,"- ","- ",,,VENTURA,VENTURA,-119.16237640380859,34.277122497558594
8638940,2018,2018-08-17,5600,2018-05-31,1629,2877,8132,4,5,5,5601,0,0,0,,0,8C01,"RT 34","DURKIN ST",268.00,N,N,A,-,Y,VEN,7,34,-,-,14.350,H,-,W,Y,4,0,1,1,A,-,03,22350,,N,E,I,A,-,A,H,A,D,0,,,,,Y,,A,01,0,0,1,0,0,0,0,0,0,"- ","- ",34.132991790771484,-119.01325225830078,VENTURA,CAMARILLO,-119.02582550048828,34.224960327148438
8638996,2018,2018-08-08,5608,2018-05-31,1930,493,,4,5,6,5608,0,0,0,,0,002,"E MAIN ST","SOUTH MILLS RD",0.00,,Y,A,-,N,,,,,,,,,,Y,3,0,2,2,A,-,12,21453,A,N,A,C,A,A,H,-,A,A,0,,,,,Y,,A,01,0,1,1,0,0,0,0,0,0,"- ","- ",,,VENTURA,VENTURA,-119.24604797363281,34.265060424804688
8639083,2018,2018-08-22,5600,2018-05-04,1220,5388,9138,5,5,6,5607,0,0,0,,0,09G,"MOORPARK RD","RT 101",20.00,S,N,A,-,Y,VEN,7,101,-,-,3.925,R,4,N,N,4,0,1,2,A,-,04,21703,,N,C,C,A,A,H,-,A,A,0,,,,,Y,,A,01,0,0,1,0,0,0,0,0,0,"- ","- ",,,VENTURA,"THOUSAND OAKS",-118.8739013671875,34.177242279052734
8639354,2018,2018-07-30,5600,2018-05-11,0952,5360,9170,5,5,6,5607,0,0,0,,0,09D,"RT 23","RT 101",374.00,N,N,A,-,N,,,,,,,,,,Y,4,0,1,3,A,-,16,24002,A,N,E,J,A,A,H,-,A,A,0,,,,,Y,,D,22,0,0,1,0,0,0,0,0,0,"- ",NF,,,VENTURA,"THOUSAND OAKS",-118.82451629638672,34.158561706542969
8639663,2018,2018-07-10,5608,2018-06-04,1600,504,VENTU,1,5,6,5608,0,0,0,,0,002,"SEAWARD AV","SEAWARD AV 779",0.00,,-,A,-,N,,,,,,,,,,N,4,0,1,2,D,-,00,,,F,G,B,F,A,H,-,A,D,0,Y,,,,Y,Y,-,"- ",0,0,1,0,1,0,0,0,0,"- ","- ",34.265998840332031,-119.26840209960938,VENTURA,VENTURA,-119.26840199999999,34.265999000000001
8639815,2018,2018-06-25,5600,2018-04-28,1608,2979,5114,6,5,4,5690,0,0,0,,0,02B,"ARROYO DR","COLLINS DR",797.00,E,N,A,-,N,,,,,,,,,,Y,2,0,1,1,A,-,01,23152,A,N,E,I,A,A,H,-,A,A,0,,,,,Y,Y,A,07,1,0,0,0,0,0,0,0,0,"- ","- ",,,VENTURA,MOORPARK,-118.84064483642578,34.29290771484375
8643098,2018,2018-07-09,5609,2018-06-05,1605,443,306,2,5,6,5609,0,0,0,,0,003,"ROYAL AVE","ERRINGER RD",0.00,,Y,A,-,N,,,,,,,,,,Y,4,0,1,2,A,-,09,21801,A,N,D,C,A,A,H,-,A,A,0,,,,,Y,,A,01,0,0,1,0,0,0,0,0,0,"- ","- ",34.263648986816406,-118.76136779785156,VENTURA,"SIMI VALLEY",-118.76138305664062,34.263641357421875
8643102,2018,2018-07-09,5609,2018-06-06,0953,310,410,3,5,6,5609,0,0,0,,0,004,"ALAMO ST","TAPO CANYON RD",254.00,W,N,B,-,N,,,,,,,,,,N,3,0,1,2,A,-,09,21804,A,N,D,G,A,A,H,-,A,D,0,,Y,,,Y,,A,07,0,1,0,0,0,0,1,0,0,"- ","- ",,,VENTURA,"SIMI VALLEY",-118.71865844726562,34.286300659179688
8643103,2018,2018-07-09,5600,2018-06-07,2123,2877,8250,4,5,5,5601,0,0,0,,0,8C01,"DAWSON DR","PETIT ST",0.00,,Y,A,-,N,,,,,,,,,,Y,3,0,2,2,A,-,09,21801,A,N,H,C,A,A,H,-,C,A,0,,,,,Y,,A,07,0,1,1,0,0,0,0,0,0,"- ","- ",34.125480651855469,-119.02017211914062,VENTURA,CAMARILLO,-119.03382110595703,34.21527099609375
8643106,2018,2018-07-24,5609,2018-06-06,1004,356,,3,5,6,5609,0,0,0,,0,003,"ROYAL AVE","SYCAMORE DR",0.00,,Y,A,-,N,,,,,,,,,,Y,4,0,1,2,C,-,18,,,N,D,C,A,A,H,-,A,A,0,,,,,Y,,-,"- ",0,0,1,0,0,0,0,0,0,"- ","- ",34.260768890380859,-118.747802734375,VENTURA,"SIMI VALLEY",-118.74777984619141,34.260848999023438
8643110,2018,2018-07-09,5609,2018-06-12,1105,310,416,2,5,6,5609,0,0,0,,0,004,"SYCAMORE DR","COCHRAN ST",0.00,,Y,A,-,N,,,,,,,,,,N,3,0,1,2,A,-,09,21804,A,N,D,G,A,A,H,-,A,A,0,,Y,,,Y,,L,04,0,1,0,0,0,0,1,0,0,"- ","- ",,,VENTURA,"SIMI VALLEY",-118.74391174316406,34.278999328613281
8643111,2018,2018-07-09,5600,2018-06-09,1255,4589,8003,6,5,5,5601,0,0,0,,0,08A,"CRESTVIEW AV","CALLE TIERRA VISTA",0.00,,Y,A,-,N,,,,,,,,,,N,2,0,1,1,A,-,03,22350,,N,E,I,A,A,H,-,A,A,0,,,Y,,Y,,C,02,1,0,0,0,0,0,0,0,1,"- ","- ",34.228450775146484,-119.09146118164062,VENTURA,CAMARILLO,-119.09156036376953,34.228530883789062
8643297,2018,2018-06-27,5604,2018-06-01,1709,5412,,5,5,6,5604,0,0,0,,0,024,"S J ST","WOOLEY RD",50.00,S,N,A,-,N,,,,,,,,,,N,4,0,1,2,A,-,17,22517,,N,H,G,A,A,H,-,A,D,0,,Y,,,Y,,A,01,0,0,1,0,0,0,1,0,0,"- ","- ",34.1875,-119.189208984375,VENTURA,OXNARD,-119.18952941894531,34.189903259277344
8643519,2018,2018-06-27,5604,2018-06-07,1721,5496,,4,5,6,5604,0,0,0,,0,041,"SAMUEL AV","JAMES AV",0.00,,Y,A,-,N,,,,,,,,,,N,4,0,1,2,A,-,08,22107,,N,D,C,A,A,H,-,A,D,0,,,,,Y,,A,01,0,0,1,0,0,0,0,0,0,"- ","- ",34.169109344482422,-119.17666625976562,VENTURA,OXNARD,-119.17671203613281,34.169151306152344
8644144,2018,2018-06-22,5600,2018-05-30,1030,5234,9130,3,5,6,5607,0,0,0,,0,09C,"NEWBURY RD","KELLEY RD EAST",236.00,W,N,A,-,N,,,,,,,,,,Y,3,0,3,2,A,-,03,22350,,N,B,C,A,A,H,-,A,D,0,,,,,Y,,A,01,0,2,1,0,0,0,0,0,0,"- ","- ",,,VENTURA,"THOUSAND OAKS",-118.92180633544922,34.183876037597656
8646068,2018,2018-07-12,5600,2018-06-27,0446,4961,9006,3,5,6,5607,0,0,0,,0,09A,"MOORPARK RD","SANTA ROSA RD",1056.00,E,N,E,-,N,,,,,,,,,,Y,2,0,1,1,A,-,03,22350,,N,E,I,A,A,H,-,D,D,0,,,,,Y,,A,01,1,0,0,0,0,0,0,0,0,"- ","- ",,,VENTURA,"THOUSAND OAKS",-118.86515045166016,34.245960235595703
8646683,2018,2018-07-03,5608,2018-06-08,1345,495,VENTU,5,5,6,5608,0,0,0,,0,001,"NORTH VENTURA AV","W BARNETT ST",0.00,,Y,A,-,N,,,,,,,,,,N,4,0,1,2,A,-,09,21802,A,N,A,G,A,A,-,-,A,D,0,,Y,,,Y,,A,01,0,0,1,0,0,0,1,0,0,"- ","- ",34.291721343994141,-119.29768371582031,VENTURA,VENTURA,-119.29769134521484,34.291728973388672
8646687,2018,2018-07-03,5608,2018-06-19,0626,456,,2,5,6,5608,0,0,0,,0,004,"JOHNSON DR","NORTHBANK DR",0.00,,Y,B,-,N,,,,,,,,,,N,3,0,1,2,A,-,08,22107,,N,D,G,A,A,H,-,A,A,0,,Y,,,Y,,D,22,0,1,0,0,0,0,1,0,0,"- ","- ",,,VENTURA,VENTURA,-119.19488990000001,34.24695002
8647521,2018,2018-06-28,5604,2018-05-19,1634,5492,,6,5,6,5604,0,0,0,,0,031,"JUANITA AV","2ND ST",50.00,S,N,A,-,N,,,,,,,,,,N,4,0,1,2,A,-,11,21954,A,N,G,B,E,A,H,-,A,B,0,Y,,,,Y,,A,07,0,0,1,0,1,0,0,0,0,"- ","- ",34.201320648193359,-119.168212890625,VENTURA,OXNARD,-119.16851806640625,34.201431274414062