CASE_ID,ACCIDENT_YEAR,PROC_DATE,JURIS,COLLISION_DATE,COLLISION_TIME,OFFICER_ID,REPORTING_DISTRICT,DAY_OF_WEEK,CHP_SHIFT,POPULATION,CNTY_CITY_LOC,SPECIAL_COND,BEAT_TYPE,CHP_BEAT_TYPE,CITY_DIVISION_LAPD,CHP_BEAT_CLASS,BEAT_NUMBER,PRIMARY_RD,SECONDARY_RD,DISTANCE,DIRECTION,INTERSECTION,WEATHER_1,WEATHER_2,STATE_HWY_IND,CALTRANS_COUNTY,CALTRANS_DISTRICT,STATE_ROUTE,ROUTE_SUFFIX,POSTMILE_PREFIX,POSTMILE,LOCATION_TYPE,RAMP_INTERSECTION,SIDE_OF_HWY,TOW_AWAY,COLLISION_SEVERITY,NUMBER_KILLED,NUMBER_INJURED,PARTY_COUNT,PRIMARY_COLL_FACTOR,PCF_CODE_OF_VIOL,PCF_VIOL_CATEGORY,PCF_VIOLATION,PCF_VIOL_SUBSECTION,HIT_AND_RUN,TYPE_OF_COLLISION,MVIW,PED_ACTION,ROAD_SURFACE,ROAD_COND_1,ROAD_COND_2,LIGHTING,CONTROL_DEVICE,CHP_ROAD_TYPE,PEDESTRIAN_ACCIDENT,BICYCLE_ACCIDENT,MOTORCYCLE_ACCIDENT,TRUCK_ACCIDENT,NOT_PRIVATE_PROPERTY,ALCOHOL_INVOLVED,STWD_VEHTYPE_AT_FAULT,CHP_VEHTYPE_AT_FAULT,COUNT_SEVERE_INJ,COUNT_VISIBLE_INJ,COUNT_COMPLAINT_PAIN,COUNT_PED_KILLED,COUNT_PED_INJURED,COUNT_BICYCLIST_KILLED,COUNT_BICYCLIST_INJURED,COUNT_MC_KILLED,COUNT_MC_INJURED,PRIMARY_RAMP,SECONDARY_RAMP,LATITUDE,LONGITUDE,COUNTY,CITY,POINT_X,POINT_Y
8794126,2019,2019-03-12,5600,2019-01-19,1415,3927,8007,6,5,5,5601,0,0,0,,0,08A,"LAS POSAS RD","RT 101",0.00,,Y,A,-,Y,VEN,7,101,-,-,15.802,R,1,N,N,4,0,1,2,A,-,21,22106,,N,G,B,B,A,H,-,A,A,0,Y,,,,Y,,A,07,0,0,1,0,1,0,0,0,0,"- ",NF,34.220428466796875,-119.06964111328125,VENTURA,CAMARILLO,-119.06826782226562,34.219165802001953
8794491,2019,2019-03-22,5600,2019-01-25,0851,4498,9180,5,5,6,5607,0,0,0,,0,09D,"RT 23","POTRERO RD",1584.00,S,N,A,-,Y,VEN,7,23,-,-,0.910,H,-,N,Y,2,0,1,2,A,-,05,21460,A,N,H,C,A,A,H,-,A,A,0,,,Y,,Y,,A,01,1,0,0,0,0,0,0,0,1,"- ","- ",,,VENTURA,"THOUSAND OAKS",-118.85006713867188,34.138381958007812
8795644,2019,2019-02-11,5604,2019-01-19,1356,5472,,6,5,6,5604,0,0,0,,0,042,"PLEASANT VALLEY RD","BRADFIELD DR",0.00,,Y,A,-,N,,,,,,,,,,Y,4,0,3,2,A,-,09,21801,A,N,D,C,A,A,H,-,A,D,0,,,,,Y,,A,01,0,0,3,0,0,0,0,0,0,"- ","- ",34.154499053955078,-119.17600250244141,VENTURA,OXNARD,-119.17558288574219,34.154720306396484
8795667,2019,2019-02-12,5604,2019-01-25,1859,5135,,5,5,6,5604,0,0,0,,0,012,"PASEO MERCADO","AUTO CENTER DR",250.00,S,N,A,-,N,,,,,,,,,,N,4,0,1,2,A,-,09,21802,A,N,D,C,A,A,H,-,C,D,0,,,,,Y,,A,01,0,0,1,0,0,0,0,0,0,"- ","- ",34.226001739501953,-119.14900207519531,VENTURA,OXNARD,-119.14930725097656,34.226051330566406
8796083,2017,2019-02-11,5608,2017-12-09,0845,16198,,6,5,6,5608,0,0,0,,0,,"NORTHBANK DR","RT 101",200.00,E,N,F,-,N,,,,,,,,,,N,4,0,1,2,A,-,09,21802,A,N,D,C,A,A,H,-,A,D,0,,,,,Y,,A,01,0,0,1,0,0,0,0,0,0,"- ","- ",34.24568,-119.19602,VENTURA,VENTURA,-119.19555545,34.24610019
8796440,2018,2019-02-20,5609,2018-11-15,1634,389,,4,5,6,5609,0,0,0,,0,09G,"THOUSAND OAKS BL","RANCHO RD",20.00,E,N,A,-,N,,,,,,,,,,N,3,0,1,3,A,-,03,22350,,N,B,C,A,A,H,-,A,A,0,,,Y,,Y,,C,02,0,1,0,0,0,0,0,0,1,"- ","- ",,,VENTURA,"SIMI VALLEY",-118.85781860351562,34.178516387939453
8800574,2019,2019-02-20,5604,2019-01-16,0955,5208,,3,5,6,5604,0,0,0,,0,032,"CHANNEL ISLANDS BL","GISLER AV",50.00,E,N,B,-,N,,,,,,,,,,Y,4,0,1,3,A,-,08,22107,,N,C,E,A,A,H,-,A,D,0,,,,,Y,,A,01,0,0,1,0,0,0,0,0,0,"- ","- ",,,VENTURA,OXNARD,-119.17250823974609,34.173397064208984
8800586,2019,2019-02-20,5604,2019-01-29,2010,5446,,2,5,6,5604,0,0,0,,0,011,"DORIS AV","N C ST",10.00,W,N,A,-,N,,,,,,,,,,N,4,0,1,2,A,-,03,22350,,N,C,C,A,A,H,-,C,D,0,,,,,Y,,A,01,0,0,1,0,0,0,0,0,0,"- ","- ",34.207908630371094,-119.18099212646484,VENTURA,OXNARD,-119.18101501464844,34.207931518554688
8800890,2019,2019-02-27,5604,2019-02-06,1711,5508,,3,5,6,5604,0,0,0,,0,042,"PLEASANT VALLEY RD","OLDS RD",0.00,,Y,A,-,N,,,,,,,,,,N,4,0,1,2,A,-,10,21950,A,N,G,B,B,A,H,-,A,A,0,Y,,,,Y,,A,07,0,0,1,0,1,0,0,0,0,"- ","- ",34.161098480224609,-119.15206146240234,VENTURA,OXNARD,-119.15148162841797,34.161891937255859
8800901,2019,2019-02-22,5604,2019-02-04,0722,5403,,1,5,6,5604,0,0,0,,0,014,"GONZALES RD","C ST",60.00,W,N,C,-,N,,,,,,,,,,Y,4,0,1,1,A,-,03,22350,,N,E,I,A,B,H,-,A,D,0,,,,,Y,,A,01,0,0,1,0,0,0,0,0,0,"- ","- ",34.219081878662109,-119.18080139160156,VENTURA,OXNARD,-119.18103790283203,34.219192504882812
8800909,2019,2019-02-22,5604,2019-02-05,1555,5208,,2,5,6,5604,0,0,0,,0,022,"5TH ST","HOBSON WY",0.00,,Y,A,-,N,,,,,,,,,,Y,4,0,1,2,A,-,12,21453,A,N,D,C,A,A,H,-,A,A,0,,,,,Y,,A,07,0,0,1,0,0,0,0,0,0,"- ","- ",,,VENTURA,OXNARD,-119.18791961669922,34.197750091552734
8800913,2019,2019-02-22,5604,2019-02-11,0917,5549,,1,5,6,5604,0,0,0,,0,032,"ROSE AV","JONES WY",0.00,,Y,A,-,N,,,,,,,,,,Y,4,0,2,2,A,-,09,21801,A,N,D,C,A,A,H,-,A,D,0,,,,,Y,,A,01,0,0,2,0,0,0,0,0,0,"- ","- ",,,VENTURA,OXNARD,-119.15994262695312,34.177650451660156
8803031,2019,2019-10-29,5609,2019-02-06,0744,452,603,3,5,6,5609,0,0,0,,0,006,"KUEHNER DR","RT 118",10.00,S,N,A,-,Y,VEN,7,118,-,R,30.399,R,4,E,Y,4,0,2,2,A,-,09,21802,A,N,D,C,A,A,H,-,A,D,0,,,,,Y,,D,22,0,0,2,0,0,0,0,0,0,"- ",EF,34.278419494628906,-118.66204833984375,VENTURA,"SIMI VALLEY",-118.66448211669922,34.279109954833984
8803108,2019,2019-02-21,5608,2019-02-11,1611,386,,1,5,6,5608,0,0,0,,0,002,"SIDONIA AV","ARMADA DR",30.00,N,N,A,-,N,,,,,,,,,,N,4,0,1,1,A,-,08,22107,,N,H,A,A,A,H,-,A,A,0,,,,,Y,Y,-,,0,0,1,0,0,0,0,0,0,"- ","- ",,,VENTURA,VENTURA,-119.24848937988281,34.261890411376953
8803207,2019,2019-02-25,5609,2019-02-08,1920,435,,5,5,6,5609,0,0,0,,0,,"SYCAMORE DR","MARCELLA ST",0.00,,Y,A,-,N,,,,,,,,,,Y,3,0,1,2,A,-,09,21804,A,N,D,C,A,A,H,-,C,D,0,,,,,Y,,-,,0,1,0,0,0,0,0,0,0,"- ","- ",34.270401000976562,-118.74299621582031,VENTURA,"SIMI VALLEY",-118.74530029296875,34.269020080566406
8803247,2019,2019-02-25,5609,2019-02-10,1018,310,504,7,5,6,5609,0,0,0,,0,005,"TAPO CANYON RD","AVENIDA SIMI",0.00,,Y,B,C,N,,,,,,,,,,N,4,0,1,2,A,-,10,21950,A,N,G,B,B,B,H,-,A,A,0,Y,,,,Y,,A,01,0,0,1,0,1,0,0,0,0,"- ","- ",,,VENTURA,"SIMI VALLEY",-118.7176513671875,34.289878845214844
8803739,2019,2019-03-21,5609,2019-02-15,1749,435,,5,5,6,5609,0,0,0,,0,,"ERRINGER RD","RT 118",80.00,S,N,B,-,Y,LA,7,118,-,R,24.859,R,4,W,N,4,0,2,3,A,-,03,22350,,F,C,C,A,B,H,-,C,D,0,,,,,Y,,D,22,0,0,2,0,0,0,0,0,0,"- ",WO,,,VENTURA,"SIMI VALLEY",-118.76076507568359,34.282428741455078
8804746,2019,2019-03-07,5600,2019-01-08,2053,2877,8045,2,5,5,5601,0,0,0,,0,8A01,"LAS POSAS RD","VENTURA BL",41.00,S,N,A,-,N,,,,,,,,,,N,4,0,1,2,A,-,03,22350,,F,C,C,A,A,H,-,C,A,0,,,,,Y,,A,01,0,0,1,0,0,0,0,0,0,"- ","- ",34.125,-119.04109954833984,VENTURA,CAMARILLO,-119.06979370117188,34.215785980224609
8804850,2019,2019-02-19,5600,2019-01-29,1527,4550,9074,2,5,6,5607,0,0,0,,0,09G,"THOUSAND OAKS BL","RANCHO RD",133.00,E,N,A,-,N,,,,,,,,,,Y,4,0,1,2,A,-,04,21703,,N,C,C,A,A,H,-,A,D,0,,,,,Y,,A,01,0,0,1,0,0,0,0,0,0,"- ","- ",,,VENTURA,"THOUSAND OAKS",-118.85745239257812,34.178447723388672
8808101,2018,2020-05-22,5604,2018-05-12,1702,5357,VENTU,6,5,6,5604,0,0,0,,0,012,"AUTO CENTER DR","OGDEN CT",40.00,E,N,A,-,N,,,,,,,,,,Y,1,1,0,1,A,-,03,22350,,N,E,I,A,A,H,-,A,D,0,,,,,Y,,A,01,0,0,0,0,0,0,0,0,0,"- ","- ",,,VENTURA,OXNARD,,
8808358,2018,2019-07-02,5609,2018-11-17,1137,452,217,6,5,6,5609,0,0,0,,0,002,"WOOD RANCH PKWY","LAKE PARK DR",164.00,N,N,A,-,N,,,,,,,,,,Y,1,1,1,1,A,-,08,22107,,N,E,I,A,A,H,-,A,D,0,,,,,Y,,A,07,1,0,0,0,0,0,0,0,0,"- ","- ",34.248611450195312,-118.81189727783203,VENTURA,"SIMI VALLEY",-118.81197357177734,34.248687744140625
8809286,2019,2019-04-03,5608,2019-02-19,1127,518,,2,5,6,5608,0,0,0,,0,004,"CARDINAL AV","FINCH AV",85.00,W,N,A,-,N,,,,,,,,,,Y,4,0,1,2,A,-,21,22106,,F,D,C,A,A,H,-,A,D,0,,,,,Y,,-,,0,0,1,0,0,0,0,0,0,"- ","- ",,,VENTURA,VENTURA,-119.20929718017578,34.260574340820312
8810090,2019,2019-03-12,5604,2019-01-15,1301,5403,,2,5,6,5604,0,0,0,,0,011,"C ST","RODERICK AV",0.00,,Y,B,-,N,,,,,,,,,,Y,4,0,2,2,A,-,09,21802,A,F,D,C,A,B,H,-,A,A,0,,,,,Y,,A,07,0,0,2,0,0,0,0,0,0,"- ","- ",34.214149475097656,-119.1876220703125,VENTURA,OXNARD,-119.18096160888672,34.209789276123047
8810406,2019,2019-03-11,5604,2019-02-13,1850,4691,,3,5,6,5604,0,0,0,,0,021,"PENINSULA RD","CHANNEL ISLANDS BL",0.00,,Y,B,C,N,,,,,,,,,,Y,4,0,1,2,A,-,01,23152,A,N,D,C,A,B,H,-,C,A,0,,,,,Y,Y,D,22,0,0,1,0,0,0,0,0,0,"- ","- ",34.175998687744141,-119.22499847412109,VENTURA,OXNARD,-119.22528839111328,34.176101684570312
8810418,2019,2019-03-11,5604,2019-02-16,0942,5378,,6,5,6,5604,0,0,0,,0,032,"RICE AV","5TH ST",10.00,S,N,A,-,N,,,,,,,,,,N,3,0,2,3,A,-,01,23152,A,N,C,C,A,A,H,-,A,A,0,,,,,Y,,A,01,0,2,0,0,0,0,0,0,0,"- ","- ",34.195999145507812,-119.14219665527344,VENTURA,OXNARD,-119.14239501953125,34.196842193603516
8810450,2019,2019-03-15,5604,2019-02-07,1117,5208,,4,5,6,5604,0,0,0,,0,014,"OXNARD BL","ESPLANADE DR",20.00,N,N,A,-,N,,,,,,,,,,N,4,0,1,2,A,-,04,21703,,N,C,C,A,A,H,-,A,A,0,,,,,Y,,E,22,0,0,1,0,0,0,0,0,0,"- ","- ",,,VENTURA,OXNARD,-119.18023681640625,34.235828399658203
8810531,2019,2019-03-11,5604,2019-02-19,0805,4907,,2,5,6,5604,0,0,0,,0,041,"ANCHORAGE ST","NELSON PL",0.00,,Y,A,-,N,,,,,,,,,,N,4,0,1,2,A,-,09,21802,B,N,D,G,A,A,H,-,-,A,0,,Y,,,Y,,L,04,0,0,1,0,0,0,1,0,0,"- ","- ",34.162799835205078,-119.16288757324219,VENTURA,OXNARD,-119.16288757324219,34.162818908691406
8810576,2019,2019-03-11,5604,2019-02-12,1900,4691,,2,5,6,5604,0,0,0,,0,021,"COSTA DE ORO","HARBOR BL",0.00,,Y,A,-,N,,,,,,,,,,Y,4,0,2,2,A,-,09,21801,A,N,D,C,A,A,H,-,C,A,0,,,,,Y,,A,07,0,0,2,0,0,0,0,0,0,"- ","- ",34.180049896240234,-119.23268127441406,VENTURA,OXNARD,-119.23284149169922,34.180000305175781
8810588,2019,2019-03-11,5604,2019-02-07,2100,5064,,4,5,6,5604,0,0,0,,0,022,"5TH ST","VENTURA RD",100.00,W,N,A,-,N,,,,,,,,,,,4,0,5,2,A,-,01,23152,A,N,A,C,A,A,H,-,C,D,0,,,,,Y,Y,A,01,0,0,5,0,0,0,0,0,0,"- ","- ",34.198028564453125,-119.19615936279297,VENTURA,OXNARD,-119.19520568847656,34.197654724121094
8810620,2019,2019-03-11,5604,2019-02-22,0601,5172,,5,5,6,5604,0,0,0,,0,042,"HUENEME RD","COURTLAND ST",0.00,,Y,A,-,N,,,,,,,,,,Y,3,0,3,2,A,-,09,21801,A,N,D,C,A,A,H,-,B,D,0,,,,,Y,,A,01,0,1,2,0,0,0,0,0,0,"- ","- ",34.147449493408203,-119.17948150634766,VENTURA,OXNARD,-119.17948150634766,34.147510528564453
8811910,2019,2019-03-15,5600,2019-02-28,1333,2110,9172,4,5,6,5607,0,0,0,,0,09D,"AGOURA RD","RT 23",480.00,E,N,B,-,N,,,,,,,,,,Y,4,0,1,2,A,-,09,21804,A,N,D,C,A,A,H,-,A,A,0,,,,,Y,,A,01,0,0,1,0,0,0,0,0,0,"- ","- ",,,VENTURA,"THOUSAND OAKS",-118.82771301269531,34.1514892578125
8812564,2019,2019-03-19,5605,2019-02-16,1500,75,PATRO,6,5,3,5605,0,0,0,,0,CITY,"CHANNEL ISLANDS BL","BOLKER DR",15.00,E,N,B,-,N,,,,,,,,,,,4,0,1,2,A,-,03,22350,,N,-,C,A,B,H,-,A,A,0,,,,,Y,,A,07,0,0,1,0,0,0,0,0,0,"- ","- ",,,VENTURA,"PORT HUENEME",-119.20619201660156,34.175968170166016
8812572,2019,2019-04-05,5605,2019-02-09,1826,194,PATRO,6,5,3,5605,0,0,0,,0,"GRID 3","W CHANNEL ISLANDS BL","WHEELHOUSE AV",170.00,E,N,A,-,N,,,,,,,,,,Y,4,0,1,3,A,-,03,22350,,N,C,C,A,A,H,-,C,A,0,,,,,Y,,D,22,0,0,1,0,0,0,0,0,0,"- ","- ",,,VENTURA,"PORT HUENEME",-119.212158203125,34.176010131835938
8812594,2019,2019-03-22,5600,2019-02-22,1712,5466,8203,5,5,5,5601,0,0,0,,0,08D,"ADOLFO RD","TAQUITZ AV",0.00,,Y,A,-,N,,,,,,,,,,N,3,0,2,2,A,-,08,22107,,N,H,C,A,A,H,-,B,D,0,,,,,Y,,A,01,0,1,1,0,0,0,0,0,0,"- ","- ",34.222820281982422,-119.01001739501953,VENTURA,CAMARILLO,-119.01014709472656,34.222698211669922
8812849,2019,2019-03-15,5604,2019-02-28,0856,5486,,4,5,6,5604,0,0,0,,0,011,"VENTURA RD RD","IVYWOOD DR",40.00,S,N,B,-,N,,,,,,,,,,N,4,0,1,2,A,-,03,22350,,N,C,C,A,B,A,H,A,A,0,,,,,Y,,A,01,0,0,1,0,0,0,0,0,0,"- ","- ",,,VENTURA,OXNARD,-119.19467926025391,34.215911865234375
8812892,2019,2019-03-11,5604,2019-02-16,1238,5514,,6,5,6,5604,0,0,0,,0,032,"CHANNEL ISLANDS BL","ROSE AV",50.00,N,N,A,-,N,,,,,,,,,,N,4,0,1,3,A,-,03,22350,,N,C,C,A,A,H,-,A,A,0,,,,,Y,,A,08,0,0,1,0,0,0,0,0,0,"- ","- ",34.17327880859375,-119.16004180908203,VENTURA,OXNARD,-119.16017150878906,34.173370361328125
8812896,2019,2019-03-12,5604,2019-02-21,2035,4750,,4,5,6,5604,0,0,0,,0,024,"W KAMALA ST","S C ST S",0.00,,Y,A,-,N,,,,,,,,,,N,4,0,2,2,A,-,03,22350,,F,C,C,A,A,A,H,C,A,0,,,,,Y,,-,,0,0,2,0,0,0,0,0,0,"- ","- ",34.177391052246094,-119.18132019042969,VENTURA,OXNARD,-119.18131256103516,34.178730010986328
8814239,2018,2019-04-03,5604,2018-01-11,1840,5359,,4,5,6,5604,0,0,0,,0,011,"N OXNARD BL","1ST ST",125.00,N,N,A,-,N,,,,,,,,,,Y,4,0,5,3,A,-,03,22350,,N,C,C,A,A,H,-,C,A,0,,,,,Y,,A,01,0,0,5,0,0,0,0,0,0,"- ","- ",34.202949523925781,-119.17730712890625,VENTURA,OXNARD,-119.17739105224609,34.203304290771484
8814944,2019,2019-03-05,5608,2019-02-09,1543,505,,6,5,6,5608,0,0,0,,0,004,"TELEPHONE RD","COPLAND DR",371.00,E,N,A,-,N,,,,,,,,,,N,4,0,1,2,A,-,09,21801,A,N,D,C,A,A,-,-,A,D,0,,,,,Y,,A,01,0,0,1,0,0,0,0,0,0,"- ","- ",34.263050079345703,-119.22853088378906,VENTURA,VENTURA,-119.22907257080078,34.263034820556641
8815481,2019,2019-03-12,5600,2019-01-22,1524,3927,8012,2,5,5,5601,0,0,0,,0,08A,"LAS POSAS RD","ROSEWOOD AV",0.00,,Y,A,-,N,,,,,,,,,,Y,3,0,1,3,A,-,03,22350,,N,H,C,A,A,H,-,A,D,0,,,,,Y,,A,01,0,1,0,0,0,0,0,0,0,"- ","- ",34.231010437011719,-119.06185150146484,VENTURA,CAMARILLO,-119.0618896484375,34.231090545654297
8816290,2019,2019-03-11,5608,2019-02-22,2042,497,VENTU,5,5,6,5608,0,0,0,,0,001,"EAST THOMPSON BL","S ASH ST",0.00,,Y,A,-,N,,,,,,,,,,Y,4,0,1,2,A,-,09,21801,A,N,D,C,A,A,H,-,C,D,0,,,,,Y,Y,-,,0,0,1,0,0,0,0,0,0,"- ","- ",,,VENTURA,VENTURA,-119.28849029541016,34.278278350830078
8818573,2019,2019-03-25,5609,2019-03-06,2006,437,,3,5,6,5609,0,0,0,,0,003,"ROYAL AV","ROBERTA CT",0.00,,Y,B,-,N,,,,,,,,,,Y,3,0,2,2,A,-,03,22350,,N,E,I,A,B,H,-,C,D,0,,,,,Y,,A,01,0,1,1,0,0,0,0,0,0,"- ","- ",34.260921478271484,-118.7425537109375,VENTURA,"SIMI VALLEY",-118.7425537109375,34.261039733886719
8818837,2019,2019-06-25,5604,2019-03-14,0134,4531,,4,5,6,5604,0,0,0,,0,012,"OXNARD BL","GONZALES RD",200.00,N,N,A,-,N,,,1,,,,,,,Y,4,0,1,2,A,-,07,21658,A,N,B,C,A,A,H,-,C,D,0,,,,Y,Y,,F,25,0,0,1,0,0,0,0,0,0,"- ","- ",34.226261138916016,-119.17819213867188,VENTURA,OXNARD,-119.17753601074219,34.226455688476562
8818841,2019,2019-05-02,5604,2019-03-13,1257,5490,,3,5,6,5604,0,0,0,,0,024,"C ST","MAYWOOD DR",140.00,S,N,A,-,N,,,,,,,,,,N,2,0,1,2,D,-,00,,,N,G,B,F,A,H,-,A,D,0,Y,,,,Y,,-,"- ",1,0,0,0,1,0,0,0,0,"- ","- ",,,VENTURA,OXNARD,-119.18122863769531,34.175605773925781
8818974,2019,2019-04-05,5604,2019-03-10,2015,5458,,7,5,6,5604,0,0,0,,0,014,"OXNARD BL","VINEYARD AV",15.00,S,N,A,-,N,,,1,,,,,,,N,4,0,1,2,A,-,04,21703,,F,C,C,A,A,H,-,C,A,0,,,,,Y,,A,07,0,0,1,0,0,0,0,0,0,"- ","- ",34.226261138916016,-119.17819213867188,VENTURA,OXNARD,-119.17753601074219,34.226455688476562
8819006,2019,2019-04-05,5604,2019-03-10,2021,4868,,7,5,6,5604,0,0,0,,0,024,"VISALIA ST","CAROB ST",300.00,S,N,A,-,N,,,,,,,,,,Y,3,0,1,3,A,-,01,23152,A,N,A,E,A,A,H,-,C,D,0,,,,,Y,Y,A,07,0,1,0,0,0,0,0,0,0,"- ","- ",34.183868408203125,-119.20053100585938,VENTURA,OXNARD,-119.20025634765625,34.182926177978516
8819019,2019,2019-04-03,5604,2019-03-15,1653,5539,,5,5,6,5604,0,0,0,,0,012,"AUTO CENTER DR","VIA ESTRADA ST",0.00,,Y,A,-,N,,,,,,,,,,N,4,0,1,2,A,-,09,21801,B,N,D,C,A,A,H,-,A,C,0,,,,,Y,,A,01,0,0,1,0,0,0,0,0,0,"- ","- ",34.227638244628906,-119.15231323242188,VENTURA,OXNARD,-119.15238189697266,34.227619171142578
8819039,2019,2019-04-03,5608,2019-03-20,1935,459,5608,3,5,6,5608,0,0,0,,0,001,"POLI ST","N ANN ST",114.00,E,N,A,-,N,,,,,,,,,,Y,3,0,1,3,A,-,01,23152,B,N,-,E,A,A,H,-,B,D,0,,,,,Y,Y,-,,0,1,0,0,0,0,0,0,0,"- ","- ",,,VENTURA,VENTURA,-119.2835693359375,34.282161712646484
8819215,2019,2019-03-21,5600,2019-02-19,0630,4501,8125,2,5,5,5601,0,0,0,,0,08C,"RT 34","ELMA ST",0.00,,Y,A,-,Y,VEN,7,34,-,-,14.677,I,5,W,Y,3,0,2,2,A,-,09,21802,A,N,D,C,A,A,H,-,B,A,0,,,,,Y,,A,01,0,1,1,0,0,0,0,0,0,"- ","- ",34.134300231933594,-119.11900329589844,VENTURA,CAMARILLO,-119.02211761474609,34.228607177734375
8819219,2019,2019-03-21,5600,2019-02-08,0745,5071,6004,5,5,3,5602,0,0,0,,0,6A1,"RT 23","RT 126",20.00,S,N,A,-,Y,VEN,7,23,-,-,24.150,H,-,N,N,4,0,1,2,A,-,12,21453,A,N,B,C,A,A,H,-,A,A,0,,,Y,,Y,,C,02,0,0,1,0,0,0,0,0,1,"- ","- ",,,VENTURA,FILLMORE,-118.91775512695312,34.395999908447266
8819965,2019,2019-03-22,5600,2019-03-11,1452,4045,9080,1,5,6,5607,0,0,0,,0,9H01,"GAINSBOROUGH RD","TREE TOP LN",0.00,,Y,B,-,N,,,,,,,,,,Y,3,0,1,2,A,-,08,22107,,N,C,E,A,A,H,-,A,D,0,,,,,Y,Y,D,22,0,1,0,0,0,0,0,0,0,"- ","- ",,,VENTURA,"THOUSAND OAKS",-118.89163208007812,34.191741943359375
8820441,2019,2019-03-21,5608,2019-03-08,1137,500,,5,5,6,5608,0,0,0,,0,002,"PIERPONT BL","PENINSULA ST",27.00,E,N,A,-,N,,,,,,,,,,Y,4,0,1,2,A,-,08,22107,,N,-,C,A,A,H,-,A,A,0,,,,,Y,,A,01,0,0,1,0,0,0,0,0,0,"- ","- ",,,VENTURA,VENTURA,-119.26940155029297,34.259834289550781
8822090,2019,2019-04-10,5600,2019-03-02,1241,4722,9006,6,5,6,5607,0,0,0,,0,09A,"OLSEN RD","RT 23",1162.00,E,N,C,-,N,,,,,,,,,,Y,3,0,2,2,A,-,09,21801,A,N,H,C,A,B,H,-,A,D,0,,,,,Y,,D,22,0,1,1,0,0,0,0,0,0,"- ",NF,,,VENTURA,"THOUSAND OAKS",-118.83970642089844,34.241718292236328
8823388,2019,2019-03-21,5609,2019-02-26,1549,447,416,2,5,6,5609,0,0,0,,0,004,"COCHRAN ST","CAPITOL WY",0.00,,Y,A,-,N,,,,,,,,,,Y,4,0,3,2,A,-,12,21453,A,N,D,C,A,A,H,-,A,A,0,,,,,Y,,A,01,0,0,3,0,0,0,0,0,0,"- ","- ",34.278999328613281,-118.74099731445312,VENTURA,"SIMI VALLEY",-118.741742,34.279003000000003
8823560,2019,2019-03-19,5600,2019-02-28,1445,5466,8111,4,5,5,5601,0,0,0,,0,08B,"ARNEILL RD","LAS POSAS RD",423.00,S,N,A,-,N,,,,,,,,,,N,4,0,1,2,A,-,09,21804,A,N,D,C,A,A,H,-,A,D,0,,,,,Y,,A,01,0,0,1,0,0,0,0,0,0,"- ","- ",34.235210418701172,-119.03987121582031,VENTURA,CAMARILLO,-119.03907775878906,34.235420227050781
8825944,2019,2019-04-03,5604,2019-03-19,0520,5534,,2,5,6,5604,0,0,0,,0,041,"CHANNEL ISLANDS BL","C ST",200.00,W,N,A,-,N,,,,,,,,,,Y,4,0,1,1,A,-,03,22350,,N,A,J,A,A,H,-,C,D,0,,,,,Y,,A,01,0,0,1,0,0,0,0,0,0,"- ","- ",34.173679351806641,-119.18110656738281,VENTURA,OXNARD,-119.18178558349609,34.173740386962891
8825948,2019,2019-05-08,5604,2019-03-19,2246,5485,,2,5,6,5604,0,0,0,,0,012,"SANTA CLARA AV","EUCALYPTUS DR",0.00,,Y,B,C,N,,,,,,,,,,Y,4,0,1,2,A,-,03,22350,,M,C,E,A,B,H,-,D,D,0,,,,,Y,Y,A,01,0,0,1,0,0,0,0,0,0,"- ","- ",,,VENTURA,OXNARD,-119.13762664794922,34.227210998535156
8827286,2019,2019-04-03,5604,2019-03-14,0810,5231,,4,5,6,5604,0,0,0,,0,011,"VENTURA RD","IVYWOOD DR",864.00,S,N,A,-,N,,,,,,,,,,Y,3,0,2,2,A,-,07,21658,A,F,E,A,A,A,H,-,A,D,0,,,,,Y,,-,99,0,1,1,0,0,0,0,0,0,"- ","- ",,,VENTURA,OXNARD,-119.19461059570312,34.213687896728516
8828813,2019,2019-05-03,5604,2019-03-26,1013,5550,,2,5,6,5604,0,0,0,,0,021,"CHANNEL ISLANDS BL","PENINSULA RD",200.00,W,N,A,-,N,,,,,,,,,,Y,4,0,2,3,A,-,03,22350,,N,C,C,A,A,D,-,A,D,0,,,,,Y,,D,22,0,0,2,0,0,0,0,0,0,"- ","- ",,,VENTURA,OXNARD,-119.22592163085938,34.17596435546875
8828861,2019,2019-04-19,5604,2019-04-03,0810,5536,,3,5,6,5604,0,0,0,,0,031,"GONZALES RD","ENTRADA DR",0.00,,Y,A,-,N,,,,,,,,,,Y,4,0,1,2,A,-,08,22107,,N,B,C,A,A,H,-,A,A,0,,,,,Y,,A,01,0,0,1,0,0,0,0,0,0,"- ","- ",,,VENTURA,OXNARD,-119.17227172851562,34.218971252441406
8829203,2019,2019-04-15,5604,2019-02-15,1127,5535,,5,5,6,5604,0,0,0,,0,022,"5TH ST","D ST",200.00,W,N,B,-,N,,,,,,,,,,Y,4,0,1,3,A,-,03,22350,,F,C,C,A,B,H,-,A,D,0,,,,,Y,,A,01,0,0,1,0,0,0,0,0,0,"- ","- ",34.197700500488281,-119.18235778808594,VENTURA,OXNARD,-119.18302154541016,34.197719573974609
8829204,2019,2019-04-16,5604,2019-03-28,1956,4531,,4,5,6,5604,0,0,0,,0,014,"VINEYARD AV","N OXNARD BL",0.00,,Y,A,-,N,,,,,,,,,,N,3,0,1,2,A,-,12,21453,A,N,D,C,A,A,H,-,C,A,0,,,Y,,Y,,A,01,0,1,0,0,0,0,0,0,1,"- ","- ",34.226261138916016,-119.17819213867188,VENTURA,OXNARD,-119.17755126953125,34.226509094238281