CASE_ID,ACCIDENT_YEAR,PROC_DATE,JURIS,COLLISION_DATE,COLLISION_TIME,OFFICER_ID,REPORTING_DISTRICT,DAY_OF_WEEK,CHP_SHIFT,POPULATION,CNTY_CITY_LOC,SPECIAL_COND,BEAT_TYPE,CHP_BEAT_TYPE,CITY_DIVISION_LAPD,CHP_BEAT_CLASS,BEAT_NUMBER,PRIMARY_RD,SECONDARY_RD,DISTANCE,DIRECTION,INTERSECTION,WEATHER_1,WEATHER_2,STATE_HWY_IND,CALTRANS_COUNTY,CALTRANS_DISTRICT,STATE_ROUTE,ROUTE_SUFFIX,POSTMILE_PREFIX,POSTMILE,LOCATION_TYPE,RAMP_INTERSECTION,SIDE_OF_HWY,TOW_AWAY,COLLISION_SEVERITY,NUMBER_KILLED,NUMBER_INJURED,PARTY_COUNT,PRIMARY_COLL_FACTOR,PCF_CODE_OF_VIOL,PCF_VIOL_CATEGORY,PCF_VIOLATION,PCF_VIOL_SUBSECTION,HIT_AND_RUN,TYPE_OF_COLLISION,MVIW,PED_ACTION,ROAD_SURFACE,ROAD_COND_1,ROAD_COND_2,LIGHTING,CONTROL_DEVICE,CHP_ROAD_TYPE,PEDESTRIAN_ACCIDENT,BICYCLE_ACCIDENT,MOTORCYCLE_ACCIDENT,TRUCK_ACCIDENT,NOT_PRIVATE_PROPERTY,ALCOHOL_INVOLVED,STWD_VEHTYPE_AT_FAULT,CHP_VEHTYPE_AT_FAULT,COUNT_SEVERE_INJ,COUNT_VISIBLE_INJ,COUNT_COMPLAINT_PAIN,COUNT_PED_KILLED,COUNT_PED_INJURED,COUNT_BICYCLIST_KILLED,COUNT_BICYCLIST_INJURED,COUNT_MC_KILLED,COUNT_MC_INJURED,PRIMARY_RAMP,SECONDARY_RAMP,LATITUDE,LONGITUDE,COUNTY,CITY,POINT_X,POINT_Y
9073239,2020,2020-06-23,5604,2020-03-03,0723,5172,,2,5,6,5604,0,0,0,,0,024,"SAVIERS RD","COACH C LN",0.00,,Y,A,-,N,,,,,,,,,,N,4,0,1,2,A,-,10,21950,A,N,G,B,B,A,H,-,B,A,0,Y,,,,Y,,A,07,0,0,1,0,1,0,0,0,0,"- ","- ",34.177330017089844,-119.17752075195312,VENTURA,OXNARD,-119.177601,34.177354999999999
9073251,2020,2020-06-23,5604,2020-03-05,1102,5401,,4,5,6,5604,0,0,0,,0,014,"ESPLANADE DR","VINEYARD AV",0.00,,Y,A,-,N,,,,,,,,,,N,4,0,1,2,A,-,10,21950,A,N,G,B,B,A,H,-,A,A,0,Y,,,,Y,,A,01,0,0,1,0,1,0,0,0,0,"- ","- ",34.229999542236328,-119.17465209960938,VENTURA,OXNARD,-119.17465972900391,34.229999542236328
90733173,2018,2018-05-24,9770,2018-05-19,0900,017973,,6,1,9,5600,0,1,3,,1,052,"SR-118 W/B (LOS ANGELES AVENUE)","TERNEX RAILROAD CROSSING",5.00,W,N,A,-,Y,,,118,,,,,,W,N,3,0,2,2,A,-,03,22350,,N,F,A,A,A,H,-,A,D,0,,Y,,,Y,,L,04,0,1,1,0,0,0,2,0,0,"- ","- ",34.271419525146484,-118.9400634765625,VENTURA,UNINCORPORATED,-118.94005584716797,34.271396636962891
90733319,2018,2018-05-24,9765,2018-05-18,0515,018019,,5,3,9,5600,0,3,5,,2,006,"HUENEME RD.","SR-1 (PACIFIC COAST HWY)",148.00,W,N,A,-,N,,,,,,,,,,Y,4,0,1,2,A,-,12,21453,A,N,D,C,A,A,H,-,B,A,0,,,,,Y,,A,01,0,0,1,0,0,0,0,0,0,"- ","- ",34.146968841552734,-119.11231231689453,VENTURA,UNINCORPORATED,-119.11225128173828,34.146961212158203
90736508,2018,2018-05-29,9765,2018-05-27,0915,020497,,7,1,9,5600,0,1,3,,1,012,"SR-1 (PACIFIC COAST HIGHWAY)","HOBSON ROAD",810.00,S,N,A,-,Y,,,1,,,,,,,N,3,0,2,2,A,-,08,22107,,N,B,G,A,A,H,-,A,D,0,,Y,,,Y,,-,"- ",0,2,0,0,0,0,2,0,0,"- ","- ",34.320751190185547,-119.3797607421875,VENTURA,UNINCORPORATED,-119.37973785400391,34.320667266845703
90740508,2018,2018-06-04,9765,2018-06-02,2115,020873,,6,2,9,5600,0,3,5,,2,005,SR-118,"SANTA CLARA AVENUE",40.00,E,N,A,-,Y,,,118,,,,,,,Y,4,0,1,1,A,-,03,22350,,N,E,I,A,A,H,-,C,A,0,,,,,Y,,A,01,0,0,1,0,0,0,0,0,0,"- ","- ",34.255661010742188,-119.10887145996094,VENTURA,UNINCORPORATED,-119.10899353027344,34.255924224853516
90742427,2017,2018-06-06,9770,2017-09-14,1520,019819,,4,2,6,5607,0,1,2,,2,075,"US-101 S/B (VENTURA FREEWAY)","WESTLAKE BOULEVARD",324.00,N,N,A,-,Y,,,101,,,,,,S,Y,1,1,1,2,A,-,05,21651,B,N,A,C,A,A,H,-,A,D,0,,,,,Y,,A,01,1,0,0,0,0,0,0,0,0,"- ","- ",34.159610000000001,-118.82839,VENTURA,"THOUSAND OAKS",-118.82836792000001,34.159643199999998
90745965,2018,2018-06-12,9765,2018-06-05,1935,016420,,2,2,6,5608,0,1,3,,1,031,"SR-126 W/B","KIMBALL ROAD",2429.00,E,N,A,-,Y,,,126,,,,,,W,Y,3,0,5,1,A,-,08,22107,,N,E,I,A,A,H,-,B,D,0,,,,,Y,,A,07,0,5,0,0,0,0,0,0,0,"- ","- ",34.275928497314453,-119.18276214599609,VENTURA,VENTURA,-119.18276214599609,34.275962829589844
90746030,2018,2018-06-12,9765,2018-06-08,0700,014967,,5,1,9,5600,0,3,5,,2,003,"ISLAND VIEW AVENUE","SAN FERNANDO AVENUE",41.00,N,N,A,-,N,,,,,,,,,,N,4,0,1,1,C,-,18,,,N,E,I,A,A,H,-,B,D,0,,,,,Y,,-,"- ",0,0,1,0,0,0,0,0,0,"- ","- ",34.151641845703125,-119.21571350097656,VENTURA,UNINCORPORATED,-119.21572875976562,34.1517333984375
9074930,2020,2020-05-19,5600,2020-02-26,1823,3147,9166,3,5,6,5607,0,0,0,,0,9D01,"HAMPSHIRE RD","TOWNSGATE RD",0.00,,Y,B,-,N,,,,,,,,,,Y,3,0,1,2,A,-,12,21453,A,N,D,C,A,A,H,-,D,A,0,,,,,Y,,A,07,0,1,0,0,0,0,0,0,0,"- ","- ",,,VENTURA,"THOUSAND OAKS",-118.83795928955078,34.160961151123047
90750035,2018,2018-06-18,9770,2018-06-12,1330,018885,,2,1,6,5607,0,1,2,,2,074,"US-101 N/B TO WESTLAKE BOULEVARD","WESTLAKE BOULEVARD",20.00,S,N,A,-,Y,,,101,,,,R,,N,N,4,0,1,2,A,-,03,22350,,N,C,C,A,A,H,-,A,A,0,,,,,Y,,D,22,0,0,1,0,0,0,0,0,0,"- ","- ",34.158039093017578,-118.82369232177734,VENTURA,"THOUSAND OAKS",-118.82369232177734,34.158039093017578
90750561,2018,2018-06-19,9765,2018-02-03,1728,020691,,6,2,9,5600,0,1,2,,1,104,"US-101 N/B","PADRE JUAN CANYON ROAD",2640.00,N,N,A,-,Y,,,101,,,,,,N,Y,1,1,2,1,A,-,08,22107,,N,E,I,A,A,H,-,B,D,0,,,,,Y,,A,07,2,0,0,0,0,0,0,0,0,"- ","- ",34.326610565185547,-119.39469146728516,VENTURA,UNINCORPORATED,-119.39479827880859,34.326511383056641
9075257,2020,2020-06-19,5600,2020-03-10,1508,5360,9162,2,5,6,5607,0,0,0,,0,9G01,"THOUSAND OAKS BL","CORD AV",223.00,W,N,C,-,N,,,,,,,,,,N,4,0,1,2,A,-,03,22350,,N,B,C,A,B,H,-,A,D,0,,,,,Y,,A,01,0,0,1,0,0,0,0,0,0,"- ","- ",,,VENTURA,"THOUSAND OAKS",-118.82802581787109,34.163593292236328
90755346,2018,2018-06-25,9765,2018-06-13,1550,017469,,3,2,9,5600,0,1,3,,1,062,"SR-1 N/B","SYCAMORE CANYON ROAD",8448.00,N,N,A,-,Y,,,1,,,,,,N,Y,4,0,1,3,A,-,08,22107,,N,C,C,A,A,H,-,A,D,0,,,,,Y,,D,22,0,0,1,0,0,0,0,0,0,"- ","- ",34.083850860595703,-119.03607177734375,VENTURA,UNINCORPORATED,-119.03610992431641,34.083690643310547
90756763,2018,2018-06-27,9770,2018-06-19,0620,017662,,2,1,9,5600,0,3,5,,2,005,"DONLON ROAD","KINGSGROVE DRIVE",27.00,S,N,A,-,N,,,,,,,,,,Y,4,0,1,2,A,-,03,22350,,N,D,C,A,A,H,-,B,D,0,,,,,Y,,A,01,0,0,1,0,0,0,0,0,0,"- ","- ",34.278190612792969,-118.99156951904297,VENTURA,UNINCORPORATED,-118.99161529541016,34.278217315673828
90756918,2018,2018-06-27,9770,2018-06-20,1735,013256,,3,2,6,5607,0,1,2,,2,074,"US-101 N/B (VENTURA FREEWAY)","CONEJO SCHOOL ROAD",220.00,S,N,A,-,Y,,,101,,,,,,N,N,4,0,1,2,A,-,03,22350,,M,C,C,A,A,H,-,A,D,0,,,,,Y,,-,99,0,0,1,0,0,0,0,0,0,"- ","- ",34.171298980712891,-118.84525299072266,VENTURA,"THOUSAND OAKS",-118.84532165527344,34.171184539794922
90761321,2018,2018-09-20,9765,2018-06-25,0510,019721,,1,3,9,5600,0,3,5,,2,004,SR-118,"AGGEN ROAD",1584.00,E,N,A,-,N,,,,,,,,,,Y,4,0,1,2,A,-,08,22101,D,N,B,C,A,A,H,-,B,D,0,,,,,Y,,A,01,0,0,1,0,0,0,0,0,0,"- ","- ",34.276939392089844,-119.03459167480469,VENTURA,UNINCORPORATED,-119.02928924560547,34.263725280761719
90761443,2018,2018-07-03,9770,2018-06-23,0133,021306,,6,3,6,5607,0,1,3,,2,077,"SR-23 S/B TO US-101 S/B","US-101 S/B TO SR-23 N/B",275.00,N,N,A,-,Y,,,23,,,,R,,S,Y,2,0,1,1,A,-,01,23152,A,N,E,I,A,A,H,-,C,D,0,,,,,Y,Y,A,07,1,0,0,0,0,0,0,0,0,"- ","- ",34.177898406982422,-118.8609619140625,VENTURA,"THOUSAND OAKS",-118.8609619140625,34.177898406982422
90762538,2018,2018-07-04,9770,2018-05-14,1845,021553,,1,2,9,5600,0,1,3,,1,057,SR-23,"BARDSDALE AVENUE",28.00,N,N,A,-,Y,,,23,,,,,,,Y,3,0,2,2,A,-,12,22450,A,F,D,C,A,A,H,-,B,A,0,,,,,Y,,A,01,0,1,1,0,0,0,0,0,0,"- ","- ",34.371528625488281,-118.91993713378906,VENTURA,UNINCORPORATED,-118.91994476318359,34.371536254882812
90764577,2018,2018-07-06,9765,2018-06-30,0500,019034,,6,3,9,5600,0,3,5,,2,006,"HUENEME ROAD","WOOD ROAD",92.00,W,N,A,-,Y,,,,,,,,,,Y,2,0,1,2,A,-,03,22350,,N,B,E,A,A,H,-,D,A,0,,,,Y,Y,,A,01,1,0,0,0,0,0,0,0,0,"- ","- ",34.146831512451172,-119.09689331054688,VENTURA,UNINCORPORATED,-119.0966796875,34.147090911865234
90765320,2018,2018-07-09,9430,2018-06-30,1315,018631,,6,1,9,5600,0,1,3,,1,030,"SR-33 N/B","LOCKWOOD VALLEY RD",13200.00,N,N,A,-,N,,,,,,,,,,Y,3,0,1,1,A,-,21,22106,,N,E,I,A,A,H,-,A,D,0,,,,,Y,,A,08,0,1,0,0,0,0,0,0,0,"- ","- ",34.667839050292969,-119.96188354492188,VENTURA,UNINCORPORATED,-119.38159942626953,34.71441650390625
90767086,2018,2018-07-11,9765,2018-07-05,1650,020708,,4,2,9,5600,0,1,3,,1,021,SR-33,"SOUTH MATILIJA HOT SPRINGS RD",2600.00,N,N,A,-,N,,,33,,,,,,,Y,2,0,1,1,A,-,03,22350,,N,F,A,A,A,H,-,A,A,0,,,Y,,Y,,C,02,1,0,0,0,0,0,0,0,1,"- ","- ",34.490100860595703,-119.30547332763672,VENTURA,UNINCORPORATED,-119.30545043945312,34.490097045898438
90768012,2018,2018-07-12,9765,2018-07-04,2150,020850,,3,2,9,5600,0,1,3,,1,055,"VINEYARD AVE.",SR-118,8.00,N,N,A,-,N,,,,,,,,,,Y,3,0,1,1,A,-,01,23152,A,N,E,I,A,A,H,-,C,A,0,,,,,Y,Y,A,01,0,1,0,0,0,0,0,0,0,"- ","- ",34.274360656738281,-119.13506317138672,VENTURA,UNINCORPORATED,-119.13528442382812,34.274005889892578
9076889,2020,2020-07-20,5600,2020-03-11,1817,4501,8150,3,5,5,5601,0,0,0,,0,08B,"CEDAR DR","COLONIA PL",46.00,S,N,A,-,N,,,,,,,,,,Y,3,0,1,4,A,-,01,23152,A,F,B,E,A,A,H,-,B,D,0,,,,,Y,Y,A,08,0,1,0,0,0,0,0,0,0,"- ","- ",34.216300964355469,-119.04399871826172,VENTURA,CAMARILLO,-119.04412078857422,34.2161865234375
9077195,2020,2020-06-23,5600,2020-03-12,1719,4501,8067,4,5,5,5601,0,0,0,,0,08A,"LAS POSAS RD","CAMARILLO CENTER DR",1651.00,S,N,C,-,N,,,,,,,,,,N,4,0,1,3,A,-,03,22350,,F,C,C,A,B,H,-,A,A,0,,,,,Y,Y,A,01,0,0,1,0,0,0,0,0,0,"- ","- ",34.21099853515625,-119.06739807128906,VENTURA,CAMARILLO,-119.06977844238281,34.208759307861328
90775212,2018,2018-07-24,9765,2018-07-15,1122,020880,,7,1,6,5608,0,1,2,,2,103,"US-101 S/B","CALIFORNIA STEET O/C",600.00,N,N,A,-,Y,,,101,,,,,,S,Y,3,0,3,4,A,-,03,22350,,N,C,C,A,A,H,-,A,D,0,,,,,Y,,A,08,0,2,1,0,0,0,0,0,0,"- ","- ",34.277439117431641,-119.29521942138672,VENTURA,VENTURA,-119.29521942138672,34.277359008789062
90776633,2018,2018-07-25,9765,2018-07-17,1728,018583,,2,2,6,5608,0,1,2,,2,301,"US-101 S/B","SEAWARD AVENUE",3696.00,S,N,A,-,Y,,,101,,,,,,S,Y,3,0,1,3,A,-,03,22350,,F,C,C,A,A,H,-,A,D,0,,,,,Y,,A,07,0,1,0,0,0,0,0,0,0,"- ","- ",34.259918212890625,-119.25743865966797,VENTURA,VENTURA,-119.25743865966797,34.259933471679688
90778874,2018,2018-07-27,9765,2018-07-19,0655,018019,,4,1,4,5606,0,1,3,,2,041,"SR-126 W/B (SANTA PAULA FRWY)","PECK RD.",1110.00,W,N,A,-,Y,,,126,,,,,,W,N,4,0,1,2,A,-,07,21658,A,N,E,I,A,A,H,-,A,D,0,,,,,Y,,A,01,0,0,1,0,0,0,0,0,0,"- ","- ",34.335319519042969,-119.08576965332031,VENTURA,"SANTA PAULA",-119.08575439453125,34.335300445556641
90779731,2018,2018-07-30,9765,2018-07-15,1450,020691,,7,2,9,5600,0,1,3,,2,061,"SR-1 S/B","SYCAMORE CYN RD.",439.00,N,N,A,-,Y,,,1,,,,,,S,Y,2,0,2,2,A,-,03,22350,,N,C,C,A,A,H,-,A,D,0,,,Y,,Y,,C,02,1,1,0,0,0,0,0,0,2,"- ","- ",34.070999145507812,-119.01403045654297,VENTURA,UNINCORPORATED,-119.01403045654297,34.071010589599609
90779846,2018,2018-07-30,9770,2018-07-24,1405,020169,,2,2,4,5690,0,1,3,,2,080,"SR-118 W/B (RONALD REAGAN FREEWAY)","PRINCETON AVENUE",880.00,E,N,A,-,Y,,,118,,,,,,W,Y,3,0,1,1,A,-,08,22107,,N,E,I,A,A,H,-,A,D,0,,,,,Y,,A,01,0,1,0,0,0,0,0,0,0,"- ","- ",34.293369293212891,-118.84964752197266,VENTURA,MOORPARK,-118.84964752197266,34.293239593505859
90780544,2018,2018-07-30,9770,2018-07-26,1435,020721,,4,2,4,5690,0,1,3,,2,081,"SR-118 E/B (RONALD REAGAN FREEWAY)","COLLINS DRIVE",50.00,E,N,A,-,Y,,,118,,,,,,E,Y,4,0,2,3,A,-,03,22350,,N,C,C,A,A,H,-,A,D,0,,,,,Y,,A,01,0,0,2,0,0,0,0,0,0,"- ","- ",34.293300628662109,-118.84239959716797,VENTURA,MOORPARK,-118.84239959716797,34.293281555175781
90780898,2018,2018-07-31,9770,2018-07-26,2203,020832,,4,3,6,5607,0,1,2,,2,071,"US-101 S/B (VENTURA FREEWAY)","CONEJO INSPECTION FACILITY",3907.00,N,N,A,-,Y,,,,,,,,,,Y,3,0,2,2,A,-,03,22350,,N,C,C,A,A,H,-,D,D,0,,,,,Y,,A,07,0,2,0,0,0,0,0,0,0,"- ","- ",34.201179504394531,-118.97090148925781,VENTURA,"THOUSAND OAKS",,
90782362,2018,2018-08-01,9765,2018-07-25,1800,020585,,3,2,6,5604,0,1,2,,2,501,"US-101 SB","RICE AVE.",1696.00,N,N,A,-,Y,,,101,,,,,,S,Y,4,0,1,2,A,-,03,22350,,N,C,C,A,A,H,-,A,D,0,,,,,Y,,A,07,0,0,1,0,0,0,0,0,0,"- ","- ",34.223121643066406,-119.14824676513672,VENTURA,OXNARD,-119.14825439453125,34.223110198974609
90782385,2018,2018-08-01,9770,2018-07-31,0900,014675,,2,1,6,5607,0,1,2,,2,075,"US-101 S/B (VENTURA FREEWAY)","HAMPSHIRE ROAD",528.00,N,N,A,-,Y,,,101,,,,,,S,Y,4,0,1,2,A,-,03,22350,,N,C,C,A,A,H,-,A,D,0,,,,,Y,,A,01,0,0,1,0,0,0,0,0,0,"- ","- ",34.168338775634766,-118.84163665771484,VENTURA,"THOUSAND OAKS",-118.84159851074219,34.168403625488281
90783108,2018,2018-08-02,9765,2018-07-26,0825,014967,,4,1,6,5608,0,1,3,,2,040,"SR-126 E/B (SANTA PAULA FWY)","SR-118 (WELLS RD)",6336.00,W,N,A,-,Y,,,,,,,,,,Y,3,0,1,2,A,-,07,21658,A,N,E,I,A,A,H,-,A,A,0,,,,,Y,,A,01,0,1,0,0,0,0,0,0,0,"- ","- ",34.167488098144531,-119.10420989990234,VENTURA,VENTURA,,
90786016,2018,2018-08-07,9765,2018-07-31,1714,017395,,2,2,5,5601,0,1,2,,2,501,"US-101 S/B","CENTRAL AVENUE",500.00,N,N,A,-,Y,,,101,,,,,,S,Y,4,0,1,2,A,-,03,22350,,N,C,C,A,A,H,-,A,D,0,,,,,Y,,A,01,0,0,1,0,0,0,0,0,0,"- ","- ",34.221828460693359,-119.10652923583984,VENTURA,CAMARILLO,-119.10652923583984,34.221851348876953
90786838,2018,2018-08-08,9770,2018-08-03,1210,016383,,5,1,6,5607,0,1,2,,2,072,"US-101 N/B (VENTURA FREEWAY)","RANCHO CONEJO BOULEVARD",1584.00,N,N,A,-,Y,,,101,,,,,,N,N,4,0,1,2,A,-,03,22350,,N,C,C,A,A,H,-,A,D,0,,,,,Y,,A,08,0,0,1,0,0,0,0,0,0,"- ","- ",34.185420989990234,-118.92897796630859,VENTURA,"THOUSAND OAKS",-118.92893981933594,34.185520172119141
90788510,2018,2018-08-10,9765,2018-08-07,1717,020691,,2,2,9,5600,0,1,3,,2,040,"SR-126 E/B","WELLS ROAD",2112.00,E,N,A,-,Y,,,126,,,,,,E,Y,4,0,1,2,A,-,03,22350,,N,C,C,A,A,H,-,A,D,0,,,,,Y,,A,01,0,0,1,0,0,0,0,0,0,"- ","- ",34.292751312255859,-119.15081787109375,VENTURA,UNINCORPORATED,-119.15085601806641,34.292808532714844
90788542,2018,2018-08-10,9765,2018-08-07,1730,019057,,2,2,5,5601,0,1,2,,2,502,"US-101 N/B","CENTRAL AVENUE",1584.00,N,N,A,-,Y,,,101,,,,,,N,N,3,0,2,2,A,-,03,22350,,N,C,C,A,A,H,-,A,D,0,,,,,Y,,A,08,0,1,1,0,0,0,0,0,0,"- ","- ",34.222141265869141,-119.10964965820312,VENTURA,CAMARILLO,-119.10964965820312,34.222110748291016
90791556,2018,2018-08-15,9765,2018-08-05,0650,016198,,7,1,9,5600,0,1,3,,2,040,"SR-126 E/B","CLOW RD.",350.00,W,N,A,-,Y,,,126,,,,,,E,Y,3,0,2,1,A,-,08,22107,,N,E,I,A,A,H,-,A,D,0,,,,,Y,,D,22,0,2,0,0,0,0,0,0,0,"- ","- ",34.325981140136719,-119.09545135498047,VENTURA,UNINCORPORATED,-119.09548950195312,34.326023101806641
90792431,2018,2018-08-16,9770,2018-08-03,0002,020832,,5,3,6,5607,0,1,2,,2,073,"US-101 S/B TO LYNN ROAD","LYNN ROAD",360.00,N,N,A,-,Y,,,101,,,,R,,S,Y,3,0,1,1,A,-,01,23152,A,M,E,I,A,A,H,-,D,D,0,,,,,Y,Y,A,01,0,1,0,0,0,0,0,0,0,"- ","- ",34.183090209960938,-118.89315795898438,VENTURA,"THOUSAND OAKS",-118.89315795898438,34.183090209960938
9079342,2020,2020-07-09,5604,2020-03-03,1820,4850,,2,5,6,5604,0,0,0,,0,014,"W VINEYARD AV","KENTIA ST",0.00,,Y,A,-,N,,,,,,,,,,Y,3,0,2,2,A,-,09,21801,A,N,D,C,A,A,H,-,C,D,0,,,,,Y,,D,22,0,1,1,0,0,0,0,0,0,"- ","- ",34.22930908203125,-119.18927764892578,VENTURA,OXNARD,-119.18930816650391,34.229389190673828
9079407,2020,2020-06-26,5604,2020-02-12,1859,5392,,3,5,6,5604,0,0,0,,0,032,"E CHANNEL ISLANDS BL","EL DORADO AV",0.00,,Y,A,-,N,,,,,,,,,,N,3,0,1,2,A,-,03,22350,,N,G,B,D,A,H,-,C,D,0,Y,,,,Y,Y,A,01,0,1,0,0,1,0,0,0,0,"- ","- ",34.173191070556641,-119.14900207519531,VENTURA,OXNARD,-119.14900970458984,34.173240661621094
9079415,2020,2020-06-26,5604,2020-02-24,0208,5561,,1,5,6,5604,0,0,0,,0,032,"E LAUREL ST","GISLER ST",2640.00,W,N,A,-,N,,,,,,,,,,Y,4,0,1,3,A,-,03,22350,,N,D,E,A,A,H,-,C,D,0,,,,,Y,,A,01,0,0,1,0,0,0,0,0,0,"- ","- ",34.177108764648438,-119.17420959472656,VENTURA,OXNARD,-119.177490234375,34.177349090576172
90794495,2018,2018-08-21,9770,2018-08-12,1125,021553,,7,1,6,5607,0,1,2,,2,072,"US-101 N/B (VENTURA FREEWAY)","MOORPARK ROAD",750.00,N,N,A,-,Y,,,101,,,,,,N,N,4,0,1,2,A,-,03,22350,,N,C,C,A,A,H,-,A,D,0,,,,,Y,,A,01,0,0,1,0,0,0,0,0,0,"- ","- ",34.177799224853516,-118.87911224365234,VENTURA,"THOUSAND OAKS",-118.87911987304688,34.177772521972656
90797992,2018,2018-08-27,9765,2018-08-20,0920,015117,,1,1,9,5600,0,1,2,,2,501,"US-101 S/B (VENTURA FREEWAY)","LAS POSAS RD",528.00,S,N,A,-,Y,,,,,,,,,,Y,4,0,1,3,A,-,08,22107,,M,B,C,A,A,H,-,A,D,0,,,,,Y,,A,01,0,0,1,0,0,0,0,0,0,"- ","- ",34.219398498535156,-119.07483673095703,VENTURA,UNINCORPORATED,,
90799238,2018,2018-08-27,9430,2018-07-28,1900,018631,,6,2,9,5600,0,3,5,,2,003,SR-33,"SANTA BARBARA COUNTY LINE",1584.00,S,N,A,-,Y,,,33,,,,,,,Y,1,1,1,1,A,-,01,23152,G,N,E,I,A,A,H,-,A,D,0,,,,,Y,Y,A,07,1,0,0,0,0,0,0,0,0,"- ","- ",34.786121368408203,-119.44062042236328,VENTURA,UNINCORPORATED,-119.44066619873047,34.786079406738281
90800315,2018,2018-08-28,9765,2018-08-07,0558,016198,,2,3,6,5608,0,1,3,,1,031,"SR-126 W/B","KIMBALL RD",300.00,W,N,A,-,Y,,,126,,,,,,W,Y,4,0,1,1,A,-,08,22107,,N,E,I,A,A,H,-,B,D,0,,,,,Y,,A,01,0,0,1,0,0,0,0,0,0,"- ","- ",34.274238586425781,-119.19406890869141,VENTURA,VENTURA,-119.19408416748047,34.274345397949219
90800714,2018,2018-08-29,9770,2018-08-21,1015,017435,,2,1,9,5600,0,1,3,,1,057,"SR-23 (BROADWAY ROAD)","FRUITVALE AVENUE",430.00,S,N,A,-,N,,,23,,,,,,,Y,4,0,1,2,A,-,03,22350,,N,C,C,A,A,D,-,A,D,0,,,,Y,Y,,G,27,0,0,1,0,0,0,0,0,0,"- ","- ",34.315170288085938,-118.89003753662109,VENTURA,UNINCORPORATED,-118.89003753662109,34.315181732177734
90801300,2018,2018-08-29,9765,2018-08-26,0659,018019,,7,1,6,5608,0,1,2,,2,301,"US-101 S/B (VENTURA FRWY)","MAIN ST.",683.00,N,N,A,-,Y,,,101,,,,,,S,Y,3,0,2,2,A,-,01,23152,A,N,B,C,A,A,H,-,B,D,0,,,,,Y,Y,A,01,0,1,1,0,0,0,0,0,0,"- ","- ",34.263130187988281,-119.24543762207031,VENTURA,VENTURA,-119.24543762207031,34.26312255859375
90801641,2018,2018-08-30,9770,2018-08-24,0755,017973,,5,1,6,5609,0,1,3,,2,082,"SR-118 W/B (RONALD REAGAN FREEWAY)","MADERA ROAD",500.00,E,N,A,-,Y,,,118,,,,,,W,Y,4,0,2,2,A,-,03,22350,,N,C,C,A,A,H,-,A,D,0,,,,,Y,,A,01,0,0,2,0,0,0,0,0,0,"- ","- ",34.283439636230469,-118.79115295410156,VENTURA,"SIMI VALLEY",-118.79115295410156,34.283439636230469
90801990,2018,2018-08-30,9765,2018-08-28,0730,013206,,2,1,9,5600,0,3,5,,2,004,"TELEGRAPH ROAD","OLIVE ROAD",690.00,E,N,A,-,N,,,,,,,,,,Y,3,0,1,1,A,-,08,22107,,N,E,I,A,A,H,-,A,D,0,,,,,Y,,A,08,0,1,0,0,0,0,0,0,0,"- ","- ",34.312599182128906,-119.13179779052734,VENTURA,UNINCORPORATED,-119.13179779052734,34.312541961669922
90803911,2018,2018-08-31,9765,2018-08-31,0734,014823,,5,1,6,5604,0,1,2,,2,501,"US-101 S/B","ROSE AVE.",546.00,S,N,A,-,Y,,,101,,,,,,S,Y,4,0,1,3,A,-,03,22350,,N,B,C,A,A,H,-,A,D,0,,,,,Y,,A,01,0,0,1,0,0,0,0,0,0,"- ","- ",34.224578857421875,-119.15682220458984,VENTURA,OXNARD,-119.15682983398438,34.224544525146484
90805890,2018,2018-09-05,9770,2018-08-24,2320,021341,,5,3,6,5607,0,1,3,,2,076,"SR-23 N/B (MOORPARK FREEWAY)","JANSS ROAD",3168.00,S,N,A,-,Y,,,23,,,,,,N,Y,3,0,2,1,A,-,08,22107,,N,F,A,A,A,H,-,C,D,0,,,Y,,Y,,C,02,0,2,0,0,0,0,0,0,2,"- ","- ",34.192798614501953,-118.86115264892578,VENTURA,"THOUSAND OAKS",-118.86112213134766,34.192787170410156
9080784,2020,2020-06-22,5600,2020-03-15,1740,2658,9020,7,5,6,5607,0,0,0,,0,9A01,"E AVENIDA DE LOS ARBOLES","CALLE BOUGANVILLA",91.00,W,N,B,-,N,,,,,,,,,,Y,4,0,2,2,A,-,08,22103,,N,D,C,A,A,H,-,A,D,0,,,,,Y,,A,01,0,0,2,0,0,0,0,0,0,"- ","- ",,,VENTURA,"THOUSAND OAKS",-118.85372161865234,34.212772369384766
90808645,2018,2019-04-23,9765,2018-09-02,1445,020708,,7,2,9,5600,0,1,3,,1,021,SR-33,"LOMITA AVENUE",160.00,N,N,A,-,Y,,,33,,,,,,,Y,3,0,1,2,A,-,09,21804,A,N,D,C,A,A,H,-,A,D,0,,,,,Y,,A,01,0,1,0,0,0,0,0,0,0,"- ","- ",34.453079223632812,-119.27625274658203,VENTURA,UNINCORPORATED,-119.27625274658203,34.453071594238281