CASE_ID,ACCIDENT_YEAR,PROC_DATE,JURIS,COLLISION_DATE,COLLISION_TIME,OFFICER_ID,REPORTING_DISTRICT,DAY_OF_WEEK,CHP_SHIFT,POPULATION,CNTY_CITY_LOC,SPECIAL_COND,BEAT_TYPE,CHP_BEAT_TYPE,CITY_DIVISION_LAPD,CHP_BEAT_CLASS,BEAT_NUMBER,PRIMARY_RD,SECONDARY_RD,DISTANCE,DIRECTION,INTERSECTION,WEATHER_1,WEATHER_2,STATE_HWY_IND,CALTRANS_COUNTY,CALTRANS_DISTRICT,STATE_ROUTE,ROUTE_SUFFIX,POSTMILE_PREFIX,POSTMILE,LOCATION_TYPE,RAMP_INTERSECTION,SIDE_OF_HWY,TOW_AWAY,COLLISION_SEVERITY,NUMBER_KILLED,NUMBER_INJURED,PARTY_COUNT,PRIMARY_COLL_FACTOR,PCF_CODE_OF_VIOL,PCF_VIOL_CATEGORY,PCF_VIOLATION,PCF_VIOL_SUBSECTION,HIT_AND_RUN,TYPE_OF_COLLISION,MVIW,PED_ACTION,ROAD_SURFACE,ROAD_COND_1,ROAD_COND_2,LIGHTING,CONTROL_DEVICE,CHP_ROAD_TYPE,PEDESTRIAN_ACCIDENT,BICYCLE_ACCIDENT,MOTORCYCLE_ACCIDENT,TRUCK_ACCIDENT,NOT_PRIVATE_PROPERTY,ALCOHOL_INVOLVED,STWD_VEHTYPE_AT_FAULT,CHP_VEHTYPE_AT_FAULT,COUNT_SEVERE_INJ,COUNT_VISIBLE_INJ,COUNT_COMPLAINT_PAIN,COUNT_PED_KILLED,COUNT_PED_INJURED,COUNT_BICYCLIST_KILLED,COUNT_BICYCLIST_INJURED,COUNT_MC_KILLED,COUNT_MC_INJURED,PRIMARY_RAMP,SECONDARY_RAMP,LATITUDE,LONGITUDE,COUNTY,CITY,POINT_X,POINT_Y
90943735,2019,2019-03-11,9765,2019-03-04,0638,016234,,1,1,5,5601,0,1,2,,2,503,"US-101 S/B","CAMARILLO SPRINGS ROAD",100.00,N,N,A,-,Y,,,101,,,,,,S,Y,4,0,2,2,A,-,01,23152,A,N,D,C,A,A,H,-,A,D,0,,,,,Y,Y,A,07,0,0,2,0,0,0,0,0,0,"- ","- ",34.205329895019531,-118.98454284667969,VENTURA,CAMARILLO,-118.98454284667969,34.205333709716797
90945633,2019,2019-03-13,9770,2019-03-02,0526,021341,,6,3,6,5609,0,1,3,,2,080,"SR-118 W/B (RONALD REAGAN FREEWAY)","COLLINS DRIVE",2006.00,E,N,C,-,Y,,,,,,,,,,Y,4,0,1,2,A,-,03,22350,,N,D,C,A,B,G,-,B,D,0,,,,,Y,,A,01,0,0,1,0,0,0,0,0,0,"- ","- ",34.293449401855469,-118.8363037109375,VENTURA,"SIMI VALLEY",-118.83618927001953,34.29339599609375
90945762,2019,2019-03-13,9765,2019-03-01,1825,016592,,5,2,5,5601,0,1,2,,2,504,"US-101 N/B","SANTA ROSA RD",1584.00,S,N,B,-,Y,,,101,,,,,,N,Y,3,0,1,2,A,-,03,22350,,N,C,C,A,A,H,-,D,D,0,,,,,Y,,A,01,0,1,0,0,0,0,0,0,0,"- ","- ",34.212051391601562,-119.00228881835938,VENTURA,CAMARILLO,-119.00230407714844,34.212017059326172
90947904,2019,2019-03-18,9765,2019-03-11,0825,016549,,1,1,9,5600,0,1,3,,1,020,"SR-33 (VENTURA AVENUE)","SANTA ANA WAY",1584.00,N,N,B,-,Y,,,33,,,,,,,Y,3,0,1,1,A,-,01,23152,F,N,E,I,A,A,H,-,A,D,0,,,,,Y,,A,01,0,1,0,0,0,0,0,0,0,"- ","- ",34.407070159912109,-119.29843139648438,VENTURA,UNINCORPORATED,-119.29834747314453,34.407035827636719
90948086,2019,2019-03-18,9765,2019-03-12,0720,020762,,2,1,9,5600,0,1,3,,1,055,"SR-118 (LOS ANGELES AVENUE)","WALNUT AVENUE",1584.00,E,N,A,-,Y,,,118,,,,,,,Y,3,0,3,2,A,-,09,21804,A,N,D,C,A,A,H,-,A,D,0,,,,,Y,,D,22,0,2,1,0,0,0,0,0,0,"- ","- ",34.263648986816406,-119.07074737548828,VENTURA,UNINCORPORATED,-119.07074737548828,34.263690948486328
9095191,2020,2020-07-21,5609,2020-03-13,2113,430,,5,5,6,5609,0,0,0,,0,005,"LOS ANGELES AV","TAPO ST",32.00,E,N,B,-,N,,,,,,,,,,,4,0,2,2,A,-,03,22350,,F,C,C,A,B,H,-,C,A,0,,,,,Y,,A,01,0,0,2,0,0,0,0,0,0,"- ","- ",34.271678924560547,-118.70913696289062,VENTURA,"SIMI VALLEY",-118.70884704589844,34.271697998046875
90952096,2019,2019-03-25,9765,2019-03-14,1745,017253,,4,2,9,5600,0,1,3,,2,041,"SR-126 W/B","ELLSWORTH BARRANCA",400.00,E,N,A,-,Y,,,126,,,,,,W,Y,3,0,2,2,A,-,21,22106,,N,C,C,A,A,H,-,A,D,0,,,,Y,Y,,G,25,0,2,0,0,0,0,0,0,0,"- ","- ",34.302589416503906,-119.135009765625,VENTURA,UNINCORPORATED,-119.13493347167969,34.302455902099609
90952170,2019,2019-03-25,9765,2019-03-15,1645,020729,,5,2,9,5600,0,3,5,,2,003,"HARBOR BLVD.","GONZALES ROAD",1320.00,S,N,A,-,N,,,,,,,,,,Y,4,0,2,2,A,-,03,22350,,N,C,C,A,A,H,-,A,D,0,,,,,Y,,A,01,0,0,2,0,0,0,0,0,0,"- ","- ",34.215160369873047,-119.25196838378906,VENTURA,UNINCORPORATED,-119.25193786621094,34.215175628662109
90952478,2019,2019-03-25,9765,2019-03-16,1445,020729,,6,2,6,5608,0,1,2,,2,302,"US-101 N/B","TELEPHONE ROAD",2480.00,S,N,A,-,Y,,,101,,,,,,N,Y,3,0,1,1,A,-,08,22107,,N,E,I,A,A,H,-,A,D,0,,,,,Y,,A,07,0,1,0,0,0,0,0,0,0,"- ","- ",34.258979797363281,-119.22350311279297,VENTURA,VENTURA,-119.22353363037109,34.2589111328125
90952825,2019,2019-03-25,9770,2019-03-15,2230,021341,,5,3,9,5600,0,1,3,,1,057,"SR-23 (GRIMES CANYON ROAD)","BARDSDALE AVENUE",3168.00,S,N,A,-,Y,,,23,,,,,,,Y,4,0,1,1,A,-,01,23152,A,N,E,I,A,A,H,-,D,D,0,,,,,Y,Y,A,01,0,0,1,0,0,0,0,0,0,"- ","- ",34.361671447753906,-118.92031097412109,VENTURA,UNINCORPORATED,-118.92038726806641,34.361671447753906
90957402,2019,2019-03-29,9765,2019-03-26,0215,014736,,2,3,6,5608,0,1,2,,2,103,"US 101 S/B (VENTURA FREEWAY)","RT 33",18.00,N,N,B,-,Y,,,,,,,,,,Y,3,0,1,1,A,-,01,23152,A,N,E,I,A,A,H,-,C,D,0,,,,,Y,Y,A,01,0,1,0,0,0,0,0,0,0,"- ","- ",34.279018402099609,-119.30635833740234,VENTURA,VENTURA,,
90958731,2019,2019-04-02,9765,2019-03-23,0945,017469,,6,1,9,5600,0,3,5,,2,006,"POTRERO ROAD","VIA ACOSTA ROAD",1901.00,W,N,A,-,N,,,,,,,,,,N,3,0,1,1,A,-,08,22107,,N,F,A,A,A,H,-,A,D,0,,Y,,,Y,,L,04,0,1,0,0,0,0,1,0,0,"- ","- ",34.158420562744141,-118.99559020996094,VENTURA,UNINCORPORATED,-118.99462127685547,34.158958435058594
90959179,2019,2019-04-02,9765,2019-03-25,0850,016234,,1,1,6,5608,0,1,2,,2,302,"US-101 N/B","MONTALVO SPUR",400.00,N,N,A,-,Y,,,101,,,,,,N,Y,3,0,2,2,A,-,03,22350,,N,C,C,A,A,H,-,A,D,0,,,,,Y,,A,01,0,1,1,0,0,0,0,0,0,"- ","- ",34.248470306396484,-119.20269775390625,VENTURA,VENTURA,-119.20272064208984,34.248432159423828
90959684,2019,2019-04-03,9765,2019-03-22,0645,015117,,5,1,9,5600,0,1,3,,2,063,"RICE AVENUE",SR-34,528.00,S,N,A,-,N,,,,,,,,,,Y,4,0,1,1,A,-,08,22107,,N,E,I,A,A,H,-,A,D,0,,,,,Y,,A,01,0,0,1,0,0,0,0,0,0,"- ","- ",34.196830749511719,-119.14235687255859,VENTURA,UNINCORPORATED,-119.14237976074219,34.195461273193359
90960328,2019,2019-04-03,9770,2019-03-26,1750,020169,,2,2,9,5600,0,2,4,,1,031,"SANTA ROSA ROAD","YUCCA DRIVE",50.00,W,N,A,-,N,,,,,,,,,,N,4,0,2,2,A,-,03,22350,,N,C,C,A,A,H,-,A,D,0,,,,,Y,,A,01,0,0,2,0,0,0,0,0,0,"- ","- ",34.235858917236328,-118.92733001708984,VENTURA,UNINCORPORATED,-118.92699432373047,34.235946655273438
90961539,2019,2019-04-05,9765,2019-03-21,0615,020585,,4,1,9,5600,0,3,5,,2,006,"LAGUNA ROAD","LAS POSAS ROAD",0.00,,Y,C,-,N,,,,,,,,,,Y,4,0,1,2,A,-,12,22450,A,N,D,C,A,B,H,-,D,A,0,,,,,Y,,A,01,0,0,1,0,0,0,0,0,0,"- ","- ",34.175968170166016,-119.07135772705078,VENTURA,UNINCORPORATED,-119.07134246826172,34.176021575927734
90961540,2019,2019-07-29,9765,2019-03-26,0216,019721,,2,3,9,5600,0,1,2,,2,103,"US-101 S/B",SR-33,5.00,N,N,B,-,Y,,,,,,,,,,Y,1,1,1,2,A,-,03,22350,,N,A,C,A,A,H,-,C,D,0,,,,,Y,,A,01,0,1,0,0,0,0,0,0,0,"- ","- ",34.279018402099609,-119.30635833740234,VENTURA,UNINCORPORATED,,
90961763,2019,2019-04-05,9765,2019-03-31,1308,020691,,7,1,9,5600,0,1,3,,1,012,"SR-1 (OLD PCH)","SOLIMAR BEACH DRIVE",1584.00,S,N,A,-,Y,,,1,,,,,,,Y,4,0,1,2,A,-,03,22350,,N,C,C,A,A,H,-,A,D,0,,,,,Y,,A,01,0,0,1,0,0,0,0,0,0,"- ","- ",34.307868957519531,-119.35298156738281,VENTURA,UNINCORPORATED,-119.35301208496094,34.307830810546875
90961839,2019,2019-04-05,9770,2019-04-02,0820,018885,,2,1,9,5600,0,1,3,,1,046,"SR-126 W/B (EAST TELEGRAPH ROAD)","CAMULOS RANCH COMPANY",528.00,E,N,A,-,Y,,,126,,,,,,W,Y,3,0,1,2,A,-,03,22350,,N,C,C,A,A,H,-,A,D,0,,,,Y,Y,,A,07,0,1,0,0,0,0,0,0,0,"- ","- ",34.406730651855469,-118.75491333007812,VENTURA,UNINCORPORATED,-118.75491333007812,34.406681060791016
90962802,2019,2019-04-08,9765,2019-03-31,1522,020691,,7,2,9,5600,0,1,2,,2,103,"US-101 S/B","CALIFORNIA STREET",528.00,N,N,A,-,Y,,,,,,,,,,Y,4,0,2,2,A,-,03,22350,,N,C,C,A,A,H,-,A,D,0,,,,,Y,,A,08,0,0,2,0,0,0,0,0,0,"- ","- ",34.277370452880859,-119.29556274414062,VENTURA,UNINCORPORATED,,
90963940,2019,2019-04-09,9765,2019-03-26,1555,020708,,2,2,5,5601,0,1,2,,2,504,"US-101 N/B","CARMEN DRIVE",1000.00,N,N,A,-,Y,,,101,,,,,,N,Y,4,0,1,3,A,-,03,22350,,N,C,C,A,A,H,-,A,D,0,,,,,Y,,A,01,0,0,1,0,0,0,0,0,0,"- ","- ",34.218158721923828,-119.056396484375,VENTURA,CAMARILLO,-119.056396484375,34.218212127685547
90964334,2019,2019-04-09,9770,2019-04-04,0745,016383,,4,1,6,5607,0,1,2,,2,073,"US-101 S/B (VENTURA FREEWAY)","VENTU PARK ROAD",150.00,S,N,B,-,Y,,,101,,,,,,S,Y,4,0,1,3,A,-,03,22350,,N,C,C,A,A,H,-,A,D,0,,,,,Y,,A,01,0,0,1,0,0,0,0,0,0,"- ","- ",34.184360504150391,-118.91049194335938,VENTURA,"THOUSAND OAKS",-118.91049194335938,34.184284210205078
90964488,2019,2019-04-09,9765,2019-03-30,1710,020708,,6,2,9,5600,0,1,3,,1,020,SR-33,"PARKVIEW DRIVE",1260.00,S,N,A,-,Y,,,33,,,,,,,Y,3,0,1,1,C,-,18,,,N,E,I,A,A,H,-,A,D,0,,,,,Y,,-,"- ",0,1,0,0,0,0,0,0,0,"- ","- ",34.359779357910156,-119.30960845947266,VENTURA,UNINCORPORATED,-119.30950927734375,34.359798431396484
90965593,2019,2019-04-11,9765,2019-04-01,1900,016592,,1,2,6,5608,0,1,2,,2,302,"US-101 N/B","VICTORIA AVENUE",143.00,N,N,A,-,Y,,,101,,,,,,N,N,3,0,1,2,A,-,11,21954,A,N,G,B,D,A,H,-,A,D,0,Y,,,Y,Y,,N,60,0,1,0,0,1,0,0,0,0,"- ","- ",34.252998352050781,-119.21140289306641,VENTURA,VENTURA,-119.21142578125,34.252960205078125
90966120,2019,2019-04-11,9765,2019-04-07,2253,020691,,7,3,9,5600,0,1,3,,1,068,"SR-34  (EAST 5TH STREET)","LAS POSAS ROAD",60.00,W,N,B,-,Y,,,34,,,,,,,Y,4,0,2,2,A,-,03,22350,,N,C,C,A,A,H,-,C,D,0,,,,,Y,,A,07,0,0,2,0,0,0,0,0,0,"- ","- ",34.196308135986328,-119.07015228271484,VENTURA,UNINCORPORATED,-119.07015228271484,34.196331024169922
90966398,2019,2019-04-12,9765,2019-04-09,0715,013206,,2,1,9,5600,0,3,5,,2,004,"FOOTHILL ROAD","ADAMS CANYON ROAD",1320.00,W,N,A,-,N,,,,,,,,,,Y,4,0,1,2,A,-,03,22350,,N,A,C,A,A,H,-,A,D,0,,,,,Y,,A,01,0,0,1,0,0,0,0,0,0,"- ","- ",34.344501495361328,-119.10720062255859,VENTURA,UNINCORPORATED,-119.10726928710938,34.344501495361328
90967689,2019,2019-04-15,9765,2019-04-12,1155,013206,,5,1,6,5608,0,1,3,,1,031,"SR-126 W/B","KIMBALL ROAD",1848.00,E,N,A,-,Y,,,,,,,,,,Y,4,0,1,1,A,-,08,22107,,N,E,I,A,A,H,-,A,D,0,,,,,Y,,A,01,0,0,1,0,0,0,0,0,0,"- ","- ",34.279399871826172,-119.14550018310547,VENTURA,VENTURA,-119.19074249267578,34.27484130859375
90971836,2019,2019-04-22,9765,2019-04-12,0930,017469,,5,1,9,5600,0,1,3,,2,060,"SR-1 N/B","PLEASANT VALLEY ROAD",5280.00,S,N,A,-,Y,,,1,,,,,,N,Y,4,0,1,1,A,-,08,22107,,N,E,I,A,A,H,-,A,D,0,,,,,Y,,A,01,0,0,1,0,0,0,0,0,0,"- ","- ",34.156711578369141,-119.12805938720703,VENTURA,UNINCORPORATED,-119.12802886962891,34.156764984130859
9097261,2020,2020-10-29,5604,2020-05-04,0539,5555,,1,5,6,5604,0,0,0,,0,032,"S ROSE AV","EMERSON AV",0.00,,Y,A,-,N,,,,,,,,,,Y,3,0,2,2,A,-,09,21801,A,N,D,C,A,A,H,-,B,A,0,,,,,Y,,A,01,0,1,1,0,0,0,0,0,0,"- ","- ",,,VENTURA,OXNARD,-119.16004943847656,34.182548522949219
90972619,2019,2019-04-22,9770,2019-04-16,1823,019930,,2,2,6,5607,0,1,3,,2,076,"SR-23 N/B FROM JANSS ROAD E/B","JANSS ROAD",100.00,S,N,B,-,Y,,,23,,,,R,,N,N,4,0,2,2,A,-,03,22350,,N,C,C,A,A,H,-,A,A,0,,,,,Y,,A,01,0,0,2,0,0,0,0,0,0,"- ","- ",34.199050903320312,-118.85669708251953,VENTURA,"THOUSAND OAKS",-118.85669708251953,34.199050903320312
90972875,2019,2019-04-23,9765,2019-04-18,0545,014967,,4,3,9,5600,0,1,3,,2,053,"SR-232 (VINEYARD AVENUE)","CENTRAL AVENUE",3168.00,N,N,A,-,Y,,,,,,,,,,Y,3,0,1,2,A,-,03,22350,,N,C,C,A,A,H,-,D,D,0,,,,,Y,,D,22,0,1,0,0,0,0,0,0,0,"- ","- ",34.265060424804688,-119.15827941894531,VENTURA,UNINCORPORATED,,
9097806,2020,2020-08-03,5604,2020-02-28,1101,5555,,5,5,6,5604,0,0,0,,0,031,"N OXNARD BL","COOPER RD",0.00,,Y,A,-,N,,,,,,,,,,,4,0,2,2,A,-,12,21453,A,N,D,C,A,A,H,-,A,A,0,,,,,Y,,A,01,0,0,2,0,0,0,0,0,0,"- ","- ",,,VENTURA,OXNARD,-119.17739105224609,34.204559326171875
90978473,2019,2019-04-30,9765,2019-04-19,1145,018019,,5,1,6,5604,0,1,2,,2,502,"US-101 N/B (VENTURA FRWY)","ROSE AVE.",1035.00,N,N,A,-,Y,,,101,,,,,,N,Y,4,0,1,1,A,-,08,22107,,N,F,I,A,A,H,-,A,D,0,,,,,Y,,A,07,0,0,1,0,0,0,0,0,0,"- ","- ",34.2264404296875,-119.16272735595703,VENTURA,OXNARD,-119.16277313232422,34.226276397705078
9097861,2020,2020-10-13,5600,2020-02-03,1215,5135,8064,1,5,5,5601,0,0,0,,0,08A,"LAS POSAS RD","RT 101",0.00,,Y,A,-,Y,VEN,7,101,-,-,15.888,R,4,N,Y,4,0,1,2,A,-,12,21453,A,N,D,C,A,A,H,-,A,A,0,,,,,Y,,-,"- ",0,0,1,0,0,0,0,0,0,"- ","- ",34.220298767089844,-119.0697021484375,VENTURA,CAMARILLO,-119.06979370117188,34.219295501708984
90979125,2019,2019-04-30,9765,2019-04-22,1550,019057,,1,2,9,5600,0,3,5,,2,006,"RICE AVENUE","PLEASANT VALLEY ROAD",700.00,N,N,A,-,N,,,,,,,,,,Y,3,0,1,2,A,-,03,22350,,N,C,C,A,A,H,-,A,D,0,,,,,Y,,A,01,0,1,0,0,0,0,0,0,0,"- ","- ",34.168869018554688,-119.14289093017578,VENTURA,UNINCORPORATED,-119.14289093017578,34.168869018554688
90980604,2019,2019-05-02,9765,2019-04-24,1430,017253,,3,2,9,5600,0,1,3,,2,041,"SR-126 W/B FROM S. BRIGGS ROAD","S. BRIGGS RD",1010.00,W,N,A,-,Y,,,126,,,,R,,W,Y,4,0,2,2,A,-,03,22350,,N,C,C,A,A,H,-,A,D,0,,,,,Y,,A,07,0,0,2,0,0,0,0,0,0,"- ","- ",34.320838928222656,-119.10404968261719,VENTURA,UNINCORPORATED,-119.10404968261719,34.320838928222656
90981394,2019,2019-05-03,9765,2019-04-24,1610,019057,,3,2,9,5600,0,3,5,,2,006,"RICE AVENUE","HUENEME ROAD",1584.00,N,N,B,-,N,,,,,,,,,,Y,3,0,1,1,A,-,01,23152,A,N,F,I,A,A,H,-,A,D,0,,,,,Y,Y,A,07,0,1,0,0,0,0,0,0,0,"- ","- ",34.092201232910156,-119.08119964599609,VENTURA,UNINCORPORATED,-119.13694763183594,34.151508331298828
90981427,2019,2019-05-03,9765,2019-04-27,2027,017395,,6,2,9,5600,0,3,5,,2,006,"RICE AVENUE","WOOLEY RD",226.00,N,N,B,-,N,,,,,,,,,,Y,4,0,1,3,A,-,03,22350,,M,C,C,A,A,H,-,D,A,0,,,,,Y,,A,01,0,0,1,0,0,0,0,0,0,"- ","- ",34.190448760986328,-119.14246368408203,VENTURA,UNINCORPORATED,-119.14244842529297,34.190341949462891
9098381,2020,2020-07-24,5608,2020-03-24,0545,440,5608,2,5,6,5608,0,0,0,,0,004,"VALENTINE RD","VALENTINE RD 5300",0.00,,N,F,-,N,,,,,,,,,,N,3,0,1,2,A,-,07,21658,A,N,H,J,A,-,-,-,B,A,0,,,,,Y,,-,,0,1,0,0,0,0,0,0,0,"- ","- ",,,VENTURA,VENTURA,,
90984075,2019,2019-05-08,9770,2019-04-29,2359,021909,,1,3,6,5607,0,1,2,,2,074,"US-101 N/B (VENTURA FREEWAY)","RANCHO ROAD",700.00,S,N,A,-,Y,,,101,,,,,,N,Y,2,0,1,1,A,-,08,22107,,N,A,I,A,A,H,-,C,D,0,,,,,Y,,D,22,1,0,0,0,0,0,0,0,0,"- ","- ",34.175891876220703,-118.85601806640625,VENTURA,"THOUSAND OAKS",-118.85601806640625,34.17596435546875
90985897,2019,2019-05-10,9770,2019-05-03,0640,017409,,5,1,6,5607,0,1,3,,2,077,"SR-23 S/B FROM JANSS ROAD E/B","JANSS ROAD",634.00,S,N,A,-,Y,,,23,,,,R,,S,Y,4,0,1,3,A,-,03,22350,,M,C,C,A,A,H,-,A,A,0,,,,,Y,,A,07,0,0,1,0,0,0,0,0,0,"- ","- ",34.198371887207031,-118.85845947265625,VENTURA,"THOUSAND OAKS",-118.85845947265625,34.198371887207031
90986979,2019,2019-05-13,9770,2019-05-03,1550,022221,,5,2,6,5607,0,1,2,,2,073,"US-101 S/B (VENTURA FREEWAY)","VENTU PARK ROAD",2112.00,E,N,A,-,Y,,,101,,,,,,S,Y,4,0,1,4,A,-,03,22350,,N,C,C,A,A,H,-,A,D,0,,,,,Y,,A,07,0,0,1,0,0,0,0,0,0,"- ","- ",34.184249877929688,-118.90402984619141,VENTURA,"THOUSAND OAKS",-118.90403747558594,34.184322357177734
9098721,2020,2020-08-03,5604,2020-04-24,1009,5459,,5,5,6,5604,0,0,0,,0,022,"S K ST","5TH ST",31.00,S,N,A,-,N,,,,,,,,,,N,4,0,1,2,A,-,21,22106,,N,-,C,A,A,H,-,A,D,0,,,,,Y,,A,01,0,0,1,0,0,0,0,0,0,"- ","- ",37.197769165039062,-119.19159698486328,VENTURA,OXNARD,-119.19168090820312,34.197765350341797
9098722,2020,2020-08-03,5604,2020-04-21,0735,5527,,2,5,6,5604,0,0,0,,0,042,"W PLEASANT VALLEY RD","PERKINS RD",0.00,,Y,A,-,N,,,,,,,,,,Y,4,0,1,2,A,-,09,21801,A,N,D,C,A,A,H,-,B,A,0,,,,,Y,,A,01,0,0,1,0,0,0,0,0,0,"- ","- ",34.155509948730469,-119.18276977539062,VENTURA,OXNARD,-119.18386077880859,34.154739379882812
9098726,2020,2020-08-03,5604,2020-04-17,1448,4834,,5,5,6,5604,0,0,0,,0,011,"GONZALES RD","H ST",5.00,W,N,A,-,N,,,,,,,,,,Y,3,0,6,2,A,-,08,22107,,N,B,C,A,A,H,-,A,B,0,,,,,Y,,A,01,0,4,2,0,0,0,0,0,0,"- ","- ",,,VENTURA,OXNARD,-119.18632507324219,34.219211578369141
9098730,2020,2020-08-03,5604,2020-04-11,1644,5474,,6,5,6,5604,0,0,0,,0,023,"6TH ST","OXNARD BL",0.00,,Y,A,-,N,,,,,,,,,,Y,2,0,1,2,A,-,08,22107,,F,G,B,B,A,H,-,A,A,0,Y,,,,Y,,A,07,1,0,0,0,1,0,0,0,0,"- ","- ",34.196361541748047,-119.17739868164062,VENTURA,OXNARD,-119.17745971679688,34.19635009765625
9098732,2020,2020-08-03,5604,2020-04-09,0209,4674,,4,5,6,5604,0,0,0,,0,024,"HEMLOCK ST","J ST",40.00,W,N,C,-,N,,,,,,,,,,Y,4,0,1,3,A,-,03,22350,,F,C,C,A,B,H,-,C,A,0,,,,,Y,,A,01,0,0,1,0,0,0,0,0,0,"- ","- ",34.182510375976562,-119.19232177734375,VENTURA,OXNARD,-119.18717193603516,34.181560516357422
9098736,2020,2020-08-03,5604,2020-04-03,1543,5532,,5,5,6,5604,0,0,0,,0,021,"VICTORIA AV","LEEWARD WY",50.00,S,N,A,-,N,,,,,,,,,,Y,4,0,3,2,A,-,01,23153,A,N,C,C,A,A,H,-,A,A,0,,,,,Y,Y,A,01,0,0,3,0,0,0,0,0,0,"- ","- ",34.185508728027344,-119.22129058837891,VENTURA,OXNARD,-119.22138977050781,34.185382843017578
90987984,2019,2019-05-14,9765,2019-05-06,1525,020729,,1,2,9,5600,0,3,5,,2,005,"SIMON WAY","BALBOA STREET",150.00,N,N,A,-,N,,,,,,,,,,Y,4,0,1,2,A,-,08,22107,,N,B,C,A,A,H,-,A,D,0,,,,,Y,,A,01,0,0,1,0,0,0,0,0,0,"- ","- ",34.239498138427734,-119.15727996826172,VENTURA,UNINCORPORATED,-119.15738677978516,34.239574432373047
9098879,2020,2020-08-03,5604,2020-04-01,1443,5354,,3,5,6,5604,0,0,0,,0,042,"PLEASANT VALLEY RD","CYPRESS RD",0.00,,Y,A,-,N,,,,,,,,,,Y,4,0,3,3,A,-,12,21453,A,N,A,C,A,A,H,-,A,A,0,,,,,Y,,A,01,0,0,3,0,0,0,0,0,0,"- ","- ",,,VENTURA,OXNARD,-119.17299652099609,34.154720306396484
90989879,2019,2019-05-16,9765,2019-05-08,0700,016234,,3,1,9,5600,0,1,2,,2,501,"CENTRAL AVENUE","BURSON WAY",0.00,,Y,A,-,N,,,,,,,,,,N,3,0,1,2,A,-,09,21802,A,N,E,G,A,A,H,-,A,D,0,,Y,,,Y,,A,01,0,1,0,0,0,0,1,0,0,"- ","- ",34.256591796875,-119.15113067626953,VENTURA,UNINCORPORATED,-119.15113830566406,34.256580352783203
90990051,2019,2019-05-16,9770,2019-05-08,1700,022221,,3,2,9,5600,0,1,3,,2,084,"SR-23 N/B (MOORPARK FREEWAY)","TIERRA REJADA ROAD",3696.00,S,N,B,-,Y,,,23,,,,,,N,Y,4,0,1,3,A,-,03,22350,,N,C,C,A,A,H,-,A,D,0,,,,,Y,,A,01,0,0,1,0,0,0,0,0,0,"- ","- ",34.259349822998047,-118.84294128417969,VENTURA,UNINCORPORATED,-118.84300231933594,34.25927734375
90993675,2019,2019-05-22,9765,2019-05-16,2148,019277,,4,2,9,5600,0,1,2,,2,103,"US-101 S/B (VENTURA FREEWAY)","VENTURA RIVER",7920.00,N,N,A,-,Y,,,101,,,,,,S,N,4,0,1,2,A,-,03,22350,,N,C,C,A,A,H,-,D,D,0,,,,,Y,,D,22,0,0,1,0,0,0,0,0,0,"- ","- ",34.288490295410156,-119.3311767578125,VENTURA,UNINCORPORATED,-119.33114624023438,34.28857421875
90994807,2019,2019-05-23,9765,2019-05-18,1645,022272,,6,2,5,5601,0,1,2,,2,504,"US-101 N/B","CARMEN DRIVE",739.00,E,N,A,-,Y,,,101,,,,,,N,N,4,0,2,2,A,-,03,22350,,N,C,C,A,A,H,-,A,D,0,,,,,Y,,A,07,0,0,2,0,0,0,0,0,0,"- ","- ",34.217620849609375,-119.04801177978516,VENTURA,CAMARILLO,-119.04801177978516,34.217639923095703
90995249,2019,2019-05-23,9765,2019-05-19,1650,019057,,7,2,9,5600,0,1,3,,1,062,SR-1,"LA JOLLA CANYON RD",6336.00,N,N,B,-,Y,,,1,,,,,,,Y,4,0,1,2,A,-,08,22107,,N,D,C,A,A,H,-,A,D,0,,,Y,,Y,,A,01,0,0,1,0,0,0,0,0,1,"- ","- ",34.085941314697266,-119.05697631835938,VENTURA,UNINCORPORATED,-119.05696105957031,34.086036682128906
90996367,2019,2019-05-27,9765,2019-05-14,2220,021522,,2,3,9,5600,0,1,3,,1,020,SR-33,"MOBILE LANE",0.00,,Y,A,-,Y,,,33,,,,,,,Y,4,0,1,2,A,-,09,21801,A,N,D,C,A,A,H,-,C,D,0,,,,,Y,,D,22,0,0,1,0,0,0,0,0,0,"- ","- ",34.372509002685547,-119.30642700195312,VENTURA,UNINCORPORATED,-119.30638122558594,34.372501373291016
90996755,2019,2019-07-31,9765,2019-05-22,1549,017395,,3,2,5,5601,0,1,2,,2,502,"US-101 N/B","SPRINGVILLE DRIVE",167.00,N,N,A,-,Y,,,101,,,,,,N,Y,4,0,1,4,A,-,03,22350,,M,C,C,A,A,H,-,A,D,0,,,,,Y,,A,01,0,0,1,0,0,0,0,0,0,"- ","- ",34.220588684082031,-119.08612823486328,VENTURA,CAMARILLO,-119.08612823486328,34.220577239990234