CASE_ID,ACCIDENT_YEAR,PROC_DATE,JURIS,COLLISION_DATE,COLLISION_TIME,OFFICER_ID,REPORTING_DISTRICT,DAY_OF_WEEK,CHP_SHIFT,POPULATION,CNTY_CITY_LOC,SPECIAL_COND,BEAT_TYPE,CHP_BEAT_TYPE,CITY_DIVISION_LAPD,CHP_BEAT_CLASS,BEAT_NUMBER,PRIMARY_RD,SECONDARY_RD,DISTANCE,DIRECTION,INTERSECTION,WEATHER_1,WEATHER_2,STATE_HWY_IND,CALTRANS_COUNTY,CALTRANS_DISTRICT,STATE_ROUTE,ROUTE_SUFFIX,POSTMILE_PREFIX,POSTMILE,LOCATION_TYPE,RAMP_INTERSECTION,SIDE_OF_HWY,TOW_AWAY,COLLISION_SEVERITY,NUMBER_KILLED,NUMBER_INJURED,PARTY_COUNT,PRIMARY_COLL_FACTOR,PCF_CODE_OF_VIOL,PCF_VIOL_CATEGORY,PCF_VIOLATION,PCF_VIOL_SUBSECTION,HIT_AND_RUN,TYPE_OF_COLLISION,MVIW,PED_ACTION,ROAD_SURFACE,ROAD_COND_1,ROAD_COND_2,LIGHTING,CONTROL_DEVICE,CHP_ROAD_TYPE,PEDESTRIAN_ACCIDENT,BICYCLE_ACCIDENT,MOTORCYCLE_ACCIDENT,TRUCK_ACCIDENT,NOT_PRIVATE_PROPERTY,ALCOHOL_INVOLVED,STWD_VEHTYPE_AT_FAULT,CHP_VEHTYPE_AT_FAULT,COUNT_SEVERE_INJ,COUNT_VISIBLE_INJ,COUNT_COMPLAINT_PAIN,COUNT_PED_KILLED,COUNT_PED_INJURED,COUNT_BICYCLIST_KILLED,COUNT_BICYCLIST_INJURED,COUNT_MC_KILLED,COUNT_MC_INJURED,PRIMARY_RAMP,SECONDARY_RAMP,LATITUDE,LONGITUDE,COUNTY,CITY,POINT_X,POINT_Y
91075985,2019,2019-09-17,9765,2019-08-30,1535,020729,,5,2,6,5608,0,1,2,,2,302,"US-101 N/B","MAIN STREET",130.00,S,N,A,-,Y,,,101,,,,,,N,Y,3,0,1,2,A,-,01,23152,A,N,C,C,A,A,H,-,A,D,0,,,,,Y,Y,D,22,0,1,0,0,0,0,0,0,0,"- ","- ",34.264598846435547,-119.24295806884766,VENTURA,VENTURA,-119.24293518066406,34.264533996582031
91076006,2019,2019-09-17,9765,2019-09-01,1520,022337,,7,2,9,5600,0,1,3,,1,055,SR-118,"CENTER SCHOOL ROAD",6.00,E,N,A,-,Y,,,118,,,,,,,Y,4,0,2,2,A,-,08,22107,,N,B,C,A,A,H,-,A,D,0,,,,,Y,,D,22,0,0,2,0,0,0,0,0,0,"- ","- ",34.263729095458984,-119.060791015625,VENTURA,UNINCORPORATED,-119.060791015625,34.263717651367188
91076466,2019,2019-09-17,9765,2019-09-08,0630,020708,,7,1,9,5600,0,1,3,,1,021,SR-33,"ROSE VALLEY ROAD",4224.00,N,N,A,-,N,,,33,,,,,,,N,3,0,1,1,A,-,08,22107,,N,F,I,A,A,H,-,A,D,0,,,,,Y,,A,01,0,1,0,0,0,0,0,0,0,"- ","- ",34.540378570556641,-119.23887634277344,VENTURA,UNINCORPORATED,-119.23888397216797,34.540424346923828
91076531,2019,2019-09-17,9770,2019-09-12,1650,019930,,4,2,9,5600,0,2,4,,1,031,"SANTA ROSA ROAD E/B","HILL CANYON ROAD",2000.00,W,N,A,-,N,,,,,,,,,,Y,4,0,3,3,A,-,03,22350,,N,C,C,A,A,H,-,A,D,0,,,,,Y,,D,22,0,0,3,0,0,0,0,0,0,"- ","- ",34.235198974609375,-118.93845367431641,VENTURA,UNINCORPORATED,-118.93731689453125,34.234996795654297
91077592,2019,2019-09-18,9770,2019-09-12,1005,017973,,4,1,9,5600,0,2,4,,1,056,"GRIMES CANYON ROAD","TURFWAY ROAD(PRIVATE ROAD)",2600.00,S,N,A,-,N,,,,,,,,,,Y,4,0,1,1,A,-,08,22107,,N,F,A,A,A,H,-,A,D,0,,,,Y,Y,,F,26,0,0,1,0,0,0,0,0,0,"- ","- ",34.291339874267578,-118.92739868164062,VENTURA,UNINCORPORATED,-118.92714691162109,34.291496276855469
91078367,2019,2019-09-19,9765,2019-09-11,0822,020924,,3,1,9,5600,0,3,5,,2,006,"POTRERO ROAD","OXNARD STREET",17.00,W,N,A,-,N,,,,,,,,,,Y,4,0,1,3,A,-,03,22350,,N,C,C,A,A,H,-,A,D,0,,,,,Y,,A,01,0,0,1,0,0,0,0,0,0,"- ","- ",34.15985107421875,-119.04960632324219,VENTURA,UNINCORPORATED,-119.04661560058594,34.159084320068359
91081060,2019,2019-09-23,9765,2019-09-22,0005,019057,,7,3,4,5606,0,1,3,,2,040,"SR-126 E/B","PECK ROAD",0.00,,N,A,-,Y,,,,,,,,,,Y,3,0,1,1,A,-,01,23152,A,N,E,I,A,A,H,-,C,D,0,,,,,Y,Y,A,01,0,1,0,0,0,0,0,0,0,"- ","- ",34.201698303222656,-119.04509735107422,VENTURA,"SANTA PAULA",-119.08273315429688,34.337108612060547
91081685,2019,2019-09-24,9765,2019-09-13,1335,020334,,5,1,6,5604,0,1,2,,2,302,"US-101 N/B","JOHNSON DRIVE",100.00,S,N,A,-,Y,,,,,,,,,,Y,4,0,1,2,A,-,03,22350,,N,C,C,A,A,H,-,A,D,0,,,,,Y,,D,22,0,0,1,0,0,0,0,0,0,"- ","- ",34.243431091308594,-118.19171142578125,VENTURA,OXNARD,-119.19234466552734,34.24359130859375
91085526,2019,2019-09-27,9765,2019-09-22,1305,020708,,7,1,9,5600,0,3,5,,2,004,"AZAHAR STREET","ALELIA AVENUE",0.00,,Y,A,-,N,,,,,,,,,,N,4,0,1,2,A,-,09,21802,A,N,D,C,A,A,H,-,A,A,0,,,,,Y,,A,01,0,0,1,0,0,0,0,0,0,"- ","- ",34.28424072265625,-119.14705657958984,VENTURA,UNINCORPORATED,-119.14705657958984,34.284271240234375
9108579,2020,2020-08-06,5604,2020-04-27,1725,5586,,1,5,6,5604,0,0,0,,0,023,"S B ST","W 6TH ST W",0.00,,Y,A,-,N,,,,,,,,,,Y,4,0,1,2,A,-,12,21453,A,N,D,C,A,A,H,-,A,A,0,,,,,Y,,A,07,0,0,1,0,0,0,0,0,0,"- ","- ",34.196201324462891,-119.18006896972656,VENTURA,OXNARD,-119.17986297607422,34.196361541748047
91086997,2019,2019-09-30,9765,2019-09-21,0736,022272,,6,1,9,5600,0,3,5,,2,006,"HUENEME ROAD",SR-1,10.00,W,N,A,-,N,,,,,,,,,,Y,4,0,1,4,A,-,03,22350,,N,C,C,A,A,H,-,A,A,0,,,,,Y,,D,22,0,0,1,0,0,0,0,0,0,"- ","- ",34.146999359130859,-119.11190032958984,VENTURA,UNINCORPORATED,-119.11179351806641,34.146961212158203
91088648,2019,2019-10-02,9770,2019-09-23,1318,016198,,1,1,6,5607,0,1,2,,2,072,"US-101 N/B (VENTURA FREEWAY)","LYNN ROAD",2112.00,S,N,A,-,Y,,,101,,,,,,N,Y,2,0,1,1,A,-,08,22107,,N,E,I,A,A,H,-,A,D,0,,,,,Y,,A,07,1,0,0,0,0,0,0,0,0,"- ","- ",34.180091857910156,-118.88414001464844,VENTURA,"THOUSAND OAKS",-118.88419342041016,34.179981231689453
9108914,2020,2020-06-26,5604,2020-03-21,1310,5530,,6,5,6,5604,0,0,0,,0,042,"ARCTURUS AV","HUENEME RD",0.00,,Y,A,-,N,,,,,,,,,,Y,4,0,3,2,A,-,12,21453,A,F,D,C,A,A,H,-,A,A,0,,,,,Y,,A,01,0,0,3,0,0,0,0,0,0,"- ","- ",34.147388458251953,-119.1722412109375,VENTURA,OXNARD,-119.17225646972656,34.1474609375
91090163,2019,2019-11-07,9765,2019-07-17,2052,020729,,3,2,9,5600,0,1,2,,1,102,"US-101 N/B",SR-1,2112.00,N,N,A,-,Y,,,101,,,,,,N,Y,1,1,0,2,A,-,17,21200,,N,C,G,A,A,H,-,D,D,0,,Y,,Y,Y,,L,04,0,0,0,0,0,1,0,0,0,"- ","- ",34.293491363525391,-119.33828735351562,VENTURA,UNINCORPORATED,-119.33829498291016,34.293487548828125
91091457,2019,2019-10-07,9770,2019-09-30,1405,021911,,1,2,6,5607,0,1,2,,2,072,"US-101 N/B (VENTURA FREEWAY)","WENDY DRIVE",2200.00,S,N,A,-,Y,,,101,,,,,,N,N,4,0,2,2,A,-,08,22107,,N,B,C,A,A,H,-,A,D,0,,,,,Y,,A,01,0,0,2,0,0,0,0,0,0,"- ","- ",34.186969757080078,-118.93250274658203,VENTURA,"THOUSAND OAKS",-118.93248748779297,34.187000274658203
91091865,2019,2019-10-07,9765,2019-09-17,1345,019988,,2,1,6,5608,0,1,2,,2,302,"US-101 N/B","VINEYARD AVE.",400.00,N,N,A,-,Y,,,,,,,,,,Y,4,0,1,2,A,-,01,23152,F,F,C,C,A,A,H,-,A,A,0,,,,,Y,Y,A,01,0,0,1,0,0,0,0,0,0,"- ","- ",34.235740661621094,-119.17623901367188,VENTURA,VENTURA,-119.17388916015625,34.232925415039062
91096243,2019,2019-10-14,9765,2019-09-27,2248,022345,,5,3,5,5601,0,1,2,,2,503,"US-101 S/B TO VENTURA BLVD","VENTURA BOULEVARD",115.00,N,N,A,-,Y,,,,,,,,,,Y,4,0,1,1,A,-,03,22350,,N,E,I,A,A,H,-,C,D,0,,,,,Y,,A,01,0,0,1,0,0,0,0,0,0,"- ","- ",34.125991821289062,-119.21128082275391,VENTURA,CAMARILLO,,
9109795,2020,2020-11-05,5600,2020-05-14,1039,4438,8126,4,5,5,5601,0,0,0,,0,8C01,"GRAHAM AV","DUMETZ ST",36.00,N,N,B,-,N,,,,,,,,,,N,3,0,1,1,A,-,02,22526,A,N,E,I,A,A,H,-,A,D,0,,,,,Y,,A,07,0,1,0,0,0,0,0,0,0,"- ","- ",34.220291137695312,-119.03430938720703,VENTURA,CAMARILLO,-119.03427124023438,34.220447540283203
9109925,2020,2020-08-21,5608,2020-06-10,1847,531,,3,5,6,5608,0,0,0,,0,002,"SOUTH SEAWARD AV","OCEAN AV",150.00,S,N,A,-,N,,,,,,,,,,Y,3,0,1,2,A,-,03,22350,,N,C,C,A,A,H,-,A,D,0,,,,,Y,,-,,0,1,0,0,0,0,0,0,0,"- ","- ",,,VENTURA,VENTURA,-119.26711273193359,34.271137237548828
9109929,2020,2020-08-21,5608,2020-06-14,2007,533,30,7,5,6,5608,0,0,0,,0,001,"HARBOA RD","CALIFORNIA ST",350.00,E,N,A,-,N,,,,,,,,,,Y,3,0,1,1,A,-,08,22107,,N,E,I,A,A,H,-,B,D,0,,,,,Y,,-,,0,1,0,0,0,0,0,0,0,"- ","- ",,,VENTURA,VENTURA,-119.291957,34.276605000000004
91099804,2019,2019-10-17,9770,2019-10-16,0745,017627,,3,1,6,5609,0,1,3,,2,083,"SR-118 E/B (RONALD REAGAN FREEWAY)","TAPO CANYON ROAD",2640.00,E,N,A,-,Y,,,118,,,,,,E,N,4,0,1,2,A,-,08,22107,,N,C,C,A,A,H,-,A,D,0,,,,,Y,,A,01,0,0,1,0,0,0,0,0,0,"- ","- ",34.281501770019531,-118.70719909667969,VENTURA,"SIMI VALLEY",-118.70719909667969,34.281509399414062
9110404,2020,2020-09-04,5600,2020-06-20,2303,5150,8150,6,5,5,5601,0,0,0,,0,8B01,"CARMEN DR","SEVILLA ST",5.00,S,N,A,-,N,,,,,,,,,,Y,3,0,2,1,A,-,01,23153,A,N,E,I,A,A,H,-,C,A,0,,,,,Y,Y,A,01,0,2,0,0,0,0,0,0,0,"- ","- ",34.212001800537109,-119.05365753173828,VENTURA,CAMARILLO,-119.05023193359375,34.213718414306641
91104185,2019,2019-10-23,9765,2019-10-12,1255,016549,,6,1,9,5600,0,1,3,,1,022,"SR-150 (CASITAS PASS ROAD)","RINCON MOUNTAIN ROAD",7920.00,E,N,A,-,Y,,,150,,,,,,,Y,4,0,1,2,A,-,03,22350,,N,A,C,A,A,H,-,A,D,0,,,,,Y,,D,22,0,0,1,0,0,0,0,0,0,"- ","- ",34.38983154296875,-119.41591644287109,VENTURA,UNINCORPORATED,-119.41576385498047,34.389862060546875
91104246,2019,2019-10-23,9765,2019-10-13,1715,020187,,7,2,9,5600,0,1,3,,2,061,"SR-1 S/B","DEER CREEK ROAD",2428.00,S,N,A,-,Y,,,1,,,,,,S,Y,3,0,1,2,A,-,09,21801,A,N,D,C,A,A,H,-,A,D,0,,,Y,,Y,,D,22,0,1,0,0,0,0,0,0,1,"- ","- ",34.060558319091797,-118.97679901123047,VENTURA,UNINCORPORATED,-118.97679138183594,34.060573577880859
91104449,2019,2019-10-23,9765,2019-10-12,1441,022340,,6,2,9,5600,0,1,3,,1,020,"SR-33 (VENTURA AVENUE)","LA CROSS STREET",310.00,N,N,A,-,Y,,,33,,,,,,,Y,4,0,1,1,A,-,06,21755,,N,F,A,A,A,H,-,A,D,0,,,,,Y,,A,01,0,0,1,0,0,0,0,0,0,"- ","- ",34.401710510253906,-119.29958343505859,VENTURA,UNINCORPORATED,-119.29957580566406,34.401710510253906
91105278,2019,2019-10-24,9765,2019-10-17,1710,017395,,4,2,9,5600,0,3,5,,2,006,"RICE AVENUE","WOOLEY RD",2112.00,S,N,A,-,N,,,,,,,,,,Y,4,0,1,2,A,-,03,22350,,N,C,C,A,A,H,-,A,D,0,,,,,Y,,A,01,0,0,1,0,0,0,0,0,0,"- ","- ",34.183780670166016,-119.14238739013672,VENTURA,UNINCORPORATED,-119.14253234863281,34.183925628662109
91109137,2019,2019-10-29,9765,2019-10-09,1520,017395,,3,2,9,5600,0,1,3,,1,062,SR-1,"LA JOLLA CANYON",164.00,N,N,B,-,Y,,,1,,,,,,,Y,4,0,1,2,A,-,08,22107,,N,B,C,A,A,H,-,A,D,0,,,,,Y,,D,22,0,0,1,0,0,0,0,0,0,"- ","- ",34.083831787109375,-119.03648376464844,VENTURA,UNINCORPORATED,-119.03649139404297,34.083782196044922
91109300,2019,2019-10-29,9765,2019-10-21,0550,016549,,1,3,9,5600,0,1,3,,1,046,"SR-118 E/B (LOS ANGELES AVENUE)","NARDO STREET",750.00,E,N,A,-,Y,,,118,,,,,,E,N,4,0,1,2,A,-,03,22350,,N,C,C,A,A,H,-,C,A,0,,,,,Y,,A,07,0,0,1,0,0,0,0,0,0,"- ","- ",34.280899047851562,-119.14495849609375,VENTURA,UNINCORPORATED,-119.14488983154297,34.280998229980469
91112795,2019,2019-11-04,9765,2019-10-23,1900,022408,,3,2,9,5600,0,3,5,,2,006,"PLEASANT VALLEY ROAD","RICE AVENUE",100.00,E,N,B,-,N,,,,,,,,,,Y,3,0,1,3,A,-,01,23152,G,N,A,C,A,A,H,-,B,D,0,,,,,Y,Y,A,01,0,1,0,0,0,0,0,0,0,"- ","- ",34.166988372802734,-119.14103698730469,VENTURA,UNINCORPORATED,-119.14103698730469,34.166988372802734
91114762,2019,2019-11-06,9765,2019-10-27,0900,018884,,7,1,9,5600,0,3,5,,2,006,"LAS POSAS ROAD","PLEASANT VALLEY ROAD",0.00,,Y,A,-,N,,,,,,,,,,Y,3,0,1,3,A,-,17,21451,A,N,C,C,A,A,H,-,A,A,0,,,,,Y,,A,01,0,1,0,0,0,0,0,0,0,"- ","- ",34.205638885498047,-119.0697021484375,VENTURA,UNINCORPORATED,-119.06967926025391,34.205589294433594
91116433,2019,2019-11-08,9765,2019-11-01,1625,017483,,5,2,9,5600,0,1,3,,1,020,"SR-33 (VENTURA AVENUE) SOUTHBOUND","SR-150 (BALDWIN RD)",370.00,S,N,A,-,Y,,,33,,,,,,S,Y,3,0,1,1,A,-,08,22107,,N,E,I,A,A,H,-,A,D,0,,,,,Y,,A,01,0,1,0,0,0,0,0,0,0,"- ","- ",34.428901672363281,-119.28880310058594,VENTURA,UNINCORPORATED,-119.28884124755859,34.428905487060547
91117048,2019,2019-11-11,9770,2019-10-30,1729,019930,,3,2,9,5600,0,2,4,,1,056,"SR-23 (GRIMES CANYON ROAD)","BARDSDALE AVENUE",30.00,N,N,A,-,Y,,,,,,,,,,Y,2,0,3,2,A,-,12,22450,A,N,A,C,A,A,H,-,A,A,0,,,,,Y,,A,01,2,1,0,0,0,0,0,0,0,"- ","- ",34.373611450195312,-118.91741943359375,VENTURA,UNINCORPORATED,,
91117052,2019,2019-11-11,9770,2019-10-31,1400,019930,,4,2,9,5600,0,1,3,,1,046,"SR-126 W/B (EAST TELEGRAPH ROAD)","MAIN STREET (PIRU)",10.00,E,N,A,-,Y,,,126,,,,,,W,Y,3,0,1,2,A,-,09,21800,D,N,A,C,A,A,H,-,A,B,0,,,,,Y,,A,08,0,1,0,0,0,0,0,0,0,"- ","- ",34.405029296875,-118.79431915283203,VENTURA,UNINCORPORATED,-118.79445648193359,34.405269622802734
91118615,2019,2019-11-12,9765,2019-11-02,2302,020873,,6,3,6,5608,0,1,3,,2,011,"SR-33 S/B","STANLEY AVENUE",4224.00,S,N,A,-,Y,,,33,,,,,,S,Y,3,0,1,1,A,-,01,23152,A,N,E,I,A,A,H,-,D,D,0,,,,,Y,Y,A,01,0,1,0,0,0,0,0,0,0,"- ","- ",34.288848876953125,-119.30677795410156,VENTURA,VENTURA,-119.30675506591797,34.288852691650391
91119268,2019,2019-11-13,9765,2019-11-01,0640,015117,,5,1,9,5600,0,1,3,,1,055,"SR-118 (E LOS ANGELES AVE)","SR-232 (VINEYARD AVE.)",528.00,E,N,B,-,Y,,,118,,,,,,,Y,4,0,2,3,A,-,03,22350,,N,C,C,A,A,H,-,B,D,0,,,,,Y,,D,22,0,0,2,0,0,0,0,0,0,"- ","- ",34.273910522460938,-119.13527679443359,VENTURA,UNINCORPORATED,-119.13524627685547,34.273956298828125
91119342,2019,2019-11-13,9765,2019-11-03,0355,022182,,7,3,9,5600,0,1,3,,2,010,"SR-33 N/B","SHELL ROAD",1584.00,S,N,A,-,Y,,,33,,,,,,N,Y,3,0,1,1,A,-,08,22107,,N,E,I,A,A,H,-,D,D,0,,,,,Y,,D,22,0,1,0,0,0,0,0,0,0,"- ","- ",34.311611175537109,-119.29634857177734,VENTURA,UNINCORPORATED,-119.29644775390625,34.311660766601562
91119777,2019,2019-11-13,9765,2019-11-04,0645,016234,,1,1,9,5600,0,3,5,,2,006,"HUENEME ROAD","POTRERO ROAD",40.00,W,N,A,-,N,,,,,,,,,,N,4,0,1,2,A,-,03,22350,,N,C,C,A,A,H,-,B,D,0,,,,,Y,,A,01,0,0,1,0,0,0,0,0,0,"- ","- ",34.164581298828125,-119.06298828125,VENTURA,UNINCORPORATED,-119.06291198730469,34.164688110351562
91120621,2019,2020-05-01,9765,2019-09-22,1630,017483,,7,2,9,5600,0,1,3,,1,021,"SR-33 NORTHBOUND","MPM 36.00",296.00,S,N,A,-,Y,,,33,,,,,,N,Y,1,1,0,1,A,-,03,22350,,N,F,A,A,A,H,-,A,D,0,,,Y,,Y,,C,02,0,0,0,0,0,0,0,1,0,"- ","- ",34.599430084228516,-119.33631134033203,VENTURA,UNINCORPORATED,-119.33625793457031,34.599494934082031
91121149,2019,2019-11-15,9765,2019-11-07,1733,020691,,4,2,9,5600,0,1,2,,2,501,"US-101 S/B","RICE AVENUE",300.00,S,N,A,-,Y,,,,,,,,,,N,4,0,1,2,A,-,03,22350,,N,C,C,A,A,H,-,A,D,0,,,,,Y,,A,01,0,0,1,0,0,0,0,0,0,"- ","- ",34.222618103027344,-119.14360046386719,VENTURA,UNINCORPORATED,,
91121254,2019,2019-11-15,9765,2019-10-07,2200,022272,,1,3,9,5600,0,1,3,,2,061,SR-1,"LA JOLLA CANYON ROAD",2957.00,S,N,A,-,Y,,,,,,,,,,Y,2,0,3,3,A,-,01,23152,A,N,A,C,A,A,H,-,D,D,0,,,,Y,Y,Y,A,07,2,1,0,0,0,0,0,0,0,"- ","- ",34.4451904296875,-119.13948822021484,VENTURA,UNINCORPORATED,,
91122748,2019,2019-11-18,9770,2019-11-10,1458,020832,,7,2,6,5607,0,1,2,,2,072,"US-101 N/B TO LYNN ROAD","LYNN ROAD",4.00,S,N,A,-,Y,,,101,,,,R,,N,N,4,0,1,2,A,-,21,22106,,N,C,C,A,A,H,-,A,A,0,,,,,Y,,A,07,0,0,1,0,0,0,0,0,0,"- ","- ",34.184158325195312,-118.89125823974609,VENTURA,"THOUSAND OAKS",-118.89125823974609,34.184158325195312
91122849,2019,2019-11-18,9765,2019-11-08,1600,022408,,5,2,6,5608,0,1,2,,1,101,"US-101 S/B","W. MAIN STREET U/C",4224.00,N,N,A,-,Y,,,101,,,,,,S,Y,4,0,1,2,A,-,03,22350,,N,C,C,A,A,H,-,A,D,0,,,,,Y,,D,22,0,0,1,0,0,0,0,0,0,"- ","- ",34.285041809082031,-119.32216644287109,VENTURA,VENTURA,-119.32216644287109,34.285041809082031
91122899,2019,2019-11-18,9770,2019-11-06,1655,019819,,3,2,9,5600,0,2,4,,1,031,"SANTA ROSA ROAD","APPLEWOOD LANE",300.00,W,N,A,-,N,,,,,,,,,,Y,4,0,1,2,A,-,03,22350,,N,C,C,A,A,H,-,C,A,0,,,,,Y,,D,22,0,0,1,0,0,0,0,0,0,"- ","- ",34.238170623779297,-118.90680694580078,VENTURA,UNINCORPORATED,-118.90530395507812,34.238422393798828
91123041,2019,2019-11-18,9765,2019-11-08,2110,020850,,5,2,9,5600,0,1,3,,1,021,"SR-33 (MARICOPA HIGHWAY)","WHEELER GORGE",13200.00,N,N,A,-,Y,,,33,,,,,,,Y,2,0,1,1,A,-,03,22350,,N,E,I,A,A,H,-,D,D,0,,,,,Y,,A,01,1,0,0,0,0,0,0,0,0,"- ","- ",34.521278381347656,-119.27809143066406,VENTURA,UNINCORPORATED,-119.278076171875,34.521228790283203
91125450,2019,2019-11-21,9770,2019-11-13,1725,020641,,3,2,6,5607,0,1,3,,2,084,"SR-23 N/B (MOORPARK FREEWAY)","SUNSET HILLS BOULEVARD",700.00,N,N,A,-,Y,,,23,,,,,,N,Y,3,0,1,3,A,-,03,22350,,N,B,C,A,A,H,-,B,D,0,,,,,Y,,D,22,0,1,0,0,0,0,0,0,0,"- ","- ",34.229911804199219,-118.84567260742188,VENTURA,"THOUSAND OAKS",-118.845703125,34.229927062988281
91127909,2019,2019-11-22,9765,2019-11-20,0802,014967,,3,1,6,5608,0,1,2,,2,302,"US-101 N/B (VENTURA FWY)","TELEPHONE ROAD U/C",50.00,N,N,B,-,Y,,,101,,,,,,N,N,4,0,2,2,A,-,03,22350,,N,C,C,A,A,H,-,A,D,0,,,,,Y,,A,07,0,0,2,0,0,0,0,0,0,"- ","- ",34.262901306152344,-119.23179626464844,VENTURA,VENTURA,-119.23182678222656,34.262840270996094
91129162,2019,2019-11-25,9765,2019-11-16,0214,020850,,6,3,9,5600,0,1,3,,1,021,"SR-33 (MARICOPA HIGHWAY)","ROSE VALLEY ROAD",15312.00,S,N,A,-,Y,,,33,,,,,,,Y,4,0,1,1,A,-,01,23152,A,N,E,I,A,A,H,-,D,D,0,,,,,Y,Y,A,01,0,0,1,0,0,0,0,0,0,"- ","- ",34.531951904296875,-119.26239013671875,VENTURA,UNINCORPORATED,-119.26240539550781,34.532024383544922
91131192,2019,2019-11-27,9765,2019-11-20,1710,020691,,3,2,9,5600,0,1,3,,1,020,SR-33,"CREEK ROAD",2.00,W,N,B,-,Y,,,33,,,,,,,Y,4,0,1,2,A,-,09,21801,A,N,D,C,A,A,H,-,C,D,0,,,,,Y,,A,01,0,0,1,0,0,0,0,0,0,"- ","- ",34.385700225830078,-119.30204772949219,VENTURA,UNINCORPORATED,-119.30206298828125,34.385715484619141
91131592,2019,2019-11-28,9770,2019-11-21,0920,016561,,4,1,6,5607,0,1,2,,2,073,"US-101 S/B (VENTURA FREEWAY)","VENTU PARK ROAD",1056.00,S,N,A,-,Y,,,101,,,,,,S,Y,4,0,1,3,A,-,03,22350,,F,C,C,A,A,H,-,A,D,0,,,,,Y,,A,07,0,0,1,0,0,0,0,0,0,"- ","- ",34.184341430664062,-118.90696716308594,VENTURA,"THOUSAND OAKS",-118.90696716308594,34.184314727783203
91132694,2019,2019-12-02,9765,2019-11-20,2150,021985,,3,2,6,5604,0,1,2,,2,502,"US-101 N/B","ROSE AVENUE",20.00,S,N,C,-,Y,,,101,,,,,,N,Y,3,0,2,2,A,-,03,22350,,N,D,C,A,B,H,-,C,D,0,,,,,Y,,A,01,0,2,0,0,0,0,0,0,0,"- ","- ",34.225200653076172,-119.15840148925781,VENTURA,OXNARD,-119.15842437744141,34.225105285644531
91133023,2019,2019-12-02,9770,2019-11-21,1740,017662,,4,2,6,5607,0,1,S,,2,700,"US-101 S/B (VENTURA FREEWAY)","WENDY DRIVE",800.00,S,N,A,-,Y,,,101,,,,,,S,Y,3,0,1,2,A,-,07,21658,A,N,B,C,A,A,H,-,D,D,0,,,Y,,Y,,A,01,0,1,0,0,0,0,0,0,1,"- ","- ",34.188671112060547,-118.93682861328125,VENTURA,"THOUSAND OAKS",-118.93684387207031,34.188636779785156
91133098,2019,2019-12-02,9765,2019-11-22,2319,022446,,5,3,9,5600,0,1,3,,2,040,"SR-126 E/B","EDWARDS RANCH ROAD",792.00,E,N,A,-,Y,,,126,,,,,,E,Y,4,0,1,1,A,-,08,22107,,N,E,I,A,A,H,-,D,D,0,,,,,Y,Y,A,01,0,0,1,0,0,0,0,0,0,"- ","- ",34.304840087890625,-119.13050079345703,VENTURA,UNINCORPORATED,-119.13052368164062,34.304885864257812
91133544,2019,2019-12-02,9765,2019-10-28,1700,022296,,1,2,9,5600,0,1,3,,1,020,"SR-33 (VENTURA AVENUE)","RANCH ROAD",116.00,S,N,A,-,Y,,,33,,,,,,,Y,4,0,4,3,A,-,03,22350,,N,C,C,A,A,H,-,A,D,0,,,,,Y,,E,22,0,0,4,0,0,0,0,0,0,"- ","- ",34.366981506347656,-119.30644226074219,VENTURA,UNINCORPORATED,-119.30641937255859,34.366981506347656
9113691,2020,2020-09-10,5600,2020-06-03,1125,4750,8125,3,5,5,5601,0,0,0,,0,8C01,"ARNEILL RD","BARRY ST",8.00,S,N,A,-,N,,,,,,,,,,,3,0,1,2,A,-,10,21950,A,N,G,B,B,A,H,-,A,A,0,Y,,,,Y,,A,07,0,1,0,0,1,0,0,0,0,"- ","- ",34.217658996582031,-119.04234313964844,VENTURA,CAMARILLO,-119.03900146484375,34.219467163085938
9113692,2020,2020-09-10,5600,2020-06-06,1256,4615,8124,6,5,5,5601,0,0,0,,0,8C01,"ARNEILL RD","PICKWICK DR",176.00,S,N,A,-,N,,,,,,,,,,,4,0,3,3,A,-,03,22350,,N,C,C,A,A,H,-,A,A,0,,,,,Y,,A,01,0,0,3,0,0,0,0,0,0,"- ","- ",34.222270965576172,-119.03900909423828,VENTURA,CAMARILLO,-119.03904724121094,34.221797943115234
9114133,2020,2020-08-24,5608,2020-06-15,2012,500,,1,5,6,5608,0,0,0,,0,002,"HARBOR BL","MONMOUTH WY",179.00,W,N,A,-,N,,,,,,,,,,Y,2,0,1,2,A,-,09,21804,A,N,-,C,A,A,H,-,C,A,0,,,,,Y,,A,01,1,0,0,0,0,0,0,0,0,"- ","- ",,,VENTURA,VENTURA,-119.27307891845703,34.267936706542969
9114175,2020,2020-09-03,5608,2020-06-08,1050,477,,1,5,6,5608,0,0,0,,0,003,"SOUTH WELLS RD","CITRUS DR",7.00,N,N,A,-,N,,,,,,,,,,Y,3,0,1,2,C,-,18,,,N,B,C,A,A,H,-,A,A,0,,,,,Y,,-,"- ",0,1,0,0,0,0,0,0,0,"- ","- ",,,VENTURA,VENTURA,-119.15824127197266,34.291465759277344