CASE_ID,ACCIDENT_YEAR,PROC_DATE,JURIS,COLLISION_DATE,COLLISION_TIME,OFFICER_ID,REPORTING_DISTRICT,DAY_OF_WEEK,CHP_SHIFT,POPULATION,CNTY_CITY_LOC,SPECIAL_COND,BEAT_TYPE,CHP_BEAT_TYPE,CITY_DIVISION_LAPD,CHP_BEAT_CLASS,BEAT_NUMBER,PRIMARY_RD,SECONDARY_RD,DISTANCE,DIRECTION,INTERSECTION,WEATHER_1,WEATHER_2,STATE_HWY_IND,CALTRANS_COUNTY,CALTRANS_DISTRICT,STATE_ROUTE,ROUTE_SUFFIX,POSTMILE_PREFIX,POSTMILE,LOCATION_TYPE,RAMP_INTERSECTION,SIDE_OF_HWY,TOW_AWAY,COLLISION_SEVERITY,NUMBER_KILLED,NUMBER_INJURED,PARTY_COUNT,PRIMARY_COLL_FACTOR,PCF_CODE_OF_VIOL,PCF_VIOL_CATEGORY,PCF_VIOLATION,PCF_VIOL_SUBSECTION,HIT_AND_RUN,TYPE_OF_COLLISION,MVIW,PED_ACTION,ROAD_SURFACE,ROAD_COND_1,ROAD_COND_2,LIGHTING,CONTROL_DEVICE,CHP_ROAD_TYPE,PEDESTRIAN_ACCIDENT,BICYCLE_ACCIDENT,MOTORCYCLE_ACCIDENT,TRUCK_ACCIDENT,NOT_PRIVATE_PROPERTY,ALCOHOL_INVOLVED,STWD_VEHTYPE_AT_FAULT,CHP_VEHTYPE_AT_FAULT,COUNT_SEVERE_INJ,COUNT_VISIBLE_INJ,COUNT_COMPLAINT_PAIN,COUNT_PED_KILLED,COUNT_PED_INJURED,COUNT_BICYCLIST_KILLED,COUNT_BICYCLIST_INJURED,COUNT_MC_KILLED,COUNT_MC_INJURED,PRIMARY_RAMP,SECONDARY_RAMP,LATITUDE,LONGITUDE,COUNTY,CITY,POINT_X,POINT_Y
91141853,2019,2019-12-12,9765,2019-11-28,2145,022408,,4,2,6,5604,0,1,2,,2,302,"US-101 N/B","OXNARD BLVD.",500.00,N,N,B,C,Y,,,101,,,,,,N,Y,4,0,2,2,A,-,08,22107,,N,D,C,A,B,H,-,D,D,0,,,,,Y,,A,07,0,0,2,0,0,0,0,0,0,"- ","- ",34.23992919921875,-119.18231201171875,VENTURA,OXNARD,-119.18229675292969,34.239967346191406
91144630,2019,2019-12-16,9765,2019-12-04,1113,014967,,3,1,9,5600,0,1,3,,1,023,"SR-150 (OJAI-SANTA PAULA RD)","KOENIGSTEIN ROAD",1056.00,W,N,B,-,Y,,,150,,,,,,,Y,4,0,1,1,A,-,03,22350,,N,F,A,A,B,H,-,A,D,0,,,,,Y,,A,07,0,0,1,0,0,0,0,0,0,"- ","- ",34.434738159179688,-119.13072204589844,VENTURA,UNINCORPORATED,-119.13070678710938,34.434757232666016
91144631,2019,2019-12-16,9765,2019-12-04,1635,017483,,3,2,6,5608,0,1,2,,1,104,"US-101 NORTHBOUND TO CALIFORNIA ST","CALIFORNIA STREET",650.00,S,N,B,-,Y,,,101,,,,R,,N,Y,4,0,1,1,A,-,08,22107,,N,E,I,A,A,H,-,A,D,0,,,,,Y,,A,01,0,0,1,0,0,0,0,0,0,"- ","- ",34.277400970458984,-119.29109954833984,VENTURA,VENTURA,-119.29109954833984,34.277400970458984
91145604,2019,2019-12-17,9765,2019-11-27,0010,019721,,3,3,6,5608,0,1,3,,2,030,"SR-126 E/B","E. MAIN STREET",250.00,E,N,B,-,Y,,,,,,,,,,Y,3,0,1,1,A,-,01,23152,A,N,F,A,A,A,H,-,D,D,0,,,,,Y,Y,A,01,0,1,0,0,0,0,0,0,0,"- ","- ",34.264461517333984,-119.24131774902344,VENTURA,VENTURA,-119.2427978515625,34.26422119140625
91145636,2019,2019-12-17,9765,2019-12-01,0725,018884,,7,1,9,5600,0,3,5,,2,006,"WOOLEY ROAD","RICE AVENUE",1584.00,W,N,A,-,N,,,,,,,,,,Y,3,0,1,1,A,-,08,22107,,N,E,I,A,A,H,-,A,D,0,,,,,Y,,A,07,0,1,0,0,0,0,0,0,0,"- ","- ",34.189800262451172,-119.14813232421875,VENTURA,UNINCORPORATED,-119.14768981933594,34.18975830078125
91146099,2019,2019-12-18,9765,2019-12-06,1155,022337,,5,1,9,5600,0,1,3,,2,063,"SR-1 FROM PLEASANT VALLEY ROAD","CHANNEL ISLANDS BLVD.",530.00,S,N,B,-,Y,,,,,,,,,,Y,2,0,1,1,A,-,03,22350,,N,E,I,A,A,H,-,A,D,0,,,,,Y,,A,01,1,0,0,0,0,0,0,0,0,"- ","- ",34.171669006347656,-119.14250946044922,VENTURA,UNINCORPORATED,-119.15522003173828,34.171775817871094
91146692,2019,2019-12-18,9765,2019-12-08,0930,022345,,7,1,6,5608,0,1,3,,1,022,"SR-33 S/B","CASITAS VISTA ROAD",865.00,N,N,C,-,Y,,,,,,,,,,Y,4,0,5,2,A,-,03,22350,,N,A,D,A,B,H,-,A,D,0,,,,,Y,,A,01,0,0,5,0,0,0,0,0,0,"- ","- ",34.354751586914062,-119.30805206298828,VENTURA,VENTURA,,
9115147,2020,2020-09-15,5600,2020-06-25,1522,4615,8007,4,5,5,5601,0,0,0,,0,8A01,"LAS POSAS RD","PONDEROSA DR",0.00,,Y,A,-,N,,,,,,,,,,Y,3,0,2,2,A,-,09,21801,A,N,H,C,A,A,H,-,A,A,0,,,,,Y,,A,01,0,1,1,0,0,0,0,0,0,"- ","- ",34.223670959472656,-119.06980133056641,VENTURA,CAMARILLO,-119.06977081298828,34.223709106445312
9115159,2020,2020-12-01,5608,2020-06-25,2023,504,,4,5,6,5608,0,0,0,,0,003,"SOUTH ICIMBALL RD","RT 126",39.00,N,N,A,-,Y,VEN,7,126,-,-,2.911,R,4,E,N,3,0,1,2,A,-,12,21453,A,N,D,C,A,A,H,-,A,A,0,,,,,Y,,A,01,0,1,0,0,0,0,0,0,0,"- ","- ",,,VENTURA,VENTURA,-119.18865203857422,34.274959564208984
9115163,2020,2020-09-10,5600,2020-06-14,2359,3635,6007,7,5,3,5602,0,0,0,,0,06A,"SANTA CLARA ST","B ST",32.00,E,N,A,-,N,,,,,,,,,,N,2,0,1,2,A,-,11,21956,A,N,G,B,E,A,H,-,C,D,0,Y,,,,Y,Y,N,60,1,0,0,0,1,0,0,0,0,"- ","- ",,,VENTURA,FILLMORE,-118.92259216308594,34.396793365478516
9115167,2020,2020-09-15,5600,2020-06-27,2325,5150,8122,6,5,5,5601,0,0,0,,0,8C01,"FIESTA DR","CENTENNIAL AV",191.00,W,N,A,-,N,,,,,,,,,,Y,3,0,1,1,A,-,03,22350,,N,E,I,A,A,H,-,C,D,0,,,,,Y,,D,22,0,1,0,0,0,0,0,0,0,"- ","- ",34.226718902587891,-119.03662109375,VENTURA,CAMARILLO,-119.03727722167969,34.226749420166016
9115316,2020,2020-09-01,5600,2020-06-07,0657,5050,9054,7,5,6,5607,0,0,0,,0,9B01,"E JANES RD","PAIGE LN",25.00,E,N,A,-,N,,,,,,,,,,N,4,0,1,2,A,-,04,21703,,N,C,C,A,A,H,-,A,A,0,,,,,Y,,A,08,0,0,1,0,0,0,0,0,0,"- ","- ",34.199550628662109,-118.85256958007812,VENTURA,"THOUSAND OAKS",-118.8525390625,34.199531555175781
91153187,2019,2019-12-26,9770,2019-12-19,1410,020641,,4,2,9,5600,0,2,4,,2,079,"KANAN ROAD","SMOKE TREE",12.00,S,N,A,-,N,,,,,,,,,,Y,3,0,2,2,A,-,03,22350,,N,C,C,A,A,H,-,A,A,0,,,,,Y,,A,07,0,2,0,0,0,0,0,0,0,"- ","- ",34.174808502197266,-118.75916290283203,VENTURA,UNINCORPORATED,-118.75932312011719,34.174846649169922
91153487,2019,2019-12-26,9770,2019-12-15,2126,019276,,7,2,6,5609,0,1,3,,2,082,"SR-118 W/B (RONALD REAGAN FREEWAY)","SEQUOIA AVENUE",141.00,W,N,A,-,Y,,,118,,,,,,W,Y,2,0,1,1,A,-,03,22350,,N,E,I,A,A,H,-,D,D,0,,,,,Y,,A,01,1,0,0,0,0,0,0,0,0,"- ","- ",34.282489776611328,-118.73143005371094,VENTURA,"SIMI VALLEY",-118.73143005371094,34.282432556152344
91155240,2019,2019-12-30,9770,2019-12-19,1140,016561,,4,1,6,5609,0,1,3,,2,082,"SR-118 W/B (LOS ANGELES AVENUE)","STEARNS STREET",205.00,E,N,A,G,Y,,,,,,,,,,Y,4,0,1,3,A,-,04,21703,,N,B,C,A,A,H,-,A,D,0,,,,,Y,,D,22,0,0,1,0,0,0,0,0,0,"- ","- ",34.279861450195312,-118.68972778320312,VENTURA,"SIMI VALLEY",-118.69132995605469,34.281749725341797
91156176,2019,2019-12-31,9765,2019-12-20,1450,020729,,5,2,9,5600,0,3,5,,2,006,"PLEASANT VALLEY ROAD","FREEDOM PARK DRIVE",1010.00,W,N,A,-,N,,,,,,,,,,N,3,0,1,2,A,-,11,21954,A,N,G,B,D,A,H,-,A,D,0,Y,,,,Y,,N,60,0,1,0,0,1,0,0,0,0,"- ","- ",34.205680847167969,-119.09053802490234,VENTURA,UNINCORPORATED,-119.09046173095703,34.205703735351562
91156192,2019,2019-12-31,9770,2019-12-28,0215,020721,,6,3,9,5600,0,1,3,,1,046,"SR-126 W/B (EAST TELEGRAPH ROAD)","FISH HATCHERY ROAD",2112.00,W,N,A,-,Y,,,126,,,,,,W,N,4,0,1,2,D,-,00,,,N,G,B,E,A,H,-,D,D,0,Y,,,,Y,,-,"- ",0,0,1,0,1,0,0,0,0,"- ","- ",34.397289276123047,-118.89137268066406,VENTURA,UNINCORPORATED,-118.89136505126953,34.397308349609375
91156289,2019,2019-12-31,9770,2019-12-22,2200,022221,,7,3,6,5607,0,1,2,,2,075,"US-101 S/B (VENTURA FREEWAY)","LAKEVIEW CANYON ROAD",810.00,S,N,C,-,Y,,,101,,,,,,S,Y,2,0,1,1,A,-,03,22350,,N,F,I,A,B,H,-,D,D,0,,,,,Y,,D,22,1,0,0,0,0,0,0,0,0,"- ","- ",34.151851654052734,-118.81385040283203,VENTURA,"THOUSAND OAKS",-118.81381988525391,34.151935577392578
91158204,2019,2020-01-02,9765,2019-12-23,1715,020001,,1,2,5,5601,0,1,2,,2,504,"US-101 N/B (VENTURA FREEWAY)","SPRINGVILLE DRIVE",1500.00,S,N,C,-,Y,,,101,,,,,,N,N,4,0,1,2,A,-,03,22350,,N,C,C,A,B,H,-,C,D,0,,,,,Y,,A,01,0,0,1,0,0,0,0,0,0,"- ","- ",34.219871520996094,-119.07753753662109,VENTURA,CAMARILLO,-119.07753753662109,34.219863891601562
91158512,2019,2020-01-03,9765,2019-12-14,2225,018305,,6,3,9,5600,0,1,3,,1,068,"SR-34 (E. 5TH STREET)","LAS POSAS RD.",1584.00,E,N,B,-,Y,,,34,,,,,,,Y,2,0,3,2,A,-,01,23152,A,N,C,C,A,A,H,-,D,D,0,,,,,Y,Y,A,01,1,2,0,0,0,0,0,0,0,"- ","- ",34.196319580078125,-119.06442260742188,VENTURA,UNINCORPORATED,-119.06442260742188,34.196308135986328
91159059,2019,2020-01-03,9765,2019-12-13,1315,022337,,5,1,9,5600,0,1,3,,1,055,"SR-118 (LOS ANGELES AVE)","ROSE AVENUE",1056.00,E,N,A,-,Y,,,118,,,,,,,Y,3,0,1,2,A,-,16,24002,A,N,E,J,A,A,D,-,A,D,0,,,,Y,Y,,F,26,0,1,0,0,0,0,0,0,0,"- ","- ",34.266361236572266,-119.12429809570312,VENTURA,UNINCORPORATED,-119.124267578125,34.266403198242188
91159411,2019,2020-01-06,9770,2019-12-25,1945,021909,,3,2,6,5609,0,1,3,,2,082,"SR-118 W/B (RONALD REAGAN FREEWAY)","TAPO CANYON ROAD",1600.00,W,N,C,-,Y,,,118,,,,,,W,Y,4,0,1,1,A,-,08,22107,,N,E,I,A,B,H,-,C,D,0,,,,,Y,,A,01,0,0,1,0,0,0,0,0,0,"- ","- ",34.282489776611328,-118.72321319580078,VENTURA,"SIMI VALLEY",-118.72321319580078,34.28240966796875
91160984,2019,2020-01-07,9765,2019-12-26,1503,020729,,4,2,6,5604,0,1,2,,2,302,"US-101 N/B (VENTURA FREEWAY)","VENTURA ROAD",100.00,S,N,A,-,Y,,,101,,,,,,N,Y,4,0,1,2,A,-,03,22350,,N,C,C,A,A,H,-,A,D,0,,,,,Y,,A,01,0,0,1,0,0,0,0,0,0,"- ","- ",34.241569519042969,-119.18679046630859,VENTURA,OXNARD,-119.18679046630859,34.2415771484375
91161184,2019,2020-01-07,9765,2019-12-27,1140,014967,,5,1,6,5608,0,1,2,,2,103,"US-101 S/B (VENTURA FWY)","CALIFORNIA STREET O/C",995.00,N,N,A,-,Y,,,101,,,,,,S,Y,3,0,2,3,A,-,03,22350,,N,C,C,A,A,H,-,A,D,0,,,,,Y,,A,08,0,1,1,0,0,0,0,0,0,"- ","- ",34.277538299560547,-119.29644775390625,VENTURA,VENTURA,-119.29644775390625,34.277347564697266
91161226,2019,2020-01-08,9765,2019-12-27,1550,017483,,5,2,9,5600,0,1,3,,1,020,"SR-33 (NORTH VENTURA AVE)","SR-150 (BALDWIN RD)",120.00,S,N,A,-,Y,,,33,,,,,,,N,4,0,2,2,A,-,21,22106,,F,C,C,A,A,H,-,A,A,0,,,,,Y,,D,22,0,0,2,0,0,0,0,0,0,"- ","- ",34.429500579833984,-119.28859710693359,VENTURA,UNINCORPORATED,-119.28864288330078,34.429519653320312
91161868,2020,2020-01-08,9770,2020-01-03,1733,020169,,5,2,6,5607,0,1,3,,2,076,"SR-23 N/B (MOORPARK FREEWAY)","JANSS ROAD",1200.00,S,N,A,-,Y,,,23,,,,,,N,Y,4,0,2,3,A,-,03,22350,,N,C,C,A,A,H,-,C,D,0,,,,,Y,,A,01,0,0,2,0,0,0,0,0,0,"- ","- ",34.194740295410156,-118.86006927490234,VENTURA,"THOUSAND OAKS",-118.86014556884766,34.194782257080078
91164519,2019,2020-01-13,9765,2019-12-31,2239,022272,,2,3,5,5601,0,1,2,,2,503,"US-101 S/B","CAMARILLO SPRINGS ROAD",2112.00,N,N,A,-,Y,,,101,,,,,,S,Y,4,0,1,2,A,-,07,21658,A,N,B,C,A,A,H,-,D,D,0,,,,,Y,Y,A,07,0,0,1,0,0,0,0,0,0,"- ","- ",34.206539154052734,-118.99115753173828,VENTURA,CAMARILLO,-118.99110412597656,34.20660400390625
91165535,2020,2020-01-14,9765,2020-01-05,0835,019721,,7,1,6,5608,0,1,3,,2,011,"SR-33 S/B (OJAI FREEWAY)","W. MAIN ST.",2112.00,N,N,A,-,Y,,,33,,,,,,S,Y,3,0,1,1,A,-,08,22107,,N,E,I,A,A,H,-,A,D,0,,,,,Y,,A,01,0,1,0,0,0,0,0,0,0,"- ","- ",34.291671752929688,-119.30644226074219,VENTURA,VENTURA,-119.30637359619141,34.291641235351562
91166599,2020,2020-01-16,9770,2020-01-06,1505,020641,,1,2,9,5600,0,1,3,,1,052,"SR-118 W/B (LOS ANGELES AVENUE)","BALCOM CANYON ROAD",800.00,E,N,A,-,Y,,,118,,,,,,W,Y,4,0,2,3,A,-,03,22350,,N,C,C,A,A,H,-,B,D,0,,,,,Y,,D,22,0,0,2,0,0,0,0,0,0,"- ","- ",34.269031524658203,-118.95420074462891,VENTURA,UNINCORPORATED,-118.95420074462891,34.269058227539062
91170396,2020,2020-01-22,9765,2020-01-10,1858,022340,,5,2,9,5600,0,1,3,,1,021,"SR-33 (MARICOPA HIGHWAY)","MATILIJA CANYON ROAD",1261.00,S,N,A,-,Y,,,33,,,,,,,Y,3,0,1,1,A,-,03,22350,,N,E,I,A,A,H,-,D,D,0,,,,,Y,,A,07,0,1,0,0,0,0,0,0,0,"- ","- ",34.489818572998047,-119.30551147460938,VENTURA,UNINCORPORATED,-119.30552673339844,34.489826202392578
91170805,2019,2020-01-22,9765,2019-10-03,1933,020708,,4,2,6,5608,0,1,2,,2,302,"US-101 N/B (VENTURA FREEWAY)","JOHNSON DRIVE",52.00,N,N,A,-,Y,,,101,,,,,,N,Y,2,0,1,1,C,-,18,,,N,E,I,A,A,H,-,D,D,0,,,,,Y,,-,"- ",1,0,0,0,0,0,0,0,0,"- ","- ",34.243968963623047,-119.19302368164062,VENTURA,VENTURA,-119.19306945800781,34.243824005126953
9117304,2020,2020-09-08,5608,2020-06-22,0954,463,,1,5,6,5608,0,0,0,,0,004,"RAMELLI AV","RALSTON ST",0.00,,Y,A,-,N,,,,,,,,,,Y,3,0,1,2,A,-,09,21801,A,N,D,C,A,A,H,-,A,D,0,,,,,Y,,A,01,0,1,0,0,0,0,0,0,0,"- ","- ",,,VENTURA,VENTURA,-119.19222259521484,34.261859893798828
91177446,2020,2020-01-31,9765,2020-01-21,0640,022408,,2,1,9,5600,0,1,2,,1,102,"US-101 N/B","BATES ROAD",1000.00,S,N,B,-,Y,,,101,,,,,,N,Y,4,0,1,3,A,-,03,22350,,N,C,C,A,A,H,-,A,D,0,,,,,Y,,A,07,0,0,1,0,0,0,0,0,0,"- ","- ",34.376228332519531,-119.47319793701172,VENTURA,UNINCORPORATED,-119.47319030761719,34.376155853271484
91178642,2020,2020-02-03,9765,2020-01-22,0555,013555,,3,3,9,5600,0,3,5,,2,005,"CORTEZ STREET","VENTURA BLVD.",1584.00,N,N,A,-,N,,,,,,,,,,Y,4,0,1,3,A,-,08,22107,,N,A,E,A,A,H,-,C,D,0,,,,,Y,,A,01,0,0,1,0,0,0,0,0,0,"- ","- ",34.233020782470703,-119.16660308837891,VENTURA,UNINCORPORATED,-119.16689300537109,34.232791900634766
91178867,2020,2020-02-03,9770,2020-01-31,0800,017973,,5,1,9,5600,0,1,3,,1,052,"SANTA ROSA ROAD","YUCCA DRIVE",450.00,W,N,A,-,N,,,,,,,,,,Y,4,0,1,3,A,-,00,22359,,N,C,C,A,A,H,-,A,A,0,,,,,Y,,A,01,0,0,1,0,0,0,0,0,0,"- ","- ",34.23577880859375,-118.92848968505859,VENTURA,UNINCORPORATED,-118.92829895019531,34.235786437988281
91179936,2020,2020-02-04,9770,2020-01-28,1630,021738,,2,2,6,5607,0,1,2,,2,074,"US-101 N/B (VENTURA FREEWAY)","RANCHO ROAD",1584.00,N,N,A,-,Y,,,101,,,,,,N,Y,3,0,2,3,A,-,03,22350,,F,C,C,A,A,H,-,A,D,0,,,,,Y,,A,08,0,1,1,0,0,0,0,0,0,"- ","- ",34.176498413085938,-118.86383056640625,VENTURA,"THOUSAND OAKS",-118.86383056640625,34.176532745361328
91180250,2020,2020-02-05,9770,2020-02-01,0740,018942,,6,1,6,5607,0,1,2,,2,074,"US-101 N/B (VENTURA FREEWAY)","HAMPSHIRE ROAD",1584.00,S,N,A,-,Y,,,101,,,,,,N,Y,3,0,1,2,A,-,07,21658,A,N,B,C,A,A,H,-,A,D,0,,,,,Y,,A,01,0,1,0,0,0,0,0,0,0,"- ","- ",34.163700103759766,-118.83390045166016,VENTURA,"THOUSAND OAKS",-118.83394622802734,34.163631439208984
91183960,2020,2020-02-10,9765,2020-02-01,0730,020497,,6,1,6,5608,0,1,3,,2,011,"SR-33 S/B","STANLEY AVENUE",2112.00,S,N,A,-,Y,,,33,,,,,,S,N,4,0,2,2,D,-,00,,,N,B,C,A,A,H,-,A,D,0,,,,,Y,,-,"- ",0,0,2,0,0,0,0,0,0,"- ","- ",34.295600891113281,-119.30455780029297,VENTURA,VENTURA,-119.30453491210938,34.295589447021484
91186091,2020,2020-02-13,9765,2020-02-03,1525,021985,,1,2,9,5600,0,1,3,,1,062,"SR-1 (PACIFIC COAST HIGHWAY)","SYCAMORE CANYON ROAD",1000.00,S,N,A,-,Y,,,1,,,,,,,Y,2,0,2,3,A,-,08,22107,,N,A,C,A,A,H,-,A,D,0,,,,,Y,,D,22,1,0,1,0,0,0,0,0,0,"- ","- ",34.068099975585938,-119.00969696044922,VENTURA,UNINCORPORATED,-119.00968170166016,34.068111419677734
91186535,2020,2020-02-13,9765,2020-02-08,0610,020497,,6,1,9,5600,0,1,3,,2,063,"SR-1 (RICE AVENUE)","CHANNEL ISLANDS BLVD.",0.00,,Y,A,-,Y,,,,,,,,,,Y,4,0,1,2,A,-,12,21453,A,N,D,C,A,A,H,-,B,A,0,,,,,Y,,D,22,0,0,1,0,0,0,0,0,0,"- ","- ",34.173000335693359,-119.14276885986328,VENTURA,UNINCORPORATED,-119.15666961669922,34.172588348388672
91188000,2020,2020-02-18,9770,2020-02-07,1352,020169,,5,1,6,5607,0,1,2,,2,073,"US-101 S/B (VENTURA FREEWAY)","WENDY DRIVE",800.00,S,N,A,-,Y,,,101,,,,,,S,Y,2,0,1,2,A,-,07,21658,A,N,B,C,A,A,H,-,A,D,0,,,Y,,Y,,A,01,1,0,0,0,0,0,0,0,1,"- ","- ",34.188648223876953,-118.93682861328125,VENTURA,"THOUSAND OAKS",-118.93683624267578,34.188632965087891
91189724,2020,2020-02-19,9765,2020-02-14,1000,015117,,5,1,6,5608,0,1,A,,2,730,"4260 MARKET ST","MARKET ST",7.00,S,N,A,-,N,,,,,,,,,,N,4,0,1,2,B,-,22,,,N,A,B,D,A,H,-,A,D,0,Y,,,,Y,,A,01,0,0,1,0,1,0,0,0,0,"- ","- ",34.153709411621094,-119.13435363769531,VENTURA,VENTURA,,
91193029,2020,2020-02-25,9765,2020-02-14,1402,022408,,5,2,6,5604,0,1,2,,2,501,"US-101 S/B","RICE AVENUE",2000.00,N,N,A,-,Y,,,101,,,,,,S,Y,4,0,2,4,A,-,03,22350,,N,C,C,A,A,H,-,A,D,0,,,,,Y,,D,22,0,0,2,0,0,0,0,0,0,"- ","- ",34.223148345947266,-119.14878845214844,VENTURA,OXNARD,-119.14878845214844,34.223163604736328
91193246,2020,2020-02-25,9770,2020-02-22,0825,018659,,6,1,9,5600,0,2,4,,1,062,"POTRERO ROAD","LAKE SHERWOOD DRIVE",500.00,E,N,B,-,N,,,,,,,,,,Y,3,0,1,1,A,-,08,22107,,N,E,I,A,B,H,-,A,D,0,,,,,Y,,A,01,0,1,0,0,0,0,0,0,0,"- ","- ",34.143268585205078,-118.85964965820312,VENTURA,UNINCORPORATED,-118.87725830078125,34.141780853271484
91193870,2020,2020-02-26,9765,2020-02-16,1445,020691,,7,2,9,5600,0,1,2,,2,503,"US-101 S/B","RICE AVENUE",950.00,N,N,A,-,Y,,,,,,,,,,Y,3,0,1,1,A,-,03,22350,,N,F,A,A,A,H,-,A,D,0,,,Y,,Y,,C,02,0,1,0,0,0,0,0,0,1,"- ","- ",34.222850799560547,-119.14569091796875,VENTURA,UNINCORPORATED,,
9119830,2020,2020-09-12,5604,2020-06-06,1126,5474,,6,5,6,5604,0,0,0,,0,023,"5TH ST","OXNARD BL",0.00,,Y,A,-,N,,,,,,,,,,N,4,0,1,2,A,-,08,22107,,M,E,I,E,A,H,-,A,A,0,Y,,,Y,Y,,G,25,0,0,1,0,1,0,0,0,0,"- ","- ",34.197498321533203,-119.17717742919922,VENTURA,OXNARD,-119.17746734619141,34.197689056396484
9119834,2020,2020-09-12,5604,2020-06-24,1615,4883,2,3,5,6,5604,0,0,0,,0,042,"S SAVIERS R","E BARD RD E",0.00,,Y,A,-,N,,,,,,,,,,Y,4,0,1,3,A,-,12,21453,A,N,D,C,A,-,H,-,A,A,0,,,,,Y,,A,81,0,0,1,0,0,0,0,0,0,"- ","- ",,,VENTURA,OXNARD,-119.177778,34.160992999999998
91199418,2020,2020-03-02,9765,2020-02-19,0015,014736,,3,3,9,5600,0,1,2,,1,104,"US 101 N/B (VENTURA FREEWAY)","PADRE JUAN CANYON ROAD",800.00,S,N,B,-,Y,,,,,,,,,,Y,4,0,2,1,A,-,08,22107,,N,E,I,A,A,H,-,D,D,0,,,,,Y,,A,01,0,0,2,0,0,0,0,0,0,"- ","- ",34.321159362792969,-119.38614654541016,VENTURA,UNINCORPORATED,-119.38564300537109,34.321125030517578
91200627,2020,2020-03-03,9770,2020-03-01,1050,018659,,7,1,9,5600,0,2,4,,1,062,"POTRERO ROAD","THORTON RANCH ROAD (PRIVATE)",1500.00,W,N,A,-,N,,,,,,,,,,Y,4,0,2,2,A,-,05,21460,A,N,D,C,A,A,H,-,A,D,0,,,Y,,Y,,C,02,0,0,2,0,0,0,0,0,1,"- ","- ",34.153209686279297,-118.90834808349609,VENTURA,UNINCORPORATED,,
91201502,2020,2020-03-04,9765,2020-02-23,1720,020729,,7,2,9,5600,0,3,5,,2,006,"LAS POSAS ROAD","LAGUNA ROAD",0.00,,Y,A,-,N,,,,,,,,,,Y,4,0,1,2,A,-,09,21802,A,N,D,C,A,A,H,-,A,D,0,,,,,Y,,A,01,0,0,1,0,0,0,0,0,0,"- ","- ",34.176040649414062,-119.07134246826172,VENTURA,UNINCORPORATED,-119.07134246826172,34.176021575927734
91201864,2020,2020-03-04,9765,2020-02-21,0535,022518,,5,3,6,5608,0,1,3,,2,011,"SR-33 SB","MAIN STREET",2640.00,N,N,A,-,Y,,,33,,,,,,S,Y,3,0,1,2,A,-,00,20001,A,F,C,C,A,A,H,-,B,D,0,,,,,Y,,-,99,0,1,0,0,0,0,0,0,0,"- ","- ",34.288669586181641,-119.30683135986328,VENTURA,VENTURA,-119.30673217773438,34.288684844970703
9120424,2020,2020-11-12,5604,2020-04-15,1720,5365,,3,5,6,5604,0,0,0,,0,014,"RT 232","FOREST PARK BL",15.00,E,N,A,-,Y,VEN,7,232,-,-,1.200,H,-,S,N,3,0,1,1,A,-,03,22350,,N,E,J,A,A,H,-,A,A,0,,,Y,,Y,,C,02,0,1,0,0,0,0,0,0,1,"- ","- ",34.241039276123047,-119.16635131835938,VENTURA,OXNARD,-119.16628265380859,34.241153717041016
9120599,2020,2020-07-29,5600,2020-04-18,1924,4878,5159,6,5,4,5690,0,0,0,,0,02A,"MILLER PKWY","SOUTHFORK RD",7.00,S,N,A,-,N,,,,,,,,,,Y,4,0,1,1,A,-,05,21650,,N,E,J,A,A,H,-,B,D,0,,,,,Y,,A,01,0,0,1,0,0,0,0,0,0,"- ","- ",,,VENTURA,MOORPARK,-118.86782073974609,34.276603698730469
91206391,2020,2020-03-11,9765,2020-02-29,0250,020850,,6,3,9,5600,0,1,3,,1,020,SR-33,"VILLANOVA RD.",970.00,N,N,A,-,N,,,33,,,,,,,Y,3,0,1,2,A,-,01,23152,A,N,D,C,A,A,H,-,E,D,0,,,,Y,Y,Y,A,01,0,1,0,0,0,0,0,0,0,"- ","- ",34.428421020507812,-119.28881072998047,VENTURA,UNINCORPORATED,-119.28887176513672,34.428421020507812
91208739,2020,2020-03-16,9765,2020-02-05,1420,021985,,3,2,6,5604,1,4,S,,2,901,"PLEASANT VALLEY ROAD","ROSE AVENUE",300.00,E,N,A,-,N,,,,,,,,,,N,3,0,1,1,C,-,18,,,N,H,A,A,A,H,-,A,D,0,,,,,Y,,-,"- ",0,1,0,0,0,0,0,0,0,"- ","- ",34.158298492431641,-119.15879821777344,VENTURA,OXNARD,-119.15866851806641,34.158435821533203
91211284,2020,2020-03-18,9765,2020-03-10,0150,021682,,2,3,9,5600,0,3,5,,2,004,"TELEGRAPH ROAD","CUMMINGS ROAD",1478.00,W,N,C,-,N,,,,,,,,,,Y,4,0,1,1,A,-,08,22107,,N,E,I,A,B,H,-,D,D,0,,,,,Y,,D,22,0,0,1,0,0,0,0,0,0,"- ","- ",34.321521759033203,-119.11685943603516,VENTURA,UNINCORPORATED,-119.11679840087891,34.321495056152344