CASE_ID,ACCIDENT_YEAR,PROC_DATE,JURIS,COLLISION_DATE,COLLISION_TIME,OFFICER_ID,REPORTING_DISTRICT,DAY_OF_WEEK,CHP_SHIFT,POPULATION,CNTY_CITY_LOC,SPECIAL_COND,BEAT_TYPE,CHP_BEAT_TYPE,CITY_DIVISION_LAPD,CHP_BEAT_CLASS,BEAT_NUMBER,PRIMARY_RD,SECONDARY_RD,DISTANCE,DIRECTION,INTERSECTION,WEATHER_1,WEATHER_2,STATE_HWY_IND,CALTRANS_COUNTY,CALTRANS_DISTRICT,STATE_ROUTE,ROUTE_SUFFIX,POSTMILE_PREFIX,POSTMILE,LOCATION_TYPE,RAMP_INTERSECTION,SIDE_OF_HWY,TOW_AWAY,COLLISION_SEVERITY,NUMBER_KILLED,NUMBER_INJURED,PARTY_COUNT,PRIMARY_COLL_FACTOR,PCF_CODE_OF_VIOL,PCF_VIOL_CATEGORY,PCF_VIOLATION,PCF_VIOL_SUBSECTION,HIT_AND_RUN,TYPE_OF_COLLISION,MVIW,PED_ACTION,ROAD_SURFACE,ROAD_COND_1,ROAD_COND_2,LIGHTING,CONTROL_DEVICE,CHP_ROAD_TYPE,PEDESTRIAN_ACCIDENT,BICYCLE_ACCIDENT,MOTORCYCLE_ACCIDENT,TRUCK_ACCIDENT,NOT_PRIVATE_PROPERTY,ALCOHOL_INVOLVED,STWD_VEHTYPE_AT_FAULT,CHP_VEHTYPE_AT_FAULT,COUNT_SEVERE_INJ,COUNT_VISIBLE_INJ,COUNT_COMPLAINT_PAIN,COUNT_PED_KILLED,COUNT_PED_INJURED,COUNT_BICYCLIST_KILLED,COUNT_BICYCLIST_INJURED,COUNT_MC_KILLED,COUNT_MC_INJURED,PRIMARY_RAMP,SECONDARY_RAMP,LATITUDE,LONGITUDE,COUNTY,CITY,POINT_X,POINT_Y
9420085,2022,2022-04-20,5608,2022-03-28,1712,546,,1,5,6,5608,0,0,0,,0,003,"TELEPHONE RD","LARK AV",65.00,E,N,C,-,N,,,,,,,,,,N,3,0,1,2,A,-,03,22350,,N,C,D,A,B,H,-,A,D,0,,,,,Y,,A,01,0,1,0,0,0,0,0,0,0,"- ","- ",,,VENTURA,VENTURA,-119.20967864990234,34.265834808349609
9420086,2022,2022-04-20,5608,2022-03-26,0936,533,30,6,5,6,5608,0,0,0,,0,003,"TELEPHONE RD","RAMELLI AV",45.00,E,N,A,-,N,,,,,,,,,,N,4,0,2,2,A,-,08,22107,,N,B,C,A,A,H,-,A,A,0,,,,,Y,,A,01,0,0,2,0,0,0,0,0,0,"- ","- ",,,VENTURA,VENTURA,-119.19340515136719,34.268199920654297
9421029,2022,2022-04-29,5608,2022-03-26,1447,523,,6,5,6,5608,0,0,0,,0,002,"THOMPSON BL","SOUTH SANTA CRUZ ST",54.00,E,N,A,-,N,,,,,,,,,,Y,4,0,1,1,A,-,08,22107,,M,F,I,A,A,H,-,A,A,0,,,,,Y,,A,01,0,0,1,0,0,0,0,0,0,"- ","- ",,,VENTURA,VENTURA,-119.27201843261719,34.274696350097656
9423069,2022,2022-03-29,5608,2022-02-28,1925,519,,1,5,6,5608,0,0,0,,0,004,"SOUTH VICTORIA AV","8TH ST",700.00,N,N,A,-,N,,,,,,,,,,N,4,0,1,2,B,-,22,,,N,G,B,F,A,H,-,C,D,0,Y,,,,Y,,-,,0,0,1,0,1,0,0,0,0,"- ","- ",,,VENTURA,VENTURA,-119.21091461181641,34.258708953857422
9429113,2022,2022-04-11,5608,2022-03-15,1205,475,,2,5,6,5608,0,0,0,,0,001,"NORTH VENTURA AV","W PROSPECT ST",0.00,,Y,A,-,N,,,,,,,,,,N,3,0,1,2,A,-,05,21650,A,N,D,G,A,A,H,-,A,A,0,,Y,,,Y,,L,04,0,1,0,0,0,0,1,0,0,"- ","- ",,,VENTURA,VENTURA,-119.29912567138672,34.287002563476562
9430216,2022,2022-04-11,5604,2022-03-09,1133,5637,,3,5,6,5604,0,0,0,,0,032,"S OXNARD BL","DATE ST",50.00,E,N,A,-,N,,,,,,,,,,Y,4,0,1,2,A,-,09,21801,A,N,D,C,A,A,H,-,A,D,0,,,,,Y,,A,01,0,0,1,0,0,0,0,0,0,"- ","- ",,,VENTURA,OXNARD,-119.17034149169922,34.1842041015625
9430218,2022,2022-04-11,5604,2022-03-01,1432,5071,,2,5,6,5604,0,0,0,,0,022,"W FIFTH ST","S K ST S",0.00,,Y,A,-,N,,,,,,,,,,N,2,0,1,2,A,-,12,21453,A,F,G,B,B,A,H,-,A,A,0,Y,,,,Y,,A,01,1,0,0,0,1,0,0,0,0,"- ","- ",,,VENTURA,OXNARD,-119.19168090820312,34.197731018066406
9430351,2022,2022-04-20,5604,2022-02-07,1330,5563,,1,5,6,5604,0,0,0,,0,031,"ANITA AV","COOPER RD",80.00,N,N,A,-,N,,,,,,,,,,N,3,0,1,2,-,-,"- ",,,N,E,-,A,A,D,-,A,D,0,,Y,,,Y,,-,"- ",0,1,0,0,0,0,1,0,0,"- ","- ",34.204490661621094,-119.16957092285156,VENTURA,OXNARD,-119.16960144042969,34.204719543457031
9430493,2022,2022-04-07,5608,2022-03-22,0802,495,,2,5,6,5608,0,0,0,,0,002,"TELEPHONE RD","MARKET ST",18.00,N,N,A,-,N,,,,,,,,,,Y,3,0,1,2,A,-,03,22350,,N,C,C,A,A,H,-,A,A,0,,,,,Y,,A,07,0,1,0,0,0,0,0,0,0,"- ","- ",,,VENTURA,VENTURA,-119.23505401611328,34.257209777832031
9430495,2022,2022-04-07,5608,2022-03-23,1210,442,,3,5,6,5608,0,0,0,,0,002,"THOMPSON BL","CATALINA ST",34.00,E,N,A,-,N,,,,,,,,,,N,4,0,2,4,A,-,03,22350,,N,C,D,A,A,H,-,A,A,0,,,,,Y,,A,01,0,0,2,0,0,0,0,0,0,"- ","- ",,,VENTURA,VENTURA,-119.27010345458984,34.274318695068359
9430543,2022,2022-04-18,5608,2022-03-02,1721,540,,3,5,6,5608,0,0,0,,0,002,"HARBOR BL","BEACHMONT ST",0.00,,Y,A,-,N,,,,,,,,,,Y,3,0,4,2,A,-,08,22107,,N,D,C,A,A,H,-,B,D,0,,,,,Y,,A,01,0,4,0,0,0,0,0,0,0,"- ","- ",,,VENTURA,VENTURA,-119.25955963134766,34.254100799560547
9434782,2022,2022-04-25,5608,2022-03-13,1818,459,5608,7,5,6,5608,0,0,0,,0,004,"TELEPHONE RD","SOUTH VICTORIA AV",0.00,,Y,A,-,N,,,,,,,,,,Y,4,0,2,2,A,-,12,21453,A,N,-,C,A,A,H,-,B,A,0,,,,,Y,,A,01,0,0,2,0,0,0,0,0,0,"- ","- ",,,VENTURA,VENTURA,-119.21256256103516,34.265457153320312
9434784,2022,2022-04-25,5608,2022-03-13,1016,533,30,7,5,6,5608,0,0,0,,0,003,"BRANNAN ST","CROCKER AV",4.00,W,N,A,-,N,,,,,,,,,,N,3,0,1,1,A,-,08,22107,,N,F,A,A,A,H,-,A,A,0,,,Y,,Y,,C,02,0,1,0,0,0,0,0,0,1,"- ","- ",,,VENTURA,VENTURA,-119.1893310546875,34.2757568359375
9434786,2022,2022-04-25,5608,2022-03-09,1849,397,VENTU,3,5,6,5608,0,0,0,,0,001,"NORTH VENTURA AV","WEST PARK ROW AV",239.00,S,N,A,-,N,,,,,,,,,,Y,3,0,1,2,A,-,09,21801,,N,D,C,A,A,H,-,A,D,0,,,Y,,Y,,A,01,0,1,0,0,0,0,0,0,1,"- ","- ",,,VENTURA,VENTURA,-119.30004119873047,34.283954620361328
94356242,2024,2024-08-15,9770,2024-08-14,1650,017662,,3,2,6,5607,0,1,3,,2,076,"SR-23 N/B (MOORPARK FREEWAY)","HILLCREST DRIVE",1848.00,N,N,A,-,Y,VEN,,23," ",R,4.081,H,,R,N,4,0,1,2,A,-,03,22350,,N,C,C,A,A,H,-,A,D,0,,,,,Y,,A,01,0,0,1,0,0,0,0,0,0,"- ","- ",34.186450958251953,-118.86170196533203,VENTURA,"THOUSAND OAKS",-118.86166381835938,34.186458587646484
94358608,2024,2024-08-16,9770,2024-08-14,1605,017662,,3,2,6,5607,0,1,3,,2,084,"SR-23 N/B (MOORPARK FREEWAY)","ERBES ROAD",440.00,S,N,A,-,Y,VEN,,23," ",R,7.661,H,,R,N,4,0,1,2,A,-,03,22350,,N,C,C,A,A,H,-,A,D,0,,,,,Y,,A,01,0,0,1,0,0,0,0,0,0,"- ","- ",34.233898162841797,-118.84311676025391,VENTURA,"THOUSAND OAKS",-118.84313201904297,34.233905792236328
94359716,2024,2024-08-19,9765,2024-08-09,1615,022318,,5,2,6,5608,0,1,2,,2,301,"US-101 SB (VENTURA FREEWAY)","VICTORIA AVENUE",500.00,N,N,A,-,Y,VEN,,101," ",R,25.435,H,,L,Y,3,0,1,2,A,-,03,22350,,N,C,C,A,A,H,-,A,D,0,,,,Y,Y,,A,07,0,1,0,0,0,0,0,0,0,"- ","- ",34.258270263671875,-119.22267913818359,VENTURA,VENTURA,-119.22267150878906,34.258285522460938
94360150,2024,2024-08-19,9765,2024-08-12,1328,023908,,1,1,5,5601,0,1,2,,2,502,"US 101 N/B (VENTURA FREEWAY)","LAS POSAS ROAD",1713.00,S,N,A,-,Y,VEN,,101," "," ",15.560,H,,R,Y,3,0,1,2,A,-,03,22350,,N,C,C,A,A,H,-,A,A,0,,,Y,,Y,,C,02,0,1,0,0,0,0,0,0,1,"- ","- ",34.218730926513672,-119.06404113769531,VENTURA,CAMARILLO,-119.06403350830078,34.218788146972656
94361389,2024,2024-08-20,9765,2024-08-12,2335,022083,,1,3,5,5601,0,1,2,,2,504,"US-101 S/B (VENTURA FREEWAY)","SANTA ROSA ROAD",1531.00,S,N,A,-,Y,VEN,,101," "," ",11.987,H,,L,Y,4,0,1,2,A,-,03,22350,,N,C,C,A,A,D,-,C,D,0,,,,,Y,,A,01,0,0,1,0,0,0,0,0,0,"- ","- ",34.212120056152344,-119.00267791748047,VENTURA,CAMARILLO,-119.00274658203125,34.211978912353516
94363428,2024,2024-08-21,9765,2024-08-14,1425,023908,,3,2,5,5601,0,3,5,,2,005,"WEST LOOP DR","MESA DRIVE",16.00,N,N,A,-,N,,,,,,,,,,N,4,0,1,1,A,-,21,22106,,N,E,I,A,A,H,-,A,D,0,,,,,Y,,A,07,0,0,1,0,0,0,0,0,0,"- ","- ",34.244178771972656,-119.04454040527344,VENTURA,CAMARILLO,-119.04444122314453,34.244152069091797
9436647,2022,2022-05-06,5604,2022-03-30,1327,5335,,3,5,6,5604,0,0,0,,0,012,"WANKEL WY","GRAVES AV",200.00,W,N,A,-,N,,,,,,,,,,Y,4,0,1,2,A,-,09,21804,A,N,D,C,A,A,H,-,A,D,0,,,,,Y,,A,01,0,0,1,0,0,0,0,0,0,"- ","- ",34.216709136962891,-119.14772796630859,VENTURA,OXNARD,-119.14707946777344,34.216751098632812
9436697,2022,2022-05-10,5604,2022-04-15,1329,5508,,5,5,6,5604,0,0,0,,0,032,"S OXNARD BL","WOOLEY RD",50.00,S,N,A,-,N,,,,,,,,,,N,3,0,1,2,A,-,05,21650,1,N,D,G,A,A,H,-,A,D,0,,Y,,,Y,,L,04,0,1,0,0,0,0,1,0,0,"- ","- ",34.189781188964844,-119.17662048339844,VENTURA,OXNARD,-119.17754364013672,34.190059661865234
9436701,2022,2022-05-06,5604,2022-04-02,1340,5527,,6,5,6,5604,0,0,0,,0,011,"N VENTURA RD","DORIS AV",0.00,,Y,A,-,N,,,,,,,,,,Y,4,0,2,3,A,-,09,21801,A,N,D,C,A,A,H,-,A,A,0,,,,,Y,,A,07,0,0,2,0,0,0,0,0,0,"- ","- ",34.208328247070312,-119.19467163085938,VENTURA,OXNARD,-119.19464111328125,34.208362579345703
9436703,2022,2022-05-06,5604,2022-04-19,0745,4947,,2,5,6,5604,0,0,0,,0,041,"S BARD RD","E J ST",0.00,,Y,A,-,N,,,,,,,,,,N,4,0,1,2,A,-,10,21950,A,N,G,B,B,A,H,-,A,D,0,Y,,,,Y,,D,22,0,0,1,0,1,0,0,0,0,"- ","- ",,,VENTURA,OXNARD,-119.18602752685547,34.161083221435547
9436709,2022,2022-05-06,5604,2022-04-03,1325,5527,,7,5,6,5604,0,0,0,,0,011,"PATTERSON RD","VINEYARD AV",0.00,,Y,A,-,N,,,,,,,,,,Y,3,0,1,1,A,-,01,23152,A,N,E,I,A,B,H,-,A,D,0,,,,,Y,Y,A,01,0,1,0,0,0,0,0,0,0,"- ","- ",34.226428985595703,-119.21076202392578,VENTURA,OXNARD,-119.21098327636719,34.226287841796875
94369447,2024,2024-08-26,9765,2024-08-19,"728 ",022106,,1,1,6,5608,0,1,2,,2,302,"US-101 N/B","JOHNSON DR",160.00,N,N,A,-,Y,VEN,,101," ",R,23.495,H,,R,N,4,0,1,3,A,-,07,21658,A,N,C,C,A,A,H,-,A,D,0,,,,,Y,,A,07,0,0,1,0,0,0,0,0,0,"- ","- ",34.243930816650391,-119.19342803955078,VENTURA,VENTURA,-119.19342041015625,34.243946075439453
94373147,2024,2024-08-28,9765,2024-08-21,1805,023498,,3,2,6,5608,0,1,2,,2,103,"US-101 S/B (VENTURA FREEWAY)","S GARDEN ST",195.00,S,N,A,-,Y,VEN,,101," "," ",30.688,H,,L,Y,3,0,2,2,A,-,03,22350,,N,C,C,A,A,H,-,A,D,0,,,,,Y,,A,07,0,2,0,0,0,0,0,0,0,"- ","- ",34.277858734130859,-119.30240631103516,VENTURA,VENTURA,-119.30242919921875,34.277812957763672
94379408,2024,2024-09-03,9770,2024-08-28,1535,017662,,3,2,6,5607,0,1,2,,2,072,"US-101 N/B (VENTURA FREEWAY)","VENTU PARK ROAD",1584.00,S,N,A,-,Y,VEN,,101," "," ",5.944,H,,R,Y,4,0,1,2,A,-,03,22350,,N,C,C,A,A,H,-,A,D,0,,,,,Y,,A,01,0,0,1,0,0,0,0,0,0,"- ","- ",34.184429168701172,-118.90696716308594,VENTURA,"THOUSAND OAKS",-118.90696716308594,34.184505462646484
94382675,2024,2024-09-05,9770,2024-09-05,"727 ",016383,,4,1,6,5607,0,1,2,,2,073,"US-101 S/B (VENTURA FREEWAY)","VENTU PARK ROAD",528.00,S,N,A,-,Y,VEN,,101," "," ",6.111,H,,L,Y,4,0,4,1,A,-,08,22107,,N,E,I,A,A,H,-,A,D,0,,,,,Y,,A,07,0,0,4,0,0,0,0,0,0,"- ","- ",34.184360504150391,-118.90988159179688,VENTURA,"THOUSAND OAKS",-118.90988159179688,34.184288024902344
94388180,2024,2024-09-10,9770,2024-09-04,"853 ",023812,,3,1,6,5607,0,1,2,,2,075,"US 101 S/B (VENTURA FREEWAY)","CONEJO SCHOOL ROAD UNDERCROSSING",528.00,S,N,A,-,Y,VEN,,101," "," ",2.109,H,,L,N,4,0,1,3,A,-,03,22350,,N,C,C,A,A,H,-,A,D,0,,,,,Y,,A,01,0,0,1,0,0,0,0,0,0,"- ","- ",34.170230865478516,-118.84451293945312,VENTURA,"THOUSAND OAKS",-118.84444427490234,34.170299530029297
94389003,2024,2024-09-10,9765,2024-09-02,1657,021999,,1,2,9,5600,0,1,2,,1,102,"US-101 N/B (VENTURA FREEWAY)",SEACLIFF,6283.00,S,N,A,-,Y,VEN,,101," ",R,37.292,H,,R,Y,3,0,1,1,A,-,08,22107,,N,E,8,A,A,H,-,A,D,0,,,,,Y,,A,07,0,1,0,0,0,0,0,0,0,"- ","- ",34.326751708984375,-119.39488220214844,VENTURA,UNINCORPORATED,-119.39496612548828,34.326694488525391
94389847,2024,2024-09-11,9765,2024-09-03,1724,021999,,2,2,6,5608,0,3,5,,2,006,"PLEASANT VALLEY ROAD","SR-1 (PACIFIC COAST HIGHWAY)",686.00,E,N,A,-,N,,,,,,,,,,Y,4,0,1,2,A,-,03,22350,,N,C,C,A,A,H,-,A,A,0,,,,,Y,,A,01,0,0,1,0,0,0,0,0,0,"- ","- ",34.167381286621094,-119.14034271240234,VENTURA,VENTURA,-121.16172027587891,39.306121826171875
94393818,2024,2024-09-13,9770,2024-09-12,1635,018942,,4,2,9,5600,0,2,4,,2,079,"DOUBLETREE ROAD","DEERHILL ROAD",0.00,,Y,A,-,N,,,,,,,,,,Y,4,0,1,2,A,-,09,21802,A,N,D,C,A,A,H,-,A,A,0,,,,,Y,,-,"- ",0,0,1,0,0,0,0,0,0,"- ","- ",34.184230804443359,-118.75945281982422,VENTURA,UNINCORPORATED,-118.75949096679688,34.184215545654297
9439461,2022,2022-06-21,5605,2022-05-07,1654,227,PATRO,6,5,3,5605,0,0,0,,0,003,"PLEASANT VALLEY RD","VENTURA RD",210.00,E,N,A,-,N,,,,,,,,,,Y,4,0,1,3,A,-,03,22350,,N,C,C,A,A,H,-,A,D,0,,,,,Y,,D,22,0,0,1,0,0,0,0,0,0,"- ","- ",34.154861450195312,-119.19522857666016,VENTURA,"PORT HUENEME",-119.19465637207031,34.154758453369141
94394961,2024,2024-09-16,9765,2024-09-04,"725 ",017253,,3,1,9,5600,0,1,3,,1,020,"SR-33 (VENTURA AVE)","KUNKLE ST",103.00,S,N,A,-,Y,VEN,,33," "," ",8.590,H,,R,N,3,0,1,2,A,-,06,21755,A,N,D,C,A,A,H,-,A,A,0,,,,,Y,,A,07,0,1,0,0,0,0,0,0,0,"- ","- ",34.394088745117188,-119.30075073242188,VENTURA,UNINCORPORATED,-119.30061340332031,34.394050598144531
94395218,2024,2024-09-16,9430,2024-09-12,"706 ",022823,,4,1,9,5600,0,2,4,,1,031,"LOCKWOOD VALLEY RD","CAMP SCHEIDECK RD",23760.00,E,N,A,-,Y,,,,,,,,,,Y,4,0,2,1,A,-,08,22107,,N,F,A,A,A,H,-,A,D,0,,,,,Y,,D,22,0,0,2,0,0,0,0,0,0,"- ","- ",34.725799560546875,-119.22969055175781,VENTURA,UNINCORPORATED,,
94397592,2024,2024-09-17,9765,2024-09-12,"800 ",016234,,4,1,6,5604,0,1,2,,2,501,"US-101 S/B","DEL NORTE BLVD",2000.00,S,N,A,-,Y,VEN,,101," "," ",18.622,H,,L,N,4,0,1,2,A,-,03,22350,,N,C,C,A,A,H,-,A,D,0,,,,,Y,,A,07,0,0,1,0,0,0,0,0,0,"- ","- ",34.221931457519531,-119.12014770507812,VENTURA,OXNARD,-119.12014770507812,34.221927642822266
9440041,2022,2022-04-25,5604,2022-03-22,1702,4795,,2,5,6,5604,0,0,0,,0,014,"RIVERPARK BL","TOWN CENTER DR",0.00,,Y,A,-,N,,,,,,,,,,Y,4,0,1,2,A,-,09,21801,A,N,D,C,A,A,H,-,D,A,0,,,,,Y,,A,01,0,0,1,0,0,0,0,0,0,"- ","- ",34.238048553466797,-119.17548370361328,VENTURA,OXNARD,-119.175537109375,34.238059997558594
9440042,2022,2022-04-25,5604,2022-03-22,0830,5189,,2,5,6,5604,0,0,0,,0,031,"MELITO DR","OTANO WAY",30.00,S,N,A,-,N,,,,,,,,,,Y,3,0,2,2,D,-,00,,,N,D,C,A,A,H,-,A,D,0,,,,,Y,,-,"- ",0,1,1,0,0,0,0,0,0,"- ","- ",34.212329864501953,-119.16677856445312,VENTURA,OXNARD,-119.16705322265625,34.212516784667969
94400859,2024,2024-09-19,9765,2024-09-11,1625,023509,,3,2,9,5600,0,1,3,,2,040,"SR-126 E/B","WELLS RD",7920.00,E,N,A,-,Y,VEN,,126," ",R,6.534,H,,R,N,4,0,1,3,A,-,03,22350,,F,C,C,A,A,H,-,A,D,0,,,,,Y,,-,99,0,0,1,0,0,0,0,0,0,"- ","- ",34.302280426025391,-119.13497161865234,VENTURA,UNINCORPORATED,-119.13494873046875,34.302257537841797
94400977,2024,2024-09-19,9765,2024-09-14,1800,023911,,6,2,6,5608,0,1,2,,2,301,"US-101 S/B (VENTURA FREEWAY)","TELEPHONE ROAD",3168.00,S,N,A,-,Y,VEN,,101," ",R,25.380,H,,L,Y,4,0,2,1,A,-,08,22107,,N,F,A,A,A,H,-,A,D,0,,,,,Y,,A,07,0,0,2,0,0,0,0,0,0,"- ","- ",34.257900238037109,-119.22183227539062,VENTURA,VENTURA,-119.22182464599609,34.257907867431641
9440125,2022,2022-04-27,5604,2022-03-06,1539,5585,,7,5,6,5604,0,0,0,,0,022,"S VENTURA RD","5TH ST",315.00,N,N,A,-,N,,,,,,,,,,N,3,0,1,2,A,-,05,21650,1,N,A,G,A,A,H,-,A,D,0,,Y,,,Y,,L,04,0,1,0,0,0,0,1,0,0,"- ","- ",34.197669982910156,-119.19473266601562,VENTURA,OXNARD,-119.19486236572266,34.198444366455078
9440134,2022,2022-06-16,5604,2022-03-20,2159,5654,,7,5,6,5604,0,0,0,,0,014,"MOONLIGHT PARK AV","FOREST PARK BL",0.00,,Y,A,-,N,,,,,,,,,,Y,4,0,1,1,A,-,01,23152,A,N,E,I,A,A,H,-,C,D,0,,,,,Y,Y,A,01,0,0,1,0,0,0,0,0,0,"- ","- ",34.242919921875,-119.17484283447266,VENTURA,OXNARD,-119.17485809326172,34.24273681640625
9440137,2022,2022-04-27,5604,2022-03-18,1550,4925,,5,5,6,5604,0,0,0,,0,012,"E GONZALES RD","BAHIA DR",0.00,,Y,A,-,N,,,,,,,,,,Y,4,0,2,2,A,-,09,21801,A,N,D,C,A,A,H,-,A,D,0,,,,,Y,,A,01,0,0,2,0,0,0,0,0,0,"- ","- ",34.219478607177734,-119.17642974853516,VENTURA,OXNARD,-119.175048828125,34.218990325927734
9440144,2022,2022-04-27,5604,2022-03-04,1138,5502,,5,5,6,5604,0,0,0,,0,042,"PLEASANT VALLEY DR","SQUIRES DR",45.00,W,N,A,-,N,,,,,,,,,,Y,4,0,1,2,-,-,"- ",,,N,B,C,A,A,H,-,A,A,0,,,,,Y,,A,01,0,0,1,0,0,0,0,0,0,"- ","- ",34.154651641845703,-119.17040252685547,VENTURA,OXNARD,-119.17054748535156,34.154701232910156
9440145,2022,2022-04-27,5604,2022-03-28,1201,5592,,1,5,6,5604,0,0,0,,0,041,"SAVIERS RD","BRYCE CANYON AV",150.00,N,N,B,-,N,,,,,,,,,,N,4,0,3,2,A,-,09,21801,A,N,D,C,A,A,H,-,A,D,0,,,,,Y,,A,01,0,0,3,0,0,0,0,0,0,"- ","- ",34.169971466064453,-119.17813110351562,VENTURA,OXNARD,-119.17768096923828,34.170192718505859
9440150,2022,2022-04-27,5604,2022-03-24,1410,5647,,4,5,6,5604,0,0,0,,0,022,"S OXNARD BL","W 5TH ST W",0.00,,Y,A,-,N,,,,,,,,,,N,2,0,1,2,A,-,09,21804,A,F,H,A,A,A,H,-,A,A,0,,,,,Y,,A,01,1,0,0,0,0,0,0,0,0,"- ","- ",34.196361541748047,-119.17739868164062,VENTURA,OXNARD,-119.17746734619141,34.197685241699219
9440158,2022,2022-04-27,5604,2022-03-19,0220,5561,,6,5,6,5604,0,0,0,,0,012,"N RICE AV","GONZALES RD",5.00,N,N,A,-,N,,,,,,,,,,Y,4,0,1,2,A,-,03,22350,1,N,C,C,A,A,H,-,C,A,0,,,,,Y,,A,01,0,0,1,0,0,0,0,0,0,"- ","- ",34.218761444091797,-119.14201354980469,VENTURA,OXNARD,-119.14211273193359,34.218742370605469
9440180,2022,2022-04-27,5604,2022-03-29,0745,4737,,2,5,6,5604,0,0,0,,0,031,"CAMINO DEL SOL","COLONIA RD",0.00,,Y,B,-,N,,,,,,,,,,N,3,0,1,2,A,-,09,21804,A,F,D,G,A,B,H,-,A,A,0,,Y,,,Y,,L,04,0,1,0,0,0,0,1,0,0,"- ","- ",34.207328796386719,-119.16352081298828,VENTURA,OXNARD,-119.16358184814453,34.207279205322266
94402705,2024,2024-09-20,9765,2024-09-17,"805 ",018884,,2,1,5,5601,0,1,2,,2,503,"US 101 SOUTHBOUND (VENTURA FREEWAY)","PLEASANT VALLEY ROAD",1056.00,N,N,A,-,Y,VEN,,101," "," ",12.519,H,,L,N,4,0,1,2,A,-,03,22350,,N,C,C,A,A,H,-,A,D,0,,,,,Y,,A,01,0,0,1,0,0,0,0,0,0,"- ","- ",34.214771270751953,-119.01136016845703,VENTURA,CAMARILLO,-119.0113525390625,34.214786529541016
94402890,2024,2024-09-20,9765,2024-09-19,"440 ",023509,,4,3,4,5606,0,1,3,,2,040,"SR-126 E/B","TENTH ST",1373.00,W,N,B,-,Y,VEN,,126," ",R,11.784,H,,R,Y,3,0,1,1,A,-,08,22107,,N,D,8,A,A,H,-,D,D,0,,,,Y,Y,,G,25,0,1,0,0,0,0,0,0,0,"- ","- ",34.348781585693359,-119.0626220703125,VENTURA,"SANTA PAULA",-119.06258392333984,34.348728179931641
94404090,2024,2024-09-23,9765,2024-09-17,1620,021015,,2,2,9,5600,0,3,5,,2,002,"ENCINO DRIVE","AZURE COURT",686.00,S,N,A,-,N,,,,,,,,,,Y,3,0,1,1,A,-,08,22107,,N,E,I,A,A,H,-,A,D,0,,,,,Y,,A,01,0,1,0,0,0,0,0,0,0,"- ","- ",34.403518676757812,-119.28913116455078,VENTURA,UNINCORPORATED,-119.28927612304688,34.403465270996094
94411989,2024,2024-09-30,9765,2024-09-22,1335,023911,,7,1,6,5608,0,1,3,,1,031,"SR-126 W/B (SANTA PAULA FREEWAY)","KIMBALL RD.",4224.00,E,N,A,-,Y,VEN,,126," "," ",3.578,H,,L,Y,3,0,1,1,A,-,01,23152,A,N,E,I,A,A,H,-,A,D,0,,,,,Y,Y,A,01,0,1,0,0,0,0,0,0,0,"- ","- ",34.277561187744141,-119.17723083496094,VENTURA,VENTURA,-119.17717742919922,34.277473449707031
94414149,2024,2024-10-01,9770,2024-09-24,1450,017627,,2,2,6,5609,0,1,3,,2,082,"SR-118 W/B (RONALD REAGAN FREEWAY)","ROCKY PEAK ROAD",1547.00,W,N,A,-,Y,VEN,,118," ",R,32.123,H,,L,Y,3,0,1,2,A,-,08,22107,,N,D,C,A,A,H,-,A,D,0,,,Y,,Y,,C,02,0,1,0,0,0,0,0,0,1,"- ","- ",34.266658782958984,-118.64055633544922,VENTURA,"SIMI VALLEY",-118.64056396484375,34.266616821289062
9441553,2022,2022-06-13,5604,2022-03-03,2010,4737,,4,5,6,5604,0,0,0,,0,031,"EAST 5TH ST","PACIFIC AV",0.00,,Y,B,-,N,,,,,,,,,,N,3,0,1,2,A,-,12,22450,A,F,D,G,A,A,H,-,C,A,0,,Y,,,Y,,-,,0,1,0,0,0,0,1,0,0,"- ","- ",34.197078704833984,-119.16477203369141,VENTURA,OXNARD,-119.16477203369141,34.197067260742188
94416471,2024,2024-10-02,9765,2024-09-21,2331,022296,,6,3,9,5600,0,1,3,,1,044,SR-150,"BRIDGE RD",3379.00,W,N,A,-,Y,VEN,,150," "," ",30.797,H,,R,Y,4,0,2,1,A,-,01,23152,A,N,F,A,A,A,H,-,D,D,0,,,,,Y,Y,A,01,0,0,2,0,0,0,0,0,0,"- ","- ",34.397510528564453,-119.07823181152344,VENTURA,UNINCORPORATED,-119.07820129394531,34.39752197265625
9441758,2022,2022-06-08,5604,2022-04-24,1224,5514,,7,5,6,5604,0,0,0,,0,032,"S OXNARD BL","COMMERCIAL AV",50.00,S,N,A,-,N,,,,,,,,,,Y,4,0,2,3,A,-,08,22107,,N,B,C,A,A,H,-,A,D,0,,,,Y,Y,,F,56,0,0,2,0,0,0,0,0,0,"- ","- ",34.185348510742188,-119.17241668701172,VENTURA,OXNARD,-119.17244720458984,34.185836791992188