CASE_ID,ACCIDENT_YEAR,PROC_DATE,JURIS,COLLISION_DATE,COLLISION_TIME,OFFICER_ID,REPORTING_DISTRICT,DAY_OF_WEEK,CHP_SHIFT,POPULATION,CNTY_CITY_LOC,SPECIAL_COND,BEAT_TYPE,CHP_BEAT_TYPE,CITY_DIVISION_LAPD,CHP_BEAT_CLASS,BEAT_NUMBER,PRIMARY_RD,SECONDARY_RD,DISTANCE,DIRECTION,INTERSECTION,WEATHER_1,WEATHER_2,STATE_HWY_IND,CALTRANS_COUNTY,CALTRANS_DISTRICT,STATE_ROUTE,ROUTE_SUFFIX,POSTMILE_PREFIX,POSTMILE,LOCATION_TYPE,RAMP_INTERSECTION,SIDE_OF_HWY,TOW_AWAY,COLLISION_SEVERITY,NUMBER_KILLED,NUMBER_INJURED,PARTY_COUNT,PRIMARY_COLL_FACTOR,PCF_CODE_OF_VIOL,PCF_VIOL_CATEGORY,PCF_VIOLATION,PCF_VIOL_SUBSECTION,HIT_AND_RUN,TYPE_OF_COLLISION,MVIW,PED_ACTION,ROAD_SURFACE,ROAD_COND_1,ROAD_COND_2,LIGHTING,CONTROL_DEVICE,CHP_ROAD_TYPE,PEDESTRIAN_ACCIDENT,BICYCLE_ACCIDENT,MOTORCYCLE_ACCIDENT,TRUCK_ACCIDENT,NOT_PRIVATE_PROPERTY,ALCOHOL_INVOLVED,STWD_VEHTYPE_AT_FAULT,CHP_VEHTYPE_AT_FAULT,COUNT_SEVERE_INJ,COUNT_VISIBLE_INJ,COUNT_COMPLAINT_PAIN,COUNT_PED_KILLED,COUNT_PED_INJURED,COUNT_BICYCLIST_KILLED,COUNT_BICYCLIST_INJURED,COUNT_MC_KILLED,COUNT_MC_INJURED,PRIMARY_RAMP,SECONDARY_RAMP,LATITUDE,LONGITUDE,COUNTY,CITY,POINT_X,POINT_Y
94418398,2024,2024-10-03,9765,2024-09-28,2230,022296,,6,3,6,5608,0,1,S,,2,841,"SR-126 WB (SANTA PAULA FREEWAY)","WELLS RD",3696.00,E,N,B,-,Y,VEN,,126," ",R,5.724,H,,L,Y,4,0,1,1,A,-,08,22107,,N,F,A,A,A,H,-,D,D,0,,,,,Y,,A,08,0,0,1,0,0,0,0,0,0,"- ","- ",34.295639038085938,-119.14655303955078,VENTURA,VENTURA,-119.14649200439453,34.295574188232422
94418504,2024,2024-10-03,9765,2024-09-30,"700 ",016234,,1,1,9,5600,0,3,5,,2,005,"CENTRAL AVE","ROSE AVE",528.00,W,N,E,-,N,,,,,,,,,,Y,4,0,1,2,A,-,03,22350,,N,C,C,A,A,H,-,A,D,0,,,,,Y,,A,01,0,0,1,0,0,0,0,0,0,"- ","- ",34.251701354980469,-119.14409637451172,VENTURA,UNINCORPORATED,-119.14401245117188,34.251705169677734
94422700,2024,2024-10-08,9765,2024-10-03,1725,020353,,4,2,6,5604,0,1,2,,2,301,"US-101 S/B","OXNARD BLVD.",1400.00,S,N,A,-,Y,VEN,,101," "," ",22.429,H,,L,N,4,0,5,2,A,-,03,22350,,N,C,C,A,A,H,-,A,D,0,,,,,Y,,A,07,0,0,5,0,0,0,0,0,0,"- ","- ",34.236679077148438,-119.17723083496094,VENTURA,OXNARD,-119.17730712890625,34.23663330078125
9442441,2022,2022-05-04,5608,2022-04-05,1618,527,,2,5,6,5608,0,0,0,,0,004,"TELEPHONE RD","PORTOLA RD",142.00,W,N,A,-,N,,,,,,,,,,Y,3,0,1,2,A,-,08,22107,,N,D,C,A,A,H,-,A,A,0,,,Y,,Y,,C,06,0,1,0,0,0,0,0,0,1,"- ","- ",,,VENTURA,VENTURA,-119.22561645507812,34.263526916503906
94424640,2024,2024-10-09,9765,2024-09-28,1015,018332,,6,1,9,5600,0,1,3,,1,023,"SR-150 (OJAI RD)","REEVES RD.",1320.00,E,N,A,-,Y,VEN,,150," "," ",20.237,H,,R,N,3,0,1,1,C,-,18,,,N,F,A,A,A,B,-,A,D,0,,,Y,,Y,,-,"- ",0,1,0,0,0,0,0,0,1,"- ","- ",34.444988250732422,-119.19976806640625,VENTURA,UNINCORPORATED,-119.19980621337891,34.444972991943359
94430131,2024,2024-10-14,9770,2024-10-11,1641,021738,,5,2,6,5607,0,1,3,,2,084,"SR-23 N/B (MOORPARK FREEWAY)","ERBES ROAD UNDERCROSSING",1056.00,S,N,A,-,Y,VEN,,23," ",R,7.525,H,,R,N,4,0,1,2,A,-,03,22350,,N,C,C,A,A,H,-,A,D,0,,,,,Y,,A,01,0,0,1,0,0,0,0,0,0,"- ","- ",34.232200622558594,-118.84430694580078,VENTURA,"THOUSAND OAKS",-118.84433746337891,34.232212066650391
94432265,2024,2024-10-15,9765,2024-10-05,1027,018332,,6,1,9,5600,0,1,3,,1,044,"SR-150 (SANTA PAULA RD.)","OSBORNE RD.",0.00,,Y,A,-,Y,VEN,,150," "," ",26.632,H,,R,N,4,0,1,2,A,-,03,22350,,N,C,C,A,A,H,-,A,A,0,,,Y,,Y,,C,02,0,0,1,0,0,0,0,0,1,"- ","- ",34.42987060546875,-119.12275695800781,VENTURA,UNINCORPORATED,-119.12276458740234,34.429859161376953
94432300,2024,2024-10-15,9765,2024-10-06,"204 ",022461,,7,3,5,5601,0,1,2,,2,504,"US-101 N/B","CAMARILLO SPRINGS ROAD UNDERCROSSING",3065.00,N,N,A,-,Y,VEN,,101," "," ",11.340,H,,R,Y,3,0,1,1,A,-,01,23152,A,N,E,J,A,A,H,-,D,D,0,,,,,Y,Y,A,07,0,1,0,0,0,0,0,0,0,"- ","- ",34.20819091796875,-118.99234771728516,VENTURA,CAMARILLO,-118.99247741699219,34.208084106445312
9443364,2022,2022-05-03,5608,2022-04-16,1003,530,,6,5,6,5608,0,0,0,,0,004,"TELEPHONE RD","RT 101",0.00,,Y,A,-,N,,,,,,,,,,N,3,0,1,2,A,-,05,21202,,N,-,G,A,A,H,-,A,A,0,,Y,,,Y,,L,04,0,1,0,0,0,0,1,0,0,"- ",NF,34.262619018554688,-119.22998046875,VENTURA,VENTURA,,
9443367,2022,2022-05-03,5608,2022-04-17,1704,525,,7,5,6,5608,0,0,0,,0,001,"CEDAR ST","RAMONA ST",95.00,N,N,A,-,N,,,,,,,,,,Y,3,0,1,3,A,-,09,21804,A,N,D,C,A,A,H,-,A,D,0,,,,,Y,,A,01,0,1,0,0,0,0,0,0,0,"- ","- ",,,VENTURA,VENTURA,-119.29530334472656,34.289173126220703
9443387,2022,2022-05-23,5608,2022-04-23,0152,505,,6,5,6,5608,0,0,0,,0,004,"COLT ST","SPERRY AV",475.00,W,N,A,-,N,,,,,,,,,,Y,3,0,1,2,A,-,03,22350,,N,A,J,A,A,H,-,C,D,0,,,,,Y,,A,01,0,1,0,0,0,0,0,0,0,"- ","- ",,,VENTURA,VENTURA,-119.21913909912109,34.249969482421875
94435080,2024,2024-10-17,9765,2024-10-08,2100,023911,,2,2,9,5600,0,1,2,,1,101,"US-101 S/B (VENTURA FREEWAY)","DULAH ROAD",60.00,N,N,A,-,Y,VEN,,101," ",R,34.700,H,,L,Y,4,0,2,2,A,-,03,22350,,F,C,2,A,A,H,-,D,D,0,,,,,Y,,-,99,0,0,2,0,0,0,0,0,0,"- ","- ",34.311870574951172,-119.35690307617188,VENTURA,UNINCORPORATED,-119.35690307617188,34.311870574951172
9443616,2022,2022-05-13,5608,2022-04-22,0331,496,,5,5,6,5608,0,0,0,,0,004,"VALENTINE RD","SPERRY AV",955.00,E,N,B,-,N,,,,,,,,,,Y,3,0,1,1,A,-,03,22350,,N,E,I,A,B,H,-,C,D,0,,,,,Y,,A,01,0,1,0,0,0,0,0,0,0,"- ","- ",,,VENTURA,VENTURA,-119.21511840820312,34.254585266113281
94438914,2024,2024-10-21,9765,2024-10-12,"425 ",023702,,6,3,9,5600,0,1,S,,2,904,"SR-34 (EAST 5TH STREET)","WOOD ROAD",335.00,E,N,E,-,Y,VEN,,34," "," ",8.980,H,,R,N,4,0,1,2,A,-,09,21801,A,N,D,C,A,A,H,-,D,D,0,,,,,Y,,A,01,0,0,1,0,0,0,0,0,0,"- ","- ",34.196510314941406,-119.09490966796875,VENTURA,UNINCORPORATED,-119.09490966796875,34.196552276611328
94439074,2024,2024-10-21,9765,2024-10-13,"225 ",023391,,7,3,9,5600,0,1,S,,2,904,"SR-118 W/B (LOS ANGELES AVENUE)","AGGEN ROAD",2655.00,W,N,A,-,Y,VEN,,118," "," ",8.145,H,,L,Y,4,0,1,1,A,-,01,23152,A,N,F,I,A,A,H,-,D,D,0,,,,,Y,Y,A,01,0,0,1,0,0,0,0,0,0,"- ","- ",34.263648986816406,-119.04331207275391,VENTURA,UNINCORPORATED,-119.04331207275391,34.263729095458984
94439113,2024,2024-10-21,9765,2024-10-13,1100,018332,,7,1,9,5600,0,3,5,,2,006,"STURGIS RD","DEL NORTE BLVD.",1056.00,E,N,A,-,N,,,,,,,,,,Y,4,0,1,1,A,-,08,22107,,N,F,A,A,A,H,-,A,D,0,,,,,Y,,A,01,0,0,1,0,0,0,0,0,0,"- ","- ",34.201858520507812,-119.12046813964844,VENTURA,UNINCORPORATED,-119.12395477294922,34.201828002929688
94439167,2024,2024-10-21,9765,2024-10-14,1450,021485,,1,2,6,5608,0,1,2,,2,302,"US-101 N/B (VENTURA FREEWAY)","OXNARD BOULEVARD",2000.00,N,N,A,-,Y,VEN,,101," ",R,23.136,H,,R,N,4,0,4,2,A,-,03,22350,,N,C,C,A,A,H,-,A,A,0,,,,,Y,,D,22,0,0,4,0,0,0,0,0,0,"- ","- ",34.241970062255859,-119.18755340576172,VENTURA,VENTURA,-119.18759918212891,34.241870880126953
9444106,2022,2022-05-18,5604,2022-04-20,0822,5055,,3,5,6,5604,0,0,0,,0,023,"S OXNARD BL","5TH ST",75.00,N,N,A,-,N,,,,,,,,,,Y,4,0,1,2,A,-,03,22350,,F,C,C,A,A,H,-,A,A,0,,,,,Y,,D,22,0,0,1,0,0,0,0,0,0,"- ","- ",34.1993408203125,-119.17701721191406,VENTURA,OXNARD,-119.17746734619141,34.197895050048828
9444108,2022,2022-05-18,5604,2022-04-16,1559,5285,,6,5,6,5604,0,0,0,,0,012,"VENTURA BL","NYELAND AV",20.00,W,N,A,-,N,,,,,,,,,,Y,4,0,1,2,A,-,09,21801,A,N,D,C,A,A,H,-,A,A,0,,,,,Y,,D,22,0,0,1,0,0,0,0,0,0,"- ","- ",34.222660064697266,-117.13746643066406,VENTURA,OXNARD,-119.13752746582031,34.222660064697266
94445181,2024,2024-10-25,9770,2024-10-22,1020,017638,,2,1,6,5607,0,1,2,,2,073,"US-101 S/B (VENTURA FREEWAY)","VENTU PARK ROAD",800.00,N,N,A,-,Y,VEN,,101," "," ",6.342,H,,L,Y,4,0,2,3,A,-,03,22350,,N,C,C,A,A,H,-,A,D,0,,,,,Y,,A,01,0,0,2,0,0,0,0,0,0,"- ","- ",34.184299468994141,-118.91390991210938,VENTURA,"THOUSAND OAKS",-118.91390991210938,34.184257507324219
94445197,2024,2024-10-25,9770,2024-10-22,1309,019849,,2,1,6,5607,0,1,2,,2,074,"US-101 N/B (VENTURA FREEWAY)","RANCHO ROAD",1056.00,S,N,A,-,Y,VEN,,101," "," ",2.837,H,,R,Y,4,0,3,2,A,-,07,21658,A,N,B,C,A,A,H,-,A,D,0,,,,,Y,,-,"- ",0,0,3,0,0,0,0,0,0,"- ","- ",34.175861358642578,-118.85495758056641,VENTURA,"THOUSAND OAKS",-118.85494995117188,34.175888061523438
94446952,2024,2024-10-28,9765,2024-10-12,1230,022485,,6,1,9,5600,0,1,3,,2,010,"SR-33 (MARICOPA HIGHWAY)","CAMINO CIELO",1056.00,S,N,A,-,Y,VEN,,33," "," ",14.949,H,,R,N,3,0,1,1,D,-,00,,,N,F,A,A,A,H,-,A,D,0,,,Y,,Y,,-,"- ",0,1,0,0,0,0,0,0,1,"- ","- ",34.483001708984375,-119.29326629638672,VENTURA,UNINCORPORATED,-119.29325866699219,34.483028411865234
94447958,2024,2024-10-28,9765,2024-10-20,"815 ",017253,,7,1,9,5600,0,1,3,,1,023,"SR-150 (OJAI ROAD)","GORHAM ROAD",0.00,,Y,A,-,Y,VEN,,150," "," ",19.043,H,,R,N,2,0,1,2,A,-,09,21801,A,N,D,6,A,A,D,-,A,D,0,,Y,,,Y,,A,01,1,0,0,0,0,0,1,0,0,"- ","- ",34.448490142822266,-119.22015380859375,VENTURA,UNINCORPORATED,-119.22016143798828,34.448440551757812
94450982,2024,2024-10-30,9765,2024-10-25,"19  ",023024,,5,3,9,5600,0,3,5,,2,003,"ROSE AVENUE",SR-118,1373.00,S,N,A,-,N,,,,,,,,,,N,4,0,1,1,A,-,08,22107,,N,E,I,A,A,H,-,A,A,0,,,,,Y,,A,01,0,0,1,0,0,0,0,0,0,"- ","- ",34.264358520507812,-119.12812042236328,VENTURA,UNINCORPORATED,-119.12801361083984,34.264434814453125
94454788,2024,2024-11-01,9765,2024-10-24,2229,023911,,4,3,9,5600,0,3,5,,2,006,"POTRERO ROAD","OLD LEWIS ROAD",3168.00,E,N,E,-,N,,,,,,,,,,Y,3,0,1,1,A,-,08,22107,,N,F,A,A,A,H,-,D,D,0,,,,,Y,,A,01,0,1,0,0,0,0,0,0,0,"- ","- ",34.15985107421875,-119.05605316162109,VENTURA,UNINCORPORATED,-119.05747222900391,34.159523010253906
94455133,2024,2024-11-01,9765,2024-10-27,1605,022106,,7,2,9,5600,0,1,3,,1,046,"LOS ANGELES AVE.","COUNTY DR.",0.00,,Y,B,-,Y,VEN,,118," ",R,1.453,H,,R,Y,3,0,3,2,A,-,12,21453,A,N,A,2,A,A,H,-,A,A,0,,,,,Y,,A,07,0,3,0,0,0,0,0,0,0,"- ","- ",34.280708312988281,-119.1446533203125,VENTURA,UNINCORPORATED,-119.14464569091797,34.280715942382812
94456979,2024,2024-11-04,9770,2024-10-27,2100,023577,,7,2,6,5609,0,1,3,,2,083,"SR-118 E/B FROM SYCAMORE DRIVE N/B","SYCAMORE DRIVE",12.00,E,N,A,-,Y,,,,,,,,,,Y,3,0,2,1,A,-,08,22107,,N,E,8,A,A,H,-,C,D,0,,,,,Y,,A,07,0,2,0,0,0,0,0,0,0,"- ","- ",34.281768798828125,-118.74362945556641,VENTURA,"SIMI VALLEY",-118.74385070800781,34.282119750976562
94457002,2024,2024-11-04,9770,2024-10-29,2358,023928,,2,3,6,5607,0,1,2,,2,071,"US-101 S/B (VENTURA FREEWAY)","WENDY ROAD",800.00,S,N,A,-,Y,VEN,,101," "," ",7.725,H,,L,N,3,0,2,2,A,-,03,22350,,N,C,C,A,A,H,-,D,D,0,,,,,Y,,A,01,0,2,0,0,0,0,0,0,0,"- ","- ",34.188629150390625,-118.93692016601562,VENTURA,"THOUSAND OAKS",-118.93690490722656,34.18865966796875
94457226,2024,2024-11-04,9765,2024-10-25,1908,022106,,5,2,9,5600,0,1,3,,2,041,"SR-126 W/B","WELLS RD.",1584.00,E,N,A,-,Y,VEN,,126," ",R,5.343,H,,L,N,4,0,2,2,A,-,03,22350,,F,C,C,A,A,H,-,C,D,0,,,,,Y,,A,01,0,0,2,0,0,0,0,0,0,"- ","- ",34.292369842529297,-119.15203094482422,VENTURA,UNINCORPORATED,-119.1519775390625,34.292312622070312
94457586,2024,2024-11-04,9770,2024-11-02,1845,023853,,6,2,9,5600,0,3,5,,2,004,"TORREY ROAD","HOWE ROAD",50.00,S,N,B,-,N,,,,,,,,,,Y,4,0,1,1,A,-,03,22350,,N,E,8,A,A,H,-,D,D,0,,,,,Y,,A,07,0,0,1,0,0,0,0,0,0,"- ","- ",34.400928497314453,-118.79474639892578,VENTURA,UNINCORPORATED,-118.79822540283203,34.400779724121094
94460073,2024,2024-11-06,9765,2024-02-25,1305,017253,,7,1,9,5600,0,1,2,,1,101,"US-101 S/B (VENTURA FREEWAY)","MOBILE PIER RD U/C",5280.00,S,N,A,-,N,,,,,,,,,,Y,1,1,2,2,A,-,01,23152,A,N,C,C,A,A,D,E,A,D,0,,,,,Y,Y,D,22,0,2,0,0,0,0,0,0,0,"- ","- ",34.350738525390625,-119.42558288574219,VENTURA,UNINCORPORATED,-119.04429626464844,34.217571258544922
94461978,2024,2024-11-07,9765,2024-10-29,1913,022318,,2,2,9,5600,0,1,3,,2,061,"SR-1 S/B (RICE AVE)","PLEASANT VALLEY ROAD",106.00,S,N,A,-,N,,,,,,,,,,Y,2,0,1,2,A,-,11,21954,A,N,G,B,E,A,H,-,C,D,0,Y,,,,Y,,N,60,1,0,0,0,1,0,0,0,0,"- ","- ",34.165779113769531,-119.14248657226562,VENTURA,UNINCORPORATED,-119.14385223388672,34.165275573730469
94463470,2024,2024-11-08,9765,2024-10-31,1610,021015,,4,2,4,5606,0,1,3,,2,040,"SR-126 E/B (SANTA PAULA FREEWAY)","S. BRIGGS ROAD",1478.00,W,N,A,-,Y,VEN,,126," ",R,8.621,H,,R,Y,4,0,1,2,A,-,03,22350,,N,C,C,A,A,H,-,A,D,0,,,,,Y,,D,22,0,0,1,0,0,0,0,0,0,"- ","- ",34.319969177246094,-119.10518646240234,VENTURA,"SANTA PAULA",-119.10517883300781,34.319953918457031
9447407,2022,2022-06-13,5604,2022-04-01,0130,5431,,5,5,6,5604,0,0,0,,0,032,"MOUNTAIN VIEW AV","ROSE AV",200.00,W,N,A,-,N,,,,,,,,,,N,4,0,1,3,A,-,21,22106,,N,B,E,F,A,H,-,C,D,0,Y,,,,Y,,-,,0,0,1,0,1,0,0,0,0,"- ","- ",34.192291259765625,-119.16262054443359,VENTURA,OXNARD,-119.16056060791016,34.193439483642578
94475119,2024,2024-11-19,9765,2024-11-12,1625,021999,,2,2,5,5601,0,1,2,,2,504,"US-101 N/B (VENTURA FREEWAY)","CARMEN DRIVE",230.00,N,N,A,-,Y,VEN,,101," "," ",14.854,H,,R,N,4,0,2,2,A,-,03,22350,,N,C,C,A,A,H,-,B,D,0,,,,,Y,,A,01,0,0,2,0,0,0,0,0,0,"- ","- ",34.217800140380859,-119.05148315429688,VENTURA,CAMARILLO,-119.05147552490234,34.217807769775391
94477656,2024,2024-11-20,9765,2024-11-08,1350,024090,,5,1,9,5600,0,1,3,,1,022,SR-150,"RAMELI RANCH RD.",130.00,W,N,A,-,N,,,,,,,,,,Y,3,0,1,1,A,-,01,23152,A,N,E,9,A,A,H,-,A,D,0,,,,,Y,Y,A,07,0,1,0,0,0,0,0,0,0,"- ","- ",34.383930206298828,-119.41021728515625,VENTURA,UNINCORPORATED,-119.41029357910156,34.383991241455078
94480796,2024,2024-11-22,9770,2024-11-15,2238,023812,,5,3,6,5607,0,1,2,,2,071,"US 101 S/B (VENTURA FREEWAY)","WENDY DRIVE",5808.00,N,N,A,-,Y,VEN,,101," "," ",9.009,H,,L,N,3,0,1,1,A,-,03,22350,,N,F,A,A,A,H,-,D,D,0,,,Y,,Y,,C,02,0,1,0,0,0,0,0,0,1,"- ","- ",34.198829650878906,-118.95552825927734,VENTURA,"THOUSAND OAKS",-118.95553588867188,34.198818206787109
9448278,2022,2022-06-21,5608,2022-05-09,1456,540,,1,5,6,5608,0,0,0,,0,002,"HARBOR BL","SEAWARD AV",484.00,E,N,A,-,N,,,,,,,,,,Y,3,0,1,3,A,-,09,21801,A,F,D,C,A,A,H,-,A,D,0,,,,,Y,,A,01,0,1,0,0,0,0,0,0,0,"- ","- ",,,VENTURA,VENTURA,-119.26917266845703,34.263954162597656
94484333,2024,2024-11-26,9765,2024-11-18,1746,023267,,1,2,9,5600,0,3,5,,2,006,"SR-34 (E 5TH ST)","LAS POSAS ROAD",2640.00,W,N,A,-,N,,,,,,,,,,N,4,0,1,2,A,-,08,22107,,N,B,C,A,A,H,-,D,D,0,,,,,Y,,D,22,0,0,1,0,0,0,0,0,0,"- ","- ",34.196418762207031,-119.07878112792969,VENTURA,UNINCORPORATED,-119.01461029052734,34.236335754394531
94484345,2024,2024-11-26,9765,2024-11-18,1825,021015,,1,2,6,5604,0,1,2,,2,502,"US-101 N/B (VENTURA FREEWAY)","ROSE AVENUE",2376.00,S,N,A,-,Y,VEN,,101," "," ",20.574,H,,R,Y,4,0,1,2,A,-,03,22350,,N,C,C,A,A,H,-,C,D,0,,,,,Y,,A,07,0,0,1,0,0,0,0,0,0,"- ","- ",34.223529815673828,-119.1510009765625,VENTURA,OXNARD,-119.1510009765625,34.223503112792969
94485748,2024,2024-11-27,9765,2024-11-19,1358,021349,,2,1,9,5600,0,3,5,,2,005,"CORTEZ ST","WILL AVE",15.00,W,N,A,-,N,,,,,,,,,,Y,4,0,1,2,A,-,03,22350,,N,A,2,A,A,H,-,A,D,0,,,,,Y,,A,07,0,0,1,0,0,0,0,0,0,"- ","- ",34.241138458251953,-119.15850067138672,VENTURA,UNINCORPORATED,-119.15847015380859,34.241207122802734
94490284,2024,2024-12-03,9765,2024-11-21,2350,023703,,4,3,9,5600,0,3,5,,2,006,"SR-1 (PACIFIC COAST HIGHWAY)","MUGU ROCK",1800.00,S,N,A,-,Y,VEN,,1," "," ",6.151,H,,R,N,2,0,1,1,A,-,01,23152,A,N,E,I,A,A,H,-,D,D,0,,,,,Y,Y,D,22,1,0,0,0,0,0,0,0,0,"- ","- ",34.083831787109375,-119.03775024414062,VENTURA,UNINCORPORATED,-119.03773498535156,34.083938598632812
94490948,2024,2024-12-03,9765,2024-11-22,1720,024090,,5,2,6,5604,0,1,2,,2,502,"US-101 N/B (VENTURA FREEWAY)","ROSE AVENUE",1800.00,S,N,A,-,Y,VEN,,101," "," ",20.668,H,,R,N,4,0,1,3,A,-,03,22350,,N,C,C,A,A,H,-,C,D,0,,,,,Y,,A,01,0,0,1,0,0,0,0,0,0,"- ","- ",34.223690032958984,-119.15267944335938,VENTURA,OXNARD,-119.15267944335938,34.22369384765625
94491750,2024,2024-12-04,9765,2024-11-26,"613 ",018884,,2,1,9,5600,0,1,2,,1,102,"US 101 NORTHBOUND (VENTURA FREEWAY)","BATES ROAD",2112.00,S,N,B,-,Y,VEN,,101," "," ",43.168,H,,R,Y,4,0,1,2,A,-,03,22350,,N,C,C,A,A,H,-,A,D,0,,,,,Y,,A,07,0,0,1,0,0,0,0,0,0,"- ","- ",34.376499176025391,-119.47039031982422,VENTURA,UNINCORPORATED,-119.47039031982422,34.376449584960938
9449214,2022,2022-06-17,5608,2022-05-24,1210,521,,2,5,6,5608,0,0,0,,0,002,"EAST MAIN ST","BORCHARD DR",15.00,E,N,B,-,N,,,,,,,,,,Y,3,0,1,2,A,-,09,21801,B,N,D,C,A,A,H,-,A,A,0,,,,,Y,,A,07,0,1,0,0,0,0,0,0,0,"- ","- ",,,VENTURA,VENTURA,-119.25970458984375,34.273555755615234
94493861,2024,2024-12-05,9765,2024-11-27,1419,022472,,3,2,9,5600,0,3,5,,2,006,"DEER CREEK ROAD",SR-1,6494.00,N,N,B,-,N,,,,,,,,,,N,3,0,1,1,C,-,18,,,N,F,I,A,A,H,-,A,D,0,,,,,Y,,-,"- ",0,1,0,0,0,0,0,0,0,"- ","- ",34.071521759033203,-118.99233245849609,VENTURA,UNINCORPORATED,-118.99274444580078,34.071029663085938
94504871,2024,2024-12-16,9765,2024-11-24,2244,023739,,7,3,9,5600,0,3,5,,2,006,"COTHARIN ROAD","LAZY J RANCH DRIVE",312.00,W,N,A,-,N,,,,,,,,,,N,2,0,2,1,A,-,08,22107,,N,F,J,A,A,H,-,D,D,0,,,,,Y,,A,07,1,0,1,0,0,0,0,0,0,"- ","- ",34.091888427734375,-118.95548248291016,VENTURA,UNINCORPORATED,-118.95278167724609,34.091495513916016
94505342,2024,2024-12-16,9765,2024-12-08,"618 ",024186,,7,1,6,5608,0,1,3,,1,031,"SR-126 W/B","SATICOY AVE",1056.00,W,N,A,-,Y,VEN,,126," "," ",4.271,H,,L,Y,3,0,1,2,A,-,03,22350,,N,C,2,A,A,H,-,B,D,0,,,,,Y,,A,01,0,1,0,0,0,0,0,0,0,"- ","- ",34.283279418945312,-119.16722869873047,VENTURA,VENTURA,-119.16721343994141,34.28326416015625
94511602,2024,2024-12-20,9765,2024-12-12,1719,023498,,4,2,6,5608,0,1,2,,2,301,"US-101 S/B FROM TELEPHONE ROAD","TELEPHONE ROAD",100.00,S,N,A,-,Y,,,,,,,,,,N,4,0,1,2,A,-,03,22350,,M,C,C,A,A,H,-,A,D,0,,,,,Y,Y,-,99,0,0,1,0,0,0,0,0,0,"- ","- ",34.261711120605469,-119.23116302490234,VENTURA,VENTURA,-119.23177337646484,34.262592315673828
94512213,2024,2024-12-20,9765,2024-12-13,1320,023853,,5,1,5,5601,0,1,2,,2,504,"US-101 N/B TO LAS POSAS ROAD","LAS POSAS ROAD (CITY LIMIT)",10.00,E,N,A,-,Y,,,,,,,,,,N,4,0,1,2,A,-,03,22350,,M,C,C,A,A,H,-,A,D,0,,,,,Y,,A,07,0,0,1,0,0,0,0,0,0,"- ","- ",34.220378875732422,-119.06958770751953,VENTURA,CAMARILLO,-119.06977844238281,34.219295501708984
94512317,2024,2024-12-23,9770,2024-12-07,"225 ",023577,,6,3,6,5607,0,1,2,,2,074,"US-101 N/B FROM WESTLAKE BLVD","WESTLAKE BLVD",50.00,S,N,A,-,Y,VEN,,101," "," ",0.666,H,,R,Y,4,0,1,1,A,-,01,23152,A,N,E,8,A,A,H,-,C,D,0,,,,,Y,Y,A,01,0,0,1,0,0,0,0,0,0,"- ","- ",34.157478332519531,-118.82447814941406,VENTURA,"THOUSAND OAKS",-118.82456207275391,34.157394409179688
94514137,2024,2024-12-23,9765,2024-12-17,1745,024183,,2,2,2,5603,0,1,3,,1,020,"SR-33 (VENTURA AVENUE)","KUNKLE ST",55.00,S,N,A,-,Y,VEN,,33," "," ",8.597,H,,R,N,4,0,2,3,A,-,03,22350,,N,C,2,A,A,H,-,C,D,0,,,,,Y,,D,22,0,0,2,0,0,0,0,0,0,"- ","- ",34.394168853759766,-119.30061340332031,VENTURA,OJAI,-119.30057525634766,34.394161224365234
94514181,2024,2024-12-23,9765,2024-12-20,"855 ",020983,,5,1,5,5601,0,1,2,,2,502,"US-101 N/B TO CAMARILLO SPRINGS ROAD","CAMARILLO SPRINGS ROAD",40.00,N,N,A,-,Y,,,,,,,,,,N,4,0,1,1,A,-,03,22350,,N,E,I,A,A,H,-,A,D,0,,,,,Y,,A,07,0,0,1,0,0,0,0,0,0,"- ","- ",34.205829620361328,-118.98394775390625,VENTURA,CAMARILLO,-118.98362731933594,34.205356597900391
94527151,2024,2025-11-13,9765,2024-08-31,"415 ",023024,,6,3,9,5600,0,3,5,,2,006,"LAGUNA ROAD 2400 BLOCK","LAS POSAS RD",2270.00,S,N,E,-,N,,,,,,,,,,N,4,0,1,1,A,-,03,22350,,M,A,8,A,A,H,-,D,A,0,,,,,Y,Y,A,01,0,0,1,0,0,0,0,0,0,"- ","- ",34.175991058349609,-119.06372833251953,VENTURA,UNINCORPORATED,-119.07134246826172,34.176021575927734
94530043,2025,2025-01-08,9765,2025-01-01,"300 ",022083,,3,3,9,5600,0,3,5,,2,004,"SR-150 (N OJAI ROAD)","SALT MARSH RD",2957.00,N,N,A,-,N,,,,,,,,,,N,4,0,1,1,A,-,03,22350,,N,E,I,A,A,H,-,D,D,0,,,,,Y,,D,22,0,0,1,0,0,0,0,0,0,"- ","- ",34.423099517822266,-119.08571624755859,VENTURA,UNINCORPORATED,,