CASE_ID,ACCIDENT_YEAR,PROC_DATE,JURIS,COLLISION_DATE,COLLISION_TIME,OFFICER_ID,REPORTING_DISTRICT,DAY_OF_WEEK,CHP_SHIFT,POPULATION,CNTY_CITY_LOC,SPECIAL_COND,BEAT_TYPE,CHP_BEAT_TYPE,CITY_DIVISION_LAPD,CHP_BEAT_CLASS,BEAT_NUMBER,PRIMARY_RD,SECONDARY_RD,DISTANCE,DIRECTION,INTERSECTION,WEATHER_1,WEATHER_2,STATE_HWY_IND,CALTRANS_COUNTY,CALTRANS_DISTRICT,STATE_ROUTE,ROUTE_SUFFIX,POSTMILE_PREFIX,POSTMILE,LOCATION_TYPE,RAMP_INTERSECTION,SIDE_OF_HWY,TOW_AWAY,COLLISION_SEVERITY,NUMBER_KILLED,NUMBER_INJURED,PARTY_COUNT,PRIMARY_COLL_FACTOR,PCF_CODE_OF_VIOL,PCF_VIOL_CATEGORY,PCF_VIOLATION,PCF_VIOL_SUBSECTION,HIT_AND_RUN,TYPE_OF_COLLISION,MVIW,PED_ACTION,ROAD_SURFACE,ROAD_COND_1,ROAD_COND_2,LIGHTING,CONTROL_DEVICE,CHP_ROAD_TYPE,PEDESTRIAN_ACCIDENT,BICYCLE_ACCIDENT,MOTORCYCLE_ACCIDENT,TRUCK_ACCIDENT,NOT_PRIVATE_PROPERTY,ALCOHOL_INVOLVED,STWD_VEHTYPE_AT_FAULT,CHP_VEHTYPE_AT_FAULT,COUNT_SEVERE_INJ,COUNT_VISIBLE_INJ,COUNT_COMPLAINT_PAIN,COUNT_PED_KILLED,COUNT_PED_INJURED,COUNT_BICYCLIST_KILLED,COUNT_BICYCLIST_INJURED,COUNT_MC_KILLED,COUNT_MC_INJURED,PRIMARY_RAMP,SECONDARY_RAMP,LATITUDE,LONGITUDE,COUNTY,CITY,POINT_X,POINT_Y
94804883,2025,2025-08-15,9770,2025-08-14,1405,022318,,4,2,6,5607,0,1,2,,2,071,"US-101 S/B FROM WENDY DRIVE","WENDY DR",300.00,S,N,A,-,Y,VEN,,101," "," ",7.724,H,,L,N,4,0,1,2,A,-,03,22350,,N,C,C,A,A,H,-,A,D,0,,,,,Y,,A,01,0,0,1,0,0,0,0,0,0,"- ","- ",34.188510894775391,-118.93697357177734,VENTURA,"THOUSAND OAKS",-118.93688201904297,34.188652038574219
94808951,2025,2025-08-19,9770,2025-08-09,"450 ",023601,,6,3,9,5600,0,2,4,,1,087,"SANTA SUSANA PASS ROAD","ROCKY ROAD",435.00,E,N,A,-,N,,,,,,,,,,Y,3,0,1,1,A,-,08,22107,,N,E,I,A,A,H,-,D,D,0,,,,,Y,,A,07,0,1,0,0,0,0,0,0,0,"- ","- ",34.260848999023438,-118.65263366699219,VENTURA,UNINCORPORATED,-118.65324401855469,34.260669708251953
94818290,2025,2025-08-26,9765,2025-08-20,1711,021015,,3,2,6,5608,0,1,3,,2,030,"SR-126 E/B","VICTORIA AVENUE",528.00,W,N,A,-,Y,VEN,,126," "," ",1.339,H,,R,Y,4,0,2,3,A,-,03,22350,,N,C,C,A,A,H,-,A,D,0,,,,,Y,,A,07,0,0,2,0,0,0,0,0,0,"- ","- ",34.271091461181641,-119.21546936035156,VENTURA,VENTURA,-119.21546936035156,34.271080017089844
94818404,2025,2025-08-26,9765,2025-08-22,1245,019884,,5,1,9,5600,0,3,5,,2,006,"LAS POSAS ROAD","LAGUNA ROAD",2482.00,S,N,A,-,N,,,,,,,,,,Y,2,0,1,2,A,-,03,22350,,N,C,2,A,A,H,-,A,D,0,,,Y,,Y,,C,02,1,0,0,0,0,0,0,0,1,"- ","- ",34.169498443603516,-119.07356262207031,VENTURA,UNINCORPORATED,-119.07359313964844,34.169471740722656
94819985,2025,2025-08-27,9765,2025-08-22,1615,024375,,5,2,6,5608,0,1,2,,2,103,"US-101 S/B (VENTURA FREEWAY)","SR-33 (OJAI FREEWAY)",118.00,N,N,A,-,Y,VEN,,101," "," ",30.922,H,,L,N,3,0,1,3,A,-,03,22350,,N,C,C,A,A,H,-,A,D,0,,,,,Y,,A,01,0,1,0,0,0,0,0,0,0,"- ","- ",34.279060363769531,-119.30641937255859,VENTURA,VENTURA,-119.30642700195312,34.279048919677734
94826792,2025,2025-09-02,9765,2025-08-25,"725 ",019277,,1,1,9,5600,0,1,3,,2,041,"SR-126 W/B (SANTA PAULA FREEWAY)","BRIGGS RD.",3696.00,W,N,A,-,Y,VEN,,126," ",R,8.283,H,,L,Y,4,0,2,3,A,-,03,22350,,N,C,2,A,A,H,-,A,D,0,,,,,Y,,A,01,0,0,2,0,0,0,0,0,0,"- ","- ",34.317161560058594,-119.11019897460938,VENTURA,UNINCORPORATED,-119.1102294921875,34.317188262939453
94827160,2025,2025-09-02,9765,2025-08-27,1600,022453,,3,2,9,5600,0,1,3,,1,068,"SR-34 (5TH STREET)","WOOD ROAD",0.00,,Y,A,-,N,,,,,,,,,,Y,4,0,1,3,A,-,09,21802,A,N,D,C,A,A,H,-,A,A,0,,,,,Y,,A,07,0,0,1,0,0,0,0,0,0,"- ","- ",34.196529388427734,-119.09615325927734,VENTURA,UNINCORPORATED,-119.09609222412109,34.196563720703125
9483442,2022,2022-08-05,5608,2022-07-10,1002,546,,7,5,6,5608,0,0,0,,0,003,"FOOTHILL RD","DAY RD",167.00,E,N,A,-,N,,,,,,,,,,N,3,0,1,2,A,-,08,22107,,N,B,G,A,A,H,-,A,D,0,,Y,,,Y,,A,01,0,1,0,0,0,0,1,0,0,"- ","- ",,,VENTURA,VENTURA,-119.22726440429688,34.284721374511719
9483450,2022,2022-08-05,5608,2022-07-17,1313,463,,7,5,6,5608,0,0,0,,0,003,"MILLS RD","COASTAL VIEW DR",0.00,,Y,A,-,N,,,,,,,,,,Y,4,0,1,2,A,-,12,21453,A,N,D,C,A,A,H,-,A,A,0,,,,,Y,,A,07,0,0,1,0,0,0,0,0,0,"- ","- ",,,VENTURA,VENTURA,-119.24729919433594,34.270660400390625
9483452,2022,2022-08-05,5608,2022-07-12,1429,503,,2,5,6,5608,0,0,0,,0,004,"SOUTH VICTORIA AV","AVOCET DR",0.00,,Y,A,-,N,,,,,,,,,,Y,4,0,1,3,A,-,12,21453,,N,D,C,A,A,H,-,A,A,0,,,,,Y,,A,01,0,0,1,0,0,0,0,0,0,"- ","- ",,,VENTURA,VENTURA,-119.21108245849609,34.258411407470703
9483453,2022,2022-08-05,5608,2022-07-12,1634,496,,2,5,6,5608,0,0,0,,0,003,"SOUTH VICTORIA AV","SANTA LUCIA CT",115.00,S,N,A,-,N,,,,,,,,,,Y,3,0,2,1,A,-,03,22350,,N,E,I,A,A,H,-,A,D,0,,,,,Y,,A,01,0,1,1,0,0,0,0,0,0,"- ","- ",,,VENTURA,VENTURA,-119.21657562255859,34.286655426025391
9483456,2022,2022-08-29,5608,2022-07-08,0830,498,,5,5,6,5608,0,0,0,,0,002,"SEAWARD AV","MAIN ST",24.00,S,N,-,-,N,,,,,,,,,,N,3,0,3,2,A,-,21,22106,,N,-,-,A,-,-,-,-,-,0,,,,,Y,,A,01,0,3,0,0,0,0,0,0,0,"- ","- ",,,VENTURA,VENTURA,-119.26528930664062,34.276435852050781
94834769,2025,2025-09-08,9765,2025-08-30,1240,020983,,6,1,5,5601,0,1,2,,2,502,"US-101 N/B","CARMEN DRIVE",200.00,N,N,A,-,Y,VEN,,101," "," ",14.834,H,,R,N,4,0,2,4,A,-,03,22350,,N,C,C,A,A,H,-,A,D,0,,,,,Y,,A,07,0,0,2,0,0,0,0,0,0,"- ","- ",34.217781066894531,-119.05113983154297,VENTURA,CAMARILLO,-119.05113983154297,34.217781066894531
9483616,2022,2022-10-19,5608,2022-08-14,1619,546,,7,5,6,5608,0,0,0,,0,003,"N WELLS RD","TELEGRAPH RD",0.00,,Y,A,-,N,,,,,,,,,,Y,3,0,2,2,A,-,09,21800,A,N,A,C,A,A,H,-,A,A,0,,,,,Y,,D,22,0,2,0,0,0,0,0,0,0,"- ","- ",,,VENTURA,VENTURA,-119.16130828857422,34.295013427734375
94836765,2025,2025-09-09,9770,2025-08-29,1705,023812,,5,2,9,5600,0,1,3,,1,052,"SR-118 W/B (LOS ANGELES AVENUE)","BALCOM CANYON ROAD",680.00,W,N,A,-,Y,VEN,,118," "," ",13.051,H,,L,N,4,0,1,3,A,-,03,22350,,N,C,2,A,A,H,-,A,D,0,,,,Y,Y,,G,25,0,0,1,0,0,0,0,0,0,"- ","- ",34.268459320068359,-118.95813751220703,VENTURA,UNINCORPORATED,-118.95813751220703,34.268447875976562
94837209,2025,2025-09-09,9765,2025-01-26,1930,022296,,7,2,9,5600,0,1,3,,1,062,"SR-1 (PACIFIC COAST HIGHWAY)","SYCAMORE CNYN RD",1690.00,S,N,B,-,Y,VEN,,1," "," ",4.050,H,,R,Y,1,1,0,1,A,-,01,23152,A,N,E,I,A,A,H,-,D,D,0,,,,,Y,Y,D,22,0,0,0,0,0,0,0,0,0,"- ","- ",34.067050933837891,-119.0087890625,VENTURA,UNINCORPORATED,-119.00875091552734,34.067092895507812
94840569,2025,2025-09-11,9770,2025-09-09,1730,022755,,2,2,4,5690,0,1,3,,2,081,"SR-118 E/B (RONALD REAGAN FREEWAY)","LOS ALAMOS CANYON RD",800.00,W,N,A,-,Y,VEN,,118," ",R,21.614,H,,R,Y,4,0,1,4,A,-,03,22350,,N,C,C,A,A,H,-,A,D,0,,,,,Y,,D,22,0,0,1,0,0,0,0,0,0,"- ","- ",34.291061401367188,-118.81485748291016,VENTURA,MOORPARK,-118.81486511230469,34.291042327880859
94840715,2025,2025-09-11,9765,2025-09-05,1623,021999,,5,2,6,5608,0,1,2,,2,301,"US-101 S/B (VENTURA FREEWAY)","CHANNEL DRIVE",445.00,S,N,A,-,Y,VEN,,101," "," ",27.164,H,,L,N,4,0,1,2,A,-,03,22350,,N,C,C,A,A,H,-,A,D,0,,,,,Y,,A,07,0,0,1,0,0,0,0,0,0,"- ","- ",34.260288238525391,-119.24887084960938,VENTURA,VENTURA,-119.24888610839844,34.260303497314453
94842476,2025,2025-09-12,9765,2025-09-03,1520,019988,,3,2,4,5606,0,1,3,,2,040,"SR-126 E/B (SANTA PAULA FREEWAY)","PALM AVENUE",1402.00,E,N,A,-,Y,VEN,,126," ",R,11.552,H,,R,Y,4,0,2,3,A,-,08,22107,,N,E,I,A,A,H,-,A,A,0,,,,,Y,,D,22,0,0,2,0,0,0,0,0,0,"- ","- ",34.346809387207031,-119.06593322753906,VENTURA,"SANTA PAULA",-119.06598663330078,34.346878051757812
94842890,2025,2025-09-12,9765,2025-08-23,1746,023700,,6,2,6,5604,0,1,2,,2,502,"N VENTURA BLVD.","DEL NORTE BLVD.",312.00,E,N,A,-,N,,,,,,,,,,N,4,0,3,1,A,-,01,23152,A,M,E,I,A,A,H,-,A,D,0,,,,,Y,Y,A,01,0,0,3,0,0,0,0,0,0,"- ","- ",34.223091125488281,-119.12683868408203,VENTURA,OXNARD,-119.12591552734375,34.222465515136719
94844864,2025,2025-09-15,9770,2025-09-07,"505 ",023577,,7,3,6,5607,0,1,2,,2,072,"US-101 N/B (VENTURA FREEWAY)","WENDY DRIVE OVERCROSSING",5280.00,N,N,A,-,Y,VEN,,101," "," ",9.000,H,,R,Y,3,0,3,1,A,-,01,23152,A,N,E,I,A,A,H,-,D,D,0,,,,,Y,Y,A,01,0,3,0,0,0,0,0,0,0,"- ","- ",34.198909759521484,-118.95522308349609,VENTURA,"THOUSAND OAKS",-118.95523834228516,34.198890686035156
94845104,2025,2025-09-15,9765,2025-09-11,1425,022453,,4,2,9,5600,0,3,5,,2,006,"PLEASANT VALLEY ROAD","LAGUNA ROAD",215.00,W,N,A,-,N,,,,,,,,,,Y,4,0,1,1,A,-,08,22107,,N,E,J,A,A,H,-,A,D,0,,,,,Y,,D,22,0,0,1,0,0,0,0,0,0,"- ","- ",34.17510986328125,-119.12481689453125,VENTURA,UNINCORPORATED,-119.12364196777344,34.176105499267578
94849660,2025,2025-09-18,9770,2025-09-03,2027,021341,,3,2,5,5601,0,1,2,,2,071,"US-101 S/B (VENTURA FREEWAY)","CAMARILLO SPRINGS ROAD",2059.00,S,N,A,-,Y,VEN,,101," "," ",10.347,H,,L,Y,3,0,1,2,A,-,01,23152,A,N,B,C,A,A,H,-,D,D,0,,,,,Y,Y,A,01,0,1,0,0,0,0,0,0,0,"- ","- ",34.201580047607422,-118.97815704345703,VENTURA,CAMARILLO,-118.97816467285156,34.201576232910156
9484983,2022,2022-08-31,5608,2022-08-16,1144,411,,2,5,6,5608,0,0,0,,0,002,"E MAIN ST","ARCANE DR",0.00,,Y,A,-,N,,,,,,,,,,Y,3,0,2,2,A,-,09,21801,A,N,A,C,A,A,H,-,A,A,0,,,,,Y,,A,07,0,2,0,0,0,0,0,0,0,"- ","- ",,,VENTURA,VENTURA,-119.26436614990234,34.276058197021484
9484984,2022,2022-09-23,5608,2022-08-17,1331,540,,3,5,6,5608,0,0,0,,0,003,"HARDING AV","TELEGRAPH RD",0.00,,Y,A,-,N,,,,,,,,,,N,3,0,2,2,A,-,12,22450,,N,D,-,A,A,H,-,A,D,0,,,,,Y,,A,01,0,2,0,0,0,0,0,0,0,"- ","- ",,,VENTURA,VENTURA,-119.19615173339844,34.280677795410156
9485344,2022,2022-09-01,5605,2022-08-08,1052,231,PATRO,1,5,3,5605,0,0,0,,0,001,"CHANNEL ISLANDS BL","BOLKER DR",0.00,,Y,A,-,N,,,,,,,,,,N,3,0,2,2,A,-,09,21804,A,N,D,C,A,A,H,-,A,D,0,,,,,Y,,A,01,0,1,1,0,0,0,0,0,0,"- ","- ",34.175540924072266,-119.20603179931641,VENTURA,"PORT HUENEME",-119.20624542236328,34.175968170166016
94854610,2025,2025-09-22,9765,2025-09-08,"755 ",020001,,1,1,9,5600,0,3,5,,2,004,"BRIGGS RD","TELEGRAPH ROAD",119.00,S,N,A,-,N,,,,,,,,,,Y,3,0,2,2,A,-,06,21755,A,N,D,C,A,A,H,-,A,D,0,,,,,Y,,A,07,0,1,1,0,0,0,0,0,0,"- ","- ",34.327621459960938,-119.10565185546875,VENTURA,UNINCORPORATED,-119.10595703125,34.327911376953125
94857962,2025,2025-09-24,9765,2025-09-17,1220,018332,,3,1,5,5601,0,1,2,,2,503,"US-101 S/B (VENTURA HIGHWAY)","PLEASANT VALLEY RD.",1584.00,N,N,A,-,Y,VEN,,101," "," ",12.513,H,,L,Y,4,0,2,1,A,-,08,22107,,N,E,I,A,A,H,-,A,D,0,,,,,Y,,A,01,0,0,2,0,0,0,0,0,0,"- ","- ",34.214828491210938,-119.01122283935547,VENTURA,CAMARILLO,-119.01125335693359,34.214752197265625
94857964,2025,2025-09-24,9765,2025-09-17,1715,021485,,3,2,6,5608,0,1,2,,2,301,"US-101 S/B (VENTURA FREEWAY)","VICTORIA AVENUE",1056.00,S,N,A,-,Y,VEN,,101," ",R,24.381,H,,L,Y,3,0,1,2,A,-,03,22350,,N,C,C,A,A,H,-,A,D,0,,,,,Y,,A,07,0,1,0,0,0,0,0,0,0,"- ","- ",34.250289916992188,-119.2071533203125,VENTURA,VENTURA,-119.20723724365234,34.250164031982422
94858623,2025,2025-09-24,9765,2025-09-18,1550,021999,,4,2,9,5600,0,3,5,,2,005,"CENTRAL AVENUE","ROSE AVENUE",0.00,,Y,B,-,N,,,,,,,,,,Y,4,0,1,2,A,-,17,21451,A,N,A,C,A,A,H,-,A,A,0,,,,,Y,,A,01,0,0,1,0,0,0,0,0,0,"- ","- ",34.250728607177734,-119.14267730712891,VENTURA,UNINCORPORATED,-119.14266967773438,34.250778198242188
94861539,2025,2025-09-26,9765,2025-09-23,"645 ",016234,,2,1,9,5600,0,3,5,,2,005,"SANTA CLARA AVE","CENTRAL AVE",830.00,S,N,B,-,N,,,,,,,,,,N,4,0,2,3,A,-,03,22350,,N,C,C,A,A,H,-,B,D,0,,,,,Y,,A,01,0,0,2,0,0,0,0,0,0,"- ","- ",34.237289428710938,-119.12751770019531,VENTURA,UNINCORPORATED,-119.12749481201172,34.237407684326172
94861588,2025,2025-09-26,9765,2025-09-19,1728,023700,,5,2,9,5600,0,1,3,,2,053,"SR-232 (E VINEYARD AVE.)","LAMBERT ST",71.00,S,N,A,-,Y,VEN,,232," "," ",2.106,H,,R,N,4,0,1,2,A,-,03,22350,,N,C,C,A,A,D,E,A,D,0,,,,,Y,,D,22,0,0,1,0,0,0,0,0,0,"- ","- ",34.252311706542969,-119.15775299072266,VENTURA,UNINCORPORATED,-119.15772247314453,34.252296447753906
94864143,2025,2025-09-29,9765,2025-09-18,"105 ",022461,,4,3,9,5600,0,1,3,,1,068,"SR-34 (E. 5TH STREET)","WOOD ROAD",90.00,W,N,F,-,Y,VEN,,34," "," ",8.892,H,,R,Y,2,0,1,1,A,-,08,22107,,N,E,J,A,A,H,-,D,D,0,,,,,Y,,A,01,1,0,0,0,0,0,0,0,0,"- ","- ",34.196491241455078,-119.09644317626953,VENTURA,UNINCORPORATED,-119.096435546875,34.196567535400391
94874299,2025,2025-10-06,9765,2025-09-09,2255,022461,,2,3,6,5608,0,1,2,,1,104,"US-101 N/B","SANJON ROAD",500.00,S,N,A,-,Y,VEN,,101," "," ",29.468,H,,R,Y,3,0,1,1,A,-,08,22107,,F,E,I,A,A,H,-,C,D,0,,,,,Y,,A,01,0,1,0,0,0,0,0,0,0,"- ","- ",34.272731781005859,-119.28305816650391,VENTURA,VENTURA,-119.28309631347656,34.272670745849609
94874541,2025,2025-10-06,9765,2025-09-28,1543,023700,,7,2,6,5604,0,1,2,,2,502,"US-101 N/B FROM SANTA CLARA AVE NB","SANTA CLARA AVE",90.00,S,N,A,-,Y,,,,,,,,,,N,4,0,1,1,A,-,03,22350,,N,E,I,A,A,H,-,A,D,0,,,Y,,Y,,C,02,0,0,1,0,0,0,0,0,1,"- ","- ",34.223800659179688,-119.14102935791016,VENTURA,OXNARD,-119.30231475830078,34.279262542724609
94877792,2025,2025-11-13,9765,2025-10-01,1710,023267,,3,2,6,5604,0,1,2,,2,501,"US-101 S/B (VENTURA FREEWAY)","ROSE AVENUE",945.00,S,N,A,-,Y,VEN,,101," "," ",20.830,H,,L,Y,3,0,4,4,A,-,03,22350,,N,C,C,A,A,H,-,A,D,0,,,,,Y,,A,08,0,2,2,0,0,0,0,0,0,"- ","- ",34.224239349365234,-119.15547943115234,VENTURA,OXNARD,-119.15549468994141,34.224193572998047
94878419,2025,2025-10-08,9765,2025-09-30,2338,023739,,2,3,6,5608,0,1,2,,1,102,"US-101 N/B","VISTA DEL MAR DR",2218.00,S,N,A,-,Y,VEN,,101," "," ",29.028,H,,R,Y,3,0,4,3,A,-,03,22350,,N,C,C,A,A,D,E,D,D,0,,,,,Y,,A,07,0,4,0,0,0,0,0,0,0,"- ","- ",34.271411895751953,-119.27545928955078,VENTURA,VENTURA,-119.27544403076172,34.271438598632812
9487902,2022,2022-10-21,5608,2022-09-26,1439,498,,1,5,6,5608,0,0,0,,0,003,VICTORIA,THILLE,38.00,S,N,A,-,N,,,,,,,,,,N,3,0,2,2,A,-,03,22350,,N,C,C,A,A,H,-,A,A,0,,,,,Y,,A,01,0,2,0,0,0,0,0,0,0,"- ","- ",,,VENTURA,VENTURA,-119.21302032470703,34.267997741699219
9488187,2022,2022-09-12,5608,2022-07-28,1049,495,,4,5,6,5608,0,0,0,,0,002,VENTURA,"CALLEN RD",0.00,,Y,A,-,N,,,,,,,,,,Y,3,0,2,2,A,-,03,22350,,N,-,-,A,A,H,-,A,-,0,,,,,Y,,A,07,0,2,0,0,0,0,0,0,0,"- ","- ",,,VENTURA,VENTURA,,
94884030,2025,2025-10-13,9765,2025-10-07,1645,021999,,2,2,9,5600,0,3,5,,2,006,"ETTING ROAD","WOOD ROAD",3115.00,W,N,A,-,N,,,,,,,,,,Y,4,0,2,2,A,-,08,22107,,N,D,C,A,A,H,-,A,D,0,,,,,Y,,A,01,0,0,2,0,0,0,0,0,0,"- ","- ",34.161491394042969,-119.10691070556641,VENTURA,UNINCORPORATED,-119.1068115234375,34.1614990234375
94886262,2025,2025-10-14,9765,2025-09-28,1750,020345,,7,2,9,5600,0,3,5,,2,005,SR-118,"MESA SCHOOL ROAD",1320.00,W,N,A,-,N,,,,,,,,,,N,2,0,1,1,A,-,01,23152,A,N,F,A,A,A,H,-,A,D,0,,,Y,,Y,Y,C,02,1,0,0,0,0,0,0,0,1,"- ","- ",34.262451171875,-119.09893798828125,VENTURA,UNINCORPORATED,-119.09761047363281,34.262428283691406
94886360,2025,2025-11-13,9765,2025-10-08,1823,021485,,3,2,6,5608,0,1,3,,2,030,"SR-126 E/B","US-101 N/B",800.00,E,N,A,-,Y,VEN,,126," "," ",0.183,H,,R,Y,3,0,1,3,A,-,08,22107,,N,B,C,A,A,H,-,B,D,0,,,Y,,Y,,C,02,0,1,0,0,0,0,0,0,1,"- ","- ",34.266258239746094,-119.23459625244141,VENTURA,VENTURA,-119.23458099365234,34.266227722167969
94887247,2025,2025-10-15,9770,2025-10-14,"603 ",017627,,2,1,6,5609,0,1,3,,2,083,"SR-118 E/B (RONALD REAGAN FREEWAY)","TAPO CANYON ROAD",750.00,W,N,B,C,Y,VEN,,118," ",R,27.168,H,,R,N,3,0,1,1,A,-,03,22350,,N,E,I,A,B,H,-,C,A,0,,,,,Y,,A,07,0,1,0,0,0,0,0,0,0,"- ","- ",34.282001495361328,-118.72042083740234,VENTURA,"SIMI VALLEY",-118.72043609619141,34.281898498535156
94887411,2025,2025-10-15,9770,2025-10-14,1040,017627,,2,1,6,5609,0,1,3,,2,082,"SR-118 W/B (RONALD REAGAN FREEWAY)","STEARNS STREET",1000.00,W,N,B,C,Y,VEN,,118," ",R,28.630,H,,L,N,4,0,1,1,A,-,03,22350,,N,E,I,A,B,H,-,A,A,0,,,,,Y,,A,01,0,0,1,0,0,0,0,0,0,"- ","- ",34.281871795654297,-118.69487762451172,VENTURA,"SIMI VALLEY",-118.69487762451172,34.281768798828125
94887423,2025,2025-10-15,9765,2025-10-09,"735 ",019884,,4,1,6,5608,0,1,3,,1,031,"SR-126 W/B","E. MAIN STREET",1320.00,E,N,A,-,Y,,,,,,,,,,N,3,0,2,2,A,-,03,22350,,N,C,C,A,A,H,-,A,D,0,,,,,Y,,A,01,0,1,1,0,0,0,0,0,0,"- ","- ",34.265468597412109,-119.23947906494141,VENTURA,VENTURA,-119.24350738525391,34.264308929443359
94887886,2025,2025-10-15,9765,2025-10-09,"809 ",024186,,4,1,6,5608,0,1,3,,2,041,"SR-126 W/B","WELLS ROAD",1848.00,E,N,A,-,Y,VEN,,126," ",R,5.397,H,,L,Y,3,0,2,3,A,-,03,22350,,N,C,C,A,A,H,-,A,D,0,,,,,Y,,D,22,0,1,1,0,0,0,0,0,0,"- ","- ",34.292808532714844,-119.15126800537109,VENTURA,VENTURA,-119.15122985839844,34.292758941650391
94891132,2025,2025-11-13,9770,2025-10-10,1410,023131,,5,2,6,5607,0,1,2,,2,071,"US-101 S/B (VENTURA FREEWAY)","WENDY DRIVE OVERCROSSING",150.00,N,N,A,-,Y,VEN,,101," "," ",7.926,H,,L,Y,3,0,1,2,A,-,03,22350,,N,C,C,A,A,H,-,A,D,0,,,,,Y,,A,01,0,1,0,0,0,0,0,0,0,"- ","- ",34.190021514892578,-118.94000244140625,VENTURA,"THOUSAND OAKS",-118.94001770019531,34.189983367919922
94891721,2025,2025-10-17,9765,2025-10-10,"345 ",023638,,5,3,6,5608,0,1,2,,2,501,"US-101 S/B (VENTURA FREEWAY)","ROSE AVENUE",300.00,S,N,A,-,Y,VEN,,101," "," ",20.692,H,,L,Y,3,0,1,2,A,-,07,21658,A,N,B,C,A,A,H,-,C,D,0,,,,,Y,,A,07,0,1,0,0,0,0,0,0,0,"- ","- ",34.223670959472656,-119.15310668945312,VENTURA,VENTURA,-119.15312194824219,34.223625183105469
94893768,2025,2025-10-20,9765,2025-10-10,"340 ",024183,,5,3,6,5604,0,1,2,,2,501,"US-101S/B (VENTURA FREEWAY)","ROSE AVENUE",1690.00,S,N,A,-,Y,VEN,,101," "," ",20.694,H,,R,Y,3,0,1,2,A,-,03,22350,,N,D,C,A,A,H,-,D,D,0,,,,,Y,,D,22,0,1,0,0,0,0,0,0,0,"- ","- ",34.223590850830078,-119.15318298339844,VENTURA,OXNARD,-119.15312957763672,34.223766326904297
94899411,2025,2025-10-23,9765,2025-02-22,1113,021349,,6,1,9,5600,0,1,3,,1,062,"SR-1 (PACIFIC COAST HIGHWAY)","SYCAMORE CANYON ROAD",2640.00,N,N,B,-,Y,VEN,,1," "," ",4.914,H,,R,N,1,1,0,2,A,-,08,22107,,N,D,G,A,A,H,-,A,D,0,,Y,,,Y,,L,04,0,0,0,0,0,1,0,0,0,"- ","- ",34.074039459228516,-119.02005767822266,VENTURA,UNINCORPORATED,-119.02007293701172,34.074024200439453
94899596,2025,2026-01-13,9765,2025-10-10,1010,019884,,5,1,9,5600,0,3,5,,2,004,"FOOTHILL ROAD","WHEELER CANYON RD",1531.00,E,N,A,-,N,,,,,,,,,,Y,1,1,1,2,A,-,05,21460,C,N,D,6,A,A,H,-,A,D,0,,Y,Y,,Y,,C,02,1,0,0,0,0,0,1,1,0,"- ","- ",34.335689544677734,-119.13472747802734,VENTURA,UNINCORPORATED,-119.13486480712891,34.335655212402344
94899761,2025,2025-10-23,9765,2025-10-14,1921,021999,,2,2,6,5604,0,1,2,,2,501,"US-101 S/B (VENTURA FREEWAY)","DEL NORTE BLVD.",1913.20,S,N,B,-,Y,VEN,,101," "," ",18.636,H,,L,Y,4,0,3,2,A,-,01,23152,A,N,B,2,A,A,H,-,D,D,0,,,,,Y,Y,A,01,0,0,3,0,0,0,0,0,0,"- ","- ",34.221931457519531,-119.12045288085938,VENTURA,OXNARD,-119.12045288085938,34.221931457519531
94901384,2025,2025-11-13,9770,2025-10-23,"945 ",020169,,4,1,6,5607,0,1,2,,2,073,"US-101 N/B (VENTURA FREEWAY)","VENTU PARK ROAD",1786.00,S,N,A,-,Y,VEN,,101," "," ",5.834,H,,R,Y,4,0,1,2,A,-,03,22350,,N,C,C,A,A,H,-,A,A,0,,,,,Y,,A,01,0,0,1,0,0,0,0,0,0,"- ","- ",34.184238433837891,-118.90503692626953,VENTURA,"THOUSAND OAKS",-118.90503692626953,34.184494018554688
94903909,2025,2025-10-28,9765,2025-10-18,"248 ",023908,,6,3,6,5608,0,1,3,,2,011,"SR-33 S/B TO STANLEY AVE","STANLEY AVENUE",0.00,,Y,A,-,Y,VEN,,33," "," ",1.578,H,,L,Y,3,0,2,1,A,-,01,23152,A,N,F,J,A,A,H,-,D,A,0,,,Y,,Y,Y,C,02,0,2,0,0,0,0,0,0,2,"- ","- ",34.300899505615234,-119.3017578125,VENTURA,VENTURA,-119.30187225341797,34.300941467285156
94906469,2025,2025-10-29,9765,2025-10-21,1555,021999,,2,2,5,5601,0,1,2,,2,504,"US-101 N/B (VENTURA FREEWAY)","CARMEN DRIVE",675.00,S,N,A,-,Y,VEN,,101," "," ",14.701,H,,R,N,4,0,1,2,A,-,08,22107,,N,B,C,A,A,H,-,A,D,0,,,,,Y,,D,22,0,0,1,0,0,0,0,0,0,"- ","- ",34.217681884765625,-119.04884338378906,VENTURA,CAMARILLO,-119.04884338378906,34.217674255371094