CASE_ID,ACCIDENT_YEAR,PROC_DATE,JURIS,COLLISION_DATE,COLLISION_TIME,OFFICER_ID,REPORTING_DISTRICT,DAY_OF_WEEK,CHP_SHIFT,POPULATION,CNTY_CITY_LOC,SPECIAL_COND,BEAT_TYPE,CHP_BEAT_TYPE,CITY_DIVISION_LAPD,CHP_BEAT_CLASS,BEAT_NUMBER,PRIMARY_RD,SECONDARY_RD,DISTANCE,DIRECTION,INTERSECTION,WEATHER_1,WEATHER_2,STATE_HWY_IND,CALTRANS_COUNTY,CALTRANS_DISTRICT,STATE_ROUTE,ROUTE_SUFFIX,POSTMILE_PREFIX,POSTMILE,LOCATION_TYPE,RAMP_INTERSECTION,SIDE_OF_HWY,TOW_AWAY,COLLISION_SEVERITY,NUMBER_KILLED,NUMBER_INJURED,PARTY_COUNT,PRIMARY_COLL_FACTOR,PCF_CODE_OF_VIOL,PCF_VIOL_CATEGORY,PCF_VIOLATION,PCF_VIOL_SUBSECTION,HIT_AND_RUN,TYPE_OF_COLLISION,MVIW,PED_ACTION,ROAD_SURFACE,ROAD_COND_1,ROAD_COND_2,LIGHTING,CONTROL_DEVICE,CHP_ROAD_TYPE,PEDESTRIAN_ACCIDENT,BICYCLE_ACCIDENT,MOTORCYCLE_ACCIDENT,TRUCK_ACCIDENT,NOT_PRIVATE_PROPERTY,ALCOHOL_INVOLVED,STWD_VEHTYPE_AT_FAULT,CHP_VEHTYPE_AT_FAULT,COUNT_SEVERE_INJ,COUNT_VISIBLE_INJ,COUNT_COMPLAINT_PAIN,COUNT_PED_KILLED,COUNT_PED_INJURED,COUNT_BICYCLIST_KILLED,COUNT_BICYCLIST_INJURED,COUNT_MC_KILLED,COUNT_MC_INJURED,PRIMARY_RAMP,SECONDARY_RAMP,LATITUDE,LONGITUDE,COUNTY,CITY,POINT_X,POINT_Y
9813427,2025,2025-05-23,5604,2025-04-23,1320,5790,,3,5,6,5604,0,0,0,,0,042,"PERKINS RD","PLEASANT VALLEY RD",170.00,S,N,A,-,N,,,,,,,,,,N,4,0,1,2,A,-,09,21801,A,F,D,C,A,A,H,-,A,D,0,,,,,Y,,A,01,0,0,1,0,0,0,0,0,0,"- ","- ",34.153770446777344,-119.18383026123047,VENTURA,OXNARD,-119.18386840820312,34.154273986816406
9813429,2025,2025-05-23,5604,2025-04-20,2039,5459,,7,5,6,5604,0,0,0,,0,024,"S J ST","HILL ST",0.00,,Y,A,-,N,,,,,,,,,,N,4,0,1,2,A,-,12,22450,A,F,D,G,A,A,H,-,C,D,0,,Y,,,Y,,-,99,0,0,1,0,0,0,1,0,0,"- ","- ",34.186389923095703,-119.18950653076172,VENTURA,OXNARD,-119.18949890136719,34.186355590820312
9814253,2025,2025-06-26,5608,2025-06-12,2040,451,,4,5,6,5608,0,0,0,,0,002,"AGNUS DR","FOOTHILL RD",78.00,S,N,A,-,N,,,,,,,,,,Y,4,0,1,1,A,-,01,23152,G,N,E,I,A,A,H,-,C,D,0,,,,,Y,Y,A,07,0,0,1,0,0,0,0,0,0,"- ","- ",,,VENTURA,VENTURA,-119.25189971923828,34.281108856201172
9814258,2025,2025-06-26,5608,2025-06-09,1350,575,,1,5,6,5608,0,0,0,,0,002,"HARBOR BL","OYSTER ST",0.00,,Y,A,-,N,,,,,,,,,,Y,4,0,2,2,A,-,12,21453,,N,D,C,A,A,H,-,A,A,0,,,,,Y,,A,01,0,0,2,0,0,0,0,0,0,"- ","- ",,,VENTURA,VENTURA,-119.26187896728516,34.258491516113281
9814922,2025,2025-06-09,5604,2025-04-02,2139,5540,,3,5,6,5604,0,0,0,,0,031,"E GONZALES RD","SNOW AV",0.00,,Y,A,-,N,,,,,,,,,,Y,4,0,3,2,A,-,12,21453,A,N,D,C,A,A,H,-,B,A,0,,,,,Y,,A,01,0,0,3,0,0,0,0,0,0,"- ","- ",34.218959808349609,-119.16532897949219,VENTURA,OXNARD,-119.16536712646484,34.218910217285156
9814981,2025,2025-06-19,5608,2025-05-20,1507,519,,2,5,6,5608,0,0,0,,0,003,"MILLS RD","COASTAL VIEW DR",0.00,,N,A,-,N,,,,,,,,,,Y,3,0,2,2,A,-,09,21801,A,N,D,C,A,A,H,-,A,A,0,,,,,Y,,A,01,0,2,0,0,0,0,0,0,0,"- ","- ",34.270679473876953,-119.24729919433594,VENTURA,VENTURA,-119.24729919433594,34.270660400390625
9814986,2025,2025-06-19,5604,2025-05-08,1504,5773,,4,5,6,5604,0,0,0,,0,011,"N H ST","W RODERICK AV",150.00,N,N,A,-,N,,,,,,,,,,Y,4,0,1,3,A,-,09,21804,A,N,D,C,A,A,H,-,A,D,0,,,,,Y,,A,01,0,0,1,0,0,0,0,0,0,"- ","- ",34.210060119628906,-119.18824005126953,VENTURA,OXNARD,-119.18801116943359,34.210250854492188
9815121,2025,2025-06-09,5604,2025-05-05,1450,5018,,1,5,6,5604,0,0,0,,0,021,"S HARBOR BL","CHANNEL ISLANDS BL",100.00,N,N,A,-,N,,,,,,,,,,N,3,0,1,2,A,-,08,22107,,N,C,G,A,A,H,-,A,A,0,,Y,,,Y,,L,04,0,1,0,0,0,0,1,0,0,"- ","- ",34.176681518554688,-119.23062896728516,VENTURA,OXNARD,-119.23052978515625,34.17620849609375
9815149,2025,2025-06-03,5604,2025-02-11,"808 ",5678,,2,5,6,5604,0,0,0,,0,024,"COACH C LN","SAVIERS RD",150.00,W,N,A,-,N,,,,,,,,,,N,4,0,1,2,A,-,05,21650,1,N,D,G,A,A,H,-,A,D,0,,Y,,,Y,,L,04,0,0,1,0,0,0,1,0,0,"- ","- ",34.176769256591797,-119.1793212890625,VENTURA,OXNARD,,
9815154,2025,2025-06-03,5604,2025-02-01,2314,5673,,6,5,6,5604,0,0,0,,0,012,"N ROSE AVE","E GONZALEZ RD",0.00,,Y,A,-,N,,,,,,,,,,Y,4,0,2,2,A,-,09,21453,C,N,D,C,A,-,H,-,C,A,0,,,,,Y,,A,01,0,0,2,0,0,0,0,0,0,"- ","- ",34.218898773193359,-119.15827941894531,VENTURA,OXNARD,-119.15843200683594,34.218990325927734
9815155,2025,2025-06-03,5604,2025-02-05,1314,5779,,3,5,6,5604,0,0,0,,0,022,"WEST 5TH ST","HOBSON WY",0.00,,Y,B,-,N,,,,,,,,,,N,4,0,1,2,A,-,05,21650,1,N,G,G,A,B,H,-,A,A,0,,Y,,,Y,,L,04,0,0,1,0,0,0,1,0,0,"- ","- ",,,VENTURA,OXNARD,-119.18791961669922,34.197750091552734
9815160,2025,2025-06-03,5604,2025-02-19,"450 ",5407,,3,5,6,5604,0,0,0,,0,011,"W GONZALEZ RD","N VENTURA RD",0.00,,Y,A,-,N,,,,,,,,,,N,4,0,1,2,A,-,12,21453,A,N,G,C,A,A,H,-,C,A,0,,Y,,,Y,,L,04,0,0,1,0,0,0,1,0,0,"- ","- ",34.219268798828125,-119.19454956054688,VENTURA,OXNARD,-119.19464111328125,34.219223022460938
9815234,2025,2025-06-03,5604,2025-01-09,1852,5532,,4,5,6,5604,0,0,0,,0,011,"GONZALES RD","LANTANA ST",0.00,,Y,A,-,N,,,,,,,,,,Y,2,0,3,2,A,-,09,21801,A,N,D,C,A,A,H,-,C,A,0,,,,,Y,,A,01,1,0,2,0,0,0,0,0,0,"- ","- ",34.219169616699219,-119.19024658203125,VENTURA,OXNARD,-119.19024658203125,34.2191162109375
9815267,2025,2025-06-09,5604,2025-05-12,"732 ",5508,,1,5,6,5604,0,0,0,,0,031,"E 1ST ST","ROSE AV",0.00,,Y,A,-,N,,,,,,,,,,N,3,0,1,2,A,-,10,21950,A,N,G,B,B,A,H,-,A,A,0,Y,,,,Y,,A,01,0,1,0,0,1,0,0,0,0,"- ","- ",34.202610015869141,-119.15971374511719,VENTURA,OXNARD,-119.15981292724609,34.202617645263672
9815274,2025,2025-06-11,5604,2025-05-07,"553 ",5797,3,3,5,6,5604,0,0,0,,0,031,"COOPER RD","N BONITA AV N",0.00,,Y,A,-,N,,,,,,,,,,N,3,0,1,2,A,-,12,22450,A,N,D,G,A,A,H,-,A,A,0,,Y,,,Y,,-,"- ",0,1,0,0,0,0,1,0,0,"- ","- ",34.204498291015625,-119.17062377929688,VENTURA,OXNARD,-119.170654296875,34.204509735107422
9815302,2025,2025-07-09,5604,2025-01-14,2145,5732,,2,5,6,5604,0,0,0,,0,012,"N RICE AV","SAKIOKA DR",0.00,,Y,A,-,N,,,,,,,,,,Y,2,0,1,2,A,-,05,21651,B,N,D,C,A,A,H,-,C,A,0,,,,Y,Y,,F,26,1,0,0,0,0,0,0,0,0,"- ","- ",34.215019226074219,-119.14205169677734,VENTURA,OXNARD,,
9816995,2024,2025-06-11,5604,2024-11-23,2002,5683,,6,5,6,5604,0,0,0,,0,022,"9TH ST","S OXNARD BLVD S",0.00,,Y,C,-,N,,,,,,,,,,N,3,0,1,2,A,-,03,22350,,F,A,B,D,B,H,-,C,A,0,Y,,,,Y,,A,01,0,1,0,0,1,0,0,0,0,"- ","- ",34.192329406738281,-119.17742919921875,VENTURA,OXNARD,-119.17751312255859,34.192367553710938
9817809,2025,2025-12-05,5604,2025-05-30,1429,5824,,5,5,6,5604,0,0,0,,0,022,"S C ST","9TH ST",170.00,W,N,A,-,N,,,,,,,,,,Y,4,0,1,3,A,-,03,22350,,N,C,C,A,A,H,-,A,A,0,,,,,Y,,A,01,0,0,1,0,0,0,0,0,0,"- ","- ",34.192440032958984,-119.18115997314453,VENTURA,OXNARD,-119.18116760253906,34.192459106445312
9817810,2025,2025-06-19,5604,2025-05-27,"831 ",5693,,2,5,6,5604,0,0,0,,0,041,"E BARD RD","SAN JUAN AV",0.00,,Y,A,-,N,,,,,,,,,,N,4,0,2,2,A,-,04,21703,,N,C,C,A,A,H,-,A,A,0,,,,,Y,,I,11,0,0,2,0,0,0,0,0,0,"- ","- ",,,VENTURA,OXNARD,-119.17005157470703,34.162010192871094
9817812,2025,2025-06-19,5604,2025-05-25,"623 ",5761,,7,5,6,5604,0,0,0,,0,032,"E WOOLEY RD","S ROSE AV S",0.00,,Y,A,-,N,,,,,,,,,,Y,4,0,1,2,A,-,12,21453,A,N,D,C,A,A,H,-,A,A,0,,,,Y,Y,,F,26,0,0,1,0,0,0,0,0,0,"- ","- ",34.189838409423828,-119.15985870361328,VENTURA,OXNARD,-119.15996551513672,34.189849853515625
9817980,2025,2025-06-19,5604,2025-05-02,2339,5665,,5,5,6,5604,0,0,0,,0,012,"E GONZALES RD","ENTRADA DR",300.00,E,N,A,-,N,,,,,,,,,,Y,4,0,2,2,A,-,01,23152,A,F,C,C,A,A,A,H,C,A,0,,,,,Y,Y,A,01,0,0,2,0,0,0,0,0,0,"- ","- ",34.219009399414062,-119.17227172851562,VENTURA,OXNARD,-119.17127990722656,34.218959808349609
9818026,2025,2025-08-05,5604,2025-06-20,1705,5454,,5,5,6,5604,0,0,0,,0,011,"CARRIAGE SQ","C ST",3.00,E,N,A,-,N,,,,,,,,,,N,4,0,1,3,A,-,08,22107,,F,C,C,A,A,H,-,A,D,0,,,,,Y,,A,07,0,0,1,0,0,0,0,0,0,"- ","- ",34.216850280761719,-119.18086242675781,VENTURA,OXNARD,-119.18084716796875,34.216869354248047
9818220,2025,2025-08-25,5608,2025-07-16,1725,528,,3,5,6,5608,0,0,0,,0,002,"THOMPSON BL","FRANCES ST",0.00,,Y,A,-,N,,,,,,,,,,Y,4,0,1,2,A,-,08,22107,,N,D,C,A,A,H,-,A,A,0,,,,Y,Y,,A,01,0,0,1,0,0,0,0,0,0,"- ","- ",34.270999908447266,-119.25800323486328,VENTURA,VENTURA,-119.25859069824219,34.272026062011719
9819187,2025,2025-08-21,5608,2025-07-11,1205,513,VENTU,5,5,6,5608,0,0,0,,0,002,"POLI ST","KATHERINE DR",300.00,E,N,A,-,N,,,,,,,,,,Y,2,0,1,2,A,-,08,22107,,N,B,C,A,A,H,-,A,D,0,,,,,Y,,A,01,1,0,0,0,0,0,0,0,0,"- ","- ",,,VENTURA,VENTURA,-119.26142883300781,34.279037475585938
9819190,2025,2025-08-21,5608,2025-07-03,"803 ",447,,4,5,6,5608,0,0,0,,0,002,"MAIN ST","LEMON GROVE AV",20.00,W,N,A,-,N,,,,,,,,,,Y,3,0,1,2,A,-,03,22350,,N,C,C,A,A,H,-,A,A,0,,,,,Y,,A,01,0,1,0,0,0,0,0,0,0,"- ","- ",,,VENTURA,VENTURA,-119.24911499023438,34.266162872314453
9819246,2025,2025-08-01,5604,2025-07-07,1118,5354,,1,5,6,5604,0,0,0,,0,011,"VICTORIA AV","GONZALES ST",450.00,S,N,A,-,N,,,,,,,,,,Y,4,0,1,2,A,-,03,22350,,N,C,C,A,A,H,-,A,A,0,,,,,Y,,A,08,0,0,1,0,0,0,0,0,0,"- ","- ",,,VENTURA,OXNARD,-119.22129821777344,34.218215942382812
9820228,2025,2025-10-01,5608,2025-08-18,2500,540,,1,5,6,5608,0,0,0,,0,001,"THOMPSON BLVD","CALIFORNIA ST",0.00,,Y,F,-,N,,,,,,,,,,N,3,0,1,2,D,-,00,,,F,D,B,B,A,H,-,B,A,0,Y,,,,Y,,-,"- ",0,1,0,0,1,0,0,0,0,"- ","- ",34.278171539306641,-119.29316711425781,VENTURA,VENTURA,-119.29306030273438,34.278247833251953
9820802,2025,2025-08-13,5608,2025-07-10,"738 ",574,,4,5,6,5608,0,0,0,,0,003,"HARTE AV","LARKIN ST",0.00,,Y,A,-,N,,,,,,,,,,N,4,0,1,2,A,-,12,22450,A,N,D,G,A,A,H,-,A,D,0,,Y,,,Y,,M,91,0,0,1,0,0,0,1,0,0,"- ","- ",34.274051666259766,-119.2188720703125,VENTURA,VENTURA,-119.21890258789062,34.274078369140625
9822255,2025,2025-09-12,5604,2025-08-06,1355,5396,,3,5,6,5604,0,0,0,,0,014,"LANTANA ST","BLUEBELL ST",15.00,N,N,A,-,N,,,,,,,,,,Y,4,0,1,2,A,-,01,23152,A,N,G,E,A,A,H,-,A,D,0,,,,,Y,Y,A,07,0,0,1,0,0,0,0,0,0,"- ","- ",34.221500396728516,-119.19020080566406,VENTURA,OXNARD,-119.19021606445312,34.221652984619141
9822261,2025,2025-09-09,5604,2025-08-09,1151,5788,,6,5,6,5604,0,0,0,,0,024,"MCLOUGHLIN AV","CAROB ST",0.00,,Y,A,-,N,,,,,,,,,,N,3,0,1,3,A,-,08,22107,,N,C,E,A,A,H,-,A,D,0,,Y,,,Y,,A,01,0,1,0,0,0,0,1,0,0,"- ","- ",34.181999206542969,-119.20200347900391,VENTURA,OXNARD,-119.20287322998047,34.182899475097656
9822758,2025,2025-09-15,5608,2025-08-19,"717 ",539,,2,5,6,5608,0,0,0,,0,004,"JOHNSON DR","HUMMINGBIRD ST",90.00,S,N,A,-,N,,,,,,,,,,Y,3,0,2,3,A,-,03,22350,,N,C,C,A,-,G,-,A,D,0,,,,,Y,,D,22,0,1,1,0,0,0,0,0,0,"- ","- ",,,VENTURA,VENTURA,-119.19737243652344,34.253288269042969
9824042,2025,2025-10-02,5608,2025-07-28,1100,529,,1,5,6,5608,0,0,0,,0,003,"PASQUAL AV","CASA ST",415.00,S,N,A,-,N,,,,,,,,,,N,3,0,1,2,A,-,08,22107,,N,B,C,A,A,H,-,A,D,0,,,,,Y,Y,A,01,0,1,0,0,0,0,0,0,0,"- ","- ",,,VENTURA,VENTURA,-119.15774536132812,34.295093536376953
9824157,2024,2025-01-03,5605,2024-12-05,"852 ",100,,4,5,3,5605,0,0,0,,0,,"CHANNEL ISLANDS BL","VENTURA RD",315.00,W,N,B,-,N,,,,,,,,,,Y,4,0,1,1,A,-,01,23152,A,N,E,I,A,A,A,-,A,D,0,,,,,Y,,A,01,0,0,1,0,0,0,0,0,0,"- ","- ",34.175689697265625,-119.19496917724609,VENTURA,"PORT HUENEME",-119.19611358642578,34.175640106201172
9824214,2025,2025-10-09,5608,2025-09-05,1837,561,,5,5,6,5608,0,0,0,,0,002,"SEAWARD AV","OCEAN AV",210.00,S,N,A,-,N,,,,,,,,,,Y,3,0,1,2,A,-,07,21658,A,N,B,E,A,A,H,-,A,D,0,,,,,Y,Y,A,01,0,1,0,0,0,0,0,0,0,"- ","- ",,,VENTURA,VENTURA,-119.26715850830078,34.270977020263672
9824357,2024,2025-01-03,5605,2024-12-03,"746 ",224,PATRO,2,5,3,5605,0,0,0,,0,004,"PORT HUENEME RD","SURFSIDE DR",0.00,,Y,B,-,N,,,,,,,,,,Y,4,0,1,2,A,-,17,21451,A,N,D,C,A,A,H,-,A,A,0,,,,,Y,,A,07,0,0,1,0,0,0,0,0,0,"- ","- ",34.143550872802734,-119.19553375244141,VENTURA,"PORT HUENEME",-119.19049072265625,34.147602081298828
9824637,2025,2025-10-08,5608,2025-08-31,1817,491,,7,5,6,5608,0,0,0,,0,002,"HARBOR BL","OYSTER AV",0.00,,Y,A,-,N,,,,,,,,,,Y,3,0,3,2,A,-,01,23153,B,N,C,C,A,A,H,-,B,A,0,,,,,Y,Y,A,01,0,3,0,0,0,0,0,0,0,"- ","- ",,,VENTURA,VENTURA,-119.26187896728516,34.258491516113281
9824826,2025,2025-09-05,5604,2025-08-01,"202 ",5812,,5,5,6,5604,0,0,0,,0,021,"HARBOR BL","CHANNEL ISLAND BL",30.00,N,N,A,-,N,,,,,,,,,,Y,3,0,2,1,A,-,01,23152,A,N,A,I,A,A,H,-,C,A,0,,,,,Y,Y,A,01,0,2,0,0,0,0,0,0,0,"- ","- ",34.175220489501953,-119.23133087158203,VENTURA,OXNARD,-119.23159027099609,34.174942016601562
9825349,2025,2025-09-04,5604,2025-07-21,1656,5655,,1,5,6,5604,0,0,0,,0,023,"W 6TH ST","S OXNARD BL",0.00,,Y,A,-,N,,,,,,,,,,Y,4,0,1,2,A,-,12,21453,A,N,D,C,A,A,H,-,A,A,0,,,,,Y,,A,01,0,0,1,0,0,0,0,0,0,"- ","- ",,,VENTURA,OXNARD,-119.17745971679688,34.196346282958984
9825412,2025,2025-10-29,5604,2025-09-08,"512 ",5759,,1,5,6,5604,0,0,0,,0,012,"AUTO CENTER DR","N ROSE AV",0.00,,Y,A,-,N,,,,,,,,,,Y,4,0,1,2,A,-,12,21453,A,N,D,C,A,A,H,-,C,A,0,,,,,Y,,-,"- ",0,0,1,0,0,0,0,0,0,"- ","- ",34.228050231933594,-119.15795135498047,VENTURA,OXNARD,-119.157958984375,34.228069305419922
9825415,2025,2025-10-15,5604,2025-08-28,1051,5715,,4,5,6,5604,0,0,0,,0,032,"GREENBROOK DR","ONEILL PL",130.00,S,N,A,-,N,,,,,,,,,,Y,4,0,1,3,A,-,08,22107,,N,D,E,A,A,H,-,A,A,0,,,,,Y,,A,01,0,0,1,0,0,0,0,0,0,"- ","- ",,,VENTURA,OXNARD,-119.15884399414062,34.1748046875
9825446,2025,2025-09-05,5608,2025-08-20,1026,568,,3,5,6,5608,0,0,0,,0,001,"EAST THOMPSON BL","S CHESTNUT ST",0.00,,Y,A,-,N,,,,,,,,,,N,3,0,1,2,A,-,08,22107,,N,D,C,A,A,H,-,A,A,0,,,,,Y,,A,01,0,1,0,0,0,0,0,0,0,"- ","- ",34.278251647949219,-119.29157257080078,VENTURA,VENTURA,-119.29154968261719,34.278263092041016
9825452,2025,2025-09-04,5608,2025-08-16,2111,544,,6,5,6,5608,0,0,0,,0,003,"MAIN ST","MILLS RD",0.00,,Y,A,-,N,,,,,,,,,,Y,3,0,1,1,A,-,08,22107,,N,E,I,A,A,H,-,C,A,0,,,,,Y,Y,A,01,0,1,0,0,0,0,0,0,0,"- ","- ",34.265190124511719,-119.24624633789062,VENTURA,VENTURA,-119.24604797363281,34.264926910400391
9827177,2025,2025-07-08,5608,2025-06-30,1317,446,,1,5,6,5608,0,0,0,,0,004,"TELEPHONE RD","LARK AV",0.00,,Y,A,-,N,,,,,,,,,,Y,4,0,4,2,A,-,12,21453,A,N,D,C,A,A,H,-,A,A,0,,,,,Y,,A,07,0,0,4,0,0,0,0,0,0,"- ","- ",,,VENTURA,VENTURA,-119.20989227294922,34.265800476074219
9828961,2025,2025-06-25,5604,2025-05-15,1337,5610,,4,5,6,5604,0,0,0,,0,031,"E GONZALES RD","ENTRADA DR",100.00,E,N,A,-,N,,,,,,,,,,N,4,0,1,2,A,-,03,22350,,F,G,B,D,A,H,-,A,D,0,Y,,,,Y,,A,07,0,0,1,0,1,0,0,0,0,"- ","- ",34.21826171875,-119.1702880859375,VENTURA,OXNARD,-119.17194366455078,34.218959808349609
9828962,2025,2025-06-25,5604,2025-05-15,1732,5434,,4,5,6,5604,0,0,0,,0,031,"S RICE AV","EASTMAN AV",0.00,,Y,A,-,N,,,,,,,,,,Y,3,0,2,2,A,-,08,22107,,N,D,C,A,A,H,-,A,D,0,,,,,Y,,A,07,0,1,1,0,0,0,0,0,0,"- ","- ",34.198951721191406,-119.14225769042969,VENTURA,OXNARD,-119.14237213134766,34.198974609375
9829673,2025,2025-07-23,5605,2025-06-05,"733 ",220,PATRO,4,5,3,5605,0,0,0,,0,001,"CHANNEL ISLAND BL","PATTERSON RD",0.00,,Y,B,-,N,,,,,,,,,,Y,3,0,1,1,C,-,18,,,N,E,I,A,B,H,-,A,A,0,,,,,Y,,-,"- ",0,1,0,0,0,0,0,0,0,"- ","- ",34.176109313964844,-119.20835113525391,VENTURA,"PORT HUENEME",-119.20841979980469,34.175727844238281
9829674,2025,2025-07-09,5605,2025-06-02,1253,230,PATRO,1,5,3,5605,0,0,0,,0,002,"VENTURA RD","PEARSON RD",0.00,,Y,A,-,N,,,,,,,,,,N,3,0,1,2,A,-,05,21650,1,N,H,G,A,A,H,-,A,A,0,,Y,,,Y,,L,04,0,1,0,0,0,0,1,0,0,"- ","- ",34.165390014648438,-119.19502258300781,VENTURA,"PORT HUENEME",-119.1951904296875,34.165683746337891
9830037,2025,2025-07-10,5605,2025-05-09,1812,244,PATRO,5,5,3,5605,0,0,0,,0,003,"CHANNEL ISLANDS BL","VICTORIA AV",1100.00,E,N,A,-,N,,,,,,,,,,,4,0,1,2,A,-,09,21802,A,N,H,G,A,A,H,-,A,D,0,,Y,,,Y,,A,01,0,0,1,0,0,0,1,0,0,"- ","- ",34.176071166992188,-119.22116851806641,VENTURA,"PORT HUENEME",-119.21794128417969,34.176059722900391
9831093,2025,2025-07-10,5605,2025-06-07,1027,244,PATRO,6,5,3,5605,0,0,0,,0,002,"SUNKIST ST","5TH ST",3.00,W,N,B,-,N,,,,,,,,,,,4,0,1,2,A,-,08,22107,,F,D,C,A,A,H,-,A,D,0,,,,,Y,,A,01,0,0,1,0,0,0,0,0,0,"- ","- ",34.168540954589844,-119.19444274902344,VENTURA,"PORT HUENEME",-119.19441223144531,34.168479919433594
9831331,2025,2025-08-05,5604,2025-06-04,1744,5824,,3,5,6,5604,0,0,0,,0,032,"S PACIFIC AV","W MOUNTAIN VIEW AVE W",0.00,,Y,A,-,N,,,,,,,,,,N,4,0,2,2,A,-,06,21750,A,N,B,C,A,A,H,-,A,D,0,,,,Y,Y,,A,01,0,0,2,0,0,0,0,0,0,"- ","- ",,,VENTURA,OXNARD,-119.16481018066406,34.193458557128906
9832847,2025,2025-09-15,5608,2025-07-04,1907,456,,5,5,6,5608,0,0,0,,0,002,"SEAWARD AV","RT 101",0.00,,Y,A,-,Y,VEN,7,101,-,-,28.604,R,4,N,N,3,0,1,1,A,-,01,21200,5,N,E,I,A,A,H,-,A,A,0,,Y,,,Y,Y,M,91,0,1,0,0,0,0,1,0,0,"- ",NO,,,VENTURA,VENTURA,-119.27065277099609,34.266902923583984
9832876,2025,2025-07-22,5604,2025-06-16,2104,5563,,1,5,6,5604,0,0,0,,0,022,"HOBSON WY","WEST 5TH ST",0.00,,Y,A,-,N,,,,,,,,,,N,4,0,1,2,A,-,09,21801,A,N,B,C,A,A,H,-,C,D,0,,,,,Y,,A,07,0,0,1,0,0,0,0,0,0,"- ","- ",34.197738647460938,-119.18789672851562,VENTURA,OXNARD,-119.18791961669922,34.197750091552734
9833393,2025,2025-11-25,5604,2025-06-08,"7   ",5630,,7,5,6,5604,0,0,0,,0,031,"ENTRADA DR","JOYA ST",200.00,N,N,A,-,N,,,,,,,,,,Y,4,0,1,3,A,-,01,23152,A,N,C,E,A,A,A,-,C,D,0,,,,,Y,Y,A,01,0,0,1,0,0,0,0,0,0,"- ","- ",34.210639953613281,-119.17400360107422,VENTURA,OXNARD,-119.17372894287109,34.210742950439453
9833694,2025,2025-07-25,5604,2025-05-31,"835 ",5778,,6,5,6,5604,0,0,0,,0,032,"S OXNARD BL","E WOOLEY RD E",0.00,,Y,A,-,N,,,,,,,,,,N,3,0,2,2,B,-,22,,,N,C,C,A,A,H,-,A,A,0,,,,,Y,,D,23,0,1,1,0,0,0,0,0,0,"- ","- ",34.189781188964844,-119.17662048339844,VENTURA,OXNARD,-119.17742919921875,34.190010070800781
9833897,2025,2025-08-06,5604,2025-06-06,1706,5715,,5,5,6,5604,0,0,0,,0,032,"E WOOLEY RD","S ROSE AV",70.00,E,N,B,-,N,,,,,,,,,,N,3,0,1,2,C,-,18,,,N,C,C,A,A,H,-,A,A,0,,,,Y,Y,,-,"- ",0,1,0,0,0,0,0,0,0,"- ","- ",,,VENTURA,OXNARD,-119.15973663330078,34.189849853515625
9868119,2025,2025-09-29,5608,2025-08-06,1726,577,,3,5,6,5608,0,0,0,,0,003,"MILLS RD","TELEGRAPH RD",855.00,S,N,A,-,N,,,,,,,,,,Y,3,0,2,2,A,-,08,22107,,N,A,D,A,A,H,-,A,A,0,,,,Y,Y,,F,21,0,2,0,0,0,0,0,0,0,"- ","- ",,,VENTURA,VENTURA,-119.24732208251953,34.270771026611328
9868370,2025,2025-09-02,5608,2025-08-03,"753 ",571,,7,5,6,5608,0,0,0,,0,002,"LOMA VISTA RD","DALTON ST",36.00,E,N,B,-,N,,,,,,,,,,N,2,0,1,1,D,-,00,,,N,F,A,A,A,H,-,A,D,0,,,,,Y,,-,"- ",1,0,0,0,0,0,0,0,0,"- ","- ",,,VENTURA,VENTURA,-119.25844573974609,34.275257110595703
9871561,2025,2025-08-18,5604,2025-07-16,1056,5160,,3,5,6,5604,0,0,0,,0,031,"3RD ST","GARFIELD AV",0.00,,Y,A,-,N,,,,,,,,,,Y,3,0,1,2,A,-,01,23153,A,N,D,C,A,A,H,-,A,A,0,,,,,Y,Y,A,01,0,1,0,0,0,0,0,0,0,"- ","- ",34.20050048828125,-119.17299652099609,VENTURA,OXNARD,-119.173828125,34.200557708740234
9871606,2025,2025-08-15,5608,2025-07-20,1759,379,142,7,5,6,5608,0,0,0,,0,,"TELEGRAPH RD","LA JOLLA ST",99.00,W,N,A,-,N,,,,,,,,,,N,3,0,1,2,A,-,03,22350,,N,C,C,A,A,H,-,A,D,0,,,,,Y,,A,07,0,1,0,0,0,0,0,0,0,"- ","- ",,,VENTURA,VENTURA,-119.17205047607422,34.288608551025391
9871612,2025,2025-08-20,5608,2025-07-23,1657,519,,3,5,6,5608,0,0,0,,0,004,"TELEPHONE RD","CACHUMA AV",0.00,,Y,A,-,N,,,,,,,,,,N,3,0,1,2,A,-,08,22107,,N,B,G,A,A,H,-,A,D,0,,Y,,,Y,,L,04,0,1,0,0,0,0,1,0,0,"- ","- ",34.276538848876953,-119.16309356689453,VENTURA,VENTURA,-119.16242218017578,34.277103424072266
9871624,2025,2025-08-21,5608,2025-07-24,1107,539,,4,5,6,5608,0,0,0,,0,001,"VENTURA AV","SANTA CLARA ST",33.00,N,N,A,-,N,,,,,,,,,,N,4,0,1,2,A,-,08,22107,,N,B,G,A,A,H,-,A,A,0,,Y,,,Y,,L,04,0,0,1,0,0,0,1,0,0,"- ","- ",,,VENTURA,VENTURA,-119.30077362060547,34.279609680175781