CASE_ID,ACCIDENT_YEAR,PROC_DATE,JURIS,COLLISION_DATE,COLLISION_TIME,OFFICER_ID,REPORTING_DISTRICT,DAY_OF_WEEK,CHP_SHIFT,POPULATION,CNTY_CITY_LOC,SPECIAL_COND,BEAT_TYPE,CHP_BEAT_TYPE,CITY_DIVISION_LAPD,CHP_BEAT_CLASS,BEAT_NUMBER,PRIMARY_RD,SECONDARY_RD,DISTANCE,DIRECTION,INTERSECTION,WEATHER_1,WEATHER_2,STATE_HWY_IND,CALTRANS_COUNTY,CALTRANS_DISTRICT,STATE_ROUTE,ROUTE_SUFFIX,POSTMILE_PREFIX,POSTMILE,LOCATION_TYPE,RAMP_INTERSECTION,SIDE_OF_HWY,TOW_AWAY,COLLISION_SEVERITY,NUMBER_KILLED,NUMBER_INJURED,PARTY_COUNT,PRIMARY_COLL_FACTOR,PCF_CODE_OF_VIOL,PCF_VIOL_CATEGORY,PCF_VIOLATION,PCF_VIOL_SUBSECTION,HIT_AND_RUN,TYPE_OF_COLLISION,MVIW,PED_ACTION,ROAD_SURFACE,ROAD_COND_1,ROAD_COND_2,LIGHTING,CONTROL_DEVICE,CHP_ROAD_TYPE,PEDESTRIAN_ACCIDENT,BICYCLE_ACCIDENT,MOTORCYCLE_ACCIDENT,TRUCK_ACCIDENT,NOT_PRIVATE_PROPERTY,ALCOHOL_INVOLVED,STWD_VEHTYPE_AT_FAULT,CHP_VEHTYPE_AT_FAULT,COUNT_SEVERE_INJ,COUNT_VISIBLE_INJ,COUNT_COMPLAINT_PAIN,COUNT_PED_KILLED,COUNT_PED_INJURED,COUNT_BICYCLIST_KILLED,COUNT_BICYCLIST_INJURED,COUNT_MC_KILLED,COUNT_MC_INJURED,PRIMARY_RAMP,SECONDARY_RAMP,LATITUDE,LONGITUDE,COUNTY,CITY,POINT_X,POINT_Y
6670114,2014,2014-10-27,5606,2014-07-31,0908,1116,5606,4,5,4,5606,0,0,0,,0,001,"PALM AV","HARVARD BL",94.00,S,N,A,-,N,,,,,,,,,,N,4,0,1,2,A,-,03,22350,,N,C,C,A,A,H,-,A,A,0,,,,,Y,,A,01,0,0,1,0,0,0,0,0,0,"- ","- ",,,VENTURA,"SANTA PAULA",-119.06966180000001,34.346758479999998
6671727,2014,2014-12-26,5609,2014-10-11,1654,437,,6,5,6,5609,0,0,0,,0,002,"1ST ST","DENNIS AV",0.00,,Y,A,-,N,,,,,,,,,,N,4,0,1,2,A,-,03,22350,,N,C,C,A,A,H,-,A,D,0,,,,,Y,,D,22,0,0,1,0,0,0,0,0,0,"- ","- ",,,VENTURA,"SIMI VALLEY",-118.77890008999999,34.265170099999999
6672131,2014,2014-11-13,5609,2014-09-30,1153,433,122,2,5,6,5609,0,0,0,,0,001,"EASY ST","WARD AV",168.00,W,N,A,-,N,,,,,,,,,,Y,3,0,1,1,A,-,03,22350,,N,F,A,A,A,H,-,A,D,0,,,Y,,Y,,C,02,0,1,0,0,0,0,0,0,1,"- ","- ",,,VENTURA,"SIMI VALLEY",-118.78593948,34.273999080000003
6672416,2014,2014-12-18,9430,2014-10-02,1051,017153,,4,1,9,5600,0,3,5,,2,003,"RT 33","BERGES CREEK BRIDGE",448.00,S,N,A,-,Y,,,33,,,,,,,Y,3,0,1,1,A,-,08,22107,,N,F,A,A,A,H,-,A,D,0,,,Y,,Y,,C,02,0,1,0,0,0,0,0,0,1,"- ","- ",34.786270000000002,-119.44079000000001,VENTURA,UNINCORPORATED,-119.44082275,34.786220290000003
6672417,2014,2014-12-18,9430,2014-10-02,1050,017153,,4,1,9,5600,0,3,5,,2,003,"RT 33","BERGES CREEK BRIDGE",448.00,S,N,A,-,Y,,,33,,,,,,,Y,2,0,1,1,A,-,08,22107,,N,E,I,A,A,H,-,A,D,0,,,Y,,Y,,C,02,1,0,0,0,0,0,0,0,1,"- ","- ",34.786270000000002,-119.44079000000001,VENTURA,UNINCORPORATED,-119.44082275,34.786220290000003
6673562,2014,2014-12-18,9765,2014-11-22,1056,20004,,6,1,9,5600,0,3,5,,2,001,"CANADA LARGA RD","VENTURA AV",27.00,E,N,A,-,N,,,,,,,,,,N,2,0,1,2,A,-,03,22350,,N,G,B,E,A,H,-,A,A,0,Y,,,,Y,,J,48,1,0,0,0,1,0,0,0,0,"- ","- ",34.341740000000001,-119.29384,VENTURA,UNINCORPORATED,-119.29378070999999,34.341652549999999
6673923,2014,2015-01-21,9770,2014-12-16,1930,18024,,2,2,9,5600,0,2,4,,2,047,"GUIBERSON RD","CAVIN RD",1056.00,W,N,B,-,N,,,,,,,,,,Y,4,0,1,1,A,-,03,22350,,N,E,A,A,A,H,-,D,D,0,,,,,Y,,J,48,0,0,1,0,0,0,0,0,0,"- ","- ",34.382469999999998,-118.85214999999999,VENTURA,UNINCORPORATED,-118.85267519,34.381921519999999
6674418,2014,2014-12-16,5600,2014-10-19,1417,4438,8300,7,5,5,5601,0,0,0,,0,1417,"VENTURA BL","CAMARILLO CENTER DR",0.00,,Y,A,-,N,,,101,,,,,,,Y,4,0,1,2,A,-,09,21802,A,N,D,C,A,A,H,-,A,A,0,,,,,Y,,A,01,0,0,1,0,0,0,0,0,0,"- ","- ",34.217730000000003,-119.05759999999999,VENTURA,CAMARILLO,-119.05757397000001,34.218062379999999
6677810,2014,2014-12-12,9765,2014-10-17,1442,017599,,5,2,6,5604,0,1,2,,2,531,"RT 101","RT 232",1056.00,N,N,A,-,Y,,,101,,,,,,,Y,4,0,5,3,A,-,03,22350,,N,C,C,A,A,H,-,A,D,0,,,,,Y,,A,07,0,0,5,0,0,0,0,0,0,"- ","- ",34.232869999999998,-119.1742,VENTURA,OXNARD,-119.1742295,34.232846440000003
6677830,2014,2014-12-11,9765,2014-10-15,0600,016234,,3,1,9,5600,0,1,3,,1,046,"RT 118","COUNTY DR",360.00,W,N,A,-,Y,,,118,,,,,,,N,3,0,1,2,A,-,08,22107,,N,B,C,A,A,H,-,C,D,0,,,Y,,Y,,A,01,0,1,0,0,0,0,0,0,1,"- ","- ",34.281559999999999,-119.14579000000001,VENTURA,UNINCORPORATED,-119.14578840999999,34.281563669999997
6678438,2014,2014-12-18,5609,2014-10-10,1923,437,,5,5,6,5609,0,0,0,,0,001,"ERRINGER RD","COCHRAN ST",0.00,,Y,A,-,N,,,,,,,,,,N,3,0,1,2,A,-,09,21801,A,N,D,C,A,A,H,-,C,A,0,,,Y,,Y,,C,02,0,1,0,0,0,0,0,0,1,"- ","- ",,,VENTURA,"SIMI VALLEY",-118.76140006999999,34.279010120000002
6679042,2014,2014-12-19,5608,2014-10-11,0754,440,,6,5,6,5608,0,0,0,,0,002,"POLI ST","N BRENT ST",0.00,,Y,A,-,N,,,,,,,,,,N,4,0,1,2,A,-,03,22350,,N,C,C,A,A,-,-,A,D,0,,,,,Y,,-,,0,0,1,0,0,0,0,0,0,"- ","- ",,,VENTURA,VENTURA,-119.25853995999999,34.279290080000003
6679106,2014,2014-12-19,5608,2014-10-19,1155,440,,7,5,6,5608,0,0,0,,0,003,"HENDERSON RD","JAZMIN AV",825.00,E,N,A,-,N,,,,,,,,,,N,4,0,1,2,A,-,03,22350,,N,B,C,A,A,H,-,A,D,0,,,,,Y,,-,,0,0,1,0,0,0,0,0,0,"- ","- ",,,VENTURA,VENTURA,-119.15928950999999,34.28751364
6679114,2014,2014-12-19,5608,2014-10-21,0612,440,,2,5,6,5608,0,0,0,,0,002,"S SEAWARD AV","THOMPSON BL",600.00,S,N,A,-,N,,,,,,,,,,Y,3,0,1,3,A,-,03,22350,,N,C,E,A,A,H,-,C,D,0,,,,,Y,,-,,0,1,0,0,0,0,0,0,0,"- ","- ",,,VENTURA,VENTURA,-119.26687038,34.271982209999997
6679118,2014,2014-12-19,5608,2014-10-20,1848,458,,1,5,6,5608,0,0,0,,0,002,"JONES ST","OCEAN AV",19.00,S,N,A,-,N,,,,,,,,,,N,3,0,1,2,A,-,08,22107,,N,G,B,B,A,H,-,B,D,0,Y,,,,Y,,-,,0,1,0,0,1,0,0,0,0,"- ","- ",,,VENTURA,VENTURA,-119.2626544,34.270609239999999
6682655,2014,2014-12-26,5600,2014-10-16,0820,3754,8021,4,5,5,5601,0,0,0,,0,08B,"LANTANA ST","PINEHURST PL",5.00,S,N,A,-,N,,,,,,,,,,N,3,0,1,2,A,-,05,21650,1,N,H,G,A,A,H,-,A,A,0,,Y,,,Y,,L,04,0,1,0,0,0,0,1,0,0,"- ","- ",34.226439999999997,-119.05481,VENTURA,CAMARILLO,-119.05488774,34.22637641
6684177,2014,2014-12-19,5600,2014-10-16,1009,4483,9124,4,5,6,5607,0,0,0,,0,09C,"GREENMEADOW AV","LYNN RD",140.00,W,N,A,-,N,,,,,,,,,,Y,4,0,1,1,A,-,08,22107,,N,E,J,A,A,H,-,A,D,0,,,,,Y,,A,01,0,0,1,0,0,0,0,0,0,"- ","- ",,,VENTURA,"THOUSAND OAKS",-118.8946897,34.178579360000001
6689499,2014,2014-12-05,9770,2014-10-18,1655,020721,,6,2,6,5607,0,1,2,,2,074,"RT 101","HAMPSHIRE RD",528.00,S,N,A,-,Y,,,,,,,,,,Y,3,0,1,2,A,-,07,21658,A,N,C,C,A,A,D,-,A,D,0,,,Y,,Y,,A,08,0,1,0,0,0,0,0,0,1,"- ","- ",,,VENTURA,"THOUSAND OAKS",-118.83658375,34.165060439999998
6689508,2014,2014-12-05,9770,2014-10-25,0900,018230,,6,1,4,5690,0,1,3,,2,085,"RT 23","LOS ANGELES AV",75.00,S,N,A,-,Y,,,,,,,,,,Y,4,0,1,2,A,-,07,21658,A,N,B,C,A,A,H,-,A,D,0,,,,,Y,,A,01,0,0,1,0,0,0,0,0,0,FR,"- ",,,VENTURA,MOORPARK,-118.86356668000001,34.282049989999997
6689516,2014,2014-12-08,9770,2014-10-27,1518,019849,,1,2,6,5607,0,1,2,,2,074,"RT 101","CONEJO SCHOOL RD",1056.00,S,N,A,-,Y,,,,,,,,,,N,4,0,1,3,A,-,03,22350,,F,C,C,A,A,D,-,A,D,0,,,,,Y,,D,22,0,0,1,0,0,0,0,0,0,"- ","- ",,,VENTURA,"THOUSAND OAKS",-118.84370927000001,34.169788459999999
6689520,2014,2014-12-05,9770,2014-10-28,0840,015489,,2,1,6,5607,0,1,3,,2,077,"RT 23","AVENIDA DE LOS ARBOLES",85.00,N,N,A,-,Y,,,,,,,,,,Y,4,0,1,2,A,-,03,22350,,N,C,C,A,A,H,-,A,D,0,,,,,Y,,D,22,0,0,1,0,0,0,0,0,0,FR,"- ",,,VENTURA,"THOUSAND OAKS",-118.84934862,34.211851969999998
6691065,2014,2014-12-08,9765,2014-10-24,0730,020004,,5,1,9,5600,0,1,3,,1,012,"RT 1","HOBSON RD",3696.00,S,N,A,-,Y,,,1,,,,,,,Y,4,0,1,2,A,-,03,22350,,N,C,C,A,A,H,-,A,D,0,,,,Y,Y,,M,47,0,0,1,0,0,0,0,0,0,"- ","- ",34.32105,-119.37304,VENTURA,UNINCORPORATED,-119.37303540000001,34.321070640000002
6691361,2014,2015-01-06,9765,2014-10-28,1002,013943,,2,1,5,5601,0,1,2,,2,504,"RT 101","FLYNN RD",528.00,N,N,A,-,Y,,,101,,,,,,,N,4,0,1,2,A,-,03,22350,,N,C,C,A,A,H,-,A,D,0,,,,,Y,,A,01,0,0,1,0,0,0,0,0,0,"- ","- ",34.215850000000003,-119.02382,VENTURA,CAMARILLO,-119.02382,34.215849779999999
6691365,2014,2015-01-06,9765,2014-10-23,1635,020423,,4,2,9,5600,0,2,4,,2,590,"CENTRAL AV","SANTA CLARA AV",50.00,W,N,A,-,N,,,,,,,,,,Y,4,0,1,1,A,-,03,22350,,N,E,I,A,A,H,-,A,A,0,,,,,Y,,A,01,0,0,1,0,0,0,0,0,0,"- ","- ",34.239440000000002,-119.12597,VENTURA,UNINCORPORATED,-119.12585728000001,34.239237510000002
6691417,2014,2015-01-06,9765,2014-10-26,0226,020628,,7,3,5,5601,0,1,2,,2,503,"RT 101","CARMEN DR",1556.00,N,N,A,-,Y,,,101,,,,,,,Y,4,0,1,2,A,-,01,23152,E,N,B,C,A,A,H,-,C,D,0,,,,,Y,,A,01,0,0,1,0,0,0,0,0,0,"- ","- ",34.21772,-119.05616999999999,VENTURA,CAMARILLO,-119.05615220999999,34.217954089999999
6691421,2014,2015-01-06,9765,2014-10-28,1550,019988,,2,2,9,5600,0,1,3,,1,020,"RT 33","ENCINO DR",1000.00,S,N,A,-,Y,,,33,,,,,,,N,3,0,1,1,A,-,08,22107,,N,E,J,A,A,H,-,A,D,0,,,,,Y,,A,01,0,1,0,0,0,0,0,0,0,"- ","- ",34.411999999999999,-119.295,VENTURA,UNINCORPORATED,-119.29488821,34.411966820000004
6691887,2014,2014-11-20,5606,2014-06-25,1309,1115,5606,3,5,4,5606,0,0,0,,0,001,"MAIN ST","LUCADA ST",0.00,,Y,A,-,N,,,,,,,,,,Y,3,0,2,2,A,-,08,22103,,N,D,C,A,A,H,-,A,D,0,,,,,Y,,A,07,0,1,1,0,0,0,0,0,0,"- ","- ",,,VENTURA,"SANTA PAULA",-119.08392012,34.34395001
6692742,2014,2016-06-24,5600,2014-10-23,0647,4590,6018,4,5,3,5602,0,0,0,,0,6B01,"VENTURA ST","ORANGE GROVE AV",20.00,E,N,A,-,Y,VEN,7,126,-,-,21.220,H,-,W,Y,4,0,1,3,A,-,03,22350,,N,C,C,A,A,H,-,A,A,0,,,,,Y,,A,01,0,0,1,0,0,0,0,0,0,"- ","- ",,,VENTURA,FILLMORE,-118.91640495999999,34.396422870000002
6693164,2014,2016-06-09,5600,2014-08-27,1656,4688,1000,3,5,2,5603,0,0,0,,0,1A11,"RT 150","COUNTRY CLUB DR",38.00,E,N,A,-,Y,VEN,7,126,-,-,17.020,H,-,E,Y,3,0,1,2,A,-,04,21703,,N,C,C,A,A,H,-,A,A,0,,,,,Y,,A,01,0,1,0,0,0,0,0,0,0,"- ","- ",,,VENTURA,OJAI,-118.98387280999999,34.379866909999997
6693175,2014,2014-12-23,5609,2014-10-24,1629,437,,5,5,6,5609,0,0,0,,0,004,"LARCH ST","SYCAMORE DR",17.00,W,N,A,-,N,,,,,,,,,,Y,3,0,1,2,A,-,08,22107,,N,D,C,A,A,H,-,A,D,0,,,,,Y,,A,01,0,1,0,0,0,0,0,0,0,"- ","- ",,,VENTURA,"SIMI VALLEY",-118.74389617999999,34.275879379999999
6693989,2014,2014-12-05,5600,2014-10-18,0902,4633,9124,6,5,6,5607,0,0,0,,0,09C,"LYNN RD","MAPLELEAF AV",207.00,E,N,A,-,N,,,,,,,,,,Y,3,0,1,1,A,-,08,22107,,N,E,I,A,A,H,-,A,D,0,,,,,Y,,D,22,0,1,0,0,0,0,0,0,0,"- ","- ",,,VENTURA,"THOUSAND OAKS",-118.92470867999999,34.175276850000003
6694222,2014,2014-12-30,9770,2014-10-10,1655,015489,,5,2,6,5607,0,1,2,,2,070,"RT 101","CONEJO INSPECTION FACILITY",200.00,N,N,A,-,Y,,,101,,,,,,,N,4,0,1,2,A,-,03,22350,,N,C,C,A,A,H,-,A,D,0,,,,,Y,,A,01,0,0,1,0,0,0,0,0,0,"- ","- ",34.201000000000001,-118.96511,VENTURA,"THOUSAND OAKS",-118.96511547,34.200969839999999
6694390,2014,2015-02-25,9770,2014-10-18,1753,018659,,6,2,9,5600,0,2,4,,1,088,"BOX CANYON RD","SANTA SUSANA PASS RD",7920.00,S,N,A,-,N,,,,,,,,,,Y,4,0,2,2,A,-,01,23152,A,N,A,C,A,A,H,-,A,D,0,,,,,Y,Y,A,01,0,0,2,0,0,0,0,0,0,"- ","- ",34.240729999999999,-118.65009000000001,VENTURA,UNINCORPORATED,-118.65052365,34.247284980000003
6696528,2014,2014-12-30,5605,2014-10-28,1444,101,PATRO,2,5,3,5605,0,0,0,,0,GRIND,"VENTURA RD","BARD RD",500.00,S,N,A,-,N,,,,,,,,,,Y,4,0,1,2,A,-,03,22350,,N,C,C,A,A,H,-,A,D,0,,,,,Y,,A,01,0,0,1,0,0,0,0,0,0,"- ","- ",,,VENTURA,"PORT HUENEME",-119.19509735,34.159737749999998
6702178,2014,2014-12-10,5600,2014-10-31,1635,4455,8003,5,5,5,5601,0,0,0,,0,8A01,"CRESTVIEW AV","CALLE TIERRA VISTA",338.00,W,N,B,-,N,,,,,,,,,,Y,4,0,1,2,A,-,09,21801,A,N,H,C,A,A,H,-,A,D,0,,,,,Y,,A,07,0,0,1,0,0,0,0,0,0,"- ","- ",34.228589999999997,-119.09274000000001,VENTURA,CAMARILLO,-119.09267149,34.228539840000003
6702182,2014,2014-12-10,5600,2014-10-30,1854,4455,8252,4,5,5,5601,0,0,0,,0,8C01,"CASTLETON ST","COMMONS PARK DR",8.00,S,N,A,-,N,,,,,,,,,,N,3,0,1,2,A,-,10,21950,A,N,G,B,B,A,H,-,C,D,0,Y,,,,Y,,A,01,0,1,0,0,1,0,0,0,0,"- ","- ",34.210720000000002,-119.02837,VENTURA,CAMARILLO,-119.02841146,34.210714359999997
6702418,2014,2014-12-08,5608,2014-10-29,1328,337,VENTU,3,5,6,5608,0,0,0,,0,002,"MAIN ST","TELEGRAPH RD",45.00,E,N,A,-,N,,,,,,,,,,N,4,0,1,2,A,-,07,21658,A,N,B,C,A,A,H,-,A,A,0,,,,,Y,,-,,0,0,1,0,0,0,0,0,0,"- ","- ",,,VENTURA,VENTURA,-119.25701947,34.271684430000001
6702426,2014,2014-12-08,5608,2014-10-28,1730,452,,2,5,6,5608,0,0,0,,0,004,"TELEPHONE RD",JOHNSON,78.00,N,N,A,-,N,,,,,,,,,,Y,4,0,1,2,A,-,03,22350,,N,C,C,A,A,H,-,A,D,0,,,,,Y,,-,,0,0,1,0,0,0,0,0,0,"- ","- ",,,VENTURA,VENTURA,-119.20053571,34.267165550000001
6702437,2014,2014-12-30,5608,2014-10-26,1224,437,,7,5,6,5608,0,0,0,,0,002,"SOUTH SEAWARD","EAST THOMPSON BL",54.00,N,N,A,-,N,,,,,,,,,,Y,3,0,2,3,A,-,03,22350,,N,C,C,A,A,H,-,A,A,0,,,Y,,Y,,-,,0,1,1,0,0,0,0,0,2,"- ","- ",,,VENTURA,VENTURA,-119.2663139,34.273714079999998
6702445,2014,2014-12-08,5608,2014-10-25,1624,448,,6,5,6,5608,0,0,0,,0,003,"MAIN ST","ARUNDELL AV",100.00,W,N,A,-,N,,,,,,,,,,Y,3,0,1,2,A,-,08,22107,,N,C,C,A,A,H,-,A,D,0,,,Y,,Y,,C,03,0,1,0,0,0,0,0,0,1,"- ","- ",,,VENTURA,VENTURA,-119.24309436,34.264114960000001
6702449,2014,2014-12-08,5608,2014-10-25,1145,438,,6,5,6,5608,0,0,0,,0,003,"TELEGRAPH RD","MILLS RD",25.00,E,N,A,-,N,,,,,,,,,,N,4,0,1,2,A,-,03,22350,,N,C,C,A,A,H,-,A,A,0,,,,,Y,,-,,0,0,1,0,0,0,0,0,0,"- ","- ",,,VENTURA,VENTURA,-119.24773793999999,34.273088209999997
6705074,2014,2015-01-08,5609,2014-11-07,0837,417,505,5,5,6,5609,0,0,0,,0,003,"LOS ANGELES AV","SURVEYOR AV",27.00,E,N,A,-,N,,,,,,,,,,Y,4,0,1,2,A,-,03,22350,,N,E,I,A,A,H,-,A,D,0,,,,,Y,,A,01,0,0,1,0,0,0,0,0,0,"- ","- ",,,VENTURA,"SIMI VALLEY",-118.71875077,34.27167
6705448,2014,2015-01-23,9765,2014-11-05,0743,020880,,3,1,9,5600,0,2,4,,2,590,"CENTRAL AV","STRICKLAND DR",365.00,E,N,A,-,N,,,,,,,,,,N,3,0,1,2,A,-,08,22107,,N,G,B,E,A,H,-,A,D,0,Y,,,,Y,,A,01,0,1,0,0,1,0,0,0,0,"- ","- ",34.25497,-119.14867,VENTURA,UNINCORPORATED,-119.14875751,34.254944909999999
6707971,2014,2015-01-15,9765,2014-11-07,0849,014823,,5,1,5,5601,0,1,2,,2,503,"RT 101","CAMARILLO SPRINGS RD",1050.00,N,N,A,-,Y,,,,,,,,,,Y,4,0,1,3,A,-,03,22350,,N,C,C,A,A,H,-,A,D,0,,,,,Y,,A,01,0,0,1,0,0,0,0,0,0,"- ","- ",34.203530000000001,-118.98596000000001,VENTURA,CAMARILLO,-118.98711509,34.20520673
6708055,2014,2015-01-12,9765,2014-11-13,1728,020882,,4,2,9,5600,0,1,3,,1,055,"RT 118","MESA SCHOOL RD",2112.00,E,N,A,-,Y,,,118,,,,,,,Y,4,0,2,2,A,-,03,22350,,N,C,C,A,A,H,-,C,D,0,,,,,Y,,A,01,0,0,2,0,0,0,0,0,0,"- ","- ",34.26361,-119.0865,VENTURA,UNINCORPORATED,-119.08650022,34.263672020000001
6708136,2014,2014-12-24,5608,2014-10-01,1241,397,VENTU,3,5,6,5608,0,0,0,,0,001,"PARK ROW AV","GARDEN ST",0.00,,Y,A,-,N,,,,,,,,,,Y,2,0,1,2,A,-,03,22350,,N,A,C,A,A,H,-,A,D,0,,,,,Y,,-,,1,0,0,0,0,0,0,0,0,"- ","- ",,,VENTURA,VENTURA,-119.30143987,34.284850059999997
6709765,2014,2016-02-17,5608,2014-11-14,1029,447,,5,5,6,5608,0,0,0,,0,004,"VALENTINE RD","VICTORIA AV",0.00,,Y,A,-,N,,,,,,,,,,N,4,0,1,2,A,-,03,22350,,N,C,C,A,A,H,-,A,A,0,,,,,Y,,-,,0,0,1,0,0,0,0,0,0,"- ","- ",,,VENTURA,VENTURA,-119.21177987,34.251539999999999
6712352,2014,2015-01-07,5600,2014-11-17,1244,3147,9128,1,5,6,5607,0,0,0,,0,9H01,"HILLCREST DR","ROLLING MEADOWS CT",36.00,E,N,A,-,N,,,,,,,,,,Y,3,0,1,1,A,-,08,22107,,N,E,I,A,A,H,-,A,D,0,,,,,Y,,A,08,0,1,0,0,0,0,0,0,0,"- ","- ",,,VENTURA,"THOUSAND OAKS",-118.90949728,34.18754818
6712372,2014,2015-01-07,5600,2014-11-12,1104,2913,9098,3,5,6,5607,0,0,0,,0,09G,"MOORPARK RD","BRAZIL ST",40.00,S,N,A,-,N,,,,,,,,,,N,4,0,1,2,A,-,04,21703,,N,C,C,A,A,H,-,A,A,0,,,,,Y,,A,08,0,0,1,0,0,0,0,0,0,"- ","- ",,,VENTURA,"THOUSAND OAKS",-118.87554316000001,34.183971939999999
6714256,2014,2015-01-12,9770,2014-11-07,1505,018230,,5,2,9,5600,0,2,4,,1,088,"BOX CANYON RD","SANTA SUSANA PASS RD",1056.00,S,N,A,-,N,,,,,,,,,,Y,2,0,1,1,A,-,08,22107,,N,E,I,A,A,H,-,A,D,0,,,Y,,Y,,C,02,1,0,0,0,0,0,0,0,1,"- ","- ",,,VENTURA,UNINCORPORATED,-118.64487973,34.261641189999999
6715032,2014,2015-01-12,5600,2014-11-09,1200,4455,8226,7,5,5,5601,0,0,0,,0,8D01,"SANTA ROSA RD","ADOBE WY",65.00,W,N,A,-,N,,,,,,,,,,Y,3,0,1,1,A,-,03,22350,,N,E,I,A,A,H,-,A,D,0,,,,,Y,,A,01,0,1,0,0,0,0,0,0,0,"- ","- ",34.227539999999998,-118.9833,VENTURA,CAMARILLO,-118.98321564,34.227608590000003
6717324,2014,2016-06-24,5600,2014-11-14,0818,2337,1005,5,5,2,5603,0,0,0,,0,1B01,"OJAI AV","SIGNAL ST",12.00,E,N,A,-,Y,VEN,7,150,-,-,17.551,I,5,E,N,4,0,1,2,A,-,10,21950,A,N,G,B,B,A,H,-,A,A,0,Y,,,,Y,,A,01,0,0,1,0,1,0,0,0,0,"- ","- ",,,VENTURA,OJAI,-119.24407816999999,34.44794984
6720372,2014,2014-12-29,9770,2014-10-29,0820,012869,,3,1,6,5607,0,1,2,,2,073,"RT 101","WENDY DR",2192.00,N,N,A,-,Y,,,101,,,,,,,Y,3,0,1,2,A,-,03,22350,,N,C,C,A,A,H,-,A,D,0,,,Y,,Y,,C,02,0,1,0,0,0,0,0,0,1,"- ","- ",34.19267,-118.94580000000001,VENTURA,"THOUSAND OAKS",-118.94582937,34.192607080000002
6720376,2014,2014-12-29,9770,2014-10-30,0830,012869,,4,1,6,5607,0,1,3,,2,077,"RT 23","JANSS RD",481.00,S,N,A,-,Y,,,23,,,,,,,N,4,0,1,2,A,-,03,22350,,N,C,C,A,A,H,-,A,D,0,,,,,Y,,A,07,0,0,1,0,0,0,0,0,0,"- ","- ",34.198680000000003,-118.85825,VENTURA,"THOUSAND OAKS",-118.85813886,34.198612750000002
6720486,2014,2014-12-30,5600,2014-10-20,1024,3924,5102,1,5,4,5690,0,0,0,,0,02A,"RT 118","GABBERT RD",35.00,E,N,A,-,Y,,,,,,,,,,N,4,0,1,2,A,-,03,22350,,N,C,C,A,A,H,-,A,A,0,,,,,Y,,D,22,0,0,1,0,0,0,0,0,0,"- ","- ",,,VENTURA,MOORPARK,,
6720675,2014,2015-01-13,9765,2014-11-13,2200,020001,,4,3,6,5604,0,1,2,,2,530,"RT 101","ROSE AV",10.00,N,N,C,-,Y,,,101,,,,,,,Y,4,0,5,3,A,-,08,22107,,N,B,C,A,B,H,-,C,D,0,,,,,Y,,A,01,0,0,5,0,0,0,0,0,0,"- ","- ",34.225729999999999,-119.15884,VENTURA,OXNARD,-119.15896665,34.225248389999997
6720678,2014,2015-01-12,9765,2014-11-19,0755,020880,,3,1,5,5601,0,1,2,,2,504,"RT 101","SANTA ROSA RD",1584.00,N,N,A,-,Y,,,101,,,,,,,Y,3,0,1,2,A,-,03,22350,,N,C,C,A,A,H,-,A,D,0,,,,,Y,,A,01,0,1,0,0,0,0,0,0,0,"- ","- ",34.215449999999997,-119.01261,VENTURA,CAMARILLO,-119.01263360999999,34.215380070000002
6720709,2014,2015-01-09,9765,2014-11-21,1220,020302,,5,1,9,5600,0,3,5,,2,002,"VILLANOVA RD","OLD GRADE RD",0.00,,Y,A,-,N,,,,,,,,,,N,4,0,1,2,A,-,09,21802,A,N,D,C,A,A,H,-,A,A,0,,,,,Y,,A,07,0,0,1,0,0,0,0,0,0,"- ","- ",34.425879999999999,-119.2878,VENTURA,UNINCORPORATED,-119.2878499,34.425800049999999
6720769,2014,2015-02-03,5600,2014-11-10,0410,4054,9001,1,5,6,5607,0,0,0,,0,09A,"OLSEN RD","STARFIRE AV",285.00,W,N,B,-,N,,,,,,,,,,Y,3,0,1,1,A,-,01,23153,A,N,E,I,A,A,H,-,C,D,0,,,,,Y,Y,A,01,0,1,0,0,0,0,0,0,0,"- ","- ",,,VENTURA,"THOUSAND OAKS",-118.88778981999999,34.222594379999997
6720773,2014,2015-01-13,5600,2014-11-17,2105,2740,9180,1,5,6,5607,0,0,0,,0,09D,"RT 23","POTRERO RD",4224.00,S,N,A,-,Y,,,,,,,,,,Y,3,0,2,1,A,-,03,22350,,N,F,A,A,A,H,-,D,D,0,,,,,Y,,A,01,0,1,1,0,0,0,0,0,0,"- ","- ",,,VENTURA,"THOUSAND OAKS",,
6721237,2014,2015-01-29,5608,2014-11-21,1835,466,VENTU,5,5,6,5608,0,0,0,,0,002,"MAIN ST","DONLON ST",368.00,E,N,B,-,N,,,,,,,,,,N,4,0,1,2,A,-,09,21801,A,N,D,G,A,A,H,-,C,D,0,,Y,,,Y,,L,04,0,0,1,0,0,0,1,0,0,"- ","- ",,,VENTURA,VENTURA,-119.23435628,34.262755370000001
6724258,2014,2015-01-15,5608,2014-11-26,2159,446,,3,5,6,5608,0,0,0,,0,002,"HARBOR BL","SEAWARD AV",200.00,E,N,A,-,N,,,,,,,,,,Y,4,0,1,1,A,-,08,22107,,N,A,I,A,A,H,-,C,A,0,,,,,Y,,-,,0,0,1,0,0,0,0,0,0,"- ","- ",34.155200000000001,-119.1613,VENTURA,VENTURA,-119.26996536,34.264366389999999
6726380,2014,2015-01-22,5600,2014-10-15,0211,3979,5104,3,5,4,5690,0,0,0,,0,02B,"COLLEGE HEIGHTS DR","WESTMONT AV",100.00,W,N,A,-,N,,,,,,,,,,N,3,0,1,1,A,-,01,23152,A,N,F,J,A,A,H,-,C,D,0,,,Y,,Y,Y,C,02,0,1,0,0,0,0,0,0,1,"- ","- ",,,VENTURA,MOORPARK,,