CASE_ID,ACCIDENT_YEAR,PROC_DATE,JURIS,COLLISION_DATE,COLLISION_TIME,OFFICER_ID,REPORTING_DISTRICT,DAY_OF_WEEK,CHP_SHIFT,POPULATION,CNTY_CITY_LOC,SPECIAL_COND,BEAT_TYPE,CHP_BEAT_TYPE,CITY_DIVISION_LAPD,CHP_BEAT_CLASS,BEAT_NUMBER,PRIMARY_RD,SECONDARY_RD,DISTANCE,DIRECTION,INTERSECTION,WEATHER_1,WEATHER_2,STATE_HWY_IND,CALTRANS_COUNTY,CALTRANS_DISTRICT,STATE_ROUTE,ROUTE_SUFFIX,POSTMILE_PREFIX,POSTMILE,LOCATION_TYPE,RAMP_INTERSECTION,SIDE_OF_HWY,TOW_AWAY,COLLISION_SEVERITY,NUMBER_KILLED,NUMBER_INJURED,PARTY_COUNT,PRIMARY_COLL_FACTOR,PCF_CODE_OF_VIOL,PCF_VIOL_CATEGORY,PCF_VIOLATION,PCF_VIOL_SUBSECTION,HIT_AND_RUN,TYPE_OF_COLLISION,MVIW,PED_ACTION,ROAD_SURFACE,ROAD_COND_1,ROAD_COND_2,LIGHTING,CONTROL_DEVICE,CHP_ROAD_TYPE,PEDESTRIAN_ACCIDENT,BICYCLE_ACCIDENT,MOTORCYCLE_ACCIDENT,TRUCK_ACCIDENT,NOT_PRIVATE_PROPERTY,ALCOHOL_INVOLVED,STWD_VEHTYPE_AT_FAULT,CHP_VEHTYPE_AT_FAULT,COUNT_SEVERE_INJ,COUNT_VISIBLE_INJ,COUNT_COMPLAINT_PAIN,COUNT_PED_KILLED,COUNT_PED_INJURED,COUNT_BICYCLIST_KILLED,COUNT_BICYCLIST_INJURED,COUNT_MC_KILLED,COUNT_MC_INJURED,PRIMARY_RAMP,SECONDARY_RAMP,LATITUDE,LONGITUDE,COUNTY,CITY,POINT_X,POINT_Y
6857000,2015,2016-11-05,9765,2015-03-15,1100,020917,,7,1,9,5600,0,1,2,,2,530,"RT 101","JOHNSON DR",715.00,S,N,A,-,Y,VEN,7,101,-,R,23.320,H,-,N,Y,3,0,2,3,A,-,03,22350,,N,C,C,A,A,H,-,A,D,1,,,,,Y,,A,07,0,1,1,0,0,0,0,0,0,"- ","- ",34.24297,-119.19047,VENTURA,UNINCORPORATED,-119.19070975,34.242981479999997
6857065,2015,2016-10-17,9765,2015-03-16,0749,018001,,1,1,6,5608,0,1,2,,2,530,"RT 101","VICTORIA AV",1320.00,S,N,A,-,Y,VEN,7,101,-,R,24.400,H,-,N,Y,4,0,1,2,A,-,03,22350,,N,C,C,A,A,H,-,A,D,1,,,,,Y,,A,07,0,0,1,0,0,0,0,0,0,"- ","- ",34.249690000000001,-119.20538000000001,VENTURA,VENTURA,-119.20722873,34.250454210000001
6861613,2015,2015-04-09,9765,2015-03-18,1700,017395,,3,2,9,5600,0,2,4,,2,590,"SANTA CLARA AV","CENTRAL AV",1056.00,N,N,A,-,N,,,,,,,,,,N,4,0,1,2,A,-,08,22107,,N,B,C,A,A,H,-,A,D,0,,,,Y,Y,,A,01,0,0,1,0,0,0,0,0,0,"- ","- ",34.240839999999999,-119.12398,VENTURA,UNINCORPORATED,-119.12352564,34.241394360000001
6861621,2015,2016-09-08,9765,2015-03-16,2057,019277,,1,2,9,5600,0,1,3,,1,022,"RT 150","RAMELI RANCH RD",3696.00,W,N,A,-,Y,VEN,7,150,-,-,2.500,H,-,W,Y,4,0,1,1,A,-,01,23152,A,N,E,I,A,A,H,-,D,D,0,,,,,Y,Y,D,22,0,0,1,0,0,0,0,0,0,"- ","- ",34.389200000000002,-119.41543,VENTURA,UNINCORPORATED,-119.41545306,34.38935755
6863014,2015,2015-03-27,5609,2015-03-12,1809,437,,4,5,6,5609,0,0,0,,0,003,"HEYWOOD ST","SYCAMORE DR",22.00,W,N,A,-,N,,,,,,,,,,Y,3,0,1,1,A,-,03,22350,,N,E,I,A,A,H,-,A,D,0,,,,,Y,,A,01,0,1,0,0,0,0,0,0,0,"- ","- ",,,VENTURA,"SIMI VALLEY",-118.74730048000001,34.267823440000001
6863687,2015,2016-11-05,5600,2015-03-14,1239,3364,9074,6,5,6,5607,0,0,0,,0,09G,"RANCHO RD","RT 101",0.00,,Y,A,-,Y,VEN,7,101,-,-,3.169,R,4,N,Y,2,0,1,2,A,-,03,22350,,N,C,C,A,A,H,-,A,A,0,,,Y,,Y,,C,02,1,0,0,0,0,0,0,0,1,"- ",NO,,,VENTURA,"THOUSAND OAKS",-118.8607683,34.17629788
6863931,2015,2015-04-07,5600,2015-03-12,1456,4045,9076,4,5,6,5607,0,0,0,,0,9G01,"THOUSAND OAKS BL","MAEGAN PL",0.00,,Y,A,-,N,,,,,,,,,,N,4,0,1,2,A,-,03,22350,,N,D,C,A,A,H,-,A,D,0,,,,,Y,,A,07,0,0,1,0,0,0,0,0,0,"- ","- ",,,VENTURA,"THOUSAND OAKS",-118.85302009,34.178130080000003
6863943,2015,2015-04-07,5600,2015-03-13,1146,2110,9001,5,5,6,5607,0,0,0,,0,09A,"OLSEN RD","CAMPUS DR",0.00,,Y,A,-,N,,,,,,,,,,N,4,0,1,2,A,-,09,21453,B,N,D,D,A,A,H,-,A,A,0,,,,,Y,,A,01,0,0,1,0,0,0,0,0,0,"- ","- ",,,VENTURA,"THOUSAND OAKS",-118.88140005,34.225040059999998
6863955,2015,2015-04-07,5600,2015-03-20,1400,4221,9116,5,5,6,5607,0,0,0,,0,09C,"LYNN RD","WENDY DR",0.00,,Y,A,-,N,,,,,,,,,,Y,3,0,2,2,A,-,12,21453,A,N,D,D,A,A,H,-,A,A,0,,,,,Y,,A,07,0,1,1,0,0,0,0,0,0,"- ","- ",,,VENTURA,"THOUSAND OAKS",-118.94593003999999,34.161630049999999
6865653,2015,2015-04-08,5600,2015-03-30,1848,2740,9080,1,5,6,5607,0,0,0,,0,09H,"LYNN RD","GAINSBOROUGH RD",77.00,S,N,A,-,N,,,,,,,,,,N,4,0,1,2,A,-,03,22350,,N,C,C,A,A,H,-,A,D,0,,,,,Y,,A,01,0,0,1,0,0,0,0,0,0,"- ","- ",,,VENTURA,"THOUSAND OAKS",-118.89390718999999,34.192922379999999
6865960,2015,2015-04-09,9770,2015-03-07,0015,17770,,6,3,9,5600,0,3,5,,2,008,"TAPO CANYON RD","BENNETT RD",167.00,N,N,A,-,N,,,,,,,,,,Y,3,0,1,1,A,-,08,22107,,N,E,I,A,A,H,-,D,D,0,,,,,Y,,A,01,0,1,0,0,0,0,0,0,0,"- ","- ",34.316679999999998,-118.71727,VENTURA,UNINCORPORATED,-118.71707275,34.316736779999999
6866076,2015,2016-11-05,9770,2015-03-20,1620,019930,,5,2,6,5607,0,1,2,,2,073,"RT 101","WENDY DR",4752.00,N,N,A,-,Y,VEN,7,101,-,-,8.790,H,-,S,Y,3,0,2,3,A,-,03,22350,,N,C,C,A,A,H,-,A,D,1,,,,,Y,,A,01,0,1,1,0,0,0,0,0,0,"- ","- ",34.197000000000003,-118.95258,VENTURA,"THOUSAND OAKS",-118.95267515,34.197114229999997
6870441,2015,2016-04-12,9765,2015-03-21,1755,020882,,6,2,9,5600,0,2,4,,2,064,"LA POSAS RD","RT 1",5280.00,N,N,A,-,N,,,,,,,,,,Y,4,0,1,1,A,-,08,22107,,N,F,J,A,A,H,-,A,D,0,,,,,Y,,A,01,0,0,1,0,0,0,0,0,0,"- ","- ",34.132800000000003,-119.07738999999999,VENTURA,UNINCORPORATED,-119.08613,34.117910000000002
6870457,2015,2015-04-15,9765,2015-03-28,1018,018001,,6,1,9,5600,0,3,5,,2,004,"BALCOM CANYON RD","SOUTH MOUNTAIN RD",6864.00,S,N,A,-,N,,,,,,,,,,Y,3,0,1,1,A,-,08,22107,,N,E,I,A,A,H,-,A,D,0,,,Y,,Y,,C,02,0,1,0,0,0,0,0,0,1,"- ","- ",34.336970000000001,-118.97754,VENTURA,UNINCORPORATED,-118.9776864,34.337309650000002
6870531,2015,2016-10-27,9765,2015-03-28,2159,018884,,6,2,4,5606,0,1,3,,2,040,"RT 126","PECK RD",522.00,W,N,A,-,Y,VEN,7,126,-,R,10.280,H,-,E,Y,4,0,1,1,A,-,08,22107,,N,E,I,A,A,H,-,C,D,1,,,,,Y,,A,01,0,0,1,0,0,0,0,0,0,"- ","- ",34.336469999999998,-119.08369,VENTURA,"SANTA PAULA",-119.08416135,34.336280719999998
6870636,2015,2015-04-14,5605,2015-03-07,1950,163,PATRO,6,5,3,5605,0,0,0,,0,CITY,"PORT HUENEME RD","S J ST",25.00,W,N,A,-,N,,,,,,,,,,Y,3,0,1,2,A,-,03,22350,A,M,E,I,A,A,H,-,C,A,0,,,,,Y,,-,,0,1,0,0,0,0,0,0,0,"- ","- ",,,VENTURA,"PORT HUENEME",-119.18631253,34.147559999999999
6870831,2015,2015-04-14,5600,2015-03-26,1929,4438,8102,4,5,5,5601,0,0,0,,0,8B1,"PONDEROSA DR","BRENTLY AV",0.00,,Y,A,-,N,,,,,,,,,,Y,4,0,1,2,A,-,09,21801,A,N,H,C,A,A,H,-,C,A,0,,,,,Y,,A,01,0,0,1,0,0,0,0,0,0,"- ","- ",34.223579999999998,-119.04747999999999,VENTURA,CAMARILLO,-119.04745011999999,34.223580079999998
6873908,2015,2015-04-13,5600,2015-03-29,2140,4054,9046,7,5,6,5607,0,0,0,,0,09B,"MOORPARK RD","JANSS RD",0.00,,Y,A,-,N,,,,,,,,,,Y,4,0,1,2,A,-,12,21453,A,N,D,D,A,A,H,-,C,A,0,,,,,Y,,A,07,0,0,1,0,0,0,0,0,0,"- ","- ",,,VENTURA,"THOUSAND OAKS",-118.86856009,34.199760089999998
6874172,2015,2015-04-10,5600,2015-03-25,1816,4664,9162,3,5,6,5607,0,0,0,,0,09D,"THOUSAND OAKS BL","PROMENADE WY",46.00,W,N,A,-,N,,,,,,,,,,N,4,0,1,2,A,-,04,21703,,N,C,C,A,A,H,-,A,A,0,,,,,Y,,A,07,0,0,1,0,0,0,0,0,0,"- ","- ",,,VENTURA,"THOUSAND OAKS",-118.8207094,34.159786019999999
6874183,2015,2015-04-10,5600,2015-03-08,0039,3924,5126,7,5,4,5690,0,0,0,,0,02A,"TIERRA REJADA RD","HIDDEN PINE CT",300.00,W,N,A,-,N,,,,,,,,,,Y,3,0,1,1,A,-,05,21650,,N,E,I,A,A,H,-,C,D,0,,,,,Y,,A,01,0,1,0,0,0,0,0,0,0,"- ","- ",,,VENTURA,MOORPARK,-118.87714283,34.263239120000001
6874221,2015,2015-08-22,5600,2015-02-05,0752,3924,5104,4,5,4,5690,0,0,0,,0,02B,"CAMPUS PARK DR","COLLINS DR",0.00,,Y,A,-,N,,,,,,,,,,N,2,0,1,2,A,-,08,22100,B,N,B,G,A,A,H,-,A,A,0,,Y,,,Y,,L,04,1,0,0,0,0,0,1,0,0,"- ","- ",,,VENTURA,MOORPARK,-118.84171012,34.296040050000002
6875545,2015,2015-04-13,5600,2015-03-19,2243,4478,1000,4,5,2,5603,0,0,0,,0,1A01,"TOPA TOPA DR","EDISON POLE #X10635E",31.00,S,N,A,-,N,,,,,,,,,,N,2,0,1,1,A,-,01,21200,5,N,H,A,A,A,H,-,C,D,0,,Y,,,Y,Y,L,04,1,0,0,0,0,0,1,0,0,"- ","- ",,,VENTURA,OJAI,,
6875868,2015,2016-10-27,9770,2015-03-24,1600,017732,,2,2,6,5609,0,1,3,,2,080,"RT 118","VIEW LINE DR",150.00,W,N,A,-,Y,VEN,7,118,-,R,22.860,R,1,W,Y,4,0,1,3,A,-,03,22350,,N,C,C,A,A,H,-,A,A,1,,,,,Y,,A,01,0,0,1,0,0,0,0,0,0,FR,"- ",34.285420000000002,-118.79405,VENTURA,"SIMI VALLEY",-118.79490993,34.285139340000001
6875872,2015,2016-11-05,9770,2015-03-23,2331,014454,,1,3,6,5607,0,1,2,,2,074,"RT 101","HAMPSHIRE RD",1584.00,S,N,A,-,Y,VEN,7,101,-,-,1.320,H,-,N,Y,3,0,2,2,A,-,03,22350,,N,C,C,A,A,D,-,D,D,1,,,,,Y,,A,01,0,1,1,0,0,0,0,0,0,"- ","- ",34.16328,-118.83333,VENTURA,"THOUSAND OAKS",-118.83352206000001,34.163353569999998
6878878,2015,2015-04-16,5609,2015-03-24,1142,310,117,2,5,6,5609,0,0,0,,0,001,"W EASY ST","MADERA RD",2640.00,W,N,A,-,N,,,,,,,,,,N,3,0,1,2,A,-,08,22107,,N,A,C,A,A,H,-,A,D,0,,,Y,,Y,,A,01,0,1,0,0,0,0,0,0,1,"- ","- ",,,VENTURA,"SIMI VALLEY",-118.80338507,34.281610829999998
6879116,2015,2015-04-20,5609,2015-03-21,0923,374,,6,5,6,5609,0,0,0,,0,,"WOOD RANCH PKWY","LAKE PARK DR N",310.00,S,N,A,-,N,,,,,,,,,,Y,4,0,1,1,C,-,18,,,N,E,I,A,A,H,-,A,D,0,,,,,Y,,-,"- ",0,0,1,0,0,0,0,0,0,"- ","- ",,,VENTURA,"SIMI VALLEY",-118.81151606,34.24745025
6879498,2015,2016-09-20,9770,2015-02-20,0452,17221,,5,3,6,5607,0,1,3,,2,077,"RT 23","THOUSAND OAKS BL",15.00,N,N,E,-,Y,VEN,7,23,-,R,3.600,H,-,S,Y,3,0,1,1,A,-,01,23152,A,N,E,I,A,A,H,-,C,D,1,,,,,Y,Y,A,01,0,1,0,0,0,0,0,0,0,TO,"- ",34.179819999999999,-118.86083000000001,VENTURA,"THOUSAND OAKS",-118.86078078,34.179702679999998
6882384,2015,2016-12-06,9765,2015-04-02,1420,017675,,4,2,5,5601,0,1,2,,2,504,"RT 101","CARMEN DR",1056.00,N,N,A,-,Y,VEN,7,101,-,-,15.000,H,-,N,Y,4,0,1,3,A,-,03,22350,,N,C,C,A,A,H,-,A,D,1,,,,,Y,,A,01,0,0,1,0,0,0,0,0,0,"- ","- ",34.218060000000001,-119.05508,VENTURA,CAMARILLO,-119.05408454000001,34.218014699999998
6882888,2015,2015-06-17,5608,2015-03-31,0732,441,,2,5,6,5608,0,0,0,,0,001,"E MAIN ST","N LAUREL ST",103.00,E,N,B,-,N,,,,,,,,,,N,3,0,1,2,A,-,08,22107,,N,D,G,A,A,H,-,A,D,0,,Y,,,Y,,-,,0,1,0,0,0,0,1,0,0,"- ","- ",,,VENTURA,VENTURA,-119.28513941,34.280850000000001
6883318,2015,2015-04-23,5608,2015-04-04,2012,377,,6,5,6,5608,0,0,0,,0,003,"SOLANO ST","BERKELEY AV",30.00,E,N,A,-,N,,,,,,,,,,Y,3,0,1,2,A,-,01,23152,A,M,D,E,A,A,H,-,C,D,0,,,,,Y,Y,-,,0,1,0,0,0,0,0,0,0,"- ","- ",,,VENTURA,VENTURA,-119.18844246,34.282325010000001
6883330,2015,2015-04-23,5608,2015-04-01,1745,323,,3,5,6,5608,0,0,0,,0,004,"JOHNSON DR","NORTHBANK DR",175.00,S,N,A,-,N,,,,,,,,,,N,4,0,1,2,A,-,05,21650,1,N,D,G,A,A,H,-,A,A,0,,Y,,,Y,,L,04,0,0,1,0,0,0,1,0,0,"- ","- ",,,VENTURA,VENTURA,-119.19430554,34.246658920000002
6883337,2015,2015-04-23,5609,2015-04-01,1139,374,,3,5,6,5609,0,0,0,,0,,"ALAMO ST","SYCAMORE DR",0.00,,Y,A,-,N,,,,,,,,,,Y,2,0,1,2,A,-,12,21453,A,N,A,C,A,A,H,-,A,A,0,,,Y,,Y,,C,02,1,0,0,0,0,0,0,0,1,"- ","- ",,,VENTURA,"SIMI VALLEY",-118.74381012000001,34.286330049999997
6884139,2015,2015-04-24,9765,2015-03-26,0800,015117,,4,1,6,5604,1,4,S,,2,901,"THURGOOD MARSHALL DR","PATTERSON RD",890.00,W,N,A,-,N,,,,,,,,,,N,3,0,1,1,C,-,18,,,N,H,A,A,A,H,-,A,D,0,,,,,Y,,-,"- ",0,1,0,0,0,0,0,0,0,"- ","- ",34.131819999999998,-119.12294,VENTURA,OXNARD,-119.20986006,34.22132895
6884750,2015,2015-04-22,5600,2015-03-12,2150,4638,9070,4,5,6,5607,0,0,0,,0,9H01,"JANNS RD","MARLOWE ST",0.00,,Y,A,-,N,,,,,,,,,,N,4,0,2,2,A,-,17,24250,,N,H,C,A,A,H,-,C,-,0,,,,,Y,Y,A,01,0,0,2,0,0,0,0,0,0,"- ","- ",,,VENTURA,"THOUSAND OAKS",-118.87926005999999,34.20596003
6884794,2015,2015-04-22,5600,2015-03-26,1717,2913,9202,4,5,6,5607,0,0,0,,0,09C,"LYNN RD","RANCHO DOS VIENTOS",0.00,,Y,A,-,N,,,,,,,,,,Y,3,0,1,2,A,-,09,21802,A,N,D,D,A,A,H,-,A,A,0,,,,,Y,,A,01,0,1,0,0,0,0,0,0,0,"- ","- ",,,VENTURA,"THOUSAND OAKS",-118.98444005,34.156330079999996
6885313,2015,2016-12-06,9770,2015-04-09,1710,018862,,4,2,6,5607,0,1,2,,2,073,"RT 101","BORCHARD RD",200.00,S,N,A,-,Y,VEN,7,101,-,-,6.980,H,-,S,Y,4,0,1,3,A,-,03,22350,,N,C,C,A,A,H,-,A,D,1,,,,,Y,,A,01,0,0,1,0,0,0,0,0,0,"- ","- ",34.184229999999999,-118.92485000000001,VENTURA,"THOUSAND OAKS",-118.92507070000001,34.184259050000001
6885349,2015,2016-12-08,9770,2015-04-02,0957,019930,,4,1,6,5607,0,1,2,,2,075,"RT 101","HAMPSHIRE RD",1000.00,N,N,A,-,Y,VEN,7,101,-,-,1.759,R,1,S,N,4,0,2,5,A,-,03,22350,,M,C,C,A,A,D,-,A,D,1,,,,,Y,,E,22,0,0,2,0,0,0,0,0,0,"- ","- ",34.167400000000001,-118.84018,VENTURA,"THOUSAND OAKS",-118.83963719,34.167104129999998
6886055,2015,2016-12-08,9770,2015-04-04,1158,019930,,6,1,6,5607,0,1,2,,2,074,"RT 101","HAMPSHIRE RD",3590.00,N,N,A,-,Y,VEN,7,101,-,-,2.330,H,-,N,N,4,0,1,2,A,-,03,22350,,N,C,C,A,A,D,-,A,D,1,,,,,Y,,A,01,0,0,1,0,0,0,0,0,0,"- ","- ",34.172440000000002,-118.84730999999999,VENTURA,"THOUSAND OAKS",-118.84729486000001,34.172492320000003
6886075,2015,2016-12-06,9770,2015-04-06,2205,020040,,1,3,6,5607,0,1,2,,2,071,"RT 101","CAMARILLO SPRINGS RD",5280.00,S,N,A,-,Y,VEN,7,101,-,-,9.740,H,-,S,Y,4,0,1,2,A,-,03,22350,,N,C,C,A,A,H,-,D,D,1,,,,,Y,,A,01,0,0,1,0,0,0,0,0,0,"- ","- ",34.200890000000001,-118.96733999999999,VENTURA,"THOUSAND OAKS",-118.96782886,34.201028579999999
6887683,2015,2015-04-24,5600,2015-04-11,1746,3364,9154,6,5,6,5607,0,0,0,,0,09G,"THOUSAND OAKS BL","LIVE OAK ST",39.00,E,N,A,-,N,,,,,,,,,,Y,4,0,1,2,A,-,03,22350,,N,C,C,A,A,H,-,A,A,0,,,,,Y,,A,01,0,0,1,0,0,0,0,0,0,"- ","- ",,,VENTURA,"THOUSAND OAKS",-118.84038468999999,34.172458050000003
6887690,2015,2015-04-24,5600,2015-04-12,1249,2913,9046,7,5,6,5607,0,0,0,,0,09B,"JANSS RD","MOORPARK RD",175.00,E,N,A,-,N,,,,,,,,,,Y,3,0,2,2,A,-,03,22350,,N,C,C,A,A,H,-,A,A,0,,,,,Y,,A,01,0,1,1,0,0,0,0,0,0,"- ","- ",,,VENTURA,"THOUSAND OAKS",-118.86799225,34.199677610000002
6888908,2015,2015-04-24,5600,2015-03-30,1126,3924,5117,1,5,4,5690,0,0,0,,0,02A,"WALNUT CREEK RD","CRESCENT MEADOW CT",4.00,E,N,A,-,N,,,,,,,,,,N,3,0,1,2,A,-,09,21802,A,N,H,G,A,A,H,-,A,A,0,,Y,,,Y,,A,01,0,1,0,0,0,0,1,0,0,"- ","- ",,,VENTURA,MOORPARK,-118.88714695,34.27018932
6889576,2015,2015-04-29,5608,2015-04-10,1818,401,,5,5,6,5608,0,0,0,,0,001,"SERENO AV","RANCHO DR",140.00,W,N,A,-,N,,,,,,,,,,N,4,0,1,1,A,-,03,22350,,N,E,-,A,A,H,-,A,D,0,,,,,Y,,-,,0,0,1,0,0,0,0,0,0,"- ","- ",,,VENTURA,VENTURA,-119.26131146,34.265935460000001
6889884,2015,2016-10-27,5600,2015-03-13,1700,597XH,6020,5,5,3,5602,0,0,0,,0,6B01,"RT 126","OLIVE ST",90.00,W,N,A,-,Y,VEN,7,126,-,-,21.260,H,-,E,N,4,0,1,2,A,-,03,22350,,F,C,C,A,A,H,-,A,D,0,,,,,Y,,D,22,0,0,1,0,0,0,0,0,0,"- ","- ",,,VENTURA,FILLMORE,-118.91573351,34.396412269999999
6893462,2015,2015-05-04,5600,2015-04-17,1456,4669,8007,5,5,5,5601,0,0,0,,0,8A01,"LAS POSAS RD","DAILY DR",0.00,,Y,A,-,N,,,,,,,,,,Y,4,0,1,2,A,-,09,21801,A,N,H,C,A,A,H,-,A,A,0,,,,,Y,,A,01,0,0,1,0,0,0,0,0,0,"- ","- ",34.221850000000003,-119.06989,VENTURA,CAMARILLO,-119.06979004,34.221840010000001
6894572,2015,2015-05-09,5600,2015-04-10,1623,4438,8120,5,5,5,5601,0,0,0,,0,8B1,"LAS POSAS RD","TEMPLE AV",130.00,E,N,A,-,N,,,,,,,,,,N,4,0,1,2,C,-,18,,,N,C,C,A,A,H,-,A,A,0,,,,,Y,,-,"- ",0,0,1,0,0,0,0,0,0,"- ","- ",34.237949999999998,-119.0333,VENTURA,CAMARILLO,-119.03338814,34.237951379999998
6896760,2015,2016-11-07,5600,2015-04-23,1408,2979,2A,4,5,4,5690,0,0,0,,0,5145,"RT 118","RT 23",350.00,W,N,A,-,Y,VEN,7,118,-,-,17.390,H,-,E,Y,4,0,1,2,A,-,09,21801,A,N,H,C,A,A,H,-,A,A,0,,,,Y,Y,,D,22,0,0,1,0,0,0,0,0,0,"- ","- ",,,VENTURA,MOORPARK,-118.88423394,34.278877110000003
6896768,2015,2016-12-03,5600,2015-04-22,1454,2979,5100,3,5,4,5690,0,0,0,,0,02B,"RT 118","SPRING RD",550.00,E,N,A,-,Y,VEN,7,23,-,T,12.160,H,-,N,N,4,0,2,3,A,-,03,22350,,F,C,C,A,A,H,-,A,A,0,,,,,Y,,D,22,0,0,2,0,0,0,0,0,0,"- ","- ",,,VENTURA,MOORPARK,-118.87301135,34.279010730000003
6898789,2015,2015-05-06,9765,2015-04-11,0300,20481,,6,3,9,5600,0,3,5,,2,006,"OLDS RD","HUENEME RD",125.00,N,N,A,-,N,,,,,,,,,,Y,4,0,1,1,A,-,01,23152,A,N,E,I,A,A,H,-,D,D,0,,,,,Y,Y,A,01,0,0,1,0,0,0,0,0,0,"- ","- ",34.147689999999997,-119.14899,VENTURA,UNINCORPORATED,-119.14890885,34.147613079999999
6900930,2015,2015-06-17,5608,2015-03-31,1630,463,,2,5,6,5608,0,0,0,,0,002,"THOMPSON BL","BORCHARD DR",0.00,,Y,A,-,N,,,,,,,,,,N,4,0,2,2,D,-,00,,,N,C,C,A,A,H,-,A,-,0,,,,,Y,,-,"- ",0,0,2,0,0,0,0,0,0,"- ","- ",,,VENTURA,VENTURA,-119.26030986000001,34.272370039999998
6900938,2015,2015-05-20,5608,2015-04-16,1549,370,,4,5,6,5608,0,0,0,,0,004,"TELEPHONE RD","PARTRIDGE DR",393.00,W,N,A,-,N,,,,,,,,,,N,4,0,2,3,A,-,03,22350,,N,C,C,A,A,H,-,A,-,0,,,,,Y,,-,,0,0,2,0,0,0,0,0,0,"- ","- ",,,VENTURA,VENTURA,-119.20479197,34.266544690000003
6901837,2015,2015-05-07,5606,2015-03-27,1948,1025,5606,5,5,4,5606,0,0,0,,0,002,"ORCHARD ST","OAK ST",128.00,W,N,A,-,N,,,,,,,,,,N,3,0,1,2,A,-,03,22350,,N,G,B,D,A,H,-,D,D,0,Y,,,,Y,,A,01,0,1,0,0,1,0,0,0,0,"- ","- ",,,VENTURA,"SANTA PAULA",-119.06038408000001,34.361571169999998
6902641,2015,2016-12-03,9770,2015-04-21,0745,13256,,2,1,6,5607,0,1,3,,2,077,"RT 23","JANSS RD",100.00,S,N,A,-,Y,VEN,7,23,-,R,5.040,H,-,S,N,4,0,1,2,A,-,03,22350,,N,C,C,A,A,H,-,A,D,1,,,,,Y,,A,01,0,0,1,0,0,0,0,0,0,"- ","- ",34.199739999999998,-118.85742,VENTURA,"THOUSAND OAKS",-118.85755272999999,34.199581430000002
6902710,2015,2015-05-07,5600,2015-04-17,0850,4669,8127,5,5,5,5601,0,0,0,,0,8C01,"TEMPLE AV","HARTNELL ST",50.00,N,N,A,-,N,,,,,,,,,,Y,4,0,1,2,A,-,03,22350,,N,C,C,A,A,H,-,A,D,0,,,,,Y,,A,08,0,0,1,0,0,0,0,0,0,"- ","- ",34.22363,-119.03036,VENTURA,CAMARILLO,-119.03030292,34.223567199999998
6902969,2015,2016-12-06,9765,2015-04-17,1110,20912,,5,1,6,5608,0,1,2,,2,502,"RT 101","SPRINGVILLE DR",250.00,N,N,A,-,Y,VEN,7,101,-,-,16.840,H,-,N,Y,4,0,2,2,A,-,03,22350,,N,C,C,A,A,H,-,A,D,1,,,,,Y,,A,01,0,0,2,0,0,0,0,0,0,"- ","- ",34.220469999999999,-119.08566999999999,VENTURA,VENTURA,-119.08626729,34.220588200000002
6907253,2015,2015-05-11,5600,2015-04-24,1734,5128,9036,5,5,6,5607,0,0,0,,0,09B,"ERBES RD","SCENICPARK ST",0.00,,Y,A,-,N,,,,,,,,,,Y,3,0,4,2,A,-,09,21801,A,N,H,C,A,A,H,-,A,A,0,,,,,Y,,A,01,0,3,1,0,0,0,0,0,0,"- ","- ",,,VENTURA,"THOUSAND OAKS",-118.83962008,34.207880009999997
6910086,2015,2015-06-17,5608,2015-04-26,1611,438,,7,5,6,5608,0,0,0,,0,001,"W RAMONA ST","SHERIDAN WY",216.00,W,N,A,-,N,,,,,,,,,,Y,4,0,1,2,A,-,03,22350,,N,C,C,A,A,H,-,A,D,0,,,,,Y,,-,,0,0,1,0,0,0,0,0,0,"- ","- ",,,VENTURA,VENTURA,-119.30453853,34.290967960000003
6910087,2015,2015-05-15,5608,2015-04-27,1643,458,,1,5,6,5608,0,0,0,,0,003,"TELEGRAPH RD","TELOMA DR",30.00,E,N,A,-,N,,,,,,,,,,Y,2,0,1,1,A,-,08,22107,,N,H,-,A,A,H,-,A,D,0,,,,,Y,,-,,1,0,0,0,0,0,0,0,0,"- ","- ",,,VENTURA,VENTURA,-119.22387218999999,34.276693690000002
6910542,2015,2015-05-12,9770,2015-04-08,0215,17770,,3,3,9,5600,0,3,5,,2,005,"STOCKTON RD","WATERS RD",3168.00,E,N,B,-,N,,,,,,,,,,Y,3,0,1,1,A,-,01,23152,A,N,E,I,A,A,H,-,C,D,0,,,,,Y,Y,A,07,0,1,0,0,0,0,0,0,0,"- ","- ",34.318379999999998,-118.93644999999999,VENTURA,UNINCORPORATED,-118.94152,34.311439999999997
6911845,2015,2016-09-08,5606,2015-02-08,0036,1033,5606,7,5,4,5606,0,0,0,,0,002,"RT 150","MAIN ST",22.00,N,N,A,-,Y,VEN,7,150,-,-,34.090,H,-,W,Y,3,0,1,1,A,-,01,23153,A,N,E,I,A,B,H,-,C,A,0,,,,,Y,Y,A,08,0,1,0,0,0,0,0,0,0,"- ","- ",,,VENTURA,"SANTA PAULA",-119.06009757,34.354153439999997
6914352,2015,2015-05-19,5608,2015-05-07,0246,313,,4,5,6,5608,0,0,0,,0,003,"TELEPHONE RD","HILL RD",102.00,E,N,A,-,N,,,,,,,,,,Y,3,0,1,1,A,-,08,22107,,N,E,I,A,A,H,-,C,D,0,,,,,Y,,-,,0,1,0,0,0,0,0,0,0,"- ","- ",,,VENTURA,VENTURA,-119.20613783,34.266358220000001
6918738,2015,2015-05-27,5609,2015-04-28,1728,388,,2,5,6,5609,0,0,0,,0,004,"COCHRAN ST","BOALT AV",0.00,,Y,A,-,N,,,,,,,,,,Y,4,0,1,2,A,-,09,21802,,N,D,C,A,A,H,-,A,A,0,,,,,Y,,D,22,0,0,1,0,0,0,0,0,0,"- ","- ",,,VENTURA,"SIMI VALLEY",-118.72055004000001,34.279040080000001
6922361,2015,2016-12-03,5600,2015-05-06,1137,2913,9085,3,5,6,5607,0,0,0,,0,09G,"HILLCREST DR","RT 23",0.00,,Y,B,-,Y,VEN,7,23,-,R,3.885,R,4,S,Y,2,0,1,2,A,-,09,21801,A,N,H,C,A,A,H,-,A,A,0,,,Y,,Y,,A,01,1,0,0,0,0,0,0,0,1,"- ",SF,,,VENTURA,"THOUSAND OAKS",-118.86107706999999,34.183790109999997