CASE_ID,ACCIDENT_YEAR,PROC_DATE,JURIS,COLLISION_DATE,COLLISION_TIME,OFFICER_ID,REPORTING_DISTRICT,DAY_OF_WEEK,CHP_SHIFT,POPULATION,CNTY_CITY_LOC,SPECIAL_COND,BEAT_TYPE,CHP_BEAT_TYPE,CITY_DIVISION_LAPD,CHP_BEAT_CLASS,BEAT_NUMBER,PRIMARY_RD,SECONDARY_RD,DISTANCE,DIRECTION,INTERSECTION,WEATHER_1,WEATHER_2,STATE_HWY_IND,CALTRANS_COUNTY,CALTRANS_DISTRICT,STATE_ROUTE,ROUTE_SUFFIX,POSTMILE_PREFIX,POSTMILE,LOCATION_TYPE,RAMP_INTERSECTION,SIDE_OF_HWY,TOW_AWAY,COLLISION_SEVERITY,NUMBER_KILLED,NUMBER_INJURED,PARTY_COUNT,PRIMARY_COLL_FACTOR,PCF_CODE_OF_VIOL,PCF_VIOL_CATEGORY,PCF_VIOLATION,PCF_VIOL_SUBSECTION,HIT_AND_RUN,TYPE_OF_COLLISION,MVIW,PED_ACTION,ROAD_SURFACE,ROAD_COND_1,ROAD_COND_2,LIGHTING,CONTROL_DEVICE,CHP_ROAD_TYPE,PEDESTRIAN_ACCIDENT,BICYCLE_ACCIDENT,MOTORCYCLE_ACCIDENT,TRUCK_ACCIDENT,NOT_PRIVATE_PROPERTY,ALCOHOL_INVOLVED,STWD_VEHTYPE_AT_FAULT,CHP_VEHTYPE_AT_FAULT,COUNT_SEVERE_INJ,COUNT_VISIBLE_INJ,COUNT_COMPLAINT_PAIN,COUNT_PED_KILLED,COUNT_PED_INJURED,COUNT_BICYCLIST_KILLED,COUNT_BICYCLIST_INJURED,COUNT_MC_KILLED,COUNT_MC_INJURED,PRIMARY_RAMP,SECONDARY_RAMP,LATITUDE,LONGITUDE,COUNTY,CITY,POINT_X,POINT_Y
84584745,2025,2025-02-20,5600,2025-02-10,1638,2913,,1,5,6,5607,0,0,0,,0,9A01,"MOUNTCLEF BL","FACULTY CT",120.00,W,N,A,-,N,,,,,,,,,,Y,3,0,1,2,A,-,11,21950,B,N,G,B,D,A,F,H,A,D,0,Y,,,,Y,,N,60,0,1,0,0,1,0,0,0,0,"- ","- ",34.220790863037109,-118.87571716308594,VENTURA,"THOUSAND OAKS",-118.87564086914062,34.220798492431641
84586756,2025,2025-02-24,5609,2025-02-19,1602,5023,,3,5,6,5609,0,0,0,,0,004,"COCHRAN ST","WISTERIA ST",0.00,,Y,A,-,N,,,,,,,,,,Y,4,0,2,2,A,-,09,21802,A,N,D,C,A,A,H,-,A,D,0,,,,,Y,,A,07,0,0,2,0,0,0,0,0,0,"- ","- ",34.279109954833984,-118.74736785888672,VENTURA,"SIMI VALLEY",-118.74739074707031,34.279010772705078
84589945,2025,2025-02-26,5609,2025-02-19,1417,443,,3,5,6,5609,0,0,0,,0,004,"SEQUOIA AVE","ALAMO ST",23.00,S,N,A,-,N,,,,,,,,,,Y,4,0,2,3,A,-,09,21801,A,N,D,C,A,A,H,-,A,A,0,,,,,Y,,A,01,0,0,2,0,0,0,0,0,0,"- ","- ",34.286380767822266,-118.73072814941406,VENTURA,"SIMI VALLEY",-118.73088073730469,34.286247253417969
8459107,2017,2017-10-03,5600,2017-09-02,1942,2833,9090,6,5,6,5607,0,0,0,,0,09G,"THOUSAND OAKS BL","MOORPARK RD",250.00,W,N,A,-,N,,,,,,,,,,N,3,0,1,2,A,-,09,21804,A,N,H,G,A,A,H,-,C,D,0,,Y,,,Y,Y,L,04,0,1,0,0,0,0,1,0,0,"- ","- ",,,VENTURA,"THOUSAND OAKS",-118.87652,34.178930000000001
84591209,2025,2025-02-27,5600,2025-02-24,1250,4424,,1,5,4,5690,0,0,0,,0,2A01,"LOS ANGELES AV","TIERRA REJADA RD",446.00,W,N,A,-,Y,VEN,,118," "," ",16.463,H,,R,Y,4,0,1,2,A,-,03,22350,,N,C,D,A,A,H,-,A,A,0,,,,,Y,,A,01,0,0,1,0,0,0,0,0,0,"- ","- ",34.278900146484375,-118.90088653564453,VENTURA,MOORPARK,-118.90088653564453,34.27886962890625
84592353,2025,2025-02-28,5609,2025-02-14,"903 ",5120,,5,5,6,5609,0,0,0,,0,,"ROYAL AVE","EDISON POLE 1540824E",90.00,E,N,B,C,N,,,,,,,,,,Y,4,0,1,2,A,-,03,22350,,N,E,E,A,B,H,-,A,D,0,,,,Y,Y,,-,"- ",0,0,1,0,0,0,0,0,0,"- ","- ",34.260810852050781,-118.75627899169922,VENTURA,"SIMI VALLEY",,
84592388,2025,2025-02-28,5600,2025-02-26,1705,5039,,3,5,6,5607,0,0,0,,0,9G01,"THOUSAND OAKS BL","MOORPARK RD",353.00,E,N,A,-,N,,,,,,,,,,Y,4,0,1,2,A,-,09,21801,A,N,H,C,A,A,H,-,B,D,0,,,,,Y,,A,07,0,0,1,0,0,0,0,0,0,"- ","- ",34.179019927978516,-118.87648773193359,VENTURA,"THOUSAND OAKS",-118.87535858154297,34.179031372070312
8459466,2017,2017-09-28,5608,2017-09-15,1332,403,,5,5,6,5608,0,0,0,,0,003,"FOOTHILL RD","STRONG CT",100.00,W,N,A,-,N,,,,,,,,,,Y,3,0,1,2,A,-,08,22107,,N,A,C,A,A,H,-,A,A,0,,,,,Y,,-,,0,1,0,0,0,0,0,0,0,"- ","- ",,,VENTURA,VENTURA,-119.24374804,34.282715469999999
84596771,2025,2025-03-05,5600,2025-02-28,1538,5862,,5,5,5,5601,0,0,0,,0,8B01,"DAILY DR","CARMEN DR",250.00,W,N,B,-,N,,,,,,,,,,Y,4,0,1,2,A,-,09,21804,A,N,D,C,A,A,H,-,A,A,0,,,,,Y,,A,01,0,0,1,0,0,0,0,0,0,"- ","- ",34.21923828125,-119.05075073242188,VENTURA,CAMARILLO,-119.05157470703125,34.219261169433594
8459693,2017,2017-09-29,5605,2017-08-29,1916,155,PATRO,2,5,3,5605,0,0,0,,0,004,"E SURFSIDE DR","VENTURA RD",226.00,E,N,A,-,N,,,,,,,,,,Y,4,0,1,2,A,-,03,22350,,N,C,C,A,A,H,-,B,D,0,,,,,Y,,A,07,0,0,1,0,0,0,0,0,0,"- ","- ",,,VENTURA,"PORT HUENEME",-119.19482130999999,34.143530159999997
84602107,2025,2025-03-18,5600,2025-03-03,"658 ",5667,,1,5,4,5690,0,0,0,,0,2A01,"TIERRA REJADA RD","MOUNTAIN MEADOW DR",65.00,W,N,A,-,N,,,,,,,,,,Y,4,0,1,2,A,-,03,22350,,N,C,C,A,A,H,-,A,A,0,,,,,Y,,A,01,0,0,1,0,0,0,0,0,0,"- ","- ",34.264640808105469,-118.89559936523438,VENTURA,MOORPARK,-118.89320373535156,34.267669677734375
84604695,2025,2025-03-18,5600,2025-02-06,2043,5924,,4,5,6,5607,0,0,0,,0,9B01,"HILLCREST DR","RANCHO RD (1)",0.00,,Y,C,-,N,,,,,,,,,,Y,3,0,2,2,A,-,09,21801,A,N,H,C,A,B,H,-,C,A,0,,,,,Y,,A,01,0,2,0,0,0,0,0,0,0,"- ","- ",34.182399749755859,-118.84739685058594,VENTURA,"THOUSAND OAKS",-118.85846710205078,34.181118011474609
84606967,2025,2025-03-18,5600,2025-03-03,"704 ",5574,,1,5,5,5601,0,0,0,,0,8C01,"DAILY DR","LEWIS RD",624.00,W,N,A,-,N,,,,,,,,,,N,4,0,1,2,A,-,21,22106,,N,A,C,A,A,H,-,A,A,0,,,,,Y,Y,A,07,0,0,1,0,0,0,0,0,0,"- ","- ",34.217350006103516,-119.03357696533203,VENTURA,CAMARILLO,-119.03543090820312,34.218032836914062
84606970,2025,2025-03-18,5600,2025-03-07,1735,5667,,5,5,4,5690,0,0,0,,0,2A01,"LOS ANGELES AV","MOORPARK PINES APTS",0.00,,Y,A,-,Y,,,,,,,,,,N,4,0,1,2,A,-,09,21801,A,N,H,C,A,A,H,-,A,A,0,,,,,Y,,A,01,0,0,1,0,0,0,0,0,0,"- ","- ",34.275810241699219,-118.87526702880859,VENTURA,MOORPARK,-118.88211822509766,34.278938293457031
8462247,2017,2017-10-09,5608,2017-09-23,1916,488,,6,5,6,5608,0,0,0,,0,004,"VICTORIA AV","TELEPHONE RD",350.00,N,N,A,-,N,,,,,,,,,,Y,4,0,1,2,A,-,01,23153,A,N,C,C,A,A,H,-,C,A,0,,,,,Y,Y,-,,0,0,1,0,0,0,0,0,0,"- ","- ",,,VENTURA,VENTURA,-119.21274819999999,34.266407399999999
8462921,2017,2017-10-16,5600,2017-08-17,0644,4878,5110,4,5,4,5690,0,0,0,,0,02A,"MOORPARK RD","TIERRA REJADA RD",44.00,S,N,A,-,N,,,,,,,,,,Y,4,0,1,1,A,-,05,21650,,N,E,I,A,A,H,-,A,A,0,,,Y,,Y,,C,02,0,0,1,0,0,0,0,0,1,"- ","- ",,,VENTURA,MOORPARK,-118.86086139,34.26358948
8462929,2017,2017-10-16,5600,2017-08-31,0850,4218,5117,4,5,4,5690,0,0,0,,0,02A,"TIERRA REJADA RD","WALNUT CREEK RD",0.00,,Y,A,-,N,,,,,,,,,,Y,3,0,2,2,A,-,12,21453,A,N,D,C,A,A,H,-,A,A,0,,,,,Y,,A,07,0,1,1,0,0,0,0,0,0,"- ","- ",,,VENTURA,MOORPARK,-118.88669002,34.263640080000002
8462933,2017,2017-10-16,5600,2017-08-25,1219,4218,5101,5,5,4,5690,0,0,0,,0,02B,"SPRING RD","2ND ST / FLINN ST",0.00,,Y,A,-,N,,,,,,,,,,N,4,0,1,2,A,-,10,21950,A,N,G,B,B,A,H,-,A,A,0,Y,,,,Y,,A,07,0,0,1,0,1,0,0,0,0,"- ","- ",,,VENTURA,MOORPARK,-118.8747225,34.282826999999997
84632153,2025,2025-04-01,5600,2025-02-24,2016,5321,,1,5,6,5607,0,0,0,,0,9A01,"PEDERSON RD","CALLE ALMENDRO",0.00,,Y,A,-,N,,,,,,,,,,Y,3,0,2,2,A,-,12,22450,A,N,D,C,A,A,H,-,C,A,0,,,,,Y,,A,07,0,1,1,0,0,0,0,0,0,"- ","- ",34.219688415527344,-118.85475158691406,VENTURA,"THOUSAND OAKS",-118.85482025146484,34.219711303710938
8463386,2017,2017-10-25,5608,2017-10-10,1749,495,,2,5,6,5608,0,0,0,,0,001,"THOMPSON BL","OAK ST",0.00,,Y,A,-,N,,,,,,,,,,Y,4,0,2,2,A,-,09,21801,A,N,D,C,A,A,H,-,A,A,0,,,,,Y,,A,01,0,0,2,0,0,0,0,0,0,"- ","- ",,,VENTURA,VENTURA,-119.29465992999999,34.278250110000002
84637053,2025,2025-04-04,5600,2025-03-22,1634,4045,,6,5,6,5607,0,0,0,,0,9C01,"NEWBURY RD","NEWBURY VISTA LN",620.00,W,N,A,-,N,,,,,,,,,,N,4,0,2,2,A,-,09,21804,A,N,D,C,A,A,H,-,A,D,0,,,,,Y,,A,01,0,0,2,0,0,0,0,0,0,"- ","- ",34.183998107910156,-118.90699005126953,VENTURA,"THOUSAND OAKS",-118.92716217041016,34.183132171630859
84640559,2025,2025-04-08,5600,2025-04-04,1231,4704,,5,5,5,5601,0,0,0,,0,,"PONDEROSA DR","ESTON ST",0.00,,Y,A,-,N,,,,,,,,,,N,4,0,1,2,A,-,09,21801,A,N,D,C,A,A,H,-,A,A,0,,,,,Y,,A,01,0,0,1,0,0,0,0,0,0,"- ","- ",34.229320526123047,-119.03170013427734,VENTURA,CAMARILLO,-119.02854919433594,34.231258392333984
84651108,2025,2025-04-16,5609,2025-03-21,1551,5023,,5,5,6,5609,0,0,0,,0,002,"PACIFIC AVE","THIRD ST",0.00,,Y,A,-,N,,,,,,,,,,N,3,0,1,2,A,-,09,21800,A,N,D,C,A,A,H,-,A,A,0,,,Y,,Y,,C,02,0,1,0,0,0,0,0,0,1,"- ","- ",34.269569396972656,-118.78125762939453,VENTURA,"SIMI VALLEY",-118.78125,34.269687652587891
84651110,2025,2025-04-16,5609,2025-03-22,2131,5004,,6,5,6,5609,0,0,0,,0,004,"LOST CANYONS DR","TAPO CANYON RD",1382.00,W,N,A,-,N,,,,,,,,,,Y,3,0,2,1,A,-,03,22350,,N,E,J,A,A,H,-,D,D,0,,,,,Y,,A,01,0,1,1,0,0,0,0,0,0,"- ","- ",34.305839538574219,-118.72039031982422,VENTURA,"SIMI VALLEY",-118.72310638427734,34.308670043945312
84651112,2025,2025-04-16,5609,2025-03-23,1814,5004,,7,5,6,5609,0,0,0,,0,,"ERRINGER RD","FALCON ST",241.00,S,N,A,-,N,,,,,,,,,,N,3,0,1,1,A,-,08,22107,,N,E,J,A,A,H,-,A,D,0,,,,,Y,,A,07,0,1,0,0,0,0,0,0,0,"- ","- ",34.289638519287109,-118.76260375976562,VENTURA,"SIMI VALLEY",-118.76249694824219,34.289112091064453
84651118,2025,2025-04-16,5609,2025-03-26,2031,447,,3,5,6,5609,0,0,0,,0,004,"COCHRAN ST","SEQUOIA AVE",0.00,,Y,B,-,N,,,,,,,,,,Y,3,0,1,2,A,-,09,21801,A,N,H,C,A,A,H,-,C,A,0,,,,,Y,,A,01,0,1,0,0,0,0,0,0,0,"- ","- ",34.278999328613281,-118.73052215576172,VENTURA,"SIMI VALLEY",-118.73052215576172,34.279010772705078
84655915,2025,2025-04-21,5600,2025-03-29,1423,6108,,6,5,3,5602,0,0,0,,0,6B01,"VENTURA ST","FILLMORE ST",29.00,E,N,A,-,N,,,,,,,,,,Y,4,0,1,2,A,-,04,21703,,N,C,C,A,A,H,-,A,A,0,,,,,Y,,A,01,0,0,1,0,0,0,0,0,0,"- ","- ",34.397010803222656,-118.91181182861328,VENTURA,FILLMORE,-118.91167449951172,34.39703369140625
84657726,2025,2025-04-22,5600,2025-04-11,1451,5280,,5,5,5,5601,0,0,0,,0,8C01,"LEWIS RD","BARRY ST",0.00,,Y,A,-,N,,,,,,,,,,N,4,0,1,2,A,-,09,21802,A,N,D,C,A,A,H,-,A,A,0,,,,,Y,,A,01,0,0,1,0,0,0,0,0,0,"- ","- ",34.219490051269531,-119.03166198730469,VENTURA,CAMARILLO,-119.03158569335938,34.219375610351562
84660872,2025,2025-04-24,5600,2025-04-15,1649,5244,,2,5,6,5607,0,0,0,,0,9H01,"HILLCREST DR","LAWRENCE DR",38.00,E,N,A,-,N,,,,,,,,,,Y,4,0,1,2,A,-,21,22106,,N,C,C,A,A,H,-,A,A,0,,,,,Y,,A,01,0,0,1,0,0,0,0,0,0,"- ","- ",34.186519622802734,-118.92997741699219,VENTURA,"THOUSAND OAKS",-118.92977142333984,34.186439514160156
84660879,2025,2025-04-25,5600,2025-04-18,2203,5244,,5,5,6,5607,0,0,0,,0,9C01,"PASEO DE LA PAZ","LYNN RD",150.00,S,N,A,-,N,,,,,,,,,,Y,3,0,2,1,A,-,01,23153,A,N,E,I,A,A,H,-,E,A,0,,,,,Y,Y,A,07,0,2,0,0,0,0,0,0,0,"- ","- ",34.158340454101562,-118.97013092041016,VENTURA,"THOUSAND OAKS",-118.96982574462891,34.157947540283203
84660884,2025,2025-04-24,5600,2025-04-22,1724,5293,,2,5,5,5601,0,0,0,,0,8D01,"VERDUGO WY","PARDEE PLZ",52.00,W,N,A,-,N,,,,,,,,,,N,4,0,2,3,A,-,03,22350,,N,C,C,A,A,H,-,A,A,0,,,,,Y,,A,07,0,0,2,0,0,0,0,0,0,"- ","- ",34.2156982421875,-119.00444793701172,VENTURA,CAMARILLO,-119.00453948974609,34.215816497802734
84663586,2025,2025-04-25,5600,2025-04-14,2000,4455,,1,5,5,5601,0,0,0,,0,8B01,"MURRAY AV","MILBURN ST",253.00,S,N,A,-,N,,,,,,,,,,Y,3,0,1,1,C,-,18,,,N,E,I,A,A,H,-,C,D,0,,,,,Y,,-,"- ",0,1,0,0,0,0,0,0,0,"- ","- ",34.219379425048828,-119.0447998046875,VENTURA,CAMARILLO,-119.04482269287109,34.218757629394531
84663589,2025,2025-04-25,5600,2025-04-20,1831,5807,,7,5,6,5607,0,0,0,,0,9A01,"MOORPARK RD","CROSSRIDGE CT",186.00,S,N,A,-,N,,,,,,,,,,N,4,0,2,2,A,-,08,22100,B,N,B,C,A,A,H,-,B,D,0,,,,,Y,,D,22,0,0,2,0,0,0,0,0,0,"- ","- ",34.233470916748047,-118.86696624755859,VENTURA,"THOUSAND OAKS",-118.86750030517578,34.233203887939453
84672567,2025,2025-05-02,5600,2025-03-27,1713,5924,,4,5,6,5607,0,0,0,,0,9B01,"MOORPARK RD","CONEJO V ALLEY PLAZA",5.00,W,N,A,B,N,,,,,,,,,,N,3,0,2,2,A,-,05,21650,1,N,D,G,A,A,H,-,A,A,0,,Y,,,Y,,L,04,0,1,1,0,0,0,2,0,0,"- ","- ",34.197708129882812,-118.86992645263672,VENTURA,"THOUSAND OAKS",-118.86959838867188,34.198249816894531
84672583,2025,2025-05-02,5600,2025-04-29,"856 ",5196,,2,5,6,5607,0,0,0,,0,9B01,"AVENIDA DE LOS ARBOLES","OAK BROOK MALL",0.00,,Y,A,-,N,,,,,,,,,,Y,4,0,1,2,A,-,12,21453,A,N,D,C,A,A,H,-,A,A,0,,,,,Y,,A,01,0,0,1,0,0,0,0,0,0,"- ","- ",,,VENTURA,"THOUSAND OAKS",-118.84523773193359,34.2113037109375
84672587,2025,2025-05-02,5600,2025-04-30,1312,5705,,3,5,2,5603,0,0,0,,0,1A01,"W OJAI AVE/SR-150","COUNTRY CLUB DR",136.00,W,N,A,-,Y,,,,,,,,,,N,4,0,2,3,A,-,03,22350,,N,C,C,A,A,H,-,A,A,0,,,,,Y,,A,07,0,0,2,0,0,0,0,0,0,"- ","- ",34.263900756835938,-119.15160369873047,VENTURA,OJAI,-119.25441741943359,34.444236755371094
8468082,2017,2017-11-08,5600,2017-09-29,2153,4438,8111,5,5,5,5601,0,0,0,,0,8B1,"LAS POSAS RD","ARNEILL RD",0.00,,Y,A,-,N,,,,,,,,,,Y,4,0,2,2,A,-,09,21801,A,N,H,C,A,A,H,-,C,A,0,,,,,Y,,A,01,0,0,2,0,0,0,0,0,0,"- ","- ",34.141129999999997,-119.02206,VENTURA,CAMARILLO,-119.03908002,34.236580070000002
84682565,2025,2025-05-12,5600,2025-05-02,2310,5673,,5,5,5,5601,0,0,0,,0,8B01,"SEVILLA ST","CARMEN DR",0.00,,Y,A,-,N,,,,,,,,,,Y,3,0,2,2,A,-,01,23152,A,N,D,E,A,A,H,-,C,D,0,,,,,Y,Y,A,07,0,2,0,0,0,0,0,0,0,"- ","- ",34.213680267333984,-119.05027770996094,VENTURA,CAMARILLO,-119.05023193359375,34.213714599609375
84686424,2025,2025-05-14,5609,2025-04-26,"55  ",504,,6,5,6,5609,0,0,0,,0,006,"BELLHAVEN AVE","BERNAL ST",16.00,N,N,A,-,N,,,,,,,,,,Y,3,0,1,3,A,-,08,22107,,N,B,E,A,A,H,-,C,D,0,,,,,Y,,A,07,0,1,0,0,0,0,0,0,0,"- ","- ",,,VENTURA,"SIMI VALLEY",-118.66142272949219,34.272754669189453
8468709,2017,2017-10-16,5600,2017-09-29,1647,4438,8121,5,5,5,5601,0,0,0,,0,8B1,"ARNEILL RD","LAS POSAS RD",403.00,S,N,A,-,N,,,,,,,,,,Y,4,0,2,2,A,-,09,21804,A,N,D,C,A,A,H,-,A,A,0,,,,,Y,,A,01,0,0,2,0,0,0,0,0,0,"- ","- ",34.140720000000002,-119.02204,VENTURA,CAMARILLO,-119.03908,34.235474029999999
8469204,2017,2017-10-20,5600,2017-10-02,1105,2913,9090,1,5,6,5607,0,0,0,,0,09G,"MOORPARK RD","JANSS MARKET PL",0.00,,Y,A,-,N,,,,,,,,,,N,4,0,1,2,A,-,09,21453,C,N,H,C,A,A,D,-,A,A,0,,,,,Y,,A,07,0,0,1,0,0,0,0,0,0,"- ","- ",,,VENTURA,"THOUSAND OAKS",-118.87579009,34.182710030000003
8469506,2016,2018-04-27,5604,2016-01-22,1734,5393,,5,5,6,5604,0,0,0,,0,012,"ROSE AV","GONZALES RD",800.00,N,N,A,-,N,,,,,,,,,,N,4,0,1,2,A,-,04,21703,,F,C,C,A,A,H,-,C,A,0,,,,,Y,,-,99,0,0,1,0,0,0,0,0,0,"- ","- ",34.221769999999999,-119.15754,VENTURA,OXNARD,-119.15838169,34.221185179999999
84696588,2025,2025-05-22,5609,2025-05-12,1843,447,,1,5,6,5609,0,0,0,,0,004,"ALAMO ST","LEMON DR",316.00,E,N,A,-,N,,,,,,,,,,Y,3,0,1,2,A,-,09,21804,A,N,D,C,A,A,H,-,A,C,0,,,,,Y,,A,01,0,1,0,0,0,0,0,0,0,"- ","- ",34.285839080810547,-118.7261962890625,VENTURA,"SIMI VALLEY",-118.72547912597656,34.286430358886719
8469989,2017,2017-10-20,5600,2017-10-04,1609,5022,9124,3,5,6,5607,0,0,0,,0,09C,"BORCHARD RD","CAROB DR",0.00,,Y,A,-,N,,,,,,,,,,N,3,0,1,2,A,-,05,21650,1,F,H,G,A,A,H,-,A,A,0,,Y,,,Y,,L,04,0,1,0,0,0,0,1,0,0,"- ","- ",,,VENTURA,"THOUSAND OAKS",-118.92929006999999,34.180570099999997
84699914,2025,2025-05-26,5600,2025-05-17,2040,5244,,6,5,6,5607,0,0,0,,0,9H01,"HILLCREST DR","CITATION WY",357.00,W,N,A,-,N,,,,,,,,,,Y,4,0,1,1,A,-,01,23152,A,N,E,I,A,A,H,-,C,D,0,,,,,Y,Y,A,01,0,0,1,0,0,0,0,0,0,"- ","- ",34.184940338134766,-118.90647888183594,VENTURA,"THOUSAND OAKS",-118.90744018554688,34.185443878173828
84699925,2025,2025-05-26,5600,2025-05-21,1238,6095,,3,5,6,5607,0,0,0,,0,9B01,"JANSS RD","EL MONTE DR",0.00,,Y,A,-,N,,,,,,,,,,N,4,0,1,2,A,-,12,22450,A,N,D,C,A,A,H,-,A,A,0,,,,,Y,,A,01,0,0,1,0,0,0,0,0,0,"- ","- ",34.195758819580078,-118.85430908203125,VENTURA,"THOUSAND OAKS",-118.85060882568359,34.199062347412109
84702729,2025,2025-05-29,5600,2025-05-15,1317,5256,,4,5,5,5601,0,0,0,,0,8A01,"PONDEROSA DR","ROSEWOOD AV",0.00,,Y,A,-,N,,,,,,,,,,Y,4,0,1,2,A,-,09,21802,A,N,D,C,A,A,H,-,A,A,0,,,,,Y,,A,07,0,0,1,0,0,0,0,0,0,"- ","- ",34.223560333251953,-119.06150054931641,VENTURA,CAMARILLO,-119.06149291992188,34.223526000976562
8470646,2017,2017-11-03,5608,2017-10-03,1632,342,,2,5,6,5608,0,0,0,,0,002,"BORCHARD DR","MAIN ST",12.00,N,N,A,-,N,,,,,,,,,,N,3,0,1,2,A,-,05,21650,1,N,D,G,A,A,H,-,A,A,0,,Y,,,Y,,L,04,0,1,0,0,0,0,1,0,0,"- ","- ",,,VENTURA,VENTURA,-119.25973999999999,34.273580000000003
84706609,2025,2025-06-02,5600,2025-05-15,"511 ",5507,,4,5,5,5601,0,0,0,,0,8C01,"PLEASANT VALLEY RD","CONSTITUTION AV",427.00,E,N,-,-,N,,,,,,,,,,N,2,0,1,2,A,-,03,22350,,N,C,C,A,A,H,-,B,D,0,,,,,Y,,A,01,1,0,0,0,0,0,0,0,0,"- ","- ",34.205608367919922,-119.06656646728516,VENTURA,CAMARILLO,-119.03012847900391,34.205410003662109
84706616,2025,2025-05-30,5600,2025-05-21,2053,5244,,3,5,6,5607,0,0,0,,0,9G01,"THOUSAND OAKS BL","MOORPARK RD",0.00,,Y,A,-,N,,,,,,,,,,N,4,0,1,2,A,-,05,21650,1,N,D,G,A,A,H,-,C,A,0,,Y,,,Y,,L,04,0,0,1,0,0,0,1,0,0,"- ","- ",34.179019927978516,-118.87648773193359,VENTURA,"THOUSAND OAKS",-118.87651824951172,34.178932189941406
8470678,2017,2017-11-03,5608,2017-10-11,0854,493,,3,5,6,5608,0,0,0,,0,002,"DONLON ST","BESSEMER ST",152.00,N,N,A,-,N,,,,,,,,,,Y,4,0,2,2,A,-,09,21804,A,N,D,C,A,A,H,-,A,A,0,,,,,Y,,A,01,0,0,2,0,0,0,0,0,0,"- ","- ",,,VENTURA,VENTURA,-119.23569488,34.260758719999998
84708155,2025,2025-06-02,5609,2025-05-17,1407,5004,,6,5,6,5609,0,0,0,,0,003,"ROYAL AVE","THOMPSON LN",125.00,W,N,A,-,N,,,,,,,,,,Y,3,0,2,5,A,-,09,21804,A,F,D,C,A,A,H,-,A,D,0,,,,,Y,,A,01,0,2,0,0,0,0,0,0,0,"- ","- ",34.264511108398438,-118.76689147949219,VENTURA,"SIMI VALLEY",-118.76729583740234,34.264469146728516
84708157,2025,2025-06-02,5609,2025-05-19,1643,5004,,1,5,6,5609,0,0,0,,0,,"TAPO CANYON RD","LOS ANGELES AVE",0.00,,Y,A,-,N,,,,,,,,,,Y,3,0,3,2,A,-,09,21801,A,N,D,C,A,A,H,-,A,A,0,,,,,Y,,A,07,0,3,0,0,0,0,0,0,0,"- ","- ",34.271610260009766,-118.71733856201172,VENTURA,"SIMI VALLEY",-118.71733093261719,34.27166748046875
84712271,2025,2025-06-05,5600,2025-05-24,1110,5732,,6,5,6,5607,0,0,0,,0,9C01,"LYNN RD","CAPITAN ST",545.00,E,N,A,-,N,,,,,,,,,,N,3,0,1,2,A,-,06,21755,A,M,E,I,A,A,H,-,A,D,0,,Y,,,Y,,A,01,0,1,0,0,0,0,1,0,0,"- ","- ",34.177108764648438,-118.90078735351562,VENTURA,"THOUSAND OAKS",-118.89894104003906,34.177421569824219
84716994,2025,2025-08-29,5600,2025-05-22,1632,5924,,4,5,6,5607,0,0,0,,0,9B01,"HILLCREST DR","HODENCAMP RD",0.00,,Y,A,B,N,,,,,,,,,,N,4,0,1,2,A,-,12,21453,A,M,D,C,A,A,H,-,A,A,0,,,,,Y,,D,22,0,0,1,0,0,0,0,0,0,"- ","- ",34.182579040527344,-118.85746002197266,VENTURA,"THOUSAND OAKS",-118.86840057373047,34.181198120117188
84717013,2025,2025-06-09,5609,2025-05-28,1125,447,,3,5,6,5609,0,0,0,,0,004,"LOS ANGELES AVE","DARRAH AVE",362.00,W,N,A,-,N,,,,,,,,,,Y,3,0,1,2,A,-,04,21703,,N,C,C,A,A,H,-,A,D,0,,,Y,,Y,,A,01,0,1,0,0,0,0,0,0,1,"- ","- ",34.271129608154297,-118.72257995605469,VENTURA,"SIMI VALLEY",-118.72394561767578,34.271682739257812
84719228,2025,2025-06-10,5600,2025-05-28,1002,6005,,3,5,5,5601,0,0,0,,0,8A01,"LAS POSAS RD","CRESTVIEW AV",0.00,,Y,A,-,N,,,,,,,,,,N,3,0,2,2,A,-,09,21801,A,N,H,C,A,A,H,-,A,A,0,,,,Y,Y,,A,01,0,2,0,0,0,0,0,0,0,"- ","- ",34.22760009765625,-119.07296752929688,VENTURA,CAMARILLO,-119.06999969482422,34.229042053222656
8472212,2017,2018-06-13,5608,2017-10-09,1634,488,,1,5,6,5608,0,0,0,,0,002,"MAIN ST","CALLENS RD",420.00,W,N,A,G,N,,,,,,,,,,Y,3,0,1,2,A,-,03,22350,,N,C,C,A,A,H,-,A,A,0,,,,,Y,,-,,0,1,0,0,0,0,0,0,0,"- ","- ",,,VENTURA,VENTURA,-119.2402,34.263419999999996
84722773,2025,2025-06-12,5609,2025-06-06,2109,5023,,5,5,6,5609,0,0,0,,0,,"COCHRAN ST","EDISON POLE 2303803E",10.00,E,N,A,-,N,,,,,,,,,,Y,3,0,1,2,A,-,08,22107,,N,C,E,A,A,H,-,C,D,0,,,,,Y,,A,01,0,1,0,0,0,0,0,0,0,"- ","- ",,,VENTURA,"SIMI VALLEY",,
84726448,2025,2025-06-16,5600,2025-06-13,1109,5454,,5,5,6,5607,0,0,0,,0,9H01,"LAWRENCE DR","CONEJO CENTER DR",432.00,E,N,A,-,N,,,,,,,,,,N,3,0,2,2,A,-,09,21804,A,N,D,C,A,A,H,-,A,D,0,,,,,Y,,A,07,0,1,1,0,0,0,0,0,0,"- ","- ",34.197708129882812,-118.92826843261719,VENTURA,"THOUSAND OAKS",-118.92731475830078,34.198505401611328