CASE_ID,ACCIDENT_YEAR,PROC_DATE,JURIS,COLLISION_DATE,COLLISION_TIME,OFFICER_ID,REPORTING_DISTRICT,DAY_OF_WEEK,CHP_SHIFT,POPULATION,CNTY_CITY_LOC,SPECIAL_COND,BEAT_TYPE,CHP_BEAT_TYPE,CITY_DIVISION_LAPD,CHP_BEAT_CLASS,BEAT_NUMBER,PRIMARY_RD,SECONDARY_RD,DISTANCE,DIRECTION,INTERSECTION,WEATHER_1,WEATHER_2,STATE_HWY_IND,CALTRANS_COUNTY,CALTRANS_DISTRICT,STATE_ROUTE,ROUTE_SUFFIX,POSTMILE_PREFIX,POSTMILE,LOCATION_TYPE,RAMP_INTERSECTION,SIDE_OF_HWY,TOW_AWAY,COLLISION_SEVERITY,NUMBER_KILLED,NUMBER_INJURED,PARTY_COUNT,PRIMARY_COLL_FACTOR,PCF_CODE_OF_VIOL,PCF_VIOL_CATEGORY,PCF_VIOLATION,PCF_VIOL_SUBSECTION,HIT_AND_RUN,TYPE_OF_COLLISION,MVIW,PED_ACTION,ROAD_SURFACE,ROAD_COND_1,ROAD_COND_2,LIGHTING,CONTROL_DEVICE,CHP_ROAD_TYPE,PEDESTRIAN_ACCIDENT,BICYCLE_ACCIDENT,MOTORCYCLE_ACCIDENT,TRUCK_ACCIDENT,NOT_PRIVATE_PROPERTY,ALCOHOL_INVOLVED,STWD_VEHTYPE_AT_FAULT,CHP_VEHTYPE_AT_FAULT,COUNT_SEVERE_INJ,COUNT_VISIBLE_INJ,COUNT_COMPLAINT_PAIN,COUNT_PED_KILLED,COUNT_PED_INJURED,COUNT_BICYCLIST_KILLED,COUNT_BICYCLIST_INJURED,COUNT_MC_KILLED,COUNT_MC_INJURED,PRIMARY_RAMP,SECONDARY_RAMP,LATITUDE,LONGITUDE,COUNTY,CITY,POINT_X,POINT_Y
8483256,2017,2017-12-28,5609,2017-10-11,1922,389,,3,5,6,5609,0,0,0,,0,001,"CORDERO AV","AHART ST",0.00,,Y,A,-,N,,,,,,,,,,Y,4,0,1,2,A,-,09,21800,B,N,D,C,A,A,H,-,C,D,0,,,,,Y,,D,22,0,0,1,0,0,0,0,0,0,"- ","- ",34.277569999999997,-118.76387,VENTURA,"SIMI VALLEY",-118.76400006,34.277560029999997
84833529,2025,2025-09-08,5600,2025-08-16,2002,5924,,6,5,6,5607,0,0,0,,0,9C01,"BORCHARD RD","CABRILLO AV",0.00,,Y,A,B,N,,,,,,,,,,Y,3,0,3,2,A,-,09,21802,A,N,D,C,A,A,H,-,B,A,0,,,,,Y,,A,01,0,1,2,0,0,0,0,0,0,"- ","- ",34.179019927978516,-118.95542907714844,VENTURA,"THOUSAND OAKS",-118.95539855957031,34.179031372070312
8483553,2017,2017-11-07,5609,2017-10-03,2058,447,,2,5,6,5609,0,0,0,,0,006,"LOS ANGELES AVE","YOSEMITE AV",0.00,,Y,A,-,N,,,,,,,,,,Y,4,0,1,2,A,-,12,21453,A,N,D,C,A,A,H,-,C,A,0,,,,,Y,,-,,0,0,1,0,0,0,0,0,0,"- ","- ",34.271749999999997,-118.67838,VENTURA,"SIMI VALLEY",-118.67840008,34.271740100000002
8483585,2017,2017-11-07,5608,2017-10-21,2230,373,,6,5,6,5608,0,0,0,,0,001,"MAIN ST","CALIFORNIA ST",175.00,E,N,A,-,N,,,,,,,,,,N,3,0,2,3,A,-,21,22106,,F,G,B,E,A,H,-,C,D,0,Y,,,,Y,Y,-,,0,2,0,0,2,0,0,0,0,"- ","- ",,,VENTURA,VENTURA,-119.29252133999999,34.280823740000002
8483594,2017,2017-11-06,5609,2017-10-23,0537,31D,422,1,5,6,5609,0,0,0,,0,004,"LOS ANGELES AV","SYCAMORE DR",0.00,,Y,A,-,N,,,,,,,,,,Y,4,0,1,2,D,-,00,,,N,D,C,A,A,H,-,C,A,0,,,,,Y,,-,"- ",0,0,1,0,0,0,0,0,0,"- ","- ",,,VENTURA,"SIMI VALLEY",-118.74378003,34.271650080000001
84838333,2025,2025-09-10,5609,2025-08-23,"939 ",5120,,6,5,6,5609,0,0,0,,0,,"ERRINGER RD","HEYWOOD ST",14.00,S,N,A,B,N,,,,,,,,,,N,3,0,2,2,A,-,00,21235,B,N,D,C,A,A,H,-,A,A,0,,,,,Y,,M,94,0,2,0,0,0,0,0,0,0,"- ","- ",34.268089294433594,-118.76123809814453,VENTURA,"SIMI VALLEY",-118.76141357421875,34.268390655517578
84840007,2025,2025-09-11,5609,2025-09-04,"815 ",482,,4,5,6,5609,0,0,0,,0,006,"COCHRAN ST","STEARNS ST",830.00,E,N,A,-,N,,,,,,,,,,Y,4,0,2,2,A,-,09,21804,A,N,D,C,A,A,H,-,A,D,0,,,,,Y,,A,07,0,0,2,0,0,0,0,0,0,"- ","- ",34.279079437255859,-118.69132232666016,VENTURA,"SIMI VALLEY",-118.68864440917969,34.279018402099609
84840010,2025,2025-09-11,5609,2025-09-05,1722,5004,,5,5,6,5609,0,0,0,,0,002,"LOS ANGELES AVE","FIFTH ST",0.00,,Y,A,-,N,,,,,,,,,,Y,4,0,2,2,A,-,09,21801,A,N,D,C,A,A,H,-,A,A,0,,,,,Y,,A,01,0,0,2,0,0,0,0,0,0,"- ","- ",34.271629333496094,-118.78362274169922,VENTURA,"SIMI VALLEY",-118.78362274169922,34.271648406982422
84841854,2025,2025-09-12,5600,2025-08-31,1829,5709,,7,5,5,5601,0,0,0,,0,8A01,"LAS POSAS RD","101 NB OFF RAMP",23.00,N,N,A,-,Y,VEN,,101," "," ",15.886,H,,L,Y,4,0,1,2,A,-,12,21453,A,M,D,C,A,A,H,-,A,A,0,,,,,Y,Y,A,07,0,0,1,0,0,0,0,0,0,"- ","- ",34.219009399414062,-119.06976318359375,VENTURA,CAMARILLO,-119.06975555419922,34.219036102294922
84843395,2025,2025-09-15,5600,2025-09-07,1527,5715,,7,5,4,5690,0,0,0,,0,2A01,"LOS ANGELES AV","GABBERT RD",0.00,,Y,A,-,N,,,,,,,,,,Y,3,0,1,2,A,-,03,22350,,N,C,C,A,A,H,-,A,A,0,,,,,Y,,-,"- ",0,1,0,0,0,0,0,0,0,"- ","- ",34.278900146484375,-118.90088653564453,VENTURA,MOORPARK,-118.90088653564453,34.278911590576172
84847345,2025,2025-09-17,5600,2025-09-08,"825 ",5199,,1,5,5,5601,0,0,0,,0,8D01,"FIELDCREST DR","WOODCREEK RD",0.00,,Y,A,-,N,,,,,,,,,,N,3,0,1,1,A,-,03,22350,,N,E,I,A,A,H,-,A,D,0,,Y,,,Y,,-,"- ",0,1,0,0,0,0,1,0,0,"- ","- ",34.232288360595703,-119.99886322021484,VENTURA,CAMARILLO,-118.99882507324219,34.232292175292969
84847369,2025,2025-09-17,5609,2025-09-13,1134,5120,,6,5,6,5609,0,0,0,,0,,"TAPO ST","WALNUT ST",16.00,W,N,A,-,N,,,,,,,,,,N,3,0,1,2,A,-,10,21950,A,N,G,B,B,A,H,-,A,A,0,Y,,,,Y,,A,01,0,1,0,0,1,0,0,0,0,"- ","- ",34.296558380126953,-118.70852661132812,VENTURA,"SIMI VALLEY",-118.70893859863281,34.297218322753906
84850837,2025,2025-09-23,5600,2025-09-09,1849,5368,,2,5,6,5607,0,0,0,,0,9C01,"REINO RD","LYNN RD",0.00,,Y,A,-,Y,,,,,,,,,,Y,2,0,3,2,A,-,09,21801,A,N,H,C,A,A,H,-,A,A,0,,,Y,,Y,,A,07,1,2,0,0,0,0,0,0,1,"- ","- ",34.161869049072266,-118.95690155029297,VENTURA,"THOUSAND OAKS",-118.95701599121094,34.161739349365234
84850841,2025,2025-09-22,5600,2025-09-16,1519,4704,,2,5,5,5601,0,0,0,,0,8A01,"VENTURA BL","OVERLAND RD",692.00,W,N,A,-,N,,,,,,,,,,N,4,0,2,2,A,-,09,21801,A,N,H,C,A,A,H,-,A,D,0,,,,,Y,,D,22,0,0,2,0,0,0,0,0,0,"- ","- ",34.216960906982422,-119.07652282714844,VENTURA,CAMARILLO,-119.07891845703125,34.216991424560547
84853263,2025,2025-09-22,5600,2025-09-11,1748,5244,,4,5,6,5607,0,0,0,,0,9C01,"OLD CONEJO RD","RUTH DR",430.00,W,N,A,-,N,,,,,,,,,,Y,4,0,2,2,A,-,03,22350,,N,C,C,A,A,H,-,A,D,0,,,,,Y,,A,07,0,0,2,0,0,0,0,0,0,"- ","- ",34.190528869628906,-118.9449462890625,VENTURA,"THOUSAND OAKS",-118.94635772705078,34.19085693359375
84857442,2025,2025-09-24,5600,2025-09-12,1109,4704,,5,5,5,5601,0,0,0,,0,8A01,"LAS POSAS RD","DAILY DR",0.00,,Y,A,-,N,,,,,,,,,,N,3,0,2,2,A,-,09,21801,A,N,H,C,A,A,H,-,A,A,0,,,,,Y,,A,01,0,2,0,0,0,0,0,0,0,"- ","- ",34.221828460693359,-119.06983184814453,VENTURA,CAMARILLO,-119.06978607177734,34.221843719482422
84859188,2025,2025-09-25,5609,2025-09-22,1728,5004,,1,5,6,5609,0,0,0,,0,,"YOSEMITE AVE","COCHRAN ST",0.00,,Y,A,-,N,,,,,,,,,,N,3,0,1,2,A,-,09,21801,A,N,D,C,A,A,H,-,A,A,0,,,,,Y,,A,01,0,1,0,0,0,0,0,0,0,"- ","- ",34.279010772705078,-118.67832183837891,VENTURA,"SIMI VALLEY",-118.67839813232422,34.279010772705078
8486001,2017,2017-12-18,5600,2017-10-29,2005,2740,9001,7,5,6,5607,0,0,0,,0,09A,"OLSEN RD","MOUNTCLEF BL",0.00,,Y,A,-,N,,,,,,,,,,Y,4,0,1,2,A,-,09,21453,C,N,H,C,A,A,H,-,C,A,0,,,,,Y,,A,07,0,0,1,0,0,0,0,0,0,"- ","- ",,,VENTURA,"THOUSAND OAKS",-118.87564001,34.225890010000001
84862541,2025,2025-09-29,5600,2025-09-15,1844,5793,,1,5,4,5690,0,0,0,,0,2A01,"TIERRA REJADA RD","MOORPARK RD",0.00,,Y,A,-,N,,,,,,,,,,Y,3,0,1,1,A,-,17,21461,A,N,E,I,A,A,H,-,A,A,0,,,,,Y,,A,01,0,1,0,0,0,0,0,0,0,"- ","- ",34.263740539550781,-118.86090087890625,VENTURA,MOORPARK,-118.86087036132812,34.263710021972656
84865490,2025,2025-09-30,5600,2025-09-16,"812 ",5293,,2,5,4,5690,0,0,0,,0,2B01,"300 HIGH STREET","MAGNOLIA ST",10.00,W,N,A,-,N,,,,,,,,,,N,4,0,1,2,B,-,22,,,N,H,G,A,A,H,-,A,D,0,,Y,,,Y,,-,"- ",0,0,1,0,0,0,1,0,0,"- ","- ",,,VENTURA,MOORPARK,-118.87778472900391,34.285408020019531
84869154,2025,2025-10-02,5600,2025-09-29,1428,5244,,1,5,6,5607,0,0,0,,0,9A01,"LYNN RD","AVENIDA DE LAS FLORES",0.00,,Y,A,-,N,,,,,,,,,,Y,3,0,1,2,A,-,12,21453,A,N,D,C,A,A,H,-,A,A,0,,,,,Y,,A,07,0,1,0,0,0,0,0,0,0,"- ","- ",34.21221923828125,-118.88668823242188,VENTURA,"THOUSAND OAKS",-118.88687133789062,34.212177276611328
84870905,2025,2025-10-03,5600,2025-09-24,1004,6001,,3,5,6,5607,0,0,0,,0,9G01,"THOUSAND OAKS BL","HAMPSHIRE RD",32.00,W,N,A,-,N,,,,,,,,,,N,4,0,1,2,A,-,03,22350,,N,C,C,A,A,H,-,A,A,0,,,,,Y,,A,01,0,0,1,0,0,0,0,0,0,"- ","- ",34.169239044189453,-118.836181640625,VENTURA,"THOUSAND OAKS",-118.83621978759766,34.169300079345703
84870916,2025,2025-10-15,5600,2025-09-28,1152,5321,,7,5,6,5607,0,0,0,,0,9A01,"AVENIDA DE LOS ARBOLES","CALLE TULIPAN",180.00,E,N,A,-,N,,,,,,,,,,Y,3,0,1,2,A,-,03,22350,,F,C,C,A,A,H,-,A,A,0,,,,,Y,,A,01,0,1,0,0,0,0,0,0,0,"- ","- ",34.211830139160156,-118.85137939453125,VENTURA,"THOUSAND OAKS",-118.85087585449219,34.211711883544922
84870948,2025,2025-10-03,5609,2025-09-23,"850 ",443,,2,5,6,5609,0,0,0,,0,003,"PATRICIA AVE","WILLIAMS ST (S)",250.00,E,N,A,-,N,,,,,,,,,,Y,2,0,1,2,A,-,09,21804,A,N,C,C,A,A,H,-,A,D,0,,,,,Y,,A,01,1,0,0,0,0,0,0,0,0,"- ","- ",34.270088195800781,-118.77381896972656,VENTURA,"SIMI VALLEY",-118.77398681640625,34.270778656005859
84875445,2025,2025-10-07,5600,2025-09-30,1358,5011,,2,5,6,5607,0,0,0,,0,9A01,"OLSEN RD","MOUNTCLEF BL",0.00,,Y,A,-,N,,,,,,,,,,Y,3,0,2,2,A,-,12,21453,A,N,D,C,A,A,H,-,A,A,0,,,,,Y,,A,07,0,1,1,0,0,0,0,0,0,"- ","- ",34.225818634033203,-118.87566375732422,VENTURA,"THOUSAND OAKS",-118.87564086914062,34.225795745849609
84877234,2025,2025-10-08,5600,2025-09-08,1742,5902,,1,5,5,5601,0,0,0,,0,8B01,"ARNEILL RD","BARRY ST",355.00,N,N,A,-,N,,,,,,,,,,Y,3,0,1,2,A,-,09,21804,A,N,D,C,A,A,H,-,A,D,0,,,,,Y,,A,01,0,1,0,0,0,0,0,0,0,"- ","- ",34.219459533691406,-119.03903961181641,VENTURA,CAMARILLO,-119.03900146484375,34.220462799072266
84878903,2025,2025-10-10,5600,2025-10-03,1655,5280,,5,5,5,5601,0,0,0,,0,8A01,"PONDEROSA DR","LAS POSAS RD (W)",60.00,E,N,A,-,N,,,,,,,,,,N,3,0,1,2,A,-,09,21804,A,N,G,B,F,A,H,-,A,D,0,Y,,,,Y,,D,22,0,1,0,0,1,0,0,0,0,"- ","- ",34.223670959472656,-119.06980133056641,VENTURA,CAMARILLO,-119.06977081298828,34.223709106445312
8488199,2015,2017-11-22,5609,2015-09-16,1653,437,,3,5,6,5609,0,0,0,,0,002,"MADERA RD","PRESIDENTIAL DR",244.00,E,N,A,-,N,,,,,,,,,,Y,3,0,1,4,A,-,03,22350,,N,C,C,A,A,H,-,A,D,0,,,,,Y,,A,01,0,1,0,0,0,0,0,0,0,"- ","- ",34.25367,-118.81571,VENTURA,"SIMI VALLEY",-118.81497199,34.253851670000003
84885041,2025,2025-10-14,5600,2025-10-02,1948,5039,,4,5,6,5607,0,0,0,,0,9A01,"CAMPUS DR","OLSEN RD",0.00,,Y,A,-,N,,,,,,,,,,N,4,0,1,2,A,-,08,22107,,F,B,C,A,A,H,-,C,A,0,,,,,Y,,A,01,0,0,1,0,0,0,0,0,0,"- ","- ",,,VENTURA,"THOUSAND OAKS",-118.88140106201172,34.22503662109375
84885050,2025,2025-10-14,5600,2025-10-10,1556,5007,,5,5,6,5607,0,0,0,,0,9H01,"HILLCREST DR","LAWRENCE DR",55.00,W,N,A,-,N,,,,,,,,,,Y,4,0,1,2,A,-,01,23153,A,F,C,C,A,A,H,-,A,A,0,,,,,Y,Y,A,01,0,0,1,0,0,0,0,0,0,"- ","- ",34.186519622802734,-118.92997741699219,VENTURA,"THOUSAND OAKS",-118.93007659912109,34.186470031738281
8488535,2017,2017-12-04,5609,2017-10-28,1102,374,,6,5,6,5609,0,0,0,,0,,"TAPO ST","LOS ANGELES AV",190.00,N,N,A,-,N,,,,,,,,,,Y,3,0,2,1,A,-,08,22107,,N,E,I,A,A,H,-,A,D,0,,,,,Y,,A,01,0,2,0,0,0,0,0,0,0,"- ","- ",34.271560000000001,-118.70901000000001,VENTURA,"SIMI VALLEY",-118.70894,34.272221139999999
84886735,2025,2025-10-15,5609,2025-09-27,1904,5285,,6,5,6,5609,0,0,0,,0,003,"ERRINGER RD","HEYWOOD ST",0.00,,Y,A,-,N,,,,,,,,,,N,4,0,1,2,A,-,09,21801,A,N,D,C,A,A,H,-,C,A,0,,,,Y,Y,,F,86,0,0,1,0,0,0,0,0,0,"- ","- ",34.268421173095703,-118.76132202148438,VENTURA,"SIMI VALLEY",-118.76140594482422,34.268428802490234
84886746,2025,2026-01-14,5609,2025-10-08,"817 ",443,,3,5,6,5609,0,0,0,,0,006,"LOS ANGELES AVE","YOSEMITE AVE",10.00,E,N,A,-,N,,,,,,,,,,Y,2,0,2,3,A,-,12,21453,A,N,E,I,A,A,H,-,A,A,0,,,,,Y,,A,01,1,0,1,0,0,0,0,0,0,"- ","- ",34.271751403808594,-118.67838287353516,VENTURA,"SIMI VALLEY",-118.67836761474609,34.271739959716797
84886749,2025,2025-10-15,5609,2025-10-09,"747 ",443,,4,5,6,5609,0,0,0,,0,005,"TAPO CANYON RD","ALAMO ST",0.00,,Y,A,-,N,,,,,,,,,,Y,4,0,1,3,A,-,09,21800,A,N,D,C,A,A,H,-,A,B,0,,,,,Y,,A,01,0,0,1,0,0,0,0,0,0,"- ","- ",34.286369323730469,-118.71784210205078,VENTURA,"SIMI VALLEY",-118.71784210205078,34.286380767822266
84886753,2025,2025-10-15,5609,2025-10-10,1402,5023,,5,5,6,5609,0,0,0,,0,,"ALAMO ST","CIMMARON AVE",355.00,E,N,A,-,N,,,,,,,,,,Y,4,0,1,2,A,-,08,22107,,N,B,C,A,A,H,-,A,D,0,,,,,Y,,A,01,0,0,1,0,0,0,0,0,0,"- ","- ",34.286399841308594,-118.74173736572266,VENTURA,"SIMI VALLEY",-118.74064636230469,34.286304473876953
84886759,2025,2025-10-15,5609,2025-10-11,1240,5120,,6,5,6,5609,0,0,0,,0,,"ALPINE ST","WORKMAN AVE",108.00,W,N,A,-,N,,,,,,,,,,Y,3,0,1,1,A,-,03,22350,,N,E,I,A,A,H,-,A,D,0,,,,,Y,,A,01,0,1,0,0,0,0,0,0,0,"- ","- ",34.274761199951172,-118.70688629150391,VENTURA,"SIMI VALLEY",-118.70708465576172,34.274791717529297
84886760,2025,2025-10-15,5609,2025-10-11,1839,5004,,6,5,6,5609,0,0,0,,0,003,"APPLETON RD","CURRIER AVE",181.00,S,N,A,-,N,,,,,,,,,,Y,3,0,1,2,A,-,05,21650,1,N,B,G,A,A,H,-,A,D,0,,Y,,,Y,,L,04,0,1,0,0,0,0,1,0,0,"- ","- ",34.259998321533203,-118.74391937255859,VENTURA,"SIMI VALLEY",-118.74388885498047,34.259613037109375
84892623,2025,2025-10-20,5600,2025-10-15,1823,5039,,3,5,6,5607,0,0,0,,0,9B01,"LA GRANADA DR","SAPRA ST",67.00,W,N,A,-,N,,,,,,,,,,Y,4,0,1,1,A,-,03,22350,,N,E,I,A,A,H,-,B,D,0,,,,,Y,,A,01,0,0,1,0,0,0,0,0,0,"- ","- ",34.189479827880859,-118.84464263916016,VENTURA,"THOUSAND OAKS",-118.84093475341797,34.192977905273438
84893145,2025,2025-10-20,5600,2025-10-10,1420,5208,,5,5,3,5602,0,0,0,,0,6A01,"VENTURA ST","A ST",860.00,W,N,A,-,N,,,,,,,,,,N,4,0,2,2,A,-,04,21703,,N,C,C,A,A,H,-,A,A,0,,,,,Y,,D,22,0,0,2,0,0,0,0,0,0,"- ","- ",34.396190643310547,-118.91777801513672,VENTURA,FILLMORE,-118.92060089111328,34.395866394042969
84893149,2025,2025-10-20,5600,2025-10-15,"906 ",6108,,3,5,3,5602,0,0,0,,0,6B01,"VENTURA ST","A ST",60.00,E,N,A,-,Y,VEN,,23," "," ",24.164,H,,R,Y,3,0,1,3,A,-,04,21703,,N,C,C,A,A,H,-,A,A,0,,,,,Y,,A,01,0,1,0,0,0,0,0,0,0,"- ","- ",34.396190643310547,-118.91777801513672,VENTURA,FILLMORE,-118.91779327392578,34.396186828613281
84895229,2025,2025-10-21,5600,2025-10-14,1616,6095,,2,5,6,5607,0,0,0,,0,9B01,"WILBUR RD","HODENCAMP RD",450.00,W,N,B,-,N,,,,,,,,,,Y,4,0,2,3,A,-,08,22107,,N,B,C,A,A,H,-,A,D,0,,,,,Y,,A,01,0,0,2,0,0,0,0,0,0,"- ","- ",34.182548522949219,-118.87229919433594,VENTURA,"THOUSAND OAKS",-118.86988067626953,34.1859130859375
84895232,2025,2025-10-21,5600,2025-10-16,1619,6095,,4,5,6,5607,0,0,0,,0,9C01,"BORCHARD RD","MONTENEGRO CI",20.00,E,N,A,-,N,,,,,,,,,,Y,4,0,1,2,A,-,09,21804,A,N,D,C,A,A,H,-,A,D,0,,,,,Y,,A,07,0,0,1,0,0,0,0,0,0,"- ","- ",34.176658630371094,-118.95822906494141,VENTURA,"THOUSAND OAKS",-118.95413208007812,34.179225921630859
84897052,2025,2025-10-22,5600,2025-10-14,1056,5924,,2,5,6,5607,0,0,0,,0,9A01,"OLSEN RD","23 FW (E)",60.00,E,N,A,B,N,,,,,,,,,,Y,4,0,1,2,A,-,05,21651,A,N,D,C,A,A,H,-,A,A,0,,,,,Y,,A,07,0,0,1,0,0,0,0,0,0,"- ","- ",34.238368988037109,-118.8427734375,VENTURA,"THOUSAND OAKS",,
84906749,2025,2025-10-29,5600,2025-10-21,"943 ",4527,,2,5,6,5607,0,0,0,,0,9D01,"HAMPSHIRE RD","FOOTHILL DR",0.00,,Y,A,-,N,,,,,,,,,,Y,3,0,2,2,A,-,09,21453,C,N,H,C,A,A,H,-,A,A,0,,,,,Y,,A,08,0,1,1,0,0,0,0,0,0,"- ","- ",34.158760070800781,-118.84232330322266,VENTURA,"THOUSAND OAKS",-118.83818817138672,34.162120819091797
84906750,2025,2025-10-29,5600,2025-10-22,1430,5039,,3,5,6,5607,0,0,0,,0,9G01,"MOORPARK RD","HILLCREST DR",60.00,S,N,A,-,N,,,,,,,,,,N,3,0,1,2,A,-,03,22350,,F,C,C,A,A,H,-,A,A,0,,,,,Y,,A,01,0,1,0,0,0,0,0,0,0,"- ","- ",34.181221008300781,-118.87602996826172,VENTURA,"THOUSAND OAKS",-118.87610626220703,34.180995941162109
84914489,2025,2025-11-06,5600,2025-10-22,1547,5985,,3,5,5,5601,0,0,0,,0,8B01,"ARNEILL ROAD","LAS POSAS ROAD",384.00,S,N,A,-,N,,,,,,,,,,Y,3,0,1,2,A,-,09,21804,A,N,D,C,A,A,H,-,A,A,0,,,,,Y,,A,07,0,1,0,0,0,0,0,0,0,"- ","- ",34.235820770263672,-119.03874206542969,VENTURA,CAMARILLO,-119.03907775878906,34.235416412353516
84914493,2025,2025-11-06,5600,2025-10-24,"841 ",5256,,5,5,5,5601,0,0,0,,0,8D01,"SANTA ROSA RD","ADOLFO RD",11.00,S,N,A,-,N,,,,,,,,,,N,3,0,1,2,A,-,17,21200,A,N,H,G,A,A,H,-,A,A,0,,Y,,,Y,,M,91,0,1,0,0,0,0,1,0,0,"- ","- ",34.218238830566406,-119.00505828857422,VENTURA,CAMARILLO,-119.00517272949219,34.218254089355469
84918410,2025,2026-03-05,5600,2025-10-23,1546,5661,,4,5,6,5607,0,0,0,,0,9D01,"HAMPSHIRE RD","TOWNSGATE RD",0.00,,Y,A,-,N,,,,,,,,,,Y,3,0,2,2,A,-,09,21453,C,N,D,C,A,A,H,-,A,A,0,,,,,Y,,A,01,0,2,0,0,0,0,0,0,0,"- ","- ",34.160938262939453,-118.83786773681641,VENTURA,"THOUSAND OAKS",-118.83795928955078,34.160957336425781
8491970,2017,2017-12-13,5600,2017-11-08,1300,2740,9166,3,5,6,5607,0,0,0,,0,09D,"THOUSAND OAKS BL","WESTLAKE BL",45.00,E,N,A,-,N,,,,,,,,,,N,4,0,1,2,A,-,21,22106,,N,C,C,A,A,H,-,A,D,0,,,,,Y,,A,01,0,0,1,0,0,0,0,0,0,"- ","- ",,,VENTURA,"THOUSAND OAKS",-118.82279432999999,34.16085417
84924400,2025,2025-11-12,5600,2025-11-10,1323,5251,,1,5,6,5607,0,0,0,,0,9G01,"BRAZIL ST","LAURIE LN",240.00,W,N,A,-,N,,,,,,,,,,Y,3,0,1,1,A,-,03,22350,,N,E,I,A,A,H,-,A,A,0,,,,,Y,,A,01,0,1,0,0,0,0,0,0,0,"- ","- ",34.180511474609375,-118.87615966796875,VENTURA,"THOUSAND OAKS",-118.87302398681641,34.183757781982422
84925315,2025,2025-11-12,5600,2025-10-18,1404,5635,,6,5,3,5602,0,0,0,,0,6A01,"VENTURA ST","B ST",599.00,E,N,A,-,N,,,,,,,,,,N,4,0,1,2,A,-,01,23153,B,N,C,C,A,A,H,-,A,D,0,,,,,Y,Y,A,01,0,0,1,0,0,0,0,0,0,"- ","- ",34.395591735839844,-118.92256164550781,VENTURA,FILLMORE,-118.92050933837891,34.395877838134766
84925343,2025,2025-11-12,5609,2025-11-07,1734,5004,,5,5,6,5609,0,0,0,,0,003,"ERRINGER RD","PATRICIA AVE",124.00,N,N,A,-,N,,,,,,,,,,N,3,0,1,2,A,-,05,21650,1,N,D,G,A,A,H,-,C,D,0,,Y,,,Y,,L,04,0,1,0,0,0,0,1,0,0,"- ","- ",34.269981384277344,-118.76130676269531,VENTURA,"SIMI VALLEY",-118.76139831542969,34.270359039306641
84929449,2025,2025-11-14,5600,2025-11-06,1716,5280,,4,5,5,5601,0,0,0,,0,8A01,"PONDEROSA DR","EARL JOSEPH DR",0.00,,Y,A,-,N,,,,,,,,,,N,3,0,2,2,A,-,09,21801,A,N,H,C,A,A,H,-,C,A,0,,,,,Y,,A,01,0,2,0,0,0,0,0,0,0,"- ","- ",34.222080230712891,-119.08193969726562,VENTURA,CAMARILLO,-119.07868194580078,34.2236328125
84931968,2025,2025-11-17,5600,2025-10-14,"810 ",5207,,2,5,2,5603,0,0,0,,0,1B01,"E. OJAI AVENUE / SR150","PARK ROAD",0.00,,Y,B,C,Y,,,,,,,,,,N,3,0,1,2,A,-,10,21950,A,N,G,B,B,B,H,-,A,D,0,Y,,,,Y,,A,01,0,1,0,0,1,0,0,0,0,"- ","- ",,,VENTURA,OJAI,-119.23712158203125,34.448371887207031
84934951,2025,2025-11-18,5600,2025-11-05,1535,5256,,3,5,5,5601,0,0,0,,0,8C01,"RANCHO CALLEGUAS","PLACITA BUENA ROSA",0.00,,Y,A,-,N,,,,,,,,,,N,3,0,1,2,A,-,09,21801,A,N,H,G,A,A,H,-,A,A,0,,Y,,,Y,,A,07,0,1,0,0,0,0,1,0,0,"- ","- ",34.220951080322266,-119.01239013671875,VENTURA,CAMARILLO,-119.01235961914062,34.220970153808594
84934954,2025,2025-11-18,5600,2025-11-06,"833 ",4869,,4,5,5,5601,0,0,0,,0,8A01,"DAILY DR","ROSEWOOD AV",0.00,,Y,B,-,N,,,,,,,,,,Y,4,0,1,2,A,-,09,21802,A,N,D,C,A,A,H,-,A,A,0,,,,Y,Y,,F,27,0,0,1,0,0,0,0,0,0,"- ","- ",34.218990325927734,-119.06162261962891,VENTURA,CAMARILLO,-119.06156921386719,34.218990325927734
8493651,2017,2017-12-13,5600,2017-11-07,1600,38/52,9030,2,5,6,5607,0,0,0,,0,09A,"LYNN RD","AVENIDA DE LOS ARBOLES",70.00,S,N,A,-,N,,,,,,,,,,N,4,0,1,2,A,-,08,22108,,N,C,C,A,A,H,-,A,A,0,,,,,Y,,A,07,0,0,1,0,0,0,0,0,0,"- ","- ",,,VENTURA,"THOUSAND OAKS",-118.88820911000001,34.216517340000003
84936789,2025,2025-11-19,5600,2025-11-12,1433,6005,,3,5,5,5601,0,0,0,,0,8D01,"ADOLFO RD","MISSION OAKS BL",34.00,E,N,B,-,N,,,,,,,,,,N,3,0,1,2,A,-,12,21453,A,N,D,C,A,A,H,-,A,A,0,,,,,Y,,A,01,0,1,0,0,0,0,0,0,0,"- ","- ",34.217910766601562,-119.01023101806641,VENTURA,CAMARILLO,-119.00692749023438,34.219947814941406
84936802,2025,2025-11-19,5600,2025-11-17,1228,4869,,1,5,5,5601,0,0,0,,0,8A01,"LAS POSAS RD","CRESTVIEW AV",0.00,,Y,C,-,Y,,,,,,,,,,Y,4,0,1,2,A,-,12,21453,A,N,D,C,A,B,H,-,A,A,0,,,,,Y,,A,07,0,0,1,0,0,0,0,0,0,"- ","- ",34.1343994140625,-119.04109954833984,VENTURA,CAMARILLO,-119.06999969482422,34.229042053222656