CASE_ID,ACCIDENT_YEAR,PROC_DATE,JURIS,COLLISION_DATE,COLLISION_TIME,OFFICER_ID,REPORTING_DISTRICT,DAY_OF_WEEK,CHP_SHIFT,POPULATION,CNTY_CITY_LOC,SPECIAL_COND,BEAT_TYPE,CHP_BEAT_TYPE,CITY_DIVISION_LAPD,CHP_BEAT_CLASS,BEAT_NUMBER,PRIMARY_RD,SECONDARY_RD,DISTANCE,DIRECTION,INTERSECTION,WEATHER_1,WEATHER_2,STATE_HWY_IND,CALTRANS_COUNTY,CALTRANS_DISTRICT,STATE_ROUTE,ROUTE_SUFFIX,POSTMILE_PREFIX,POSTMILE,LOCATION_TYPE,RAMP_INTERSECTION,SIDE_OF_HWY,TOW_AWAY,COLLISION_SEVERITY,NUMBER_KILLED,NUMBER_INJURED,PARTY_COUNT,PRIMARY_COLL_FACTOR,PCF_CODE_OF_VIOL,PCF_VIOL_CATEGORY,PCF_VIOLATION,PCF_VIOL_SUBSECTION,HIT_AND_RUN,TYPE_OF_COLLISION,MVIW,PED_ACTION,ROAD_SURFACE,ROAD_COND_1,ROAD_COND_2,LIGHTING,CONTROL_DEVICE,CHP_ROAD_TYPE,PEDESTRIAN_ACCIDENT,BICYCLE_ACCIDENT,MOTORCYCLE_ACCIDENT,TRUCK_ACCIDENT,NOT_PRIVATE_PROPERTY,ALCOHOL_INVOLVED,STWD_VEHTYPE_AT_FAULT,CHP_VEHTYPE_AT_FAULT,COUNT_SEVERE_INJ,COUNT_VISIBLE_INJ,COUNT_COMPLAINT_PAIN,COUNT_PED_KILLED,COUNT_PED_INJURED,COUNT_BICYCLIST_KILLED,COUNT_BICYCLIST_INJURED,COUNT_MC_KILLED,COUNT_MC_INJURED,PRIMARY_RAMP,SECONDARY_RAMP,LATITUDE,LONGITUDE,COUNTY,CITY,POINT_X,POINT_Y
8915100,2019,2019-09-30,5604,2019-07-11,0922,5555,,4,5,6,5604,0,0,0,,0,022,"N H ST","MAGNOLIA AV",0.00,,Y,A,-,N,,,,,,,,,,Y,4,0,1,2,A,-,09,21801,A,N,D,C,A,A,H,-,A,A,0,,,,,Y,,A,01,0,0,1,0,0,0,0,0,0,"- ","- ",,,VENTURA,OXNARD,-119.18784332275391,34.204570770263672
8915850,2019,2019-08-12,5608,2019-07-29,1209,439,,1,5,6,5608,0,0,0,,0,003,"SOUTH VICTORIA AV","THILLE ST",400.00,N,N,A,-,N,,,,,,,,,,Y,4,0,2,3,A,-,03,22350,,N,C,C,A,A,H,-,A,A,0,,,,,Y,,-,,0,0,2,0,0,0,0,0,0,"- ","- ",,,VENTURA,VENTURA,-119.21326446533203,34.269184112548828
8915862,2019,2019-08-12,5608,2019-07-31,1049,469,3,3,5,6,5608,0,0,0,,0,,"TELEGRAPH RD","BROOKSHIRE RD",124.00,E,N,A,-,N,,,,,,,,,,,4,0,1,2,A,-,09,21801,A,N,D,C,A,A,H,-,A,D,0,,,,,Y,,-,,0,0,1,0,0,0,0,0,0,"- ","- ",,,VENTURA,VENTURA,-119.2115478515625,34.278457641601562
8915866,2019,2019-08-12,5608,2019-07-28,1222,469,,7,5,6,5608,0,0,0,,0,002,"HARBOR BL","MONMOUTH WY",0.00,,Y,A,-,N,,,,,,,,,,Y,4,0,2,2,A,-,09,21801,A,N,D,C,A,A,H,-,A,A,0,,,,,Y,,-,,0,0,2,0,0,0,0,0,0,"- ","- ",,,VENTURA,VENTURA,-119.27287292480469,34.267478942871094
8916962,2019,2019-09-05,5600,2019-08-04,1448,4973,08111,7,5,5,5601,0,0,0,,0,08B,"PONDEROSA DR","MOBIL AV",0.00,,Y,A,-,N,,,,,,,,,,Y,3,0,1,2,A,-,08,22100,B,N,B,C,A,A,H,-,A,A,0,,,,,Y,,D,22,0,1,0,0,0,0,0,0,0,"- ","- ",34.223590850830078,-119.04270172119141,VENTURA,CAMARILLO,-119.04280090332031,34.223609924316406
8917029,2019,2020-09-29,5600,2019-07-16,1550,2947,6017,2,5,3,5602,0,0,0,,0,6B11,"E TELEGRAPH RD","SANTA CLARA AV",1006.00,E,N,A,-,Y,VEN,7,126,-,-,22.130,H,-,E,Y,4,0,1,2,A,-,07,21658,A,N,B,C,A,A,H,-,A,D,0,,,,,Y,,D,22,0,0,1,0,0,0,0,0,0,"- ","- ",,,VENTURA,FILLMORE,-118.90107727050781,34.398918151855469
8917546,2019,2019-09-03,5600,2019-07-26,1006,5466,8124,5,5,5,5601,0,0,0,,0,08C,"ARNEILL RD","PICKWICK DR",0.00,,Y,A,-,N,,,,,,,,,,Y,3,0,2,2,A,-,09,21800,D,N,D,C,A,A,H,-,A,B,0,,,,,Y,,-,"- ",0,1,1,0,0,0,0,0,0,"- ","- ",34.222301483154297,-119.03900909423828,VENTURA,CAMARILLO,-119.03904724121094,34.222278594970703
8917850,2019,2019-08-21,5608,2019-08-06,2132,505,,2,5,6,5608,0,0,0,,0,004,"SOUTHHAMPTON RD","PETIT AV",410.00,W,N,A,-,N,,,,,,,,,,N,4,0,1,1,A,-,"- ",,,N,H,A,A,A,H,-,C,D,0,,Y,,,Y,Y,L,04,0,0,1,0,0,0,1,0,0,"- ","- ",,,VENTURA,VENTURA,,
8919802,2019,2019-08-27,5600,2019-07-30,1253,5180,8202,2,5,5,5601,0,0,0,,0,08B,"MISSION OAKS BL","FLYNN RD",55.00,E,N,A,-,N,,,,,,,,,,N,4,0,1,2,A,-,03,22350,,N,C,C,A,A,H,-,A,A,0,,,,,Y,,A,01,0,0,1,0,0,0,0,0,0,"- ","- ",34.216648101806641,-119.0218505859375,VENTURA,CAMARILLO,-119.02212524414062,34.216716766357422
8920646,2019,2019-09-05,5608,2019-08-11,1526,493,,7,5,6,5608,0,0,0,,0,001,"SANTA CLARA ST","CALIFORNIA ST",175.00,W,N,A,-,N,,,,,,,,,,N,4,0,1,2,A,-,04,21703,,N,C,C,A,A,-,-,A,A,0,,,,,Y,,A,01,0,0,1,0,0,0,0,0,0,"- ","- ",,,VENTURA,VENTURA,-119.29368591308594,34.279529571533203
8920654,2019,2019-09-05,5608,2019-08-13,1720,520,,2,5,6,5608,0,0,0,,0,001,"SANTA CLARA ST","ASH ST",18.00,W,N,B,-,N,,,,,,,,,,N,4,0,1,2,A,-,03,22350,,N,C,C,A,A,H,-,A,D,0,,,,,Y,,A,01,0,0,1,0,0,0,0,0,0,"- ","- ",,,VENTURA,VENTURA,-119.28855895996094,34.279541015625
8921464,2019,2019-08-29,5600,2019-08-01,1105,5202,9110,4,5,6,5607,0,0,0,,0,09C,"BORCHARD RD","LOS VIENTOS DR",1.00,W,N,A,-,N,,,,,,,,,,Y,3,0,2,1,A,-,01,23152,F,N,F,A,A,A,H,-,A,D,0,,,,,Y,,A,07,0,2,0,0,0,0,0,0,0,"- ","- ",,,VENTURA,"THOUSAND OAKS",-118.96098327636719,34.179248809814453
8922523,2019,2019-09-05,5600,2019-08-24,1742,4973,8212,6,5,5,5601,0,0,0,,0,08D,"SANTA ROSA RD","WOODCREEK RD",956.00,S,N,A,-,N,,,,,,,,,,Y,3,0,1,2,A,-,01,23152,A,N,C,C,A,A,H,-,A,D,0,,,Y,,Y,Y,C,02,0,1,0,0,0,0,0,0,1,"- ","- ",34.222789764404297,-118.99741363525391,VENTURA,CAMARILLO,-118.99732971191406,34.222946166992188
8922969,2019,2019-09-06,5600,2019-08-08,1431,5176,8021,4,5,5,5601,0,0,0,,0,08B,"PONDEROSA DR","LANTANA ST",42.00,E,N,A,-,N,,,,,,,,,,Y,4,0,1,2,A,-,21,22106,,N,C,C,A,A,H,-,A,D,0,,,,,Y,,A,07,0,0,1,0,0,0,0,0,0,"- ","- ",34.223628997802734,-119.05474853515625,VENTURA,CAMARILLO,-119.05482482910156,34.223628997802734
8923171,2019,2019-08-26,5609,2019-07-26,1058,452,200,5,5,6,5609,0,0,0,,0,002,"MADERA RD","TIERRA REJADA RD",0.00,,Y,A,-,N,,,,,,,,,,Y,3,0,2,4,A,-,09,21453,C,N,D,C,A,A,A,-,A,A,0,,,,,Y,,A,01,0,1,1,0,0,0,0,0,0,"- ","- ",34.271701812744141,-118.79634094238281,VENTURA,"SIMI VALLEY",-118.79643249511719,34.271720886230469
8923476,2019,2020-01-06,5600,2019-08-13,1003,5016,6003,2,5,3,5602,0,0,0,,0,6A01,"RT 126","C ST",431.00,E,N,A,-,Y,VEN,7,126,-,-,20.670,H,-,W,Y,4,0,1,3,A,-,07,21658,A,N,B,E,A,A,H,-,A,D,0,,,,Y,Y,,A,01,0,0,1,0,0,0,0,0,0,"- ","- ",,,VENTURA,FILLMORE,-118.92583465576172,34.395187377929688
8923996,2019,2020-02-04,5600,2019-08-16,1319,5016,6004,5,5,3,5602,0,0,0,,0,6A01,"RT 126","RT 23",632.00,W,N,A,-,Y,VEN,7,126,-,-,21.010,H,-,E,Y,4,0,2,2,A,-,06,21755,,N,D,C,A,A,H,-,A,A,0,,,,,Y,,A,01,0,0,2,0,0,0,0,0,0,"- ","- ",,,VENTURA,FILLMORE,-118.91995239257812,34.395881652832031
8925897,2019,2019-09-30,5604,2019-08-03,1150,5492,,6,5,6,5604,0,0,0,,0,012,"E GONZALES RD","ENTRADA DR",0.00,,Y,A,-,N,,,,,,,,,,N,3,0,1,2,A,-,12,21453,A,N,A,G,A,A,H,-,A,A,0,,Y,,,Y,,L,04,0,1,0,0,0,0,1,0,0,"- ","- ",34.219009399414062,-119.17227172851562,VENTURA,OXNARD,-119.17227172851562,34.218971252441406
8925905,2019,2019-09-23,5604,2019-08-01,2311,4850,,4,5,6,5604,0,0,0,,0,014,"TOWN CENTER DR","OXNARD BL",600.00,W,N,A,-,N,,,,,,,,,,Y,2,0,1,1,A,-,01,23152,A,N,F,I,A,A,H,-,C,A,0,,,,,Y,Y,A,07,1,0,0,0,0,0,0,0,0,"- ","- ",,,VENTURA,OXNARD,-119.18196868896484,34.242225646972656
8926268,2019,2019-08-21,5600,2019-07-11,1608,4318,9146,4,5,6,5607,0,0,0,,0,9001,"LINDERO CANYON RD","LAKEVIEW CANYON RD",0.00,,Y,A,-,N,,,,,,,,,,Y,3,0,3,2,A,-,12,21453,A,N,D,C,A,A,H,-,A,A,0,,,,,Y,,A,08,0,1,2,0,0,0,0,0,0,"- ","- ",,,VENTURA,"THOUSAND OAKS",-118.78636169433594,34.183071136474609
8926870,2019,2020-09-29,5600,2019-08-14,1300,3147,9006,3,5,6,5607,0,0,0,,0,9A01,"OLSEN RD","RT 23",30.00,E,N,A,-,Y,VEN,7,23,-,R,8.056,R,4,N,Y,3,0,1,2,A,-,05,21651,A,N,D,C,A,A,H,-,A,A,0,,,,Y,Y,,F,26,0,1,0,0,0,0,0,0,0,"- ",NF,,,VENTURA,"THOUSAND OAKS",-118.84061431884766,34.239261627197266
8927376,2019,2019-09-04,5600,2019-08-16,1812,5160,8067,5,5,5,5601,0,0,0,,0,08A,"PLEASANT VALLEY RD","LAS POSAS RD",3582.00,E,N,A,-,N,,,,,,,,,,Y,4,0,1,2,A,-,03,22350,,N,C,C,A,A,H,-,A,D,0,,,,,Y,,A,01,0,0,1,0,0,0,0,0,0,"- ","- ",34.205551147460938,-119.0577392578125,VENTURA,CAMARILLO,-119.05784606933594,34.205539703369141
8927398,2019,2019-08-30,5600,2019-08-21,2036,3147,9073,3,5,6,5607,0,0,0,,0,9G01,"THOUSAND OAKS BL","CONEJO SCHOOL RD",220.00,W,N,A,-,N,,,,,,,,,,Y,3,0,2,3,A,-,01,23152,A,F,B,C,A,A,H,-,C,D,0,,,,,Y,Y,A,01,0,1,1,0,0,0,0,0,0,"- ","- ",,,VENTURA,"THOUSAND OAKS",-118.84548950195312,34.174694061279297
8927406,2019,2019-08-30,5600,2019-08-01,1144,4915,9108,4,5,6,5607,0,0,0,,0,09C,"OLD CONEJO RD","WENDY DR",0.00,,Y,A,-,N,,,,,,,,,,Y,4,0,2,3,A,-,12,21453,,N,B,C,A,A,H,-,A,A,0,,,,,Y,,A,01,0,0,2,0,0,0,0,0,0,"- ","- ",,,VENTURA,"THOUSAND OAKS",-118.94022369384766,34.188919067382812
8929924,2019,2019-09-03,5608,2019-08-21,0936,506,,3,5,6,5608,0,0,0,,0,004,"MOON DR","VICTORIA AV",0.00,,Y,A,-,N,,,,,,,,,,N,4,0,1,2,A,-,03,22350,,N,C,C,A,A,H,-,A,A,0,,,,,Y,,-,,0,0,1,0,0,0,0,0,0,"- ","- ",,,VENTURA,VENTURA,-119.21051025390625,34.255790710449219
8929965,2019,2019-09-25,5608,2019-07-17,1730,402,,3,5,6,5608,0,0,0,,0,001,"BARNETT ST","CAMERON ST",0.00,,Y,A,-,N,,,,,,,,,,N,4,0,1,2,A,-,01,23152,B,F,A,I,A,A,-,-,A,D,0,,,,,Y,Y,-,"- ",0,0,1,0,0,0,0,0,0,"- ","- ",,,VENTURA,VENTURA,-119.29559326171875,34.291160583496094
8929987,2019,2019-09-03,5608,2019-08-17,2000,518,,6,5,6,5608,0,0,0,,0,003,"FOOTHILL RD","DOROTHY AV",4.00,N,N,A,-,N,,,,,,,,,,Y,3,0,1,2,A,-,09,21802,A,N,D,C,A,A,H,-,B,D,0,,,,,Y,,A,01,0,1,0,0,0,0,0,0,0,"- ","- ",,,VENTURA,VENTURA,-119.24488067626953,34.2825927734375
8931247,2019,2019-09-25,5600,2019-08-20,0758,5174,8133,2,5,5,5601,0,0,0,,0,08C,"FENMORE AV","FENMORE CT",36.00,N,N,A,-,N,,,,,,,,,,N,3,0,1,2,A,-,21,22106,,N,D,C,A,A,H,-,A,D,0,,,,,Y,,D,22,0,1,0,0,0,0,0,0,0,"- ","- ",,,VENTURA,CAMARILLO,-119.02184295654297,34.235889434814453
8931371,2019,2019-09-17,5600,2019-07-13,1107,4722,9032,6,5,6,5607,0,0,0,,0,09A,"CALLE TULIPAN","CALLE NARCISO",495.00,W,N,A,-,N,,,,,,,,,,N,4,0,1,2,A,-,08,22107,,N,H,C,A,A,H,-,A,D,0,,,,,Y,,A,01,0,0,1,0,0,0,0,0,0,"- ","- ",,,VENTURA,"THOUSAND OAKS",-118.86213684082031,34.214393615722656
8931471,2019,2019-09-16,5600,2019-08-22,1534,4617,9006,4,5,6,5607,0,0,0,,0,09A,"MOORPARK RD","FIRE RD",700.00,S,N,A,-,N,,,,,,,,,,Y,3,0,1,1,A,-,03,22350,,N,E,I,A,A,H,-,A,D,0,,,,,Y,,A,01,0,1,0,0,0,0,0,0,0,"- ","- ",,,VENTURA,"THOUSAND OAKS",,
8932703,2019,2019-10-23,5608,2019-09-04,1446,516,VTA,3,5,6,5608,0,0,0,,0,003,"TELEGRAPH RD","KIMBALL RD",0.00,,Y,A,-,N,,,,,,,,,,Y,3,0,3,3,A,-,12,21453,A,N,A,E,A,A,H,-,A,A,0,,,,,Y,,A,01,0,1,2,0,0,0,0,0,0,"- ","- ",,,VENTURA,VENTURA,-119.19277954101562,34.281269073486328
8932766,2019,2019-09-20,5605,2019-08-29,2037,220,PATRO,4,5,3,5605,0,0,0,,0,001,"CHANNEL ISLANDS BL","BOLKER DR",0.00,,Y,A,-,N,,,,,,,,,,Y,4,0,1,3,A,-,08,22107,,N,B,C,A,A,H,-,C,D,0,,,,,Y,,A,01,0,0,1,0,0,0,0,0,0,"- ","- ",,,VENTURA,"PORT HUENEME",-119.20623779296875,34.175968170166016
8932882,2019,2019-09-24,5605,2019-09-06,2214,220,PATRO,5,5,3,5605,0,0,0,,0,003,"SURFSIDE DR","OCEAN VIEW DR",0.00,,Y,A,-,N,,,,,,,,,,Y,4,0,1,1,A,-,01,23152,A,N,E,I,A,A,H,-,C,D,0,,,,,Y,Y,A,01,0,0,1,0,0,0,0,0,0,"- ","- ",,,VENTURA,"PORT HUENEME",-119.19193267822266,34.142589569091797
8934027,2019,2019-10-11,5604,2019-08-24,1501,5459,,6,5,6,5604,0,0,0,,0,032,"PAULA ST","E CHANNEL ISLANDS BL E",0.00,,Y,A,-,N,,,,,,,,,,N,4,0,1,2,A,-,09,21802,A,N,D,C,A,A,H,-,A,A,0,,,,,Y,,A,01,0,0,1,0,0,0,0,0,0,"- ","- ",34.173328399658203,-119.16921234130859,VENTURA,OXNARD,-119.16921997070312,34.173370361328125
8934062,2019,2019-09-13,5604,2019-07-23,1728,5417,,2,5,6,5604,0,0,0,,0,023,"W 3RD ST","A ST",150.00,E,N,A,-,N,,,,,,,,,,N,4,0,1,2,A,-,03,22350,,F,C,C,A,A,H,-,A,A,0,,,,,Y,,-,"- ",0,0,1,0,0,0,0,0,0,"- ","- ",34.200950622558594,-119.17888641357422,VENTURA,OXNARD,-119.17808532714844,34.200267791748047
8934078,2019,2019-09-13,5604,2019-07-26,2015,5378,,5,5,6,5604,0,0,0,,0,042,"A ST","BARD ST",0.00,,Y,A,-,N,,,,,,,,,,N,4,0,1,2,A,-,03,22350,,F,C,C,A,A,H,-,B,A,0,,,,,Y,,-,"- ",0,0,1,0,0,0,0,0,0,"- ","- ",34.158641815185547,-119.1751708984375,VENTURA,OXNARD,-119.17922210693359,34.161029815673828
8934091,2019,2020-09-29,5604,2019-08-15,1830,5378,,4,5,6,5604,0,0,0,,0,012,"N DEL NORTE BL","RT 101",0.00,,Y,A,-,Y,VEN,7,101,-,-,19.024,R,4,S,N,4,0,1,2,A,-,12,22450,A,N,D,C,A,A,H,-,A,A,0,,,,,Y,,D,22,0,0,1,0,0,0,0,0,0,"- ",SO,34.221298217773438,-119.12690734863281,VENTURA,OXNARD,-119.12427520751953,34.221992492675781
8935567,2019,2019-11-18,5600,2019-09-02,0145,3998,8211,1,5,5,5601,0,0,0,,0,8D01,"MISSION OAKS BL","CALLE MENDOTA",262.00,N,N,A,-,N,,,,,,,,,,Y,3,0,1,1,A,-,08,22107,,N,E,I,A,A,H,-,C,D,0,,,,,Y,,A,01,0,1,0,0,0,0,0,0,0,"- ","- ",,,VENTURA,CAMARILLO,-119.00298309326172,34.226478576660156
8936381,2019,2019-10-28,5608,2019-09-05,0722,439,,4,5,6,5608,0,0,0,,0,002,"SEAWARD AV","EAST THOMPSON BL",0.00,,Y,A,-,N,,,,,,,,,,Y,3,0,1,3,A,-,12,21453,A,N,D,C,A,A,H,-,A,A,0,,,,,Y,,-,,0,1,0,0,0,0,0,0,0,"- ","- ",,,VENTURA,VENTURA,-119.26638793945312,34.273578643798828
8936404,2019,2019-09-24,5608,2019-09-03,1806,474,,2,5,6,5608,0,0,0,,0,001,"POLI ST","N ANN ST",0.00,,Y,A,-,N,,,,,,,,,,Y,3,0,1,2,A,-,12,22450,,N,D,C,A,A,H,-,A,D,0,,,,,Y,,-,"- ",0,1,0,0,0,0,0,0,0,"- ","- ",34.1693115234375,-119.17041015625,VENTURA,VENTURA,-119.28395080566406,34.282161712646484
8937806,2019,2019-09-20,5600,2019-08-28,1432,4844,5104,3,5,4,5690,0,0,0,,0,02B,"COLLINS DR","UNIVERSITY DR",205.00,W,N,A,-,N,,,,,,,,,,Y,3,0,2,2,A,-,09,21804,A,N,H,C,A,A,H,-,A,D,0,,,,,Y,,A,07,0,1,1,0,0,0,0,0,0,"- ","- ",,,VENTURA,MOORPARK,-118.83756256103516,34.302387237548828
8938504,2019,2019-10-03,5600,2019-09-15,1522,5007,9082,7,5,6,5607,0,0,0,,0,09B,"WILBUR RD","PENNSFIELD PL",275.00,E,N,A,-,N,,,,,,,,,,Y,4,0,1,2,A,-,04,21703,,N,C,C,A,A,H,-,A,D,0,,,,,Y,,A,07,0,0,1,0,0,0,0,0,0,"- ","- ",,,VENTURA,"THOUSAND OAKS",-118.87315368652344,34.186347961425781
8939091,2019,2019-10-22,5600,2019-05-12,0116,4844,5104,7,5,4,5690,0,0,0,,0,02B,"RT 23","MILLER PKWY",247.00,W,N,A,-,Y,VEN,7,23,-,T,12.000,H,-,S,Y,1,1,0,2,A,-,11,21956,A,N,G,B,E,A,H,-,C,D,0,Y,,,,Y,,N,60,0,0,0,1,0,0,0,0,0,"- ","- ",,,VENTURA,MOORPARK,-118.87026977539062,34.279125213623047
8939122,2019,2021-05-24,5608,2019-05-17,0135,322,,5,5,6,5608,0,0,0,,0,003,"TELEGRAPH RD","CLAREMONT WY",0.00,,Y,A,-,N,,,,,,,,,,Y,1,1,4,1,A,-,01,23152,A,N,E,I,A,A,H,-,C,A,0,,,,,Y,Y,D,22,4,0,0,0,0,0,0,0,0,"- ","- ",34.275138854980469,-119.23399353027344,VENTURA,VENTURA,-119.23401641845703,34.275131225585938
8939343,2019,2019-10-24,5600,2019-07-14,1039,3469,8003,7,5,5,5601,0,0,0,,0,08A,"CRESTVIEW AV","CALLE TIERRA VISTA",1010.00,W,N,A,-,N,,,,,,,,,,Y,1,1,0,1,A,-,01,23152,A,N,E,I,A,A,H,-,A,D,0,,,,,Y,Y,D,22,0,0,0,0,0,0,0,0,0,"- ","- ",34.228408813476562,-119.09538269042969,VENTURA,CAMARILLO,-119.09488677978516,34.228450775146484
8940414,2019,2020-01-31,5600,2019-08-04,1430,2947,6004,7,5,3,5602,0,0,0,,0,06A,"RT 126","RT 23",70.00,W,N,A,-,Y,VEN,7,126,-,-,21.130,H,-,E,Y,3,0,1,2,A,-,09,21804,A,N,D,C,A,A,H,-,A,A,0,,,,,Y,,A,01,0,1,0,0,0,0,0,0,0,"- ","- ",,,VENTURA,FILLMORE,-118.91786956787109,34.396125793457031
8941065,2019,2019-09-25,5600,2019-06-21,2356,4788,9014,5,5,6,5607,0,0,0,,0,9A01,"OLSEN RD","SUNSET HILLS BL",9.00,E,N,A,-,N,,,,,,,,,,Y,3,0,1,1,A,-,01,23152,A,N,E,I,A,A,H,-,C,A,0,,,,,Y,Y,A,01,0,1,0,0,0,0,0,0,0,"- ","- ",,,VENTURA,"THOUSAND OAKS",-118.85910797119141,34.232563018798828
8941364,2019,2019-10-01,5608,2019-09-11,1051,514,VENTU,3,5,6,5608,0,0,0,,0,001,"SANTA CLARA ST","S PALM ST",0.00,,Y,A,-,N,,,,,,,,,,N,4,0,1,2,A,-,12,22450,A,N,D,G,A,A,H,-,A,A,0,,Y,,,Y,,L,04,0,0,1,0,0,0,1,0,0,"- ","- ",,,VENTURA,VENTURA,-119.29618835449219,34.279529571533203
8941376,2019,2019-10-01,5608,2019-09-13,1355,494,,5,5,6,5608,0,0,0,,0,002,"SEAWARD AV","THOMPSON BL",227.00,S,N,A,-,N,,,,,,,,,,Y,3,0,1,2,A,-,08,22107,,N,D,C,A,A,H,-,A,D,0,,,,,Y,,A,01,0,1,0,0,0,0,0,0,0,"- ","- ",,,VENTURA,VENTURA,-119.26657867431641,34.272975921630859
8941388,2019,2019-10-01,5608,2019-09-12,0730,501,,4,5,6,5608,0,0,0,,0,001,"W STANLEY AV","N OLIVE ST",200.00,W,N,A,-,N,,,,,,,,,,N,4,0,1,2,A,-,10,21950,A,N,D,G,A,A,H,-,A,A,0,,Y,,,Y,,A,01,0,0,1,0,0,0,1,0,0,"- ","- ",,,VENTURA,VENTURA,-119.29879760742188,34.300296783447266
8941398,2019,2019-11-13,5604,2019-07-13,1648,5474,,6,5,6,5604,0,0,0,,0,031,"E 3RD ST","S ROSE AV",0.00,,Y,A,-,N,,,,,,,,,,N,4,0,1,2,A,-,12,21453,A,N,D,G,A,A,H,-,A,A,0,,Y,,,Y,,-,"- ",0,0,1,0,0,0,1,0,0,"- ","- ",34.200439453125,-119.15973663330078,VENTURA,OXNARD,-119.15985107421875,34.200450897216797
8941402,2019,2019-11-13,5604,2019-07-23,1900,5098,,2,5,6,5604,0,0,0,,0,032,"ALEXANDER ST","SAN MATEO AV",100.00,S,N,A,-,N,,,,,,,,,,N,3,0,1,2,A,-,03,22350,,N,G,B,D,A,H,-,A,A,0,Y,,,,Y,,-,"- ",0,1,0,0,1,0,0,0,0,"- ","- ",34.177478790283203,-119.15650939941406,VENTURA,OXNARD,-119.15677642822266,34.177585601806641
8941647,2019,2019-10-02,5600,2019-09-06,1232,4965,8135,5,5,5,5601,0,0,0,,0,08B,"LAS POSAS RD","ANTONIO AV",0.00,,Y,A,-,N,,,,,,,,,,Y,3,0,4,2,A,-,09,21801,A,N,D,D,A,A,H,-,A,A,0,,,,,Y,,A,07,0,1,3,0,0,0,0,0,0,"- ","- ",34.241680145263672,-119.01786804199219,VENTURA,CAMARILLO,-119.01785278320312,34.241680145263672
8942004,2019,2019-10-04,5606,2019-07-23,2143,1070,5606,2,5,4,5606,0,0,0,,0,002,"SANTA BARBARA ST","7TH N ST",0.00,,Y,C,-,N,,,,,,,,,,N,4,0,1,2,A,-,09,21802,A,N,D,G,A,A,H,-,C,A,0,,Y,,,Y,,L,04,0,0,1,0,0,0,1,0,0,"- ","- ",,,VENTURA,"SANTA PAULA",-119.0667724609375,34.353721618652344
8942109,2019,2019-10-07,5600,2019-08-02,1548,5466,8055,5,5,5,5601,0,0,0,,0,08A,"LAS POSAS RD","FIRE STATION 50",0.00,,Y,A,-,N,,,,,,,,,,Y,3,0,1,2,A,-,09,21801,A,N,H,C,A,A,H,-,A,A,0,,,,,Y,,A,01,0,1,0,0,0,0,0,0,0,"- ","- ",34.215641021728516,-119.06977081298828,VENTURA,CAMARILLO,-119.06975199999999,34.211860000000001
8942268,2019,2019-10-15,5600,2019-09-25,1032,4501,8111,3,5,5,5601,0,0,0,,0,08B,"LAS POSAS RD","ARNEILL RD",0.00,,Y,A,-,N,,,,,,,,,,Y,3,0,2,2,A,-,09,21801,A,N,H,C,A,A,H,-,A,A,0,,,,,Y,,A,01,0,1,1,0,0,0,0,0,0,"- ","- ",34.236301422119141,-119.03900146484375,VENTURA,CAMARILLO,-119.03907775878906,34.236579895019531
8942284,2019,2019-10-15,5600,2019-09-17,1421,5180,8252,2,5,5,5601,0,0,0,,0,08C,"PLEASANT VALLEY RD","VILLAGE COMMONS BL",677.00,W,N,A,-,N,,,,,,,,,,Y,4,0,1,1,A,-,08,22107,,N,E,I,A,A,H,-,A,A,0,,,,,Y,,A,01,0,0,1,0,0,0,0,0,0,"- ","- ",34.205539703369141,-119.02751922607422,VENTURA,CAMARILLO,-119.02730560302734,34.205501556396484
8942845,2019,2019-10-09,5604,2019-08-12,0605,5592,,1,5,6,5604,0,0,0,,0,012,"N RICE AV","E VENTURA BL E",0.00,,Y,A,-,N,,,,,,,,,,Y,4,0,1,2,A,-,09,21453,C,N,A,C,A,A,H,-,A,A,0,,,,,Y,,-,"- ",0,0,1,0,0,0,0,0,0,"- ","- ",34.224311828613281,-119.14089965820312,VENTURA,OXNARD,-119.140913,34.224294
8942865,2019,2019-10-18,5604,2019-09-06,0752,5001,,5,5,6,5604,0,0,0,,0,022,"WOOLEY RD","J ST",0.00,,Y,A,-,N,,,,,,,,,,Y,4,0,1,2,A,-,12,21453,A,N,D,C,A,A,H,-,A,A,0,,,,,Y,,A,01,0,0,1,0,0,0,0,0,0,"- ","- ",,,VENTURA,OXNARD,-119.18952178955078,34.190040588378906
8943043,2019,2019-09-25,5609,2019-08-29,1543,437,2,4,5,6,5609,0,0,0,,0,002,"MADERA RD","SUNSET GARDEN LN",70.00,E,N,A,-,N,,,,,,,,,,Y,4,0,2,3,A,-,03,22350,,N,C,C,A,A,H,-,A,A,0,,,,Y,Y,,F,55,0,0,2,0,0,0,0,0,0,"- ","- ",34.254978179931641,-118.80838775634766,VENTURA,"SIMI VALLEY",-118.80815124511719,34.255123138427734
8943150,2019,2019-09-23,5609,2019-08-10,0746,452,609,6,5,6,5609,0,0,0,,0,006,"LOS ANGELES AV","STOW ST",0.00,,Y,A,-,N,,,,,,,,,,N,3,0,1,2,A,-,09,21801,A,N,D,G,A,A,H,-,A,A,0,,Y,,,Y,,A,01,0,1,0,0,0,0,1,0,0,"- ","- ",34.271778106689453,-118.6827392578125,VENTURA,"SIMI VALLEY",-118.68276214599609,34.271739959716797
8943166,2019,2019-09-23,5609,2019-08-12,1919,443,,1,5,6,5609,0,0,0,,0,003,"ROYAL AV","ERRINGER RD",0.00,,Y,A,-,N,,,,,,,,,,Y,3,0,3,3,A,-,09,21801,A,N,D,C,A,A,H,-,B,A,0,,,,,Y,,A,01,0,2,1,0,0,0,0,0,0,"- ","- ",34.263648986816406,-118.76136779785156,VENTURA,"SIMI VALLEY",-118.76138305664062,34.263641357421875