CASE_ID,ACCIDENT_YEAR,PROC_DATE,JURIS,COLLISION_DATE,COLLISION_TIME,OFFICER_ID,REPORTING_DISTRICT,DAY_OF_WEEK,CHP_SHIFT,POPULATION,CNTY_CITY_LOC,SPECIAL_COND,BEAT_TYPE,CHP_BEAT_TYPE,CITY_DIVISION_LAPD,CHP_BEAT_CLASS,BEAT_NUMBER,PRIMARY_RD,SECONDARY_RD,DISTANCE,DIRECTION,INTERSECTION,WEATHER_1,WEATHER_2,STATE_HWY_IND,CALTRANS_COUNTY,CALTRANS_DISTRICT,STATE_ROUTE,ROUTE_SUFFIX,POSTMILE_PREFIX,POSTMILE,LOCATION_TYPE,RAMP_INTERSECTION,SIDE_OF_HWY,TOW_AWAY,COLLISION_SEVERITY,NUMBER_KILLED,NUMBER_INJURED,PARTY_COUNT,PRIMARY_COLL_FACTOR,PCF_CODE_OF_VIOL,PCF_VIOL_CATEGORY,PCF_VIOLATION,PCF_VIOL_SUBSECTION,HIT_AND_RUN,TYPE_OF_COLLISION,MVIW,PED_ACTION,ROAD_SURFACE,ROAD_COND_1,ROAD_COND_2,LIGHTING,CONTROL_DEVICE,CHP_ROAD_TYPE,PEDESTRIAN_ACCIDENT,BICYCLE_ACCIDENT,MOTORCYCLE_ACCIDENT,TRUCK_ACCIDENT,NOT_PRIVATE_PROPERTY,ALCOHOL_INVOLVED,STWD_VEHTYPE_AT_FAULT,CHP_VEHTYPE_AT_FAULT,COUNT_SEVERE_INJ,COUNT_VISIBLE_INJ,COUNT_COMPLAINT_PAIN,COUNT_PED_KILLED,COUNT_PED_INJURED,COUNT_BICYCLIST_KILLED,COUNT_BICYCLIST_INJURED,COUNT_MC_KILLED,COUNT_MC_INJURED,PRIMARY_RAMP,SECONDARY_RAMP,LATITUDE,LONGITUDE,COUNTY,CITY,POINT_X,POINT_Y
90164329,2016,2016-07-28,9770,2016-04-16,0940,018942,,6,1,6,5609,0,1,3,,2,083,"SR-118 E/B (RONALD REAGAN FREEWAY)","SYCAMORE DRIVE",528.00,W,N,A,-,Y,,,118,,,,,,E,Y,4,0,1,2,A,-,07,21658,A,M,C,C,A,A,H,-,A,D,0,,,,,Y,,A,01,0,0,1,0,0,0,0,0,0,"- ","- ",34.282130000000002,-118.74508,VENTURA,"SIMI VALLEY",-118.74507998,34.282138359999998
90164948,2016,2016-04-25,9765,2016-04-20,1620,016420,,3,2,9,5600,0,3,5,,2,003,"TELEPHONE RD.","OLIVAS PARK DR.",1056.00,N,N,A,-,N,,,,,,,,,,Y,4,0,1,3,A,-,03,22350,,N,C,C,A,A,H,-,A,D,0,,,,,Y,,A,07,0,0,1,0,0,0,0,0,0,"- ","- ",34.247219999999999,-119.23434,VENTURA,UNINCORPORATED,-119.23433476,34.247295620000003
90165638,2016,2016-04-26,9770,2016-04-19,1545,016561,,2,2,6,5607,0,1,2,,2,073,"US-101 S/B TO WENDY DRIVE","WENDY DRIVE",181.00,S,N,A,-,Y,,,101,,,,R,,S,Y,4,0,1,1,A,-,03,22350,,N,E,I,A,A,H,-,A,D,0,,,Y,,Y,,C,02,0,0,1,0,0,0,0,0,1,"- ","- ",34.189190000000004,-118.93886999999999,VENTURA,"THOUSAND OAKS",-118.93886999999999,34.189190000000004
90165841,2016,2016-04-26,9770,2016-04-19,1250,016561,,2,1,6,5607,0,1,2,,2,072,"US-101 N/B (VENTURA FREEWAY)","MOORPARK ROAD",2112.00,N,N,A,-,Y,,,101,,,,,,N,Y,3,0,1,2,A,-,07,21658,A,N,B,C,A,A,D,-,A,D,0,,,,,Y,,A,07,0,1,0,0,0,0,0,0,0,"- ","- ",34.179789999999997,-118.88372,VENTURA,"THOUSAND OAKS",-118.88373801,34.179754160000002
90166599,2016,2016-04-27,9770,2016-04-21,0000,018690,,4,3,6,5607,0,1,2,,2,075,"US-101 S/B (VENTURA FREEWAY)","HAMPSHIRE ROAD",2112.00,N,N,A,-,Y,,,101,,,,,,S,Y,3,0,1,1,A,-,01,23152,F,N,E,I,A,A,D,-,C,D,0,,,,,Y,Y,A,01,0,1,0,0,0,0,0,0,0,"- ","- ",34.168610000000001,-118.84148999999999,VENTURA,"THOUSAND OAKS",-118.84161751000001,34.168417789999999
9016749,2020,2020-02-25,5608,2020-01-31,1535,429,,5,5,6,5608,0,0,0,,0,003,"WELLS RD","TELEPHONE RD",280.00,N,N,A,-,N,,,,,,,,,,Y,3,0,1,2,A,-,08,22107,,N,D,C,A,A,H,-,A,A,0,,,,,Y,,A,01,0,1,0,0,0,0,0,0,0,"- ","- ",,,VENTURA,VENTURA,-119.15180206298828,34.284324645996094
9017076,2020,2020-06-19,5604,2020-02-03,0745,4795,,1,5,6,5604,0,0,0,,0,011,"N VICTORIA AV","GUM TREE ST",800.00,N,N,A,-,N,,,,,,,,,,N,4,0,1,2,A,-,04,21703,,N,C,C,A,A,H,-,A,A,0,,,,,Y,,-,"- ",0,0,1,0,0,0,0,0,0,"- ","- ",34.224960327148438,-119.22113037109375,VENTURA,OXNARD,-119.22098800000001,34.227173999999998
90171303,2016,2016-05-03,9770,2016-04-27,1155,016561,,3,1,6,5607,0,1,2,,2,075,"US-101 S/B (VENTURA FREEWAY)","HAMPSHIRE ROAD",528.00,N,N,A,-,Y,,,101,,,,,,S,N,4,0,1,2,A,-,03,22350,,N,C,C,A,A,D,-,A,D,0,,,,,Y,,A,07,0,0,1,0,0,0,0,0,0,"- ","- ",34.169159999999998,-118.84286,VENTURA,"THOUSAND OAKS",-118.8428224,34.169216210000002
90172548,2016,2016-05-04,9770,2016-04-30,1135,016383,,6,1,6,5607,0,1,2,,2,072,"US-101 N/B (VENTURA FREEWAY)","VENTU PARK ROAD",1584.00,N,N,A,-,Y,,,101,,,,,,N,Y,4,0,2,4,A,-,03,22350,,N,C,C,A,A,H,-,A,D,0,,,,,Y,,A,01,0,0,2,0,0,0,0,0,0,"- ","- ",34.184429999999999,-118.90379,VENTURA,"THOUSAND OAKS",-118.90379135000001,34.184494899999997
90173491,2016,2016-05-05,9765,2016-04-29,1325,020882,,5,1,6,5608,0,1,3,,2,010,"SR-33 (OJAI FREEWAY) N/B","STANLEY AVENUE",1584.00,S,N,A,-,Y,,,33,,,,,,N,Y,3,0,2,1,A,-,08,22107,,N,E,I,A,A,H,-,A,D,0,,,,,Y,,A,07,0,1,1,0,0,0,0,0,0,"- ","- ",34.294339999999998,-119.30502,VENTURA,VENTURA,-119.30496957,34.294315990000001
90173635,2016,2016-05-05,9765,2016-05-04,0750,013549,,3,1,6,5608,0,1,3,,1,031,"SR-126 W/B (SANTA PAULA FREEWAY)","HILL STREET PED O/C",1056.00,E,N,B,-,Y,,,,,,,,,,N,4,0,1,2,A,-,03,22350,,N,C,C,A,A,H,-,A,D,0,,,,,Y,,A,07,0,0,1,0,0,0,0,0,0,"- ","- ",,,VENTURA,VENTURA,,
90175033,2016,2016-05-09,9765,2016-04-28,0650,020087,,4,1,6,5604,0,1,2,,2,501,"US-101 S/B (VENTURA FWY)","DEL NORTE BLVD",1200.00,S,N,A,-,Y,,,101,,,,,,S,Y,4,0,1,3,A,-,03,22350,,N,C,C,A,A,H,-,A,D,0,,,,Y,Y,,A,01,0,0,1,0,0,0,0,0,0,"- ","- ",34.222000000000001,-119.119,VENTURA,OXNARD,-119.11900042000001,34.221920740000002
90175129,2016,2016-05-09,9770,2016-05-02,1640,018885,,1,2,9,5600,0,2,4,,1,056,"GRIMES CANYON ROAD","MARIA DRIVE (PRIVATE)",745.00,N,N,A,-,N,,,,,,,,,,Y,3,0,3,2,A,-,09,21804,A,N,D,C,A,A,H,-,A,D,0,,,,,Y,,A,01,0,1,2,0,0,0,0,0,0,"- ","- ",34.2913,-118.92744999999999,VENTURA,UNINCORPORATED,-118.92732832,34.29140795
9017644,2020,2020-03-06,5604,2020-01-25,0810,5585,,6,5,6,5604,0,0,0,,0,031,"FIRST ST","ROSE AV",0.00,,Y,E,-,N,,,,,,,,,,Y,4,0,2,2,A,-,03,22350,,N,C,C,A,B,H,-,A,A,0,,,,,Y,,A,01,0,0,2,0,0,0,0,0,0,"- ","- ",34.202610015869141,-119.15971374511719,VENTURA,OXNARD,-119.15981292724609,34.202621459960938
9017648,2020,2020-03-06,5604,2020-01-27,1146,5527,,1,5,6,5604,0,0,0,,0,031,"FIRST ST","ROSE AV",10.00,S,N,A,-,N,,,,,,,,,,Y,3,0,1,2,A,-,03,22350,,N,C,C,A,A,A,-,A,A,0,,,,,Y,,A,01,0,1,0,0,0,0,0,0,0,"- ","- ",34.202610015869141,-119.15971374511719,VENTURA,OXNARD,-119.15981292724609,34.202621459960938
9017652,2020,2020-03-06,5604,2020-01-26,1828,5532,,7,5,6,5604,0,0,0,,0,024,"WOOLEY RD","ESCALON BL",0.00,,Y,A,-,N,,,,,,,,,,Y,4,0,1,2,A,-,09,21801,A,N,B,C,A,A,H,-,C,A,0,,,,,Y,,A,01,0,0,1,0,0,0,0,0,0,"- ","- ",34.190170288085938,-119.19982147216797,VENTURA,OXNARD,-119.1998291015625,34.190410614013672
9017753,2019,2020-02-11,5600,2019-12-21,1309,4501,8010,6,5,5,5601,0,0,0,,0,08A,"LAS POSAS RD","CRESTVIEW AV",0.00,,Y,A,-,N,,,,,,,,,,Y,3,0,4,3,A,-,12,21453,A,N,F,C,A,A,H,-,A,A,0,,,,,Y,,A,01,0,3,1,0,0,0,0,0,0,"- ","- ",34.1343994140625,-119.04080200195312,VENTURA,CAMARILLO,-119.06999969482422,34.229038238525391
90179738,2016,2016-05-16,9765,2016-05-06,0235,019884,,5,3,6,5608,0,1,3,,1,031,"SR-126 WESTBOUND","VICTORIA AVE.",393.00,E,N,B,-,Y,,,126,,,,,,W,Y,3,0,1,1,A,-,01,23152,A,N,E,I,A,A,H,-,C,D,0,,,,,Y,Y,A,01,0,1,0,0,0,0,0,0,0,"- ","- ",34.27176,-119.21236,VENTURA,VENTURA,-119.21234544000001,34.271617290000002
90179871,2016,2016-05-16,9770,2016-05-08,1340,019276,,7,1,6,5607,0,1,2,,2,074,"US-101 N/B (VENTURA FREEWAY)","MOORPARK ROAD",250.00,S,N,A,-,Y,,,101,,,,,,N,Y,4,0,2,2,A,-,03,22350,,N,C,C,A,A,D,-,A,D,0,,,,,Y,,A,01,0,0,2,0,0,0,0,0,0,"- ","- ",34.177349999999997,-118.87557,VENTURA,"THOUSAND OAKS",-118.875568,34.177376019999997
90181438,2016,2016-05-17,9770,2016-05-14,1030,018572,,6,1,6,5607,0,1,2,,2,072,"US-101 N/B (VENTURA FREEWAY)","VENTU PARK ROAD",50.00,N,N,A,-,Y,,,101,,,,,,N,N,4,0,1,2,A,-,03,22350,,N,C,C,A,A,H,-,A,D,0,,,,,Y,,A,01,0,0,1,0,0,0,0,0,0,"- ","- ",34.18441,-118.91208,VENTURA,"THOUSAND OAKS",-118.91208048999999,34.184459580000002
90182197,2016,2016-05-18,9765,2016-05-09,0240,020912,,1,3,9,5600,0,1,2,,2,103,"US-101 SOUTHBOUND","W. MAIN ST.",725.00,N,N,A,-,Y,,,101,,,,,,S,Y,2,0,2,1,A,-,01,23152,A,N,E,I,A,A,H,-,D,D,0,,,,,Y,Y,A,01,1,1,0,0,0,0,0,0,0,"- ","- ",34.283639999999998,-119.31908,VENTURA,UNINCORPORATED,-119.31911796999999,34.283562400000001
90182389,2016,2016-05-18,9765,2016-05-11,1728,017395,,3,2,6,5604,0,1,2,,2,502,"US-101 N/B","DEL NORTE BLVD",528.00,S,N,A,-,Y,,,101,,,,,,N,N,4,0,1,2,A,-,03,22350,,N,C,C,A,A,H,-,A,D,0,,,,,Y,,A,01,0,0,1,0,0,0,0,0,0,"- ","- ",34.22213,-119.12614000000001,VENTURA,OXNARD,-119.12613983999999,34.222167900000002
90182431,2016,2016-05-18,9765,2016-05-10,0835,013549,,2,1,6,5608,0,1,2,,1,104,"US-101 N/B (VENTURA FREEWAY)","OAK STREET",1056.00,N,N,B,-,Y,,,101,,,,,,N,Y,4,0,1,2,A,-,07,21658,A,F,E,J,A,A,H,-,A,D,0,,,,,Y,,D,22,0,0,1,0,0,0,0,0,0,"- ","- ",34.277500000000003,-119.29946,VENTURA,VENTURA,-119.29946132000001,34.277552620000002
90182676,2016,2016-05-19,9765,2016-05-12,1728,017395,,4,2,5,5601,0,1,2,,2,502,"US-101 N/B","LAS POSAS ROAD",867.00,N,N,A,-,Y,,,101,,,,,,N,Y,4,0,1,3,A,-,08,22107,,N,B,C,A,A,H,-,A,D,0,,,,,Y,,A,01,0,0,1,0,0,0,0,0,0,"- ","- ",34.2196,-119.07468,VENTURA,CAMARILLO,-119.07467794,34.219624009999997
90183395,2015,2016-05-19,9765,2015-12-28,2025,020866,,1,2,9,5600,0,3,5,,2,004,"OLD TELEGRAPH ROAD","7TH STREET",0.00,,Y,A,-,N,,,,,,,,,,Y,1,1,2,2,A,-,09,21802,A,F,D,C,A,A,H,-,D,A,0,,,,,Y,,D,22,1,0,1,0,0,0,0,0,0,"- ","- ",34.39902,-118.94923,VENTURA,UNINCORPORATED,-118.94919009,34.399050109999997
90185656,2016,2016-05-24,9765,2016-05-16,1507,020808,,1,2,9,5600,0,2,4,,2,590,"CENTRAL AVE.","SR-232  (VINEYARD AVE.)",60.00,S,N,A,-,N,,,,,,,,,,Y,4,0,2,2,A,-,09,21801,A,N,D,C,A,A,H,-,A,D,0,,,,,Y,,D,22,0,0,2,0,0,0,0,0,0,"- ","- ",34.222050000000003,-119.12781,VENTURA,UNINCORPORATED,-119.15299416000001,34.25787708
90185680,2016,2016-05-24,9765,2016-05-16,1637,020808,,1,2,5,5601,0,1,2,,2,504,"US 101 N/B","DAWSON DR.",400.00,S,N,A,-,Y,,,,,,,,,,Y,4,0,1,2,A,-,03,22350,,N,C,C,A,A,H,-,A,D,0,,,,,Y,,D,22,0,0,1,0,0,0,0,0,0,"- ","- ",34.215800000000002,-119.02856,VENTURA,CAMARILLO,-119.03154556,34.216234100000001
90185779,2016,2016-05-24,9765,2016-05-17,1635,020497,,2,2,5,5601,0,1,2,,2,504,"US-101 NORTHBOUND (VENTURA FREEWAY)","SR-34  (LEWIS ROAD)",2112.00,S,N,A,-,Y,,,101,,,,,,N,N,4,0,1,2,A,-,03,22350,,N,C,C,A,A,H,-,A,D,0,,,,,Y,,D,22,0,0,1,0,0,0,0,0,0,"- ","- ",34.215809999999998,-119.02715000000001,VENTURA,CAMARILLO,-119.02714981,34.215855779999998
90186830,2016,2016-05-25,9765,2016-05-23,1549,016712,,1,2,9,5600,0,3,5,,2,002,"SANTA ANA RD (8680 BLOCK)","HOLLINGSWORTH RD.",528.00,S,N,A,-,N,,,,,,,,,,Y,4,0,1,2,A,-,08,22107,,N,B,C,A,A,H,-,A,D,0,,,,,Y,,A,01,0,0,1,0,0,0,0,0,0,"- ","- ",34.372889999999998,-119.31265999999999,VENTURA,UNINCORPORATED,,
90186852,2016,2016-05-25,9770,2016-04-28,1415,012869,,4,2,6,5607,0,1,3,,2,077,"SR-23 S/B TO US-101 S/B","RANCHO ROAD",181.00,S,N,A,-,Y,,,23,,,,R,,S,Y,3,0,2,2,A,-,01,23152,E,N,E,I,A,A,D,-,A,D,0,,,,,Y,,A,01,0,1,1,0,0,0,0,0,0,"- ","- ",34.175190000000001,-118.85796000000001,VENTURA,"THOUSAND OAKS",-118.85796000000001,34.175190000000001
90188277,2016,2016-05-26,9765,2016-05-14,1620,020481,,6,2,9,5600,0,3,5,,2,004,"SYCAMORE ROAD",SR-126,4224.00,N,N,A,-,N,,,,,,,,,,Y,2,0,1,1,A,-,08,22107,,F,E,I,A,A,H,-,A,D,0,,,,,Y,,A,01,1,0,0,0,0,0,0,0,0,"- ","- ",34.307340000000003,-118.9811,VENTURA,UNINCORPORATED,-118.98103236999999,34.387291820000002
90188312,2016,2016-05-26,9765,2016-05-16,1445,020808,,1,2,6,5604,0,1,2,,2,501,"US 101 S/B","DEL NORTE BLVD.",200.00,N,N,A,-,Y,,,,,,,,,,N,4,0,1,2,A,-,17,23114,A,N,E,J,A,A,H,-,A,D,0,,,,,Y,,D,22,0,0,1,0,0,0,0,0,0,"- ","- ",34.222050000000003,-119.12781,VENTURA,OXNARD,-119.12684,34.222000000000001
90190808,2016,2016-05-31,9765,2016-05-16,1856,020540,,1,2,9,5600,0,3,5,,2,002,"FERNANDO DRIVE","ARNEZ AVENUE",82.00,W,N,A,-,N,,,,,,,,,,N,3,0,1,2,A,-,11,21954,A,N,G,B,D,A,H,-,A,D,0,Y,,,,Y,,N,60,0,1,0,0,1,0,0,0,0,"- ","- ",34.451680000000003,-119.28136000000001,VENTURA,UNINCORPORATED,-119.28150012,34.451715030000003
90193601,2016,2016-06-02,9770,2016-05-27,0001,020964,,5,3,9,5600,0,1,3,,1,057,SR-23,"BARDSDALE AVENUE",1056.00,N,N,A,-,Y,,,23,,,,,,,Y,4,0,1,1,A,-,03,22350,,N,E,I,A,A,H,-,C,D,0,,,,,Y,,A,01,0,0,1,0,0,0,0,0,0,"- ","- ",34.372390000000003,-118.91567000000001,VENTURA,UNINCORPORATED,-118.9157123,34.372446750000002
90196177,2016,2016-06-07,9765,2016-05-28,1541,020866,,6,2,9,5600,0,1,3,,2,040,"SR-126  E/B",SR-118,1056.00,E,N,A,-,Y,,,126,,,,,,E,N,4,0,1,2,A,-,03,22350,,N,C,C,A,A,H,-,A,D,0,,,,,Y,,D,22,0,0,1,0,0,0,0,0,0,"- ","- ",34.297159999999998,-119.1439,VENTURA,UNINCORPORATED,-119.14380464,34.296999560000003
90196278,2016,2016-06-07,9770,2016-05-22,1005,021306,,7,1,6,5607,0,1,2,,2,072,"US-101 (VENTURA FREEWAY)","LYNN ROAD",514.00,S,N,A,-,Y,,,101,,,,,,,Y,4,0,2,2,A,-,03,22350,,N,C,C,A,A,H,-,A,D,0,,,,,Y,,A,01,0,0,2,0,0,0,0,0,0,"- ","- ",34.182729999999999,-118.89002000000001,VENTURA,"THOUSAND OAKS",-118.89005512999999,34.18266148
90197689,2016,2016-06-09,9765,2016-05-31,1620,020423,,2,2,9,5600,0,1,3,,1,062,SR-1,"CALLEGUAS CREEK ROAD",5280.00,S,N,A,-,Y,,,1,,,,,,,N,2,0,1,1,A,-,03,22350,,N,E,I,A,A,H,-,A,D,0,,,Y,,Y,,C,02,1,0,0,0,0,0,0,0,1,"- ","- ",34.101309999999998,-119.08099,VENTURA,UNINCORPORATED,-119.08104285,34.101287849999999
90199928,2016,2016-06-13,9765,2016-05-31,1900,017599,,2,2,6,5604,0,1,2,,2,530,"US-101 N/B","OXNARD BLVD",1584.00,N,N,A,-,Y,,,101,,,,,,N,Y,3,0,3,2,A,-,08,22107,,N,B,C,A,A,H,-,A,D,0,,,,,Y,,A,07,0,1,2,0,0,0,0,0,0,"- ","- ",34.241190000000003,-119.18604999999999,VENTURA,OXNARD,-119.18601464,34.241283619999997
90200081,2016,2016-06-13,9765,2016-06-01,2120,019884,,3,2,6,5608,0,1,3,,2,011,"SR-33 SB TO US-101 SB","GARDEN ST.",300.00,N,N,B,-,Y,,,33,,,,R,,S,N,4,0,1,2,A,-,07,21658,A,M,B,C,A,A,H,-,D,D,0,,,,,Y,,D,22,0,0,1,0,0,0,0,0,0,"- ","- ",34.277520000000003,-119.30457,VENTURA,VENTURA,-119.30457,34.277520000000003
90201180,2016,2016-06-14,9765,2016-06-07,1720,020808,,2,2,9,5600,0,1,3,,1,020,SR-33,"ENCINO DR.",0.00,,Y,A,-,Y,,,33,,,,,,,Y,4,0,2,2,A,-,09,21802,A,N,D,C,A,A,H,-,A,A,0,,,,,Y,,A,01,0,0,2,0,0,0,0,0,0,"- ","- ",34.411619999999999,-119.29496,VENTURA,UNINCORPORATED,-119.29499971,34.411636919999999
90204813,2016,2016-06-20,9765,2016-06-11,1653,020808,,6,2,6,5608,0,1,2,,2,103,"US 101 S/B","CALIFORNIA STREET",65.00,S,N,B,-,Y,,,,,,,,,,Y,4,0,1,2,A,-,03,22350,,N,C,C,A,A,H,-,A,D,0,,,,,Y,,A,01,0,0,1,0,0,0,0,0,0,"- ","- ",34.277329999999999,-119.29273000000001,VENTURA,VENTURA,-119.29303,34.277320000000003
90204957,2016,2016-06-20,9765,2016-06-10,1730,020882,,5,2,9,5600,0,3,5,,2,004,"SESPE STREET","BARDSDALE AVENUE",32.30,S,N,A,-,N,,,,,,,,,,Y,4,0,1,2,A,-,05,21650,,N,A,C,A,A,H,-,A,D,0,,,,,Y,,A,01,0,0,1,0,0,0,0,0,0,"- ","- ",34.371560000000002,-118.94199999999999,VENTURA,UNINCORPORATED,-118.94202943000001,34.371491370000001
90205170,2016,2016-06-20,9765,2016-06-16,1732,017599,,4,2,6,5604,0,1,2,,2,502,"US-101 N/B","ROSE AVE",409.00,N,N,A,-,Y,,,101,,,,,,N,N,4,0,1,2,A,-,03,22350,,N,C,C,A,A,H,-,A,D,0,,,,,Y,,A,01,0,0,1,0,0,0,0,0,0,"- ","- ",34.225650000000002,-119.1602,VENTURA,OXNARD,-119.16021901000001,34.225577729999998
90205484,2016,2016-06-20,9765,2016-06-19,1439,014967,,7,2,6,5608,0,1,2,,2,301,"US-101 S/B (VENTURA FWY)","VICTORIA AVENUE",200.00,N,N,A,-,Y,,,101,,,,,,S,N,4,0,2,2,A,-,03,22350,,N,C,C,A,A,H,-,A,D,0,,,,,Y,,A,01,0,0,2,0,0,0,0,0,0,"- ","- ",34.254539999999999,-119.21371000000001,VENTURA,VENTURA,-119.21391183,34.254167799999998
90206064,2016,2016-06-21,9765,2016-06-15,1145,014535,,3,1,6,5608,0,1,2,,2,302,"US-101 N/B TO TELEPHONE RD","TELEPHONE RD",1584.00,S,N,B,-,Y,,,101,,,,R,,N,Y,4,0,1,3,A,-,03,22350,,N,C,C,A,A,H,-,A,D,0,,,,,Y,,A,01,0,0,1,0,0,0,0,0,0,"- ","- ",34.261560000000003,-119.22892,VENTURA,VENTURA,-119.22892,34.261560000000003
9020712,2019,2020-02-06,5600,2019-11-11,1341,5203,9132,1,5,6,5607,0,0,0,,0,09C,"N VENTU PARK RD","RT 101",0.00,,Y,A,-,Y,VEN,7,101,-,-,6.384,R,4,S,Y,4,0,1,2,A,-,12,21453,A,N,D,C,A,A,H,-,A,A,0,,,,,Y,,-,"- ",0,0,1,0,0,0,0,0,0,"- ",SF,,,VENTURA,"THOUSAND OAKS",-118.91463470458984,34.184257507324219
90207256,2016,2016-06-22,9770,2016-06-18,1210,021306,,6,1,6,5607,0,1,2,,2,072,"US-101 N/B (VENTURA FREEWAY)","VENTU PARK ROAD",2300.00,S,N,A,-,Y,,,101,,,,,,N,N,4,0,1,2,A,-,03,22350,,N,C,C,A,A,H,-,A,D,0,,,,,Y,,A,01,0,0,1,0,0,0,0,0,0,"- ","- ",34.184510000000003,-118.90331,VENTURA,"THOUSAND OAKS",-118.90330989,34.184502799999997
90207652,2016,2016-06-22,9770,2016-06-20,1740,019849,,1,2,9,5600,0,1,3,,1,052,"SR-118 W/B (LOS ANGELES AVENUE)","GRIMES CANYON ROAD",75.00,E,N,A,-,Y,,,118,,,,,,W,N,4,0,1,2,A,-,03,22350,,N,C,C,A,A,H,-,A,D,0,,,,,Y,,A,01,0,0,1,0,0,0,0,0,0,"- ","- ",34.274290000000001,-118.93013999999999,VENTURA,UNINCORPORATED,-118.93009665,34.274199070000002
90208716,2016,2016-06-24,9765,2016-06-23,2030,014736,,4,2,9,5600,0,1,3,,1,055,"SR 118 (LOS ANGELES AVENUE)","SR 232 (VINEYARD AVENUE)",0.00,,Y,B,-,Y,,,118,,,,,,,Y,4,0,1,3,A,-,12,21453,A,N,A,C,A,A,H,-,D,A,0,,,,,Y,,A,07,0,0,1,0,0,0,0,0,0,"- ","- ",34.273780000000002,-119.13549999999999,VENTURA,UNINCORPORATED,-119.13532925,34.274016799999998
90208804,2016,2016-06-24,9765,2016-06-21,1745,017483,,2,2,6,5608,0,1,2,,2,301,"US-101 S/B","TELEPHONE ROAD",875.00,E,N,A,-,Y,,,101,,,,,,S,N,4,0,1,2,A,-,03,22350,,F,C,C,A,A,H,-,A,D,0,,,,,Y,,A,01,0,0,1,0,0,0,0,0,0,"- ","- ",34.260899999999999,-119.22841,VENTURA,VENTURA,-119.22837886000001,34.26096493
90209840,2016,2016-06-27,9765,2016-06-19,1505,020917,,7,2,9,5600,0,1,3,,1,062,SR-1,"DEER CREEK ROAD",931.00,N,N,A,-,Y,,,1,,,,,,,N,3,0,2,2,A,-,07,21658,A,N,F,A,A,A,H,-,A,D,0,,,Y,,Y,,A,01,0,1,1,0,0,0,0,0,2,"- ","- ",34.062600000000003,-118.9863,VENTURA,UNINCORPORATED,-118.98631521,34.062568929999998
90209910,2016,2016-06-27,9765,2016-06-20,1400,019057,,1,2,5,5601,0,1,2,,2,504,"US-101 N/B","CARMEN DR",209.00,N,N,A,-,Y,,,101,,,,,,N,Y,4,0,2,4,A,-,03,22350,,N,C,C,A,A,H,-,A,D,0,,,,Y,Y,,F,26,0,0,2,0,0,0,0,0,0,"- ","- ",34.217880000000001,-119.05137999999999,VENTURA,CAMARILLO,-119.05138617,34.217801629999997
90210211,2016,2016-06-27,9765,2016-06-21,1610,017675,,2,2,5,5601,0,3,5,,2,005,"CENTRAL AVE.","BEARDSLEY RD.",239.00,S,N,A,-,N,,,,,,,,,,Y,4,0,1,2,A,-,03,22350,,N,C,C,A,A,H,-,A,A,0,,,,,Y,,D,22,0,0,1,0,0,0,0,0,0,"- ","- ",34.22925,-119.11126,VENTURA,CAMARILLO,-119.11163017,34.229473239999997
90210830,2016,2016-06-28,9770,2016-06-15,1835,014454,,3,2,6,5607,0,1,2,,2,074,"US-101 N/B (VENTURA FREEWAY)","CONEJO SCHOOL ROAD",10.00,N,N,A,-,Y,,,101,,,,,,N,Y,3,0,1,2,A,-,03,22350,,N,B,C,A,A,D,-,A,D,0,,,,,Y,,A,01,0,1,0,0,0,0,0,0,0,"- ","- ",34.172310000000003,-118.84672999999999,VENTURA,"THOUSAND OAKS",-118.84682789999999,34.172168730000003
90212406,2016,2016-06-29,9770,2016-06-24,0830,017638,,5,1,9,5600,0,1,3,,1,057,"SR-23 (GRIMES CANYON ROAD)","GUIBERSON ROAD",125.00,S,N,A,-,Y,,,23,,,,,,,Y,4,0,1,1,A,-,08,22107,,N,E,I,A,A,H,-,A,D,0,,,,,Y,,A,07,0,0,1,0,0,0,0,0,0,"- ","- ",34.377209999999998,-118.91578,VENTURA,UNINCORPORATED,-118.91574777,34.37721088
90212662,2016,2016-06-30,9765,2016-06-22,1430,014535,,3,2,6,5608,0,1,3,,1,031,"SR-126 W/B","KIMBALL RD",3168.00,E,N,A,-,Y,,,126,,,,,,W,Y,4,0,1,1,A,-,08,22107,,N,E,I,A,A,H,-,A,D,0,,,,,Y,,A,01,0,0,1,0,0,0,0,0,0,"- ","- ",34.276940000000003,-119.17874999999999,VENTURA,VENTURA,-119.17872801,34.276872939999997
90212843,2016,2016-06-30,9765,2016-06-28,1445,013555,,2,2,5,5601,0,1,2,,2,504,"US-101  N/B","CAMARILLO SPRINGS ROAD",792.00,N,N,A,-,Y,,,101,,,,,,N,N,4,0,1,2,A,-,07,21658,A,N,B,C,A,A,H,-,A,D,0,,,,,Y,,A,01,0,0,1,0,0,0,0,0,0,"- ","- ",34.205399999999997,-118.98623000000001,VENTURA,CAMARILLO,-118.98623689,34.205479330000003