CASE_ID,ACCIDENT_YEAR,PROC_DATE,JURIS,COLLISION_DATE,COLLISION_TIME,OFFICER_ID,REPORTING_DISTRICT,DAY_OF_WEEK,CHP_SHIFT,POPULATION,CNTY_CITY_LOC,SPECIAL_COND,BEAT_TYPE,CHP_BEAT_TYPE,CITY_DIVISION_LAPD,CHP_BEAT_CLASS,BEAT_NUMBER,PRIMARY_RD,SECONDARY_RD,DISTANCE,DIRECTION,INTERSECTION,WEATHER_1,WEATHER_2,STATE_HWY_IND,CALTRANS_COUNTY,CALTRANS_DISTRICT,STATE_ROUTE,ROUTE_SUFFIX,POSTMILE_PREFIX,POSTMILE,LOCATION_TYPE,RAMP_INTERSECTION,SIDE_OF_HWY,TOW_AWAY,COLLISION_SEVERITY,NUMBER_KILLED,NUMBER_INJURED,PARTY_COUNT,PRIMARY_COLL_FACTOR,PCF_CODE_OF_VIOL,PCF_VIOL_CATEGORY,PCF_VIOLATION,PCF_VIOL_SUBSECTION,HIT_AND_RUN,TYPE_OF_COLLISION,MVIW,PED_ACTION,ROAD_SURFACE,ROAD_COND_1,ROAD_COND_2,LIGHTING,CONTROL_DEVICE,CHP_ROAD_TYPE,PEDESTRIAN_ACCIDENT,BICYCLE_ACCIDENT,MOTORCYCLE_ACCIDENT,TRUCK_ACCIDENT,NOT_PRIVATE_PROPERTY,ALCOHOL_INVOLVED,STWD_VEHTYPE_AT_FAULT,CHP_VEHTYPE_AT_FAULT,COUNT_SEVERE_INJ,COUNT_VISIBLE_INJ,COUNT_COMPLAINT_PAIN,COUNT_PED_KILLED,COUNT_PED_INJURED,COUNT_BICYCLIST_KILLED,COUNT_BICYCLIST_INJURED,COUNT_MC_KILLED,COUNT_MC_INJURED,PRIMARY_RAMP,SECONDARY_RAMP,LATITUDE,LONGITUDE,COUNTY,CITY,POINT_X,POINT_Y
90618736,2017,2017-12-18,9765,2017-12-09,1925,018019,,6,2,9,5600,0,1,2,,1,102,"US-101 N/B (VENTURA FRWY)","PADRE JUAN CANYON ROAD",208.00,S,N,F,-,Y,,,101,,,,,,N,Y,3,0,1,1,A,-,08,22107,,N,F,A,A,A,H,-,A,D,0,,,,,Y,,D,22,0,1,0,0,0,0,0,0,0,"- ","- ",34.321240000000003,-119.38673,VENTURA,UNINCORPORATED,-119.38672668,34.321256839999997
90619112,2017,2017-12-18,9765,2017-12-17,0900,016234,,7,1,5,5601,0,1,2,,2,502,"US-101 N/B","LAS POSAS ROAD",350.00,N,N,A,G,Y,,,101,,,,,,N,Y,4,0,1,1,A,-,08,22107,,N,E,I,A,A,H,-,A,D,0,,,,,Y,,A,07,0,0,1,0,0,0,0,0,0,"- ","- ",34.219230000000003,-119.07119,VENTURA,CAMARILLO,-119.07117687,34.219387519999998
9061924,2020,2020-05-20,5600,2020-02-27,1759,5260,9116,4,5,6,5607,0,0,0,,0,09C,"LYNN RD","WENDY DR",0.00,,Y,A,-,N,,,,,,,,,,Y,3,0,1,3,A,-,12,21453,A,N,D,C,A,A,H,-,B,A,0,,,,,Y,,D,22,0,1,0,0,0,0,0,0,0,"- ","- ",,,VENTURA,"THOUSAND OAKS",-118.94593048095703,34.161628723144531
90619363,2017,2017-12-18,9770,2017-12-08,0342,020917,,5,3,4,5690,0,1,3,,2,080,"SR-118 W/B (RONALD REAGAN FREEWAY)","COLLINS DRIVE",1584.00,E,N,A,-,Y,,,118,,,,,,W,Y,3,0,2,1,A,-,08,22107,,N,F,A,A,A,H,-,D,D,0,,,,,Y,,A,01,0,2,0,0,0,0,0,0,0,"- ","- ",34.29278,-118.833,VENTURA,MOORPARK,-118.83300998999999,34.292731840000002
90619805,2017,2017-12-18,9770,2017-12-12,1611,019849,,2,2,4,5690,0,1,3,,2,080,"SR-118 W/B (RONALD REAGAN FREEWAY)","COLLINS DRIVE",1056.00,E,N,A,-,Y,,,118,,,,,,W,Y,3,0,1,1,A,-,08,22107,,N,E,I,A,A,H,-,A,D,0,,,,,Y,,A,07,0,1,0,0,0,0,0,0,0,"- ","- ",34.292490000000001,-118.83205,VENTURA,MOORPARK,-118.83204121999999,34.292552929999999
90620094,2017,2017-12-19,9765,2017-10-28,2129,020880,,6,2,9,5600,0,3,5,,2,003,"TELEPHONE ROAD","OLIVAS PARK DRIVE",185.00,S,N,A,-,N,,,,,,,,,,Y,3,0,3,1,A,-,01,23152,A,N,F,A,A,A,H,-,C,A,0,,,,,Y,Y,A,01,0,2,1,0,0,0,0,0,0,"- ","- ",34.243690000000001,-119.23416,VENTURA,UNINCORPORATED,-119.23417999999999,34.244399999999999
90620190,2017,2017-12-19,9765,2017-12-16,1108,016198,,6,1,6,5608,0,1,2,,2,103,"US-101 S/B","SANJON ROAD",100.00,S,N,F,-,Y,,,101,,,,,,S,N,4,0,2,2,A,-,03,22350,,N,C,C,A,A,H,-,A,D,0,,,,,Y,,A,01,0,0,2,0,0,0,0,0,0,"- ","- ",34.272390000000001,-119.28286,VENTURA,VENTURA,-119.28287928,34.272335120000001
90621278,2017,2017-12-20,9765,2017-12-12,0245,020001,,2,3,9,5600,0,1,3,,1,055,SR-118,"ROSE AVENUE",1500.00,W,N,A,-,Y,,,118,,,,,,,Y,4,0,1,1,A,-,01,23152,A,N,E,I,A,A,H,-,D,D,0,,,,,Y,Y,A,01,0,0,1,0,0,0,0,0,0,"- ","- ",34.27169,-119.13172,VENTURA,UNINCORPORATED,-119.13181674,34.27154779
90622195,2017,2017-12-21,9765,2017-12-20,0140,014736,,3,3,6,5608,0,1,3,,2,030,"SR-126 E/B (SANTA PAULA FREEWAY)","KIMBALL ROAD",2112.00,E,N,A,-,Y,,,126,,,,,,E,Y,3,0,1,1,A,-,01,23152,A,N,E,I,A,A,H,-,C,D,0,,,,,Y,Y,A,01,0,1,0,0,0,0,0,0,0,"- ","- ",34.277500000000003,-119.1765,VENTURA,VENTURA,-119.17655259,34.277608430000001
90622454,2017,2017-12-21,9770,2017-12-18,1450,019849,,1,2,9,5600,0,1,3,,1,057,"SR-23 (CHAMBERSBURG ROAD)","SCHOOL FARM ROAD",10.00,N,N,A,-,Y,,,23,,,,,,,Y,4,0,1,2,A,-,03,22350,,N,C,C,A,A,H,-,A,D,0,,,,,Y,,A,01,0,0,1,0,0,0,0,0,0,"- ","- ",34.386150000000001,-118.91594000000001,VENTURA,UNINCORPORATED,-118.91588892,34.386160080000003
9062325,2020,2020-03-20,5600,2020-03-09,1540,5360,9080,1,5,6,5607,0,0,0,,0,9H01,"SAINT THOMAS DR","WILBUR RD",660.00,S,N,A,-,N,,,,,,,,,,N,3,0,1,3,A,-,03,22350,,N,A,E,A,A,H,-,A,D,0,,,,,Y,,A,07,0,1,0,0,0,0,0,0,0,"- ","- ",,,VENTURA,"THOUSAND OAKS",,
9062337,2020,2020-03-20,5600,2020-03-10,1453,4617,9128,2,5,6,5607,0,0,0,,0,9H01,"HILLCREST DR","VENTU PARK RD",40.00,E,N,C,-,N,,,,,,,,,,N,4,0,1,3,A,-,03,22350,,N,C,C,A,B,H,-,A,A,0,,,,,Y,,D,22,0,0,1,0,0,0,0,0,0,"- ","- ",34.188240051269531,-118.91121673583984,VENTURA,"THOUSAND OAKS",-118.91126251220703,34.188274383544922
9062353,2020,2020-03-20,5600,2020-03-04,0819,5360,91128,3,5,6,5607,0,0,0,,0,9H01,"HILLCREST DR","VENTU PARK RD",265.00,W,N,A,-,N,,,,,,,,,,N,4,0,1,2,A,-,06,21750,A,N,B,G,A,A,H,-,A,A,0,,Y,,,Y,,D,22,0,0,1,0,0,0,1,0,0,"- ","- ",,,VENTURA,"THOUSAND OAKS",-118.91225433349609,34.188396453857422
9062357,2020,2020-03-20,5600,2020-03-05,1251,5360,9084,4,5,6,5607,0,0,0,,0,9B01,"HILLCREST DR","HODENCAMP RD",12.00,E,N,A,-,N,,,,,,,,,,N,4,0,2,2,A,-,21,22106,,N,C,C,A,A,H,-,A,A,0,,,,,Y,,D,22,0,0,2,0,0,0,0,0,0,"- ","- ",,,VENTURA,"THOUSAND OAKS",-118.86836242675781,34.181201934814453
9062545,2020,2020-07-03,5600,2020-03-01,0934,3147,9032,7,5,6,5607,0,0,0,,0,9B01,"MOORPARK RD","AVENIDA DE LAS FLORES",0.00,,Y,A,-,N,,,,,,,,,,Y,3,0,1,2,A,-,12,21453,A,N,D,C,A,A,H,-,A,A,0,,,,,Y,,A,07,0,1,0,0,0,0,0,0,0,TO,"- ",,,VENTURA,"THOUSAND OAKS",-118.86837005615234,34.208740234375
90628291,2017,2017-12-28,9770,2017-12-19,1720,016561,,2,2,6,5607,0,1,2,,2,074,"US-101 N/B (VENTURA FREEWAY)","CONEJO SCHOOL ROAD",200.00,N,N,A,-,Y,,,101,,,,,,N,N,4,0,3,3,A,-,03,22350,,N,C,C,A,A,H,-,C,D,0,,,,Y,Y,,F,26,0,0,3,0,0,0,0,0,0,"- ","- ",34.172460000000001,-118.84772,VENTURA,"THOUSAND OAKS",-118.84756695,34.172680870000001
90630038,2017,2017-12-29,9765,2017-12-21,1024,017253,,4,1,9,5600,0,1,2,,2,103,"US-101 S/B","PADRE JUAN CANYON ROAD",805.00,S,N,A,-,Y,,,101,,,,,,S,Y,3,0,1,1,A,-,08,22107,,N,F,A,A,A,H,-,A,D,0,,,,,Y,,A,07,0,1,0,0,0,0,0,0,0,"- ","- ",34.320830000000001,-119.38473999999999,VENTURA,UNINCORPORATED,-119.38473961,34.32077331
90632558,2017,2018-01-04,9765,2017-12-22,0950,016198,,5,1,6,5608,0,1,2,,2,302,"US-101 N/B","VICTORIA AVENUE",3696.00,N,N,A,-,Y,,,101,,,,,,N,Y,4,0,3,1,A,-,08,22107,,N,E,I,A,A,H,-,A,D,0,,,,,Y,,A,01,0,0,3,0,0,0,0,0,0,"- ","- ",34.257379999999998,-119.22018,VENTURA,VENTURA,-119.22015184999999,34.25744598
90632688,2017,2018-01-04,9765,2017-12-23,0420,018884,,6,3,9,5600,0,3,5,,2,002,"SANTA ANA ROAD","NEWMAN RANCH ROAD",528.00,N,N,A,-,N,,,,,,,,,,Y,3,0,2,1,A,-,08,22107,,N,E,I,A,A,H,-,D,D,0,,,,,Y,,A,01,0,2,0,0,0,0,0,0,0,"- ","- ",34.39188,-119.31487,VENTURA,UNINCORPORATED,-119.3161563,34.398266149999998
90635577,2018,2018-01-08,9765,2018-01-02,1825,017253,,2,2,9,5600,0,1,3,,1,023,"SR-150 (OJAI RD)","JOHNSON ROAD",1320.00,W,N,A,-,Y,,,150,,,,,,,Y,3,0,1,1,A,-,08,22107,,N,F,A,A,A,H,-,D,D,0,,,,,Y,,A,01,0,1,0,0,0,0,0,0,0,"- ","- ",34.428638458251953,-119.11903381347656,VENTURA,UNINCORPORATED,-119.1190185546875,34.428707122802734
90636097,2018,2018-01-09,9765,2018-01-03,1830,020001,,3,2,9,5600,0,1,2,,2,502,"US-101 NORTHBOUND","DEL NORTE BLVD.",1200.00,S,N,A,-,Y,,,101,,,,,,N,Y,4,0,1,2,A,-,03,22350,,N,C,C,A,A,H,-,D,D,0,,,,,Y,,A,01,0,0,1,0,0,0,0,0,0,"- ","- ",34.222049713134766,-119.11744689941406,VENTURA,UNINCORPORATED,-119.11744689941406,34.222156524658203
90637816,2018,2018-01-11,9765,2018-01-09,1502,016592,,2,2,6,5608,0,1,3,,2,030,"SR-126 E/B","VICTORIA AVENUE",1584.00,W,N,A,-,Y,,,126,,,,,,E,Y,4,0,1,3,A,-,03,22350,,N,C,C,A,A,H,-,A,D,0,,,,,Y,,A,01,0,0,1,0,0,0,0,0,0,"- ","- ",34.269889831542969,-119.22354888916016,VENTURA,VENTURA,-119.22355651855469,34.269931793212891
90637928,2018,2018-01-11,9765,2018-01-09,1250,015117,,2,1,9,5600,0,1,3,,1,062,"SR-1 (PACIFIC COAST HIGHWAY)","LA JOLLA CYN",1000.00,N,N,B,C,Y,,,1,,,,,,,N,4,0,1,3,A,-,03,22350,,N,C,C,A,B,C,-,A,D,0,,,,,Y,,A,08,0,0,1,0,0,0,0,0,0,"- ","- ",34.082378387451172,-119.03327941894531,VENTURA,UNINCORPORATED,-119.03329467773438,34.082351684570312
90638498,2018,2018-01-11,9765,2018-01-09,1119,016198,,2,1,6,5608,0,1,2,,2,302,"US-101 N/B","TELEPHONE ROAD",1056.00,S,N,C,-,Y,,,101,,,,,,N,N,4,0,2,2,A,-,03,22350,,N,C,C,A,B,E,-,A,A,0,,,,,Y,,A,08,0,0,2,0,0,0,0,0,0,"- ","- ",34.260791778564453,-119.22740173339844,VENTURA,VENTURA,-119.2274169921875,34.260746002197266
90639637,2018,2018-01-15,9770,2018-01-04,1935,019930,,4,2,9,5600,0,1,3,,1,043,"SR-126 E/B (EAST TELEGRAPH ROAD)","HOPPER CANYON ROAD",1000.00,E,N,B,-,Y,,,126,,,,,,E,Y,3,0,2,2,A,-,09,21802,A,N,D,C,A,A,H,-,C,A,0,,,,,Y,,A,01,0,1,1,0,0,0,0,0,0,"- ","- ",34.400848388671875,-118.82205200195312,VENTURA,UNINCORPORATED,-118.82205200195312,34.400737762451172
90639699,2018,2018-01-15,9765,2018-01-05,0120,020850,,5,3,6,5608,0,1,2,,1,104,"US-101 N/B","SEAWARD AVENUE",1056.00,N,N,A,-,Y,,,101,,,,,,N,Y,3,0,1,1,A,-,08,22107,,N,E,I,A,A,H,-,C,D,0,,,,,Y,,A,01,0,1,0,0,0,0,0,0,0,"- ","- ",34.269100189208984,-119.27187347412109,VENTURA,VENTURA,-119.27202606201172,34.268978118896484
90640400,2018,2018-01-16,9765,2018-01-09,1555,017395,,2,2,6,5604,0,1,2,,2,502,"US-101 N/B","SR-232 (VINEYARD AVENUE)",528.00,S,N,B,-,Y,,,,,,,,,,Y,4,0,1,3,A,-,03,22350,,N,C,C,A,B,H,-,A,D,0,,,,,Y,,A,01,0,0,1,0,0,0,0,0,0,"- ","- ",34.222751617431641,-119.16802215576172,VENTURA,OXNARD,,
90641492,2018,2018-01-17,9770,2018-01-16,1735,019276,,2,2,6,5609,0,1,3,,2,083,"SR-118 E/B (RONALD REAGAN FREEWAY)","ROCKY PEAK ROAD",150.00,W,N,A,-,Y,,,118,,,,,,E,Y,4,0,1,2,A,-,03,22350,,N,C,C,A,A,H,-,D,D,0,,,,,Y,,D,22,0,0,1,0,0,0,0,0,0,"- ","- ",34.268070220947266,-118.63514709472656,VENTURA,"SIMI VALLEY",-118.63520812988281,34.268138885498047
90641508,2018,2018-01-17,9765,2018-01-09,1835,016420,,2,2,6,5608,0,1,3,,2,030,"SR-126 E/B","VICTORIA AVENUE",3168.00,W,N,B,-,Y,,,126,,,,,,E,Y,3,0,2,3,A,-,03,22350,,F,C,C,A,B,H,-,D,D,0,,,,,Y,,D,22,0,1,1,0,0,0,0,0,0,"- ","- ",34.269599914550781,-119.22540283203125,VENTURA,VENTURA,-119.22541046142578,34.2696533203125
90645326,2018,2018-01-23,9765,2018-01-09,1707,017469,,2,2,6,5608,0,1,2,,2,103,"US-101 N/B","MONTALVO OVERHEAD",350.00,N,N,A,-,Y,,,101,,,,,,N,Y,2,0,1,3,A,-,03,22350,,N,C,C,A,A,H,-,A,D,0,,,,,Y,,A,01,1,0,0,0,0,0,0,0,0,"- ","- ",34.250801086425781,-119.20783233642578,VENTURA,VENTURA,-119.20786285400391,34.250732421875
90649319,2018,2018-01-26,9765,2018-01-23,1145,016592,,2,1,9,5600,0,2,S,,2,063,"SR-1 (PCH-RICE AVENUE)","WOOLEY ROAD",75.00,S,N,A,-,N,,,,,,,,,,Y,2,0,1,1,A,-,08,22107,,N,E,I,A,A,H,-,A,D,0,,,,,Y,,A,01,1,0,0,0,0,0,0,0,0,"- ","- ",34.189411163330078,-119.14225006103516,VENTURA,UNINCORPORATED,-119.1424560546875,34.189491271972656
9064935,2020,2020-10-13,5608,2020-03-09,1506,459,5608,1,5,6,5608,0,0,0,,0,002,"E MAIN ST","SANTA CRUZ ST",16.00,W,N,A,-,N,,,,,,,,,,Y,3,0,3,2,A,-,03,22350,,N,C,C,A,A,H,-,A,A,0,,,,,Y,,A,01,0,1,2,0,0,0,0,0,0,"- ","- ",,,VENTURA,VENTURA,-119.27123260498047,34.278285980224609
9064959,2020,2020-10-13,5608,2020-03-04,1815,386,,3,5,6,5608,0,0,0,,0,,"WELLS RD","DARLING RD",438.00,S,N,A,-,N,,,,,,,,,,Y,4,0,1,2,A,-,03,22350,,N,C,C,A,A,H,-,D,A,0,,,,,Y,,-,,0,0,1,0,0,0,0,0,0,"- ","- ",,,VENTURA,VENTURA,-119.15289306640625,34.285591125488281
90652338,2018,2018-01-31,9770,2018-01-26,0820,018572,,5,1,9,5600,0,2,4,,2,079,"KANAN ROAD E/B","HOLLYTREE DRIVE",400.00,E,N,A,-,N,,,,,,,,,,N,3,0,1,1,C,-,18,,,N,F,A,A,A,H,-,A,D,0,,Y,,,Y,,-,"- ",0,1,0,0,0,0,1,0,0,"- ","- ",34.181259155273438,-118.76777648925781,VENTURA,UNINCORPORATED,-118.76789855957031,34.181270599365234
90656574,2018,2018-02-07,9765,2018-02-06,2120,014736,,2,2,9,5600,0,3,5,,2,004,"ASTER STREET","SR 118 (WELLS ROAD)",100.00,E,N,A,-,N,,,,,,,,,,Y,3,0,1,1,A,-,01,23152,A,N,E,I,A,A,H,-,C,A,0,,,,,Y,Y,A,01,0,1,0,0,0,0,0,0,0,"- ","- ",34.284030914306641,-119.15084838867188,VENTURA,UNINCORPORATED,-119.15092468261719,34.283946990966797
90657241,2018,2018-02-08,9765,2018-02-07,0745,013206,,3,1,6,5608,0,1,3,,2,041,"SR-126 W/B TO SR-118 (WELLS ROAD)","SR-118 (WELLS ROAD)",600.00,E,N,A,-,Y,,,126,,,,R,,W,Y,4,0,1,2,A,-,03,22350,,N,C,C,A,A,H,-,A,D,0,,,,,Y,,A,01,0,0,1,0,0,0,0,0,0,"- ","- ",34.291000366210938,-119.15470123291016,VENTURA,VENTURA,-119.15470123291016,34.291000366210938
9065953,2020,2020-07-14,5608,2020-03-03,2103,440,5608,2,5,6,5608,0,0,0,,0,003,"S KIMBALL RD","COLTON ST",0.00,,Y,A,-,N,,,,,,,,,,Y,4,0,1,2,A,-,12,21453,A,M,-,A,A,A,H,-,C,A,0,,,,,Y,,-,,0,0,1,0,0,0,0,0,0,"- ","- ",,,VENTURA,VENTURA,-119.19228363037109,34.278949737548828
90661806,2018,2018-02-15,9770,2018-02-06,1835,019276,,2,2,9,5600,0,1,3,,1,052,"SR-118 W/B (LOS ANGELES AVENUE)","MONTERO STREET",1489.00,W,N,A,-,Y,,,118,,,,,,W,Y,2,0,4,2,A,-,03,22350,,N,E,J,A,A,H,-,B,D,0,,,,,Y,,D,22,1,2,1,0,0,0,0,0,0,"- ","- ",34.278488159179688,-118.92098236083984,VENTURA,UNINCORPORATED,-118.92103576660156,34.278598785400391
9066729,2020,2020-03-13,5609,2020-01-30,1803,443,,4,5,6,5609,0,0,0,,0,005,"ALAMO ST","MARRISAR DR",12.00,E,N,A,-,N,,,,,,,,,,N,4,0,2,2,A,-,09,21804,,N,D,C,A,A,H,-,C,D,0,,,,,Y,,A,01,0,0,2,0,0,0,0,0,0,"- ","- ",34.286338806152344,-118.71489715576172,VENTURA,"SIMI VALLEY",-118.71479100000001,34.286324
90670393,2018,2018-02-27,9765,2018-02-16,0750,016712,,5,1,6,5608,0,1,2,,2,302,"US-101 N/B","MONTALVO SPUR",200.00,N,N,A,-,Y,,,101,,,,,,N,Y,4,0,4,4,A,-,03,22350,,N,C,C,A,A,H,-,A,D,0,,,,,Y,,A,01,0,0,4,0,0,0,0,0,0,"- ","- ",34.248439788818359,-119.20262908935547,VENTURA,VENTURA,-119.20265197753906,34.248397827148438
90672089,2018,2018-02-28,9770,2018-02-21,2005,017662,,3,2,9,5600,0,2,4,,1,030,"SANTA ROSA ROAD","HILL CANYON ROAD",1056.00,W,N,A,-,N,,,,,,,,,,Y,4,0,1,1,C,-,18,,,N,H,H,A,A,H,-,D,D,0,,,,,Y,,-,"- ",0,0,1,0,0,0,0,0,0,"- ","- ",34.235031127929688,-118.93470764160156,VENTURA,UNINCORPORATED,-118.93421173095703,34.235023498535156
9067281,2020,2020-03-24,5608,2020-02-26,1322,282,VENTU,3,5,6,5608,0,0,0,,0,002,"BORCHARD DR","THOMPSON BL",186.00,S,N,A,-,N,,,,,,,,,,N,4,0,1,2,A,-,09,21804,A,N,D,C,A,A,H,-,A,D,0,,,,,Y,,-,,0,0,1,0,0,0,0,0,0,"- ","- ",,,VENTURA,VENTURA,-119.26045227050781,34.271873474121094
90673210,2018,2018-07-11,9770,2018-02-21,1420,016561,,3,2,6,5607,0,1,3,,2,076,"SR-23 N/B (MOORPARK FREEWAY)","JANSS ROAD",1056.00,N,N,A,-,Y,,,23,,,,,,N,Y,1,1,0,1,A,-,08,22107,,N,E,I,A,A,H,-,A,D,0,,,,,Y,,A,01,0,0,0,0,0,0,0,0,0,"- ","- ",34.202049255371094,-118.8551025390625,VENTURA,"THOUSAND OAKS",-118.855224609375,34.202186584472656
90675406,2018,2018-03-06,9765,2018-02-20,1930,020423,,2,2,6,5604,0,1,2,,2,501,"US-101 S/B","ROSE AVENUE",1584.00,S,N,A,-,Y,,,101,,,,,,S,Y,4,0,1,2,A,-,08,22107,,N,C,C,A,A,H,-,C,D,0,,,,,Y,,A,08,0,0,1,0,0,0,0,0,0,"- ","- ",34.223621368408203,-119.15328979492188,VENTURA,OXNARD,-119.15328216552734,34.223651885986328
90675588,2018,2018-03-06,9770,2018-02-24,0850,017638,,6,1,9,5600,0,3,5,,2,008,"TAPO CANYON ROAD","LOST CANYONS DRIVE",2112.00,N,N,A,-,N,,,,,,,,,,Y,2,0,2,2,A,-,05,21460,A,N,A,C,A,A,H,-,A,D,0,,,,,Y,,A,08,1,1,0,0,0,0,0,0,0,"- ","- ",34.310749053955078,-118.71996307373047,VENTURA,UNINCORPORATED,-118.71981048583984,34.311187744140625
90675791,2018,2018-03-06,9765,2018-02-22,1906,020691,,4,2,6,5608,0,1,3,,2,011,"SR-33 S/B TO STANLEY AVENUE","STANLEY AVENUE",0.00,,Y,B,-,Y,,,33,,,,R,,S,Y,4,0,1,1,A,-,08,22107,,N,E,I,A,A,H,-,C,A,0,,,,,Y,,A,01,0,0,1,0,0,0,0,0,0,"- ","- ",34.300838470458984,-119.30169677734375,VENTURA,VENTURA,-119.30169677734375,34.300838470458984
9067651,2020,2020-06-22,5604,2020-03-03,0752,5351,,2,5,6,5604,0,0,0,,0,041,"E PLEASANT VALLEY RD","BUTLER RD",70.00,W,N,A,-,N,,,,,,,,,,Y,3,0,1,2,A,-,09,21801,A,N,A,D,A,A,H,-,A,D,0,,,,,Y,,D,22,0,1,0,0,0,0,0,0,0,"- ","- ",34.165439605712891,-119.14412689208984,VENTURA,OXNARD,-119.14528656005859,34.164890289306641
90678797,2018,2018-03-09,9765,2018-02-28,0820,016712,,3,1,9,5600,0,3,5,,2,004,"FOOTHILL ROAD","OLIVE ROAD",7.00,E,N,A,-,N,,,,,,,,,,Y,4,0,2,2,A,-,03,22350,,N,C,C,A,A,H,-,A,D,0,,,,,Y,,D,22,0,0,2,0,0,0,0,0,0,"- ","- ",34.320270538330078,-119.14124298095703,VENTURA,UNINCORPORATED,-119.14134979248047,34.320388793945312
90680783,2018,2018-03-13,9765,2018-03-02,1100,018019,,5,1,9,5600,0,1,3,,1,022,"SR-150 (CASITAS PASS ROAD)","ROMELLI RANCH ROAD",1056.00,W,N,B,-,Y,,,150,,,,,,,Y,4,0,1,1,A,-,01,23152,G,M,E,I,A,B,H,-,A,D,0,,,,,Y,Y,A,07,0,0,1,0,0,0,0,0,0,"- ","- ",34.385860443115234,-119.41526794433594,VENTURA,UNINCORPORATED,-119.41526031494141,34.3858642578125
90681568,2018,2018-03-14,9765,2018-03-03,2236,020880,,6,3,6,5608,0,1,3,,2,030,"SR-126 E/B","SR-118 (WELLS ROAD)",2047.00,W,N,A,-,Y,,,126,,,,,,E,Y,3,0,1,2,A,-,01,23152,A,N,C,C,A,A,H,-,D,D,0,,,,,Y,Y,A,01,0,1,0,0,0,0,0,0,0,"- ","- ",34.286369323730469,-119.16118621826172,VENTURA,VENTURA,-119.16132354736328,34.286594390869141
90682400,2018,2018-03-15,9765,2018-03-08,1724,020691,,4,2,9,5600,0,1,3,,1,068,SR-34,"LAS POSAS ROAD",3168.00,E,N,B,-,Y,,,,,,,,,,Y,4,0,1,2,A,-,03,22350,,N,C,C,A,A,H,-,A,D,0,,,,Y,Y,,G,25,0,0,1,0,0,0,0,0,0,"- ","- ",34.114658355712891,-119.03309631347656,VENTURA,UNINCORPORATED,,
90683637,2018,2018-03-16,9765,2018-03-06,0635,014823,,2,1,9,5600,0,3,5,,2,005,"CENTRAL AVENUE","BEARDSLEY ROAD",1360.00,W,N,A,-,N,,,,,,,,,,Y,4,0,1,6,A,-,06,21750,A,N,D,C,A,A,H,-,A,D,0,,,,,Y,,D,22,0,0,1,0,0,0,0,0,0,"- ","- ",34.23291015625,-119.11650848388672,VENTURA,UNINCORPORATED,-119.11570739746094,34.232269287109375
90683644,2018,2018-03-16,9765,2018-03-09,1500,017395,,5,2,5,5601,0,1,2,,2,504,"US-101 N/B","FLYNN ROAD",528.00,S,N,A,-,Y,,,101,,,,,,N,N,4,0,1,3,A,-,03,22350,,N,C,C,A,A,H,-,A,D,0,,,,,Y,,A,01,0,0,1,0,0,0,0,0,0,"- ","- ",34.215831756591797,-119.01793670654297,VENTURA,CAMARILLO,-119.01793670654297,34.215858459472656
90684177,2018,2018-03-19,9770,2018-03-12,1235,018572,,1,1,9,5600,0,2,4,,1,032,"MOORPARK ROAD","READ ROAD",0.00,,Y,B,-,N,,,,,,,,,,Y,4,0,3,2,A,-,09,21802,A,N,D,C,A,A,H,-,A,A,0,,,,,Y,,A,01,0,0,3,0,0,0,0,0,0,"- ","- ",34.250431060791016,-118.86490631103516,VENTURA,UNINCORPORATED,-118.86499786376953,34.250499725341797
90685305,2018,2018-03-20,9770,2018-03-11,2310,020641,,7,3,9,5600,0,2,4,,1,062,"POTRERO ROAD","WHITE STALLION ROAD (WEST)",528.00,E,N,B,-,N,,,,,,,,,,Y,3,0,1,1,A,-,01,23152,A,N,E,I,A,A,H,-,D,D,0,,,,,Y,Y,D,22,0,1,0,0,0,0,0,0,0,"- ","- ",34.15692138671875,-118.93417358398438,VENTURA,UNINCORPORATED,-118.93533325195312,34.156837463378906
9068932,2020,2020-07-22,5608,2020-04-27,0902,503,,1,5,6,5608,0,0,0,,0,001,"E SANTA CLARA ST","FIR ST",205.00,W,N,A,-,N,,,,,,,,,,Y,4,0,2,3,A,-,08,22107,,N,B,C,A,A,H,-,A,D,0,,,,,Y,,A,07,0,0,2,0,0,0,0,0,0,"- ","- ",,,VENTURA,VENTURA,-119.29071044921875,34.279544830322266
90691565,2018,2018-03-28,9765,2018-03-26,0945,016712,,1,1,6,5608,0,1,2,,2,301,"US-101 S/B","MONTALVO SPUR",100.00,S,N,A,-,Y,,,101,,,,,,S,Y,4,0,1,2,A,-,03,22350,,N,C,C,A,A,H,-,A,D,0,,,,,Y,,D,22,0,0,1,0,0,0,0,0,0,"- ","- ",34.247161865234375,-119.20092010498047,VENTURA,VENTURA,-119.20088958740234,34.247230529785156
90692703,2018,2018-03-29,9765,2018-03-22,2130,019277,,4,2,9,5600,0,1,2,,1,104,"US-101 N/B (VENTURA FREEWAY)","PADRE JUAN CANYON ROAD",2112.00,N,N,B,C,Y,,,101,,,,,,N,Y,4,0,1,1,C,-,18,,,N,E,I,A,D,B,-,D,D,0,,,,,Y,,-,"- ",0,0,1,0,0,0,0,0,0,"- ","- ",34.328079223632812,-119.39605712890625,VENTURA,UNINCORPORATED,-119.39614105224609,34.3280029296875