CASE_ID,ACCIDENT_YEAR,PROC_DATE,JURIS,COLLISION_DATE,COLLISION_TIME,OFFICER_ID,REPORTING_DISTRICT,DAY_OF_WEEK,CHP_SHIFT,POPULATION,CNTY_CITY_LOC,SPECIAL_COND,BEAT_TYPE,CHP_BEAT_TYPE,CITY_DIVISION_LAPD,CHP_BEAT_CLASS,BEAT_NUMBER,PRIMARY_RD,SECONDARY_RD,DISTANCE,DIRECTION,INTERSECTION,WEATHER_1,WEATHER_2,STATE_HWY_IND,CALTRANS_COUNTY,CALTRANS_DISTRICT,STATE_ROUTE,ROUTE_SUFFIX,POSTMILE_PREFIX,POSTMILE,LOCATION_TYPE,RAMP_INTERSECTION,SIDE_OF_HWY,TOW_AWAY,COLLISION_SEVERITY,NUMBER_KILLED,NUMBER_INJURED,PARTY_COUNT,PRIMARY_COLL_FACTOR,PCF_CODE_OF_VIOL,PCF_VIOL_CATEGORY,PCF_VIOLATION,PCF_VIOL_SUBSECTION,HIT_AND_RUN,TYPE_OF_COLLISION,MVIW,PED_ACTION,ROAD_SURFACE,ROAD_COND_1,ROAD_COND_2,LIGHTING,CONTROL_DEVICE,CHP_ROAD_TYPE,PEDESTRIAN_ACCIDENT,BICYCLE_ACCIDENT,MOTORCYCLE_ACCIDENT,TRUCK_ACCIDENT,NOT_PRIVATE_PROPERTY,ALCOHOL_INVOLVED,STWD_VEHTYPE_AT_FAULT,CHP_VEHTYPE_AT_FAULT,COUNT_SEVERE_INJ,COUNT_VISIBLE_INJ,COUNT_COMPLAINT_PAIN,COUNT_PED_KILLED,COUNT_PED_INJURED,COUNT_BICYCLIST_KILLED,COUNT_BICYCLIST_INJURED,COUNT_MC_KILLED,COUNT_MC_INJURED,PRIMARY_RAMP,SECONDARY_RAMP,LATITUDE,LONGITUDE,COUNTY,CITY,POINT_X,POINT_Y
9069345,2020,2020-10-15,5608,2020-05-01,1458,430,,5,5,6,5608,0,0,0,,0,,"E MAIN ST","PALM ST",392.00,W,N,A,-,N,,,,,,,,,,N,4,0,1,2,A,-,08,22107,,N,D,G,A,A,H,-,A,D,0,,Y,,,Y,,-,,0,0,1,0,0,0,1,0,0,"- ","- ",,,VENTURA,VENTURA,-119.2974853515625,34.280811309814453
90696823,2018,2018-04-02,9765,2018-03-25,0539,016198,,7,3,9,5600,0,3,5,,2,003,"OLIVAS PARK DRIVE","PALMA DRIVE",528.00,E,N,A,-,N,,,,,,,,,,Y,2,0,1,1,A,-,01,23152,F,M,F,A,A,A,H,-,D,D,0,,,,,Y,,D,22,1,0,0,0,0,0,0,0,0,"- ","- ",34.245121002197266,-119.22518157958984,VENTURA,UNINCORPORATED,-119.22506713867188,34.245189666748047
90697919,2018,2018-04-03,9770,2018-03-23,0345,021306,,5,3,6,5607,0,1,2,,2,072,"US-101 N/B TO VENTU PARK ROAD","VENTU PARK ROAD",400.00,S,N,B,C,Y,,,101,,,,R,,N,Y,4,0,1,1,A,-,03,22350,,N,E,I,A,B,H,-,D,D,0,,,,,Y,,A,07,0,0,1,0,0,0,0,0,0,"- ","- ",34.185020446777344,-118.90972900390625,VENTURA,"THOUSAND OAKS",-118.90972900390625,34.185020446777344
90697927,2018,2018-04-03,9770,2018-03-27,0755,017409,,2,1,5,5601,0,1,2,,2,071,"US-101 S/B (VENTURA FREEWAY)","CAMARILLO SPRINGS ROAD",2746.00,S,N,A,-,Y,,,101,,,,,,S,Y,4,0,1,2,A,-,03,22350,,N,C,C,A,A,H,-,A,D,0,,,,,Y,,A,07,0,0,1,0,0,0,0,0,0,"- ","- ",34.201099395751953,-118.97325134277344,VENTURA,CAMARILLO,-118.97325134277344,34.201133728027344
90698826,2018,2018-04-04,9770,2018-03-30,1645,016561,,5,2,5,5601,0,1,2,,2,071,"US-101 S/B (VENTURA FREEWAY)","CONEJO INSPECTION FACILITY",2112.00,N,N,A,-,Y,,,101,,,,,,S,Y,4,0,1,3,A,-,03,22350,,N,C,C,A,A,H,-,A,D,0,,,,,Y,,A,01,0,0,1,0,0,0,0,0,0,"- ","- ",34.200859069824219,-118.96759033203125,VENTURA,CAMARILLO,-118.96758270263672,34.201015472412109
90700237,2018,2018-04-06,9770,2018-04-02,1215,014675,,1,1,9,5600,0,2,4,,1,086,"TIERRA REJADA ROAD","LA PEYRE ROAD",0.00,,Y,A,-,N,,,,,,,,,,N,4,0,1,2,A,-,09,21802,A,N,D,C,A,A,H,-,A,D,0,,,,,Y,,A,07,0,0,1,0,0,0,0,0,0,"- ","- ",34.268619537353516,-118.83731079101562,VENTURA,UNINCORPORATED,-118.83724212646484,34.268531799316406
90700648,2018,2018-04-09,9770,2018-03-24,1850,021909,,6,2,9,5600,0,1,3,,1,046,"SR-126 W/B (EAST TELEGRAPH ROAD)","CAMULOS RANCH COMPANY",1680.00,E,N,A,-,Y,,,126,,,,,,W,N,4,0,2,2,A,-,07,21658,A,N,B,C,A,A,H,-,A,D,0,,,,,Y,Y,A,07,0,0,2,0,0,0,0,0,0,"- ","- ",34.406349182128906,-118.75122833251953,VENTURA,UNINCORPORATED,-118.75123596191406,34.406291961669922
90701373,2018,2018-04-09,9765,2018-04-01,1315,016234,,7,1,9,5600,0,1,3,,1,062,"SR-1 (PACIFIC COAST HIGWAY)","POINT MUGU STATE BEACH",2300.00,N,N,B,-,Y,,,1,,,,,,,Y,4,0,1,1,A,-,08,22107,,N,E,I,A,A,H,-,A,D,0,,,,,Y,,A,07,0,0,1,0,0,0,0,0,0,"- ","- ",34.093528747558594,-119.06838226318359,VENTURA,UNINCORPORATED,-119.06838226318359,34.093528747558594
90701568,2018,2018-04-09,9765,2018-04-01,1803,019277,,7,2,9,5600,0,1,3,,1,022,"SR-150 (CASITAS VISTA RD.)","RAMELI RANCH ROAD",528.00,W,N,A,-,Y,,,150,,,,,,,Y,3,0,1,2,A,-,05,21460,A,N,A,C,A,A,H,-,A,D,0,,,Y,,Y,,C,02,0,1,0,0,0,0,0,0,1,"- ","- ",34.385150909423828,-119.4110107421875,VENTURA,UNINCORPORATED,-119.41098785400391,34.385196685791016
90702130,2018,2018-04-10,9765,2018-04-01,2030,019988,,7,2,4,5606,0,1,3,,2,040,"SR-126 E/B","PECK ROAD",1090.00,W,N,A,-,Y,,,126,,,,,,E,Y,2,0,2,1,A,-,01,23152,A,N,E,I,A,A,H,-,C,D,0,,,,,Y,Y,A,07,2,0,0,0,0,0,0,0,0,"- ","- ",34.335060119628906,-119.08547973632812,VENTURA,"SANTA PAULA",-119.08557891845703,34.335182189941406
90705781,2018,2018-04-16,9765,2018-04-05,1555,016420,,4,2,9,5600,0,1,3,,2,041,"SR-126 W/B","TODD BARRANCA",150.00,E,N,A,-,Y,,,126,,,,,,W,Y,4,0,1,2,A,-,03,22350,,N,C,C,A,A,H,-,A,D,0,,,,,Y,Y,A,01,0,0,1,0,0,0,0,0,0,"- ","- ",34.314098358154297,-119.11519622802734,VENTURA,UNINCORPORATED,-119.11525726318359,34.314197540283203
90706062,2018,2018-04-16,9765,2018-04-06,2215,019721,,5,3,9,5600,0,3,5,,2,004,"OLD TELEGRAPH ROAD","7TH STREET",500.00,E,N,A,-,N,,,,,,,,,,Y,4,0,2,2,A,-,09,21804,A,N,D,C,A,A,H,-,C,D,0,,,,,Y,,A,01,0,0,2,0,0,0,0,0,0,"- ","- ",34.403518676757812,-118.94685363769531,VENTURA,UNINCORPORATED,-118.94818115234375,34.400135040283203
90706728,2018,2018-04-17,9765,2018-04-07,2055,020001,,6,2,9,5600,0,3,5,,2,006,"HUENEME ROAD","CASPER ROAD",952.00,E,N,A,-,N,,,,,,,,,,Y,3,0,1,2,A,-,01,23152,A,N,C,C,A,A,H,-,D,D,0,,,,,Y,Y,A,01,0,1,0,0,0,0,0,0,0,"- ","- ",34.147090911865234,-119.14137268066406,VENTURA,UNINCORPORATED,-119.14141845703125,34.147201538085938
90707104,2018,2018-04-17,9765,2018-04-04,0908,014823,,3,1,9,5600,0,3,5,,2,005,"COLLINS STREET","BALBOA STREET",0.00,,Y,A,-,N,,,,,,,,,,Y,4,0,1,2,A,-,09,21802,A,N,D,C,A,A,H,-,A,A,0,,,,,Y,,A,01,0,0,1,0,0,0,0,0,0,"- ","- ",34.234321594238281,-119.16197967529297,VENTURA,UNINCORPORATED,-119.16197204589844,34.234500885009766
9070938,2020,2020-05-15,5608,2020-02-22,1734,499,72,6,5,6,5608,0,0,0,,0,003,"FOOTHILL RD","BAYVIEW AV",187.00,E,N,C,-,N,,,,,,,,,,Y,4,0,1,2,A,-,03,22350,,N,A,C,A,B,H,-,B,D,0,,,,,Y,,-,,0,0,1,0,0,0,0,0,0,"- ","- ",,,VENTURA,VENTURA,-119.22930145263672,34.283721923828125
9070942,2020,2020-10-19,5608,2020-02-23,1935,521,VENTU,7,5,6,5608,0,0,0,,0,004,"VICTORIA AV","RT 101",0.00,,Y,A,-,Y,VEN,7,101,-,R,24.797,R,4,S,Y,3,0,1,2,A,-,12,21453,A,N,D,C,A,A,H,-,C,A,0,,,,,Y,,A,07,0,1,0,0,0,0,0,0,0,"- ",NO,,,VENTURA,VENTURA,-119.21310424804688,34.253704071044922
90709426,2018,2018-04-19,9770,2018-04-15,1155,018942,,7,1,6,5607,0,1,2,,2,073,"US-101 S/B (VENTURA FREEWAY)","WENDY DRIVE",528.00,S,N,A,-,Y,,,101,,,,,,S,Y,4,0,1,2,A,-,03,22350,,N,C,C,A,A,H,-,A,D,0,,,,,Y,,A,07,0,0,1,0,0,0,0,0,0,"- ","- ",34.188838958740234,-118.93721771240234,VENTURA,"THOUSAND OAKS",-118.93724060058594,34.188796997070312
90711431,2018,2018-04-24,9765,2018-04-10,1354,016592,,2,1,9,5600,0,3,5,,2,006,"POTRERO ROAD","VIA ACOSTA",1584.00,W,N,A,-,N,,,,,,,,,,Y,2,0,1,1,A,-,08,22107,,N,E,I,A,A,H,-,A,D,0,,,,,Y,,A,01,1,0,0,0,0,0,0,0,0,"- ","- ",34.159149169921875,-118.99491882324219,VENTURA,UNINCORPORATED,-118.99371337890625,34.158737182617188
90711648,2018,2018-04-24,9770,2018-04-17,0830,017638,,2,1,9,5600,0,2,4,,1,030,"SANTA ROSA ROAD","YUCCA DRIVE",350.00,W,N,A,-,N,,,,,,,,,,Y,4,0,1,2,A,-,08,22107,,N,A,C,A,A,H,-,A,D,0,,,,,Y,,D,22,0,0,1,0,0,0,0,0,0,"- ","- ",34.23590087890625,-118.9278564453125,VENTURA,UNINCORPORATED,-118.92797088623047,34.235816955566406
90712152,2018,2018-04-24,9770,2018-04-17,1525,017662,,2,2,4,5690,0,1,3,,2,081,"SR-118 E/B (RONALD REAGAN FREEWAY)","COLLINS DRIVE",2112.00,W,N,A,-,Y,,,118,,,,,,E,Y,4,0,1,2,A,-,03,22350,,N,C,C,A,A,H,-,A,D,0,,,,,Y,,A,08,0,0,1,0,0,0,0,0,0,"- ","- ",34.293010711669922,-118.84999847412109,VENTURA,MOORPARK,-118.84999847412109,34.292999267578125
90712465,2018,2018-04-25,9765,2018-04-13,1852,016420,,5,2,9,5600,0,3,5,,2,003,"HARBOR BLVD.","GONZALES ROAD",1056.00,N,N,A,-,N,,,,,,,,,,N,3,0,1,2,A,-,16,24002,A,N,H,G,A,A,H,-,B,D,0,,Y,,,Y,,E,22,0,1,0,0,0,0,1,0,0,"- ","- ",34.220981597900391,-119.25504302978516,VENTURA,UNINCORPORATED,-119.25517272949219,34.221118927001953
90712670,2018,2018-04-25,9765,2018-04-14,1520,019057,,6,2,9,5600,0,1,3,,1,055,"SR-118 E/B","NORTH STREET",0.00,,Y,A,-,Y,,,118,,,,,,E,Y,4,0,1,2,A,-,09,21802,A,N,D,C,A,A,H,-,A,A,0,,,,,Y,,D,22,0,0,1,0,0,0,0,0,0,"- ","- ",34.263908386230469,-119.00953674316406,VENTURA,UNINCORPORATED,-119.00953674316406,34.263767242431641
90712700,2018,2018-04-25,9770,2018-04-19,0715,017638,,4,1,9,5600,0,2,4,,1,088,"BOX CANYON ROAD","BRYANT DRIVE",550.00,S,N,B,C,N,,,,,,,,,,Y,4,0,1,1,A,-,08,22107,,N,E,I,A,B,H,-,A,D,0,,,,,Y,,A,07,0,0,1,0,0,0,0,0,0,"- ","- ",34.250740051269531,-118.64930725097656,VENTURA,UNINCORPORATED,-118.64930725097656,34.250850677490234
90713138,2018,2018-04-25,9765,2018-04-14,1020,020497,,6,1,9,5600,0,1,3,,1,021,"SR-33 (MARICOPA HIGHWAY)","ROSE VALLEY ROAD",11616.00,S,N,A,-,Y,,,33,,,,,,,Y,2,0,1,1,A,-,03,22350,,N,F,A,A,A,H,-,A,D,0,,,Y,,Y,,C,02,1,0,0,0,0,0,0,0,1,"- ","- ",34.535480499267578,-119.2525634765625,VENTURA,UNINCORPORATED,-119.25257110595703,34.535533905029297
9071347,2020,2020-11-30,5600,2020-06-19,1455,1936,9128,5,5,6,5607,0,0,0,,0,9H01,"VENTU PARK RD","HAMPTON INN DR",299.00,S,N,A,-,Y,VEN,7,101,-,-,6.308,R,4,N,Y,4,0,1,2,A,-,04,21703,,N,C,C,A,A,H,-,A,D,0,,,,,Y,,A,01,0,0,1,0,0,0,0,0,0,"- ","- ",34.186698913574219,-118.91110229492188,VENTURA,"THOUSAND OAKS",-118.91329193115234,34.1844482421875
90716021,2018,2018-04-30,9770,2018-04-20,0720,017638,,5,1,9,5600,0,1,3,,1,052,"SR-118 W/B (LOS ANGELES AVENUE)","GRIMES CANYON ROAD",500.00,E,N,A,-,Y,,,118,,,,,,W,Y,4,0,2,2,A,-,03,22350,,N,C,C,A,A,H,-,A,D,0,,,,,Y,,D,22,0,0,2,0,0,0,0,0,0,"- ","- ",34.274669647216797,-118.92923736572266,VENTURA,UNINCORPORATED,-118.92921447753906,34.274620056152344
9071621,2020,2020-07-28,5608,2020-02-27,0749,504,,4,5,6,5608,0,0,0,,0,004,"JOHNSON DR","NORTH BANK DR",577.00,E,N,A,-,N,,,,,,,,,,Y,3,0,2,2,A,-,09,21801,A,N,D,C,A,A,H,-,A,D,0,,,,,Y,,A,01,0,2,0,0,0,0,0,0,0,"- ","- ",,,VENTURA,VENTURA,-119.19339752197266,34.245960235595703
9071643,2020,2020-05-16,5600,2020-02-02,1056,5007,9169,7,5,6,5607,0,0,0,,0,9D01,"THOUSAND OAKS BL","WESTLAKE BL",320.00,E,N,A,-,N,,,,,,,,,,,3,0,1,1,A,-,03,22350,,N,F,A,A,A,H,-,A,D,0,,,Y,,Y,,C,02,0,1,0,0,0,0,0,0,1,"- ","- ",34.160961151123047,-118.82283782958984,VENTURA,"THOUSAND OAKS",-118.822021484375,34.16046142578125
90716952,2018,2018-05-01,9765,2018-04-20,1715,019057,,5,2,9,5600,0,1,2,,2,504,"US-101 N/B","CARMEN DRIVE",100.00,S,N,A,-,Y,,,,,,,,,,Y,4,0,1,2,A,-,03,22350,,N,C,C,A,A,H,-,A,D,0,,,,,Y,,A,01,0,0,1,0,0,0,0,0,0,"- ","- ",34.217628479003906,-119.04997253417969,VENTURA,UNINCORPORATED,-119.05055999755859,34.217750549316406
90716986,2018,2018-05-01,9765,2018-04-20,1345,016592,,5,1,6,5608,0,1,2,,2,301,"US-101 S/B","SEAWARD AVENUE",1058.00,S,N,A,-,Y,,,101,,,,,,S,Y,3,0,1,1,A,-,03,22350,,N,F,A,A,A,H,-,A,D,0,,,Y,,Y,,C,02,0,1,0,0,0,0,0,0,1,"- ","- ",34.263160705566406,-119.26648712158203,VENTURA,VENTURA,-119.26648712158203,34.263175964355469
9071733,2020,2020-10-13,5600,2020-03-02,1749,5244,9170,1,5,6,5607,0,0,0,,0,09D,"WESTLAKE BL","TOWNSGATE RD",290.00,N,N,A,-,Y,VEN,7,23,-,R,3.150,H,-,N,Y,4,0,1,2,A,-,04,21703,,N,C,C,A,A,H,-,B,D,0,,,,,Y,,A,01,0,0,1,0,0,0,0,0,0,"- ","- ",,,VENTURA,"THOUSAND OAKS",-118.82665252685547,34.155357360839844
90718939,2018,2018-05-03,9770,2018-04-28,1000,017638,,6,1,6,5609,0,1,3,,2,080,"SR-118 W/B (RONALD REAGAN FREEWAY)","ALAMOS CANYON ROAD",1584.00,W,N,A,-,Y,,,118,,,,,,W,Y,3,0,1,2,A,-,17,23114,A,N,H,C,A,A,H,-,A,D,0,,,,,Y,,A,08,0,1,0,0,0,0,0,0,0,"- ","- ",34.291408538818359,-118.81668090820312,VENTURA,"SIMI VALLEY",-118.81667327880859,34.291469573974609
90720679,2018,2018-05-07,9765,2018-04-25,1830,016592,,3,2,5,5601,0,1,2,,2,501,"US-101 S/B","CENTRAL AVENUE",485.00,N,N,A,-,Y,,,101,,,,,,S,Y,3,0,3,2,A,-,03,22350,,N,C,C,A,A,H,-,A,D,0,,,,,Y,,A,01,0,2,1,0,0,0,0,0,0,"- ","- ",34.221771240234375,-119.10356903076172,VENTURA,CAMARILLO,-119.10356903076172,34.221794128417969
90720683,2018,2018-05-07,9765,2018-04-25,1635,016592,,3,2,5,5601,0,1,2,,2,501,"US-101 S/B","CENTRAL AVENUE",1089.00,N,N,A,-,Y,,,101,,,,,,S,Y,3,0,1,2,A,-,03,22350,,N,C,C,A,A,H,-,A,D,0,,,,,Y,,A,01,0,1,0,0,0,0,0,0,0,"- ","- ",34.221881866455078,-119.10562896728516,VENTURA,CAMARILLO,-119.10562896728516,34.221851348876953
90723476,2018,2018-05-10,9765,2018-05-02,2150,014736,,3,2,9,5600,0,1,3,,1,055,"SR-118 (LOS ANGELES AVENUE)","SR-232 (VINEYARD AVENUE)",60.00,W,N,B,-,Y,,,118,,,,,,,N,4,0,2,2,A,-,03,22350,,F,C,C,A,A,H,-,C,A,0,,,,,Y,,D,22,0,0,2,0,0,0,0,0,0,"- ","- ",34.274169921875,-119.13580322265625,VENTURA,UNINCORPORATED,-119.13571166992188,34.2742919921875
90723901,2018,2018-05-10,9770,2018-05-05,1143,016383,,6,1,6,5607,0,1,3,,2,077,"SR-23 S/B TO US-101 S/B","THOUSAND OAKS BOULEVARD",100.00,N,N,A,-,Y,,,23,,,,R,,S,Y,3,0,1,1,A,-,08,22107,,N,E,I,A,A,H,-,A,D,0,,,,,Y,,A,01,0,1,0,0,0,0,0,0,0,"- ","- ",34.179569244384766,-118.86074829101562,VENTURA,"THOUSAND OAKS",-118.86074829101562,34.179569244384766
90726280,2018,2018-05-15,9765,2018-05-04,1650,020691,,5,2,9,5600,0,1,3,,1,068,"SR-34 (FIFTH STREET)","LAS POSAS ROAD",502.00,W,N,A,-,Y,,,34,,,,,,,Y,4,0,2,4,A,-,03,22350,,N,C,C,A,A,H,-,A,D,0,,,,Y,Y,,G,25,0,0,2,0,0,0,0,0,0,"- ","- ",34.196369171142578,-119.071533203125,VENTURA,UNINCORPORATED,-119.071533203125,34.196353912353516
90728591,2018,2018-05-17,9765,2018-05-11,1348,019277,,5,1,6,5608,0,1,2,,2,301,"US-101 S/B (VENTURA FREEWAY)","VICTORIA AVENUE",4224.00,S,N,A,-,Y,,,101,,,,,,S,N,4,0,1,2,A,-,03,22350,,N,C,C,A,A,H,-,A,D,0,,,,,Y,,A,01,0,0,1,0,0,0,0,0,0,"- ","- ",34.246498107910156,-119.19937133789062,VENTURA,VENTURA,-119.19937896728516,34.246482849121094
90731400,2017,2019-07-15,9770,2017-12-16,1420,020169,,6,2,9,5600,0,2,4,,1,030,"SANTA ROSA ROAD","EAST LAS POSAS ROAD",0.00,,Y,A,-,N,,,,,,,,,,Y,1,1,1,2,A,-,12,21453,A,N,D,C,A,A,H,-,A,A,0,,,,Y,Y,,F,26,0,0,1,0,0,0,0,0,0,"- ","- ",34.239100000000001,-118.89919999999999,VENTURA,UNINCORPORATED,-118.89927,34.239080090000002
90732018,2018,2018-05-23,9765,2018-05-14,0740,020912,,1,1,9,5600,0,1,3,,1,062,SR-1,"LAS POSAS ROAD",12144.00,S,N,A,-,Y,,,1,,,,,,,Y,3,0,1,1,A,-,08,22107,,N,F,A,A,A,H,-,A,D,0,,,,,Y,,A,01,0,1,0,0,0,0,0,0,0,"- ","- ",34.089550018310547,-119.0643310546875,VENTURA,UNINCORPORATED,-119.06427001953125,34.089599609375
90735194,2018,2018-05-25,9765,2018-05-19,1445,019057,,6,2,9,5600,0,3,5,,2,006,"PLEASANT VALLEY ROAD","STURGIS ROAD",430.00,E,N,B,-,N,,,,,,,,,,Y,3,0,1,2,A,-,03,22350,,N,C,C,A,A,H,-,A,A,0,,,,,Y,,A,01,0,1,0,0,0,0,0,0,0,"- ","- ",34.2022705078125,-119.09915161132812,VENTURA,UNINCORPORATED,-119.09877777099609,34.202438354492188
90737596,2018,2018-05-30,9770,2018-05-24,0828,017638,,4,1,6,5607,0,1,3,,2,084,"SR-23 S/B FROM OLSEN ROAD W/B","OLSEN ROAD",215.00,N,N,B,-,Y,,,23,,,,R,,S,N,4,0,1,2,A,-,03,22350,,N,C,C,A,A,H,-,A,D,0,,,,,Y,,J,48,0,0,1,0,0,0,0,0,0,"- ","- ",34.241691589355469,-118.84102630615234,VENTURA,"THOUSAND OAKS",-118.84102630615234,34.241691589355469
90741894,2018,2018-06-06,9770,2018-05-31,1120,017973,,4,1,6,5607,0,1,2,,2,074,"US-101 N/B (VENTURA FREEWAY)","RANCHO ROAD",1584.00,S,N,A,-,Y,,,101,,,,,,N,N,4,0,1,2,A,-,03,22350,,N,C,C,A,A,H,-,A,D,0,,,,Y,Y,,F,26,0,0,1,0,0,0,0,0,0,"- ","- ",34.175361633300781,-118.85238647460938,VENTURA,"THOUSAND OAKS",-118.85238647460938,34.175373077392578
9074199,2020,2020-07-09,5600,2020-03-17,1325,3147,9108,2,5,6,5607,0,0,0,,0,9C01,"WENDY DR","BELLA DR",144.00,N,N,B,-,N,,,,,,,,,,Y,3,0,2,3,A,-,08,22107,,N,H,C,A,B,H,-,A,D,0,,,,,Y,,A,07,0,2,0,0,0,0,0,0,0,"- ","- ",,,VENTURA,"THOUSAND OAKS",-118.94261169433594,34.187641143798828
90742589,2018,2018-06-06,9765,2018-05-28,1515,017253,,1,2,9,5600,0,1,2,,2,103,"US-101 S/B","W. MAIN STREET",2640.00,N,N,A,-,Y,,,101,,,,,,S,Y,3,0,2,2,A,-,03,22350,,N,C,C,A,A,H,-,A,D,0,,,,,Y,,D,22,0,2,0,0,0,0,0,0,0,"- ","- ",34.285690307617188,-119.32388305664062,VENTURA,UNINCORPORATED,-119.3238525390625,34.2857666015625
9074293,2020,2020-07-10,5600,2020-03-30,1119,5481,9128,1,5,6,5607,0,0,0,,0,9H01,"VENTU PARK RD","HAMPTON WY",0.00,,Y,A,-,N,,,,,,,,,,Y,4,0,3,2,A,-,12,21453,A,N,D,C,A,A,H,-,A,A,0,,,,,Y,,A,01,0,0,3,0,0,0,0,0,0,"- ","- ",,,VENTURA,"THOUSAND OAKS",,
90745473,2018,2018-06-11,9770,2018-06-01,1700,018942,,5,2,6,5607,0,1,3,,2,085,"SR-23 S/B (MOORPARK FREEWAY)","OLSEN ROAD",1584.00,S,N,A,-,Y,,,23,,,,,,S,Y,4,0,1,1,C,-,18,,,N,E,I,A,A,H,-,A,D,0,,,,,Y,,-,"- ",0,0,1,0,0,0,0,0,0,"- ","- ",34.239250183105469,-118.84107971191406,VENTURA,"THOUSAND OAKS",-118.84098815917969,34.239215850830078
90745976,2018,2018-06-12,9770,2018-06-05,1555,016561,,2,2,9,5600,0,2,4,,2,078,"GLORIA DRIVE","GERST DRIVE",0.00,,Y,B,-,N,,,,,,,,,,N,3,0,1,2,A,-,04,21703,,N,C,C,A,A,H,-,A,D,0,,,Y,,Y,,C,02,0,1,0,0,0,0,0,0,1,"- ","- ",34.189769744873047,-118.9471435546875,VENTURA,UNINCORPORATED,-118.94698333740234,34.18975830078125
90747087,2018,2018-06-13,9765,2018-06-08,1505,016592,,5,2,9,5600,0,3,5,,2,005,"BALBOA STREET","VENTURA BLVD.",1056.00,N,N,A,-,N,,,,,,,,,,N,4,0,1,3,A,-,21,22106,,N,H,C,E,A,H,-,A,D,0,Y,,,,Y,,D,22,0,0,1,0,1,0,0,0,0,"- ","- ",34.229969024658203,-119.16654205322266,VENTURA,UNINCORPORATED,-119.16604614257812,34.230396270751953
90747191,2018,2018-06-13,9765,2018-04-06,2336,016234,,5,3,9,5600,0,3,5,,2,005,"SANTA CLARA AVENUE","FRIEDRICH ROAD",1125.00,N,N,A,-,N,,,,,,,,,,Y,1,1,0,1,A,-,01,23152,A,N,E,I,A,A,H,-,D,D,0,,,,,Y,Y,D,22,0,0,0,0,0,0,0,0,0,"- ","- ",34.232769012451172,-119.13201904296875,VENTURA,UNINCORPORATED,-119.13214111328125,34.232753753662109
90749932,2018,2018-06-18,9770,2018-06-07,2220,021082,,4,3,6,5609,0,1,3,,2,083,"SR-118 E/B (RONALD REAGAN FREEWAY)","ERRINGER ROAD",3340.00,W,N,A,-,Y,,,118,,,,,,E,Y,2,0,2,2,A,-,01,23152,A,N,C,C,A,A,H,-,C,D,0,,,,,Y,Y,A,01,1,1,0,0,0,0,0,0,0,"- ","- ",34.282081604003906,-118.77207946777344,VENTURA,"SIMI VALLEY",-118.77207946777344,34.282119750976562
90750188,2018,2018-06-18,9765,2018-06-15,1228,014823,,5,1,5,5601,0,1,2,,2,502,"US-101 N/B","CARMEN DRIVE",2640.00,S,N,A,-,Y,,,101,,,,,,N,N,4,0,1,2,A,-,07,21658,A,N,B,C,A,A,H,-,A,D,0,,,,,Y,,A,01,0,0,1,0,0,0,0,0,0,"- ","- ",34.218498229980469,-119.06049346923828,VENTURA,CAMARILLO,-119.06048583984375,34.218521118164062
90751197,2018,2018-06-19,9770,2018-06-16,1120,017638,,6,1,9,5600,0,2,4,,1,088,"BOX CANYON ROAD","BRYANT DRIVE",1500.00,S,N,B,-,N,,,,,,,,,,Y,3,0,1,1,A,-,08,22107,,N,F,A,A,A,H,-,A,D,0,,,Y,,Y,,C,02,0,1,0,0,0,0,0,0,1,"- ","- ",34.248508453369141,-118.64975738525391,VENTURA,UNINCORPORATED,-118.64988708496094,34.248607635498047
9075175,2020,2020-06-23,5600,2020-03-15,0508,4663,9166,7,5,6,5607,0,0,0,,0,090,"WESTLAKE BL","HILLCREST DR",377.00,S,N,C,-,N,,,,,,,,,,Y,3,0,1,1,A,-,08,22107,,N,E,I,A,B,H,-,D,D,0,,,,,Y,,A,01,0,1,0,0,0,0,0,0,0,"- ","- ",,,VENTURA,"THOUSAND OAKS",-118.8206787109375,34.169822692871094
9075179,2020,2020-06-23,5600,2020-03-13,1045,4617,9018,5,5,6,5607,0,0,0,,0,9A01,"AVENIDA DE LOS ARBOLES","SIRIUS ST",0.00,,Y,C,-,N,,,,,,,,,,Y,4,0,1,2,A,-,09,21802,A,N,D,C,A,B,H,-,A,D,0,,,,,Y,,A,01,0,0,1,0,0,0,0,0,0,"- ","- ",,,VENTURA,"THOUSAND OAKS",-118.87336730957031,34.218040466308594
9075249,2020,2020-06-19,5600,2020-03-06,1502,5360,9071,5,5,6,5607,0,0,0,,0,9D01,"WESTLAKE BL","FOUNTAIN CREST LN",70.00,S,N,A,-,N,,,,,,,,,,Y,2,0,2,2,A,-,03,22350,,N,E,I,A,A,H,-,A,A,0,,,,,Y,,A,01,1,0,1,0,0,0,0,0,0,"- ","- ",,,VENTURA,"THOUSAND OAKS",-118.8245849609375,34.209991455078125