CASE_ID,ACCIDENT_YEAR,PROC_DATE,JURIS,COLLISION_DATE,COLLISION_TIME,OFFICER_ID,REPORTING_DISTRICT,DAY_OF_WEEK,CHP_SHIFT,POPULATION,CNTY_CITY_LOC,SPECIAL_COND,BEAT_TYPE,CHP_BEAT_TYPE,CITY_DIVISION_LAPD,CHP_BEAT_CLASS,BEAT_NUMBER,PRIMARY_RD,SECONDARY_RD,DISTANCE,DIRECTION,INTERSECTION,WEATHER_1,WEATHER_2,STATE_HWY_IND,CALTRANS_COUNTY,CALTRANS_DISTRICT,STATE_ROUTE,ROUTE_SUFFIX,POSTMILE_PREFIX,POSTMILE,LOCATION_TYPE,RAMP_INTERSECTION,SIDE_OF_HWY,TOW_AWAY,COLLISION_SEVERITY,NUMBER_KILLED,NUMBER_INJURED,PARTY_COUNT,PRIMARY_COLL_FACTOR,PCF_CODE_OF_VIOL,PCF_VIOL_CATEGORY,PCF_VIOLATION,PCF_VIOL_SUBSECTION,HIT_AND_RUN,TYPE_OF_COLLISION,MVIW,PED_ACTION,ROAD_SURFACE,ROAD_COND_1,ROAD_COND_2,LIGHTING,CONTROL_DEVICE,CHP_ROAD_TYPE,PEDESTRIAN_ACCIDENT,BICYCLE_ACCIDENT,MOTORCYCLE_ACCIDENT,TRUCK_ACCIDENT,NOT_PRIVATE_PROPERTY,ALCOHOL_INVOLVED,STWD_VEHTYPE_AT_FAULT,CHP_VEHTYPE_AT_FAULT,COUNT_SEVERE_INJ,COUNT_VISIBLE_INJ,COUNT_COMPLAINT_PAIN,COUNT_PED_KILLED,COUNT_PED_INJURED,COUNT_BICYCLIST_KILLED,COUNT_BICYCLIST_INJURED,COUNT_MC_KILLED,COUNT_MC_INJURED,PRIMARY_RAMP,SECONDARY_RAMP,LATITUDE,LONGITUDE,COUNTY,CITY,POINT_X,POINT_Y
90825410,2018,2018-10-01,9765,2018-09-24,0724,016712,,1,1,9,5600,0,1,3,,1,020,SR-33,"SULPHUR MOUNTAIN ROAD",30.00,S,N,A,-,Y,,,33,,,,,,,Y,4,0,1,2,A,-,03,22350,,N,C,C,A,A,H,-,A,D,0,,,,,Y,,A,07,0,0,1,0,0,0,0,0,0,"- ","- ",34.377300262451172,-119.30580139160156,VENTURA,UNINCORPORATED,-119.30592346191406,34.377353668212891
90826869,2018,2018-10-02,9770,2018-09-28,0750,016383,,5,1,6,5607,0,1,3,,2,077,"SR-23 S/B (MOORPARK FREEWAY)","HILLCREST DRIVE",400.00,N,N,A,-,Y,,,,,,,,,,Y,4,0,1,2,A,-,03,22350,,N,C,C,A,A,H,-,A,D,0,,,,,Y,,D,22,0,0,1,0,0,0,0,0,0,"- ","- ",34.183319091796875,-117.86083221435547,VENTURA,"THOUSAND OAKS",-118.86038208007812,34.1824951171875
90828704,2018,2018-10-04,9770,2018-09-28,0705,017638,,5,1,9,5600,0,1,3,,1,053,"SR-118 E/B (LOS ANGELES AVENUE)","GRIMES CANYON ROAD",275.00,W,N,E,-,Y,,,118,,,,,,E,Y,4,0,1,1,A,-,08,22107,,N,F,A,A,A,H,-,B,D,0,,,,,Y,,A,07,0,0,1,0,0,0,0,0,0,"- ","- ",34.273651123046875,-118.93137359619141,VENTURA,UNINCORPORATED,-118.93130493164062,34.273517608642578
90829306,2018,2018-12-18,9770,2018-09-23,2055,021306,,7,2,9,5600,0,3,5,,2,003,"EAST LAS POSAS ROAD","SANTA ROSA ROAD",160.00,N,N,A,-,N,,,,,,,,,,N,4,0,1,2,A,-,08,22107,,N,D,C,A,A,H,-,D,D,0,,,,,Y,,A,01,0,0,1,0,0,0,0,0,0,"- ","- ",34.239459991455078,-118.89929962158203,VENTURA,UNINCORPORATED,-118.89934539794922,34.239513397216797
90829724,2018,2018-10-05,9765,2018-09-28,1640,019988,,5,2,9,5600,0,1,3,,2,041,"SR-126 W/B","TODD BARRANCA",50.00,E,N,B,-,Y,,,126,,,,,,W,Y,4,0,3,2,A,-,03,22350,,N,C,C,A,A,H,-,A,D,0,,,,,Y,,A,01,0,0,3,0,0,0,0,0,0,"- ","- ",34.313880920410156,-119.11569213867188,VENTURA,UNINCORPORATED,-119.11571502685547,34.313926696777344
90829853,2018,2018-10-05,9765,2018-09-28,1615,019988,,5,2,9,5600,0,1,3,,2,040,"SR-126 E/B","TODD BARRACCA",97.00,E,N,B,-,Y,,,126,,,,,,E,Y,3,0,1,1,A,-,03,22350,,N,F,A,A,A,H,-,A,D,0,,,Y,,Y,,C,02,0,1,0,0,0,0,0,0,1,"- ","- ",34.313800811767578,-119.11569213867188,VENTURA,UNINCORPORATED,-119.11564636230469,34.313732147216797
90833982,2018,2018-10-11,9770,2018-06-21,2255,014454,,4,3,6,5607,0,1,2,,2,072,"US-101 N/B (VENTURA FREEWAY)","VENTU PARK ROAD",1007.00,S,N,A,-,Y,,,101,,,,,,N,Y,3,0,1,1,A,-,08,22107,,N,E,I,A,A,H,-,C,D,0,,,,,Y,,A,01,0,1,0,0,0,0,0,0,0,"- ","- ",34.184379577636719,-118.90778350830078,VENTURA,"THOUSAND OAKS",-118.90777587890625,34.18450927734375
90834028,2018,2018-10-26,9770,2018-06-21,2256,014454,,4,3,6,5607,0,1,2,,2,072,"US-101 N/B (VENTURA FREEWAY)","VENTU PARK ROAD",602.00,S,N,A,-,Y,,,101,,,,,,N,Y,2,0,1,2,A,-,11,21954,A,N,G,B,E,A,H,-,D,D,0,Y,,,Y,Y,,N,60,1,0,0,0,1,0,0,0,0,"- ","- ",34.184379577636719,-118.90778350830078,VENTURA,"THOUSAND OAKS",-118.90777587890625,34.18450927734375
90835885,2018,2018-10-15,9770,2018-10-09,2350,021341,,2,3,6,5607,0,1,2,,2,075,"US-101 S/B TO WESTLAKE BOULEVARD","WESTLAKE BOULEVARD",180.00,W,N,A,-,Y,,,101,,,,R,,S,Y,2,0,1,1,A,-,01,23152,A,N,F,I,A,A,H,-,C,D,0,,,,,Y,Y,A,01,1,0,0,0,0,0,0,0,0,"- ","- ",34.156749725341797,-118.82662963867188,VENTURA,"THOUSAND OAKS",-118.82662963867188,34.156749725341797
90838360,2018,2018-10-17,9770,2018-10-15,1201,018572,,1,1,6,5607,0,1,2,,2,074,"US-101 N/B (VENTURA FREEWAY)","MOORPARK ROAD",2112.00,S,N,A,-,Y,,,101,,,,,,N,Y,4,0,1,2,A,-,03,22350,,N,C,C,A,A,H,-,A,D,0,,,,,Y,,A,01,0,0,1,0,0,0,0,0,0,"- ","- ",34.177059173583984,-118.87050628662109,VENTURA,"THOUSAND OAKS",-118.87051391601562,34.177028656005859
90841498,2018,2018-10-22,9770,2018-10-16,1710,017732,,2,2,6,5607,0,1,3,,2,084,"SR-23 N/B (MOORPARK FREEWAY)","ERBES ROAD",360.00,S,N,A,-,Y,,,23,,,,,,N,Y,4,0,1,2,A,-,03,22350,,N,C,C,A,A,H,-,A,D,0,,,,,Y,,A,01,0,0,1,0,0,0,0,0,0,"- ","- ",34.234100341796875,-118.84290313720703,VENTURA,"THOUSAND OAKS",-118.84294891357422,34.234138488769531
90842207,2018,2018-10-23,9770,2018-10-13,0052,021341,,6,3,6,5607,0,1,2,,2,072,"US-101 N/B (VENTURA FREEWAY)","VENTU PARK ROAD",515.00,N,N,B,C,Y,,,101,,,,,,N,Y,4,0,1,2,A,-,07,21658,A,M,E,I,A,B,H,-,C,D,0,,,,,Y,,A,01,0,0,1,0,0,0,0,0,0,"- ","- ",34.184539794921875,-118.91307830810547,VENTURA,"THOUSAND OAKS",-118.91307830810547,34.1844482421875
90842310,2018,2018-10-23,9770,2018-10-14,0240,021341,,7,3,9,5600,0,1,3,,2,084,"SR-23 N/B (MOORPARK FREEWAY)","OLSEN ROAD",5016.00,N,N,B,-,Y,,,23,,,,,,N,Y,3,0,1,1,A,-,08,22107,,N,E,I,A,A,H,-,D,D,0,,,,,Y,,D,22,0,1,0,0,0,0,0,0,0,"- ","- ",34.255939483642578,-118.84066009521484,VENTURA,UNINCORPORATED,-118.84054565429688,34.255989074707031
90843568,2018,2018-10-24,9770,2018-10-18,1644,018659,,4,2,6,5607,0,1,3,,2,084,"SR-23 N/B (MOORPARK FREEWAY)","OLSEN ROAD",2000.00,S,N,A,-,Y,,,23,,,,,,N,Y,4,0,1,3,A,-,03,22350,,N,C,C,A,A,H,-,A,D,0,,,,,Y,,A,01,0,0,1,0,0,0,0,0,0,"- ","- ",34.233688354492188,-118.84323883056641,VENTURA,"THOUSAND OAKS",-118.84327697753906,34.233722686767578
90844802,2018,2018-10-25,9765,2018-10-16,1745,019988,,2,2,9,5600,0,3,5,,2,002,"W. VILLANOVA RD.","COUNTRY DR.",0.00,,Y,A,-,N,,,,,,,,,,Y,4,0,1,2,A,-,09,21801,A,N,A,C,A,A,H,-,A,D,0,,,Y,,Y,,A,01,0,0,1,0,0,0,0,0,1,"- ","- ",34.25592041015625,-119.17063140869141,VENTURA,UNINCORPORATED,-119.28440093994141,34.426559448242188
90844892,2018,2018-10-25,9765,2018-10-17,0925,019884,,3,1,6,5608,0,1,2,,2,302,"US-101 N/B","MONTALVO OVERHEAD",450.00,S,N,A,-,Y,,,101,,,,,,N,Y,3,0,1,2,A,-,03,22350,,N,B,C,A,A,H,-,A,D,0,,,Y,,Y,,C,02,0,1,0,0,0,0,0,0,1,"- ","- ",34.249198913574219,-119.20439910888672,VENTURA,VENTURA,-119.20439910888672,34.249202728271484
9084676,2020,2020-08-20,5604,2020-03-23,1742,5608,,1,5,6,5604,0,0,0,,0,041,"VETURA RD S","CHANNEL ISLANDS BL",775.00,S,N,A,-,N,,,,,,,,,,N,4,0,1,2,A,-,08,22107,,N,B,C,A,A,H,-,A,A,0,,,,,Y,,D,22,0,0,1,0,0,0,0,0,0,"- ","- ",34.172740936279297,-119.19403076171875,VENTURA,OXNARD,-119.19509887695312,34.17364501953125
90846897,2018,2018-10-26,9765,2018-10-19,1730,020912,,5,2,9,5600,0,3,5,,2,002,"CREEK ROAD","COUNTRY CLUB RD.",1056.00,N,N,A,-,N,,,,,,,,,,Y,4,0,1,1,A,-,03,22350,,N,F,A,A,A,H,-,A,D,0,,,,,Y,,A,01,0,0,1,0,0,0,0,0,0,"- ","- ",34.433540344238281,-119.25060272216797,VENTURA,UNINCORPORATED,-119.25057983398438,34.433586120605469
90847711,2018,2018-10-29,9765,2018-10-21,1220,019884,,7,1,9,5600,0,1,3,,1,012,SR-1,"FARIA BEACH PARK",4224.00,N,N,A,-,Y,,,1,,,,,,,Y,3,0,2,2,A,-,03,22350,,N,D,C,A,A,H,-,A,D,0,,,,,Y,,A,01,0,1,1,0,0,0,0,0,0,"- ","- ",34.328788757324219,-119.39842224121094,VENTURA,UNINCORPORATED,-119.39847564697266,34.328742980957031
90848600,2018,2018-10-30,9765,2018-10-20,2210,021682,,6,3,9,5600,0,1,3,,2,011,"SR-33 S/B","CASITAS VISTA ROAD",338.00,N,N,A,-,Y,,,33,,,,,,S,N,2,0,1,2,A,-,11,21954,A,N,G,B,D,A,H,-,C,D,0,Y,,,,Y,,N,60,1,0,0,0,1,0,0,0,0,"- ","- ",34.353610992431641,-119.30734252929688,VENTURA,UNINCORPORATED,-119.30735015869141,34.353599548339844
90849359,2018,2018-10-31,9770,2018-10-23,1719,019930,,2,2,4,5690,0,1,3,,2,081,"SR-118 E/B (RONALD REAGAN FREEWAY)","COLLINS DRIVE",5280.00,E,N,A,-,Y,,,,,,,,,,N,4,0,2,2,A,-,03,22350,,N,C,C,A,A,H,-,A,D,0,,,,,Y,,A,01,0,0,2,0,0,0,0,0,0,"- ","- ",34.2918701171875,-118.26229858398438,VENTURA,MOORPARK,-118.82561492919922,34.291740417480469
90850379,2018,2018-11-01,9765,2018-10-25,1040,017599,,4,1,9,5600,0,1,3,,1,012,SR-1,"FARIA BEACH PARK",650.00,S,N,A,-,Y,,,1,,,,,,,Y,4,0,2,2,A,-,05,21651,A,N,B,C,A,A,H,-,A,D,0,,,,,Y,,A,01,0,0,2,0,0,0,0,0,0,"- ","- ",34.318500518798828,-119.38800048828125,VENTURA,UNINCORPORATED,-119.38800811767578,34.318580627441406
90851189,2018,2018-11-01,9770,2018-10-16,1740,019819,,2,2,6,5607,0,1,2,,2,074,"US-101 N/B (VENTURA FREEWAY)","WESTLAKE BOULEVARD",100.00,N,N,A,-,Y,,,101,,,,,,N,Y,4,0,1,2,A,-,03,22350,,N,B,C,A,A,H,-,A,D,0,,,Y,,Y,,C,02,0,0,1,0,0,0,0,0,1,"- ","- ",34.158191680908203,-118.82537078857422,VENTURA,"THOUSAND OAKS",-118.82548522949219,34.158016204833984
90855379,2018,2018-11-07,9765,2018-11-01,0530,020585,,4,3,9,5600,0,1,2,,2,103,"US-101 S/B","W. MAIN STREET",2112.00,N,N,A,-,Y,,,,,,,,,,Y,4,0,1,1,A,-,08,22107,,N,E,I,A,A,H,-,C,D,0,,,,,Y,,A,01,0,0,1,0,0,0,0,0,0,"- ","- ",34.169410705566406,-119.18981170654297,VENTURA,UNINCORPORATED,,
90856503,2018,2018-11-08,9770,2018-10-31,0738,016383,,3,1,5,5601,0,1,2,,2,071,"US-101 S/B (VENTURA FREEWAY)","CONEJO INSPECTION FACILITY",2112.00,N,N,A,-,Y,,,101,,,,,,S,Y,2,0,1,2,A,-,03,22350,,F,C,C,A,A,H,-,A,D,0,,,,,Y,,A,01,1,0,0,0,0,0,0,0,0,"- ","- ",34.201160430908203,-118.96946716308594,VENTURA,CAMARILLO,-118.96947479248047,34.201118469238281
90857190,2018,2018-11-09,9765,2018-10-24,1938,016592,,3,2,5,5601,0,1,2,,2,502,"US-101 N/B","SPRINGVILLE DRIVE",3168.00,N,N,A,-,Y,,,101,,,,,,N,Y,3,0,4,4,A,-,03,22350,,N,C,C,A,A,H,-,C,D,0,,,,,Y,,D,22,0,4,0,0,0,0,0,0,0,"- ","- ",34.221321105957031,-119.09600830078125,VENTURA,CAMARILLO,-119.09600830078125,34.221363067626953
90857366,2018,2018-11-09,9765,2018-11-03,1050,018019,,6,1,9,5600,0,1,3,,2,060,"SR-1 N/B (PACIFIC COAST HIGHWAY)","DEER CREEK RD.",2267.00,S,N,A,-,Y,,,1,,,,,,N,N,3,0,1,1,A,-,08,22107,,N,F,A,A,A,H,-,A,D,0,,,Y,,Y,,C,02,0,1,0,0,0,0,0,0,1,"- ","- ",34.061199188232422,-118.97823333740234,VENTURA,UNINCORPORATED,-118.97823333740234,34.061203002929688
90857589,2018,2018-12-17,9765,2018-11-01,0905,019884,,4,1,9,5600,0,3,5,,2,006,"LEWIS ROAD","UNIVERSITY DRIVE",0.00,,Y,A,-,N,,,,,,,,,,Y,2,0,2,2,A,-,09,21453,C,N,D,C,A,A,H,-,A,A,0,,,,Y,Y,,A,07,1,1,0,0,0,0,0,0,0,"- ","- ",34.171848297119141,-119.05460357666016,VENTURA,UNINCORPORATED,-119.05500793457031,34.171649932861328
90863149,2018,2018-11-19,9765,2018-11-06,1910,020708,,2,2,9,5600,0,1,3,,1,055,SR-118,"WALNUT AVENUE",0.00,,Y,A,-,Y,,,118,,,,,,,Y,2,0,2,2,A,-,12,22450,A,N,D,C,A,A,H,-,D,A,0,,,,Y,Y,,A,01,1,1,0,0,0,0,0,0,0,"- ","- ",34.263660430908203,-119.07672119140625,VENTURA,UNINCORPORATED,-119.07672119140625,34.263675689697266
90867210,2018,2018-11-26,9770,2018-11-11,2130,019057,,7,2,9,5600,0,3,5,,2,004,"GOODENOUGH ROAD","BURSON RANCH ROAD",1160.00,N,N,A,-,N,,,,,,,,,,Y,4,0,1,1,A,-,01,23152,A,N,E,I,A,A,H,-,A,D,0,,,,,Y,Y,A,01,0,0,1,0,0,0,0,0,0,"- ","- ",34.428791046142578,-118.92051696777344,VENTURA,UNINCORPORATED,-118.92039489746094,34.428726196289062
90868047,2018,2018-11-27,9765,2018-11-15,1415,014823,,4,2,6,5604,0,1,2,,2,501,"US-101 S/B","RICE AVENUE",20.00,S,N,A,-,Y,,,101,,,,,,S,N,4,0,1,1,A,-,03,22350,,N,E,I,A,A,H,-,A,D,0,,,Y,,Y,,C,02,0,0,1,0,0,0,0,0,1,"- ","- ",34.222011566162109,-119.14267730712891,VENTURA,OXNARD,-119.14263916015625,34.222541809082031
90868281,2018,2018-11-27,9770,2018-11-15,1538,018659,,4,2,9,5600,0,2,4,,2,079,"KANAN ROAD","SUNNYCREST DRIVE",25.00,N,N,A,-,N,,,,,,,,,,N,4,0,1,2,A,-,03,22350,,N,C,C,A,A,H,-,A,A,0,,,,,Y,,A,01,0,0,1,0,0,0,0,0,0,"- ","- ",34.176540374755859,-118.75998687744141,VENTURA,UNINCORPORATED,-118.75988006591797,34.176525115966797
90869584,2018,2018-11-28,9770,2018-11-19,1620,014454,,1,2,6,5607,0,1,2,,2,074,"US-101 N/B (VENTURA FREEWAY)","HAMPSHIRE ROAD",1584.00,N,N,B,-,Y,,,101,,,,,,N,Y,4,0,2,2,A,-,03,22350,,N,C,C,A,A,H,-,A,D,0,,,,,Y,,A,01,0,0,2,0,0,0,0,0,0,"- ","- ",34.168510437011719,-118.84150695800781,VENTURA,"THOUSAND OAKS",-118.8414306640625,34.168628692626953
90871986,2018,2018-11-30,9765,2018-11-22,1915,019988,,4,2,9,5600,0,1,3,,1,020,"SR-33 (VENTURA AVENUE)","PARK AVE",95.00,N,N,A,-,Y,,,,,,,,,,Y,4,0,2,3,A,-,03,22350,,N,C,C,A,A,H,-,C,A,0,,,,,Y,,A,07,0,0,2,0,0,0,0,0,0,"- ","- ",34.236068725585938,-119.18047332763672,VENTURA,UNINCORPORATED,,
90874915,2018,2018-12-04,9765,2018-11-29,0538,014967,,4,3,6,5604,0,1,2,,2,501,"US-101 S/B (VENTURA FWY)","ROSE AVENUE",1584.00,N,N,B,C,Y,,,101,,,,,,S,Y,3,0,3,2,A,-,03,22350,,N,C,C,A,B,H,-,C,D,0,,,,,Y,,A,01,0,3,0,0,0,0,0,0,0,"- ","- ",34.226619720458984,-119.16429901123047,VENTURA,OXNARD,-119.16432189941406,34.226516723632812
90875569,2018,2018-12-05,9765,2018-11-26,0750,015117,,1,1,9,5600,0,3,5,,2,006,"PLEASANT VALLEY ROAD",SR-34,1584.00,S,N,A,-,N,,,,,,,,,,Y,2,0,2,4,A,-,03,22350,,N,C,C,A,A,H,-,A,D,0,,,,,Y,,A,01,1,0,1,0,0,0,0,0,0,"- ","- ",34.196571350097656,-119.10447692871094,VENTURA,UNINCORPORATED,-119.04585266113281,34.205493927001953
90876814,2018,2018-12-06,9770,2018-12-01,1416,20724,,6,2,6,5607,0,1,2,,2,072,"US-101 N/B","LYNN ROAD",700.00,S,N,A,-,Y,,,101,,,,,,N,N,3,0,1,2,A,-,03,22350,,N,C,C,A,A,H,-,A,D,0,,,,,Y,,A,01,0,1,0,0,0,0,0,0,0,"- ","- ",34.180671691894531,-118.88569641113281,VENTURA,"THOUSAND OAKS",-118.88567352294922,34.18072509765625
90876990,2018,2018-12-06,9770,2018-12-05,1755,019819,,3,2,6,5607,0,1,3,,2,076,"SR-23 N/B (MOORPARK FREEWAY)","HILLCREST DRIVE",100.00,S,N,B,C,Y,,,23,,,,,,N,Y,4,0,2,2,A,-,03,22350,,N,C,C,A,B,H,-,C,D,0,,,,,Y,,A,01,0,0,2,0,0,0,0,0,0,"- ","- ",34.180961608886719,-118.86013793945312,VENTURA,"THOUSAND OAKS",-118.86021423339844,34.180953979492188
90877304,2018,2018-12-06,9765,2018-12-06,0210,014736,,4,3,6,5608,0,1,2,,2,301,"US 101 S/B (VENTURA FREEWAY)","JOHNSON DRIVE",1056.00,N,N,C,-,Y,,,,,,,,,,Y,4,0,1,1,A,-,08,22107,,N,E,I,A,B,H,-,C,D,0,,,,,Y,,A,01,0,0,1,0,0,0,0,0,0,"- ","- ",34.244430541992188,-119.19516754150391,VENTURA,VENTURA,-119.19009399414062,34.242771148681641
90877481,2018,2018-12-06,9765,2018-12-05,0120,019721,,3,3,9,5600,0,1,2,,1,104,"US-101 N/B","SANTA BARBARA AVE",1584.00,N,N,B,-,Y,,,101,,,,,,N,Y,3,0,2,1,A,-,08,22107,,N,E,I,A,A,H,-,D,D,0,,,,,Y,,A,01,0,1,1,0,0,0,0,0,0,"- ","- ",34.366268157958984,-119.45121765136719,VENTURA,UNINCORPORATED,-119.45127105712891,34.366222381591797
90884824,2018,2018-12-18,9765,2018-12-09,0245,019034,,7,3,9,5600,0,1,3,,1,042,SR-126,"PERES LANE",324.00,E,N,A,-,Y,,,126,,,,,,,Y,2,0,1,1,A,-,01,23152,A,N,E,I,A,A,H,-,C,D,0,,,,,Y,Y,A,01,1,0,0,0,0,0,0,0,0,"- ","- ",34.365028381347656,-119.03533172607422,VENTURA,UNINCORPORATED,-119.03534698486328,34.365074157714844
90885186,2018,2018-12-18,9765,2018-12-04,1715,017469,,2,2,9,5600,0,3,5,,2,006,"PLEASANT VALLEY ROAD","DODGE ROAD",1795.00,E,N,B,-,N,,,,,,,,,,Y,4,0,2,2,A,-,09,21804,A,N,D,C,A,B,H,-,D,D,0,,,,,Y,,A,01,0,0,2,0,0,0,0,0,0,"- ","- ",34.171710968017578,-119.13123321533203,VENTURA,UNINCORPORATED,-119.13121032714844,34.171722412109375
90888623,2018,2018-12-24,9770,2018-12-14,1710,019819,,5,2,6,5607,0,1,2,,2,072,"US-101 N/B (VENTURA FREEWAY)","LYNN ROAD",1584.00,S,N,A,-,Y,,,101,,,,,,N,Y,4,0,2,3,A,-,03,22350,,N,C,C,A,A,H,-,C,D,0,,,,,Y,,A,01,0,0,2,0,0,0,0,0,0,"- ","- ",34.181140899658203,-118.88632965087891,VENTURA,"THOUSAND OAKS",-118.88636016845703,34.181072235107422
90889915,2018,2018-12-26,9770,2018-12-16,0455,018305,,7,3,6,5609,0,1,3,,2,083,"SR-118 E/B (RONALD REAGAN FREEWAY)","ROCKY PEAK ROAD",200.00,E,N,B,-,Y,,,118,,,,,,E,Y,3,0,2,2,A,-,01,23152,A,N,C,C,A,A,G,-,D,D,0,,,,,Y,Y,D,22,0,1,1,0,0,0,0,0,0,"- ","- ",34.268081665039062,-118.63526916503906,VENTURA,"SIMI VALLEY",-118.63526916503906,34.268081665039062
90891490,2018,2018-12-27,9765,2018-12-19,0858,016198,,3,1,6,5608,0,1,2,,2,302,"US-101 N/B","MONTALVO OVERHEAD",1584.00,S,N,A,-,Y,,,101,,,,,,N,Y,4,0,3,3,A,-,03,22350,,N,C,C,A,A,H,-,A,D,0,,,,,Y,,A,07,0,0,3,0,0,0,0,0,0,"- ","- ",34.248508453369141,-119.20275115966797,VENTURA,VENTURA,-119.20277404785156,34.248462677001953
90891621,2018,2018-12-27,9770,2018-12-16,1715,019819,,7,2,6,5607,0,1,2,,2,073,"US-101 S/B (VENTURA FREEWAY)","WENDY DRIVE",528.00,N,N,A,-,Y,,,101,,,,,,S,Y,4,0,1,2,A,-,03,22350,,N,C,C,A,A,H,-,C,D,0,,,Y,,Y,,C,02,0,0,1,0,0,0,0,0,1,"- ","- ",34.189968109130859,-118.94033813476562,VENTURA,"THOUSAND OAKS",-118.94028472900391,34.190097808837891
90891865,2018,2018-12-27,9765,2018-12-11,1946,017469,,2,2,9,5600,0,3,5,,2,006,"RICE ROAD","CHANNEL ISLANDS BOULEVARD",2957.00,N,N,A,-,N,,,,,,,,,,Y,3,0,1,3,A,-,08,22107,,N,E,I,A,A,H,-,D,D,0,,,,,Y,,A,01,0,1,0,0,0,0,0,0,0,"- ","- ",34.181148529052734,-119.14234924316406,VENTURA,UNINCORPORATED,-119.14256286621094,34.181324005126953
90895220,2018,2019-01-01,9765,2018-12-27,1155,019884,,4,1,6,5608,0,1,2,,2,301,"US-101 S/B","LEMON O/H",300.00,S,N,A,-,Y,,,101,,,,,,S,Y,4,0,1,2,A,-,03,22350,,N,C,C,A,A,H,-,A,D,0,,,,,Y,,D,22,0,0,1,0,0,0,0,0,0,"- ","- ",34.260028839111328,-119.24922943115234,VENTURA,VENTURA,-119.24925231933594,34.260063171386719
90896369,2018,2019-01-02,9770,2018-12-28,1610,019819,,5,2,6,5607,0,1,2,,2,072,"US-101 N/B (VENTURA FREEWAY)","VENTU PARK ROAD",50.00,S,N,A,-,Y,,,101,,,,,,N,Y,4,0,1,2,A,-,03,22350,,N,C,C,A,A,H,-,A,D,0,,,,,Y,,A,07,0,0,1,0,0,0,0,0,0,"- ","- ",34.184520721435547,-118.91281127929688,VENTURA,"THOUSAND OAKS",-118.91281127929688,34.184452056884766
90896827,2018,2019-01-03,9770,2018-12-28,1450,021738,,5,2,4,5690,0,1,3,,2,080,"SR-118 W/B (RONALD REAGAN FREEWAY)","ALAMOS CANYON ROAD",3960.00,W,N,A,-,Y,,,118,,,,,,W,Y,3,0,1,2,A,-,03,22350,,N,C,C,A,A,H,-,A,D,0,,,,,Y,,A,01,0,1,0,0,0,0,0,0,0,"- ","- ",34.292060852050781,-118.82663726806641,VENTURA,MOORPARK,-118.82663726806641,34.292121887207031
90900109,2018,2019-01-08,9765,2018-12-31,1535,019988,,1,2,9,5600,0,1,3,,1,023,SR-150,"LION CYN CREEK",96.00,E,N,A,-,N,,,,,,,,,,Y,4,0,2,2,A,-,08,22107,,N,B,C,A,A,H,-,A,D,0,,,,,Y,,A,01,0,0,2,0,0,0,0,0,0,"- ","- ",34.259708404541016,-119.12007904052734,VENTURA,UNINCORPORATED,-119.19924926757812,34.432605743408203
90900352,2018,2019-01-09,9765,2018-12-28,1141,022182,,5,1,6,5608,0,1,2,,2,103,"US-101 S/B","SEAWARD AVENUE",4224.00,N,N,A,-,Y,,,101,,,,,,S,Y,4,0,1,2,A,-,03,22350,,N,C,C,A,A,H,-,A,D,0,,,,,Y,,A,01,0,0,1,0,0,0,0,0,0,"- ","- ",34.271881103515625,-119.27925872802734,VENTURA,VENTURA,-119.27925872802734,34.27191162109375
9090088,2020,2020-07-07,5608,2020-03-23,1545,526,VENTU,1,5,6,5608,0,0,0,,0,,"VENTURA BL","EDISON POLE # 2106492E",54.00,W,N,A,B,N,,,,,,,,,,Y,4,0,1,2,A,-,03,22350,,N,C,C,A,A,H,-,A,A,0,,,,,Y,,A,01,0,0,1,0,0,0,0,0,0,"- ","- ",,,VENTURA,VENTURA,,
90901469,2019,2019-01-10,9770,2019-01-03,1315,017409,,4,1,5,5601,0,1,2,,2,070,"US-101 N/B (VENTURA FREEWAY)","CONEJO INSPECTION FACILITY",950.00,N,N,A,-,Y,,,101,,,,,,N,N,4,0,1,2,A,-,03,22350,,N,C,C,A,A,H,-,A,D,0,,,,,Y,,A,01,0,0,1,0,0,0,0,0,0,"- ","- ",34.200538635253906,-118.95970153808594,VENTURA,CAMARILLO,-118.95969390869141,34.200408935546875
9090306,2020,2020-06-29,5604,2020-03-15,1655,5535,,7,5,6,5604,0,0,0,,0,014,"H ST","GONZALES RD",0.00,,Y,B,-,N,,,,,,,,,,Y,4,0,1,2,A,-,12,21453,A,N,D,C,A,A,H,-,A,A,0,,,,,Y,,A,01,0,0,1,0,0,0,0,0,0,"- ","- ",34.219131469726562,-119.18630981445312,VENTURA,OXNARD,-119.18630981445312,34.219211578369141