CASE_ID,ACCIDENT_YEAR,PROC_DATE,JURIS,COLLISION_DATE,COLLISION_TIME,OFFICER_ID,REPORTING_DISTRICT,DAY_OF_WEEK,CHP_SHIFT,POPULATION,CNTY_CITY_LOC,SPECIAL_COND,BEAT_TYPE,CHP_BEAT_TYPE,CITY_DIVISION_LAPD,CHP_BEAT_CLASS,BEAT_NUMBER,PRIMARY_RD,SECONDARY_RD,DISTANCE,DIRECTION,INTERSECTION,WEATHER_1,WEATHER_2,STATE_HWY_IND,CALTRANS_COUNTY,CALTRANS_DISTRICT,STATE_ROUTE,ROUTE_SUFFIX,POSTMILE_PREFIX,POSTMILE,LOCATION_TYPE,RAMP_INTERSECTION,SIDE_OF_HWY,TOW_AWAY,COLLISION_SEVERITY,NUMBER_KILLED,NUMBER_INJURED,PARTY_COUNT,PRIMARY_COLL_FACTOR,PCF_CODE_OF_VIOL,PCF_VIOL_CATEGORY,PCF_VIOLATION,PCF_VIOL_SUBSECTION,HIT_AND_RUN,TYPE_OF_COLLISION,MVIW,PED_ACTION,ROAD_SURFACE,ROAD_COND_1,ROAD_COND_2,LIGHTING,CONTROL_DEVICE,CHP_ROAD_TYPE,PEDESTRIAN_ACCIDENT,BICYCLE_ACCIDENT,MOTORCYCLE_ACCIDENT,TRUCK_ACCIDENT,NOT_PRIVATE_PROPERTY,ALCOHOL_INVOLVED,STWD_VEHTYPE_AT_FAULT,CHP_VEHTYPE_AT_FAULT,COUNT_SEVERE_INJ,COUNT_VISIBLE_INJ,COUNT_COMPLAINT_PAIN,COUNT_PED_KILLED,COUNT_PED_INJURED,COUNT_BICYCLIST_KILLED,COUNT_BICYCLIST_INJURED,COUNT_MC_KILLED,COUNT_MC_INJURED,PRIMARY_RAMP,SECONDARY_RAMP,LATITUDE,LONGITUDE,COUNTY,CITY,POINT_X,POINT_Y
90903536,2019,2019-01-14,9765,2019-01-04,1655,020729,,5,2,9,5600,0,1,3,,1,042,SR-126,"SYCAMORE ROAD",1960.00,E,N,A,-,Y,,,126,,,,,,,Y,3,0,2,1,A,-,08,22107,,N,E,I,A,A,H,-,B,D,0,,,,,Y,,A,01,0,2,0,0,0,0,0,0,0,"- ","- ",34.380001068115234,-118.98348999023438,VENTURA,UNINCORPORATED,-118.98349761962891,34.380043029785156
90906034,2019,2019-01-16,9770,2019-01-10,1625,017662,,4,2,6,5607,0,1,2,,2,074,"US-101 N/B (VENTURA FREEWAY)","HAMPSHIRE ROAD",2112.00,N,N,A,-,Y,,,101,,,,,,N,Y,4,0,1,4,A,-,03,22350,,N,C,C,A,A,H,-,A,D,0,,,,,Y,,A,01,0,0,1,0,0,0,0,0,0,"- ","- ",34.169021606445312,-118.84198760986328,VENTURA,"THOUSAND OAKS",-118.84200286865234,34.16900634765625
90907727,2019,2019-01-21,9770,2019-01-13,2222,020917,,7,3,6,5607,0,1,2,,2,072,"US-101 N/B (VENTURA FREEWAY)","RANCHO CONEJO BOULEVARD",1056.00,N,N,B,-,Y,,,101,,,,,,N,Y,4,0,2,2,A,-,07,21658,A,N,B,C,A,B,H,-,D,D,0,,,,,Y,,A,01,0,0,2,0,0,0,0,0,0,"- ","- ",34.185718536376953,-118.92916107177734,VENTURA,"THOUSAND OAKS",-118.92919921875,34.185626983642578
90908129,2019,2019-01-21,9765,2019-01-16,1800,020585,,3,2,9,5600,0,1,3,,1,042,"SR-126 E/B","WILLARD RD.",2640.00,E,N,C,-,Y,,,,,,,,,,Y,3,0,2,2,A,-,03,22350,,N,D,C,A,B,H,-,D,D,0,,,,,Y,,A,01,0,1,1,0,0,0,0,0,0,"- ","- ",34.220260620117188,-119.17611694335938,VENTURA,UNINCORPORATED,,
90908639,2019,2019-01-22,9765,2019-01-13,1835,020001,,7,2,9,5600,0,3,5,,2,005,"CENTRAL AVENUE","SANTA CLARA",15.00,W,N,A,-,N,,,,,,,,,,N,4,0,1,2,A,-,21,22106,,N,C,C,A,B,H,-,D,A,0,,,,,Y,,D,22,0,0,1,0,0,0,0,0,0,"- ","- ",34.239189147949219,-119.12589263916016,VENTURA,UNINCORPORATED,-119.12577056884766,34.239177703857422
90908767,2019,2019-01-22,9770,2019-01-12,1550,020641,,6,2,6,5607,0,1,2,,2,072,"US-101 N/B (VENTURA FREEWAY)","LYNN ROAD",10.00,N,N,B,C,Y,,,101,,,,,,N,Y,4,0,2,2,A,-,03,22350,,N,C,C,A,B,H,-,A,D,0,,,,,Y,,A,01,0,0,2,0,0,0,0,0,0,"- ","- ",34.183719635009766,-118.89174652099609,VENTURA,"THOUSAND OAKS",-118.89174652099609,34.183731079101562
90913633,2019,2019-01-28,9765,2019-01-14,0042,020873,,1,3,5,5601,0,1,2,,2,501,"US-101 S/B","DAWSON DRIVE",250.00,S,N,A,-,Y,,,101,,,,,,S,Y,4,0,1,1,A,-,01,23152,A,N,E,I,A,A,H,-,D,D,0,,,,,Y,Y,A,01,0,0,1,0,0,0,0,0,0,"- ","- ",34.215660095214844,-119.0283203125,VENTURA,CAMARILLO,-119.0283203125,34.215667724609375
90913846,2019,2019-01-28,9765,2019-01-20,1630,020729,,7,2,9,5600,0,3,5,,2,005,"AVOCADO PLACE","RAMONA PLACE",75.00,S,N,A,-,N,,,,,,,,,,N,2,0,1,1,B,-,22,,,N,F,A,A,A,H,-,B,D,0,,,Y,,Y,,C,02,1,0,0,0,0,0,0,0,1,"- ","- ",34.236759185791016,-119.08351898193359,VENTURA,UNINCORPORATED,-119.08367919921875,34.236839294433594
90918489,2019,2019-02-04,9770,2019-01-27,0745,017435,,7,1,6,5609,0,1,3,,2,082,"SR-118 W/B (RONALD REAGAN FREEWAY)","SYCAMORE DRIVE",1056.00,E,N,A,-,Y,,,118,,,,,,W,Y,4,0,1,2,A,-,03,22350,,N,C,C,A,A,H,-,A,D,0,,,,,Y,,A,01,0,0,1,0,0,0,0,0,0,"- ","- ",34.282451629638672,-118.73822784423828,VENTURA,"SIMI VALLEY",-118.73822784423828,34.282421112060547
90918648,2019,2019-02-04,9770,2019-01-26,1350,020641,,6,1,6,5607,0,1,2,,2,072,"US-101 N/B (VENTURA FREEWAY)","LYNN ROAD",1320.00,S,N,A,-,Y,,,101,,,,,,N,N,4,0,1,3,A,-,03,22350,,N,C,C,A,A,H,-,A,D,0,,,,,Y,,A,07,0,0,1,0,0,0,0,0,0,"- ","- ",34.180000305175781,-118.88430023193359,VENTURA,"THOUSAND OAKS",-118.88428497314453,34.180030822753906
90919192,2019,2019-02-05,9770,2019-01-31,1100,017638,,4,1,6,5609,0,1,3,,2,083,"SR-118 E/B (RONALD REAGAN FREEWAY)","TAPO CANYON ROAD",1584.00,E,N,B,C,Y,,,118,,,,,,E,N,4,0,1,1,A,-,03,22350,,N,E,I,A,B,H,-,A,D,0,,,,,Y,,A,01,0,0,1,0,0,0,0,0,0,"- ","- ",34.281558990478516,-118.71089172363281,VENTURA,"SIMI VALLEY",-118.71089172363281,34.281509399414062
90921181,2019,2019-02-07,9770,2019-02-02,0825,017435,,6,1,6,5609,0,1,3,,2,082,"SR-118 W/B (RONALD REAGAN FREEWAY)","KUEHNER DRIVE",2112.00,E,N,B,C,Y,,,118,,,,,,W,Y,4,0,1,1,A,-,03,22350,,N,E,I,A,B,H,-,A,D,0,,,,,Y,,A,01,0,0,1,0,0,0,0,0,0,"- ","- ",34.275211334228516,-118.65695190429688,VENTURA,"SIMI VALLEY",-118.65702056884766,34.275169372558594
90921905,2019,2019-02-08,9770,2019-02-04,0955,017435,,1,1,6,5609,0,1,3,,2,082,"SR-118 W/B (RONALD REAGAN FREEWAY)","KUEHNER DRIVE",2112.00,E,N,B,C,Y,,,118,,,,,,W,Y,3,0,2,2,A,-,03,22350,,N,E,I,A,B,H,-,A,D,0,,,,,Y,,A,01,0,1,1,0,0,0,0,0,0,"- ","- ",34.275859832763672,-118.65753936767578,VENTURA,"SIMI VALLEY",-118.65744018554688,34.275913238525391
90922114,2019,2019-02-08,9770,2019-02-05,1550,017662,,2,2,6,5607,0,1,2,,2,073,"US-101 S/B (VENTURA FREEWAY)","VENTU PARK ROAD",2640.00,N,N,A,-,Y,,,101,,,,,,S,Y,4,0,1,1,A,-,03,22350,,N,F,A,A,A,H,-,A,D,0,,,,,Y,,A,07,0,0,1,0,0,0,0,0,0,"- ","- ",34.184169769287109,-118.92024230957031,VENTURA,"THOUSAND OAKS",-118.92024230957031,34.184223175048828
90922419,2019,2019-02-08,9770,2019-02-02,0925,017973,,6,1,6,5607,0,1,2,,2,072,"US-101 N/B (VENTURA FREEWAY)","LYNN ROAD",2640.00,S,N,B,C,Y,,,101,,,,,,N,Y,3,0,1,2,A,-,03,22350,,N,B,C,A,B,H,-,A,D,0,,,,,Y,,A,01,0,1,0,0,0,0,0,0,0,"- ","- ",34.179920196533203,-118.88398742675781,VENTURA,"THOUSAND OAKS",-118.88400268554688,34.179889678955078
90923184,2019,2019-02-11,9770,2019-02-06,0759,017627,,3,1,9,5600,0,2,4,,1,031,"SANTA ROSA ROAD","YUCCA DRIVE",10.00,E,N,A,-,N,,,,,,,,,,Y,4,0,1,4,A,-,03,22350,,N,C,C,A,A,H,-,A,A,0,,,,,Y,,A,07,0,0,1,0,0,0,0,0,0,"- ","- ",34.236000061035156,-118.92680358886719,VENTURA,UNINCORPORATED,-118.92679595947266,34.235965728759766
90924879,2019,2019-02-12,9765,2019-02-06,1545,017395,,3,2,5,5601,0,1,2,,2,504,"US-101 NB","FLYNN ROAD",247.00,N,N,A,-,Y,,,101,,,,,,N,Y,4,0,1,3,A,-,08,22107,,N,C,C,A,A,H,-,A,D,0,,,,,Y,,A,08,0,0,1,0,0,0,0,0,0,"- ","- ",34.215778350830078,-119.02304840087891,VENTURA,CAMARILLO,-119.02304840087891,34.215854644775391
90925449,2019,2019-02-13,9770,2019-02-08,1610,019819,,5,2,6,5607,0,1,2,,2,072,"US-101 N/B (VENTURA FREEWAY)","MOORPARK ROAD",1056.00,N,N,A,-,Y,,,101,,,,,,N,N,4,0,1,2,A,-,03,22349,A,N,C,C,A,A,H,-,A,D,0,,,,,Y,,A,01,0,0,1,0,0,0,0,0,0,"- ","- ",34.17974853515625,-118.88346862792969,VENTURA,"THOUSAND OAKS",-118.88352203369141,34.179645538330078
90927959,2019,2019-02-18,9770,2019-02-07,0815,016561,,4,1,9,5600,0,2,4,,1,062,"W. POTRERO RD.","TRENTWOOD DR.",3168.00,W,N,A,-,N,,,,,,,,,,Y,4,0,1,1,A,-,03,22350,,N,E,I,A,C,H,-,A,D,0,,,,,Y,,A,07,0,0,1,0,0,0,0,0,0,"- ","- ",34.142799377441406,-118.89346313476562,VENTURA,UNINCORPORATED,-118.89412689208984,34.142860412597656
90930234,2019,2019-02-20,9770,2019-02-11,1347,016561,,1,1,6,5607,0,1,2,,2,072,"US-101 N/B TO BORCHARD RD.","BORCHARD RD.",87.00,N,N,A,-,Y,,,101,,,,R,,N,Y,4,0,1,2,A,-,03,22350,,N,C,C,A,A,H,-,A,A,0,,,,,Y,,A,01,0,0,1,0,0,0,0,0,0,"- ","- ",34.185779571533203,-118.92578887939453,VENTURA,"THOUSAND OAKS",-118.92578887939453,34.185779571533203
90930268,2019,2019-02-20,9770,2019-02-14,0940,018572,,4,1,4,5690,0,1,3,,2,081,"SR-118 E/B (RONALD REAGAN FREEWAY)","COLLINS DRIVE",2640.00,E,N,B,C,Y,,,118,,,,,,E,Y,3,0,1,2,A,-,03,22350,,N,D,C,A,B,H,-,A,D,0,,,,,Y,,D,22,0,1,0,0,0,0,0,0,0,"- ","- ",34.292140960693359,-118.83151245117188,VENTURA,MOORPARK,-118.83150482177734,34.292167663574219
90930297,2019,2019-02-21,9765,2019-02-08,1304,014535,,5,1,5,5601,0,1,S,,2,901,"LAS POSAS ROAD","US-101 NB TO LAS POSAS ROAD",0.00,,Y,A,-,Y,,,,,,,,,,N,3,0,1,1,A,-,08,22107,,N,F,A,A,A,B,-,A,A,0,,,,,Y,,J,49,0,1,0,0,0,0,0,0,0,"- ","- ",34.220531463623047,-119.06967926025391,VENTURA,CAMARILLO,,
90931596,2019,2019-02-22,9765,2019-02-17,0020,019034,,7,3,9,5600,0,3,5,,2,005,"CATALINA DRIVE","ANACAPA DRIVE",79.00,N,N,A,-,N,,,,,,,,,,N,3,0,1,1,A,-,01,23152,A,M,E,I,A,A,H,-,C,D,0,,,,,Y,Y,A,07,0,1,0,0,0,0,0,0,0,"- ","- ",34.241878509521484,-119.04570007324219,VENTURA,UNINCORPORATED,-119.04573059082031,34.241794586181641
9093292,2020,2020-08-05,5604,2020-04-25,2122,5529,,6,5,6,5604,0,0,0,,0,031,"E 2ND ST","NAVARRO ST",50.00,E,N,A,-,N,,,,,,,,,,Y,3,0,1,3,A,-,00,23136,A,N,A,E,A,A,H,-,C,D,0,,,,,Y,Y,A,01,0,1,0,0,0,0,0,0,0,"- ","- ",34.201519012451172,-119.16532897949219,VENTURA,OXNARD,-119.16518402099609,34.201530456542969
9093297,2020,2020-08-05,5604,2020-04-16,1634,5615,,4,5,6,5604,0,0,0,,0,011,"H ST","DORIS AV",0.00,,Y,A,-,N,,,,,,,,,,N,4,0,1,2,A,-,03,22350,,N,C,C,A,A,H,-,A,A,0,,,,,Y,,-,,0,0,1,0,0,0,0,0,0,"- ","- ",,,VENTURA,OXNARD,-119.18804168701172,34.207981109619141
90934716,2019,2019-02-27,9765,2019-02-18,0100,020850,,1,3,9,5600,0,1,3,,1,062,SR-1,"CALLEGUAS CREEK ROAD",3696.00,S,N,A,-,Y,,,,,,,,,,Y,2,0,1,1,A,-,01,23152,F,M,E,I,A,A,H,-,D,D,0,,,,,Y,,A,07,1,0,0,0,0,0,0,0,0,"- ","- ",34.100788116455078,-119.08805847167969,VENTURA,UNINCORPORATED,,
90938000,2019,2019-03-01,9770,2019-02-24,1015,017638,,7,1,6,5607,0,2,4,,2,078,"DENA DRIVE","LESSER DRIVE",0.00,,Y,A,-,N,,,,,,,,,,N,4,0,3,2,A,-,08,22103,,N,D,C,A,A,H,-,A,A,0,,,,,Y,,A,07,0,0,3,0,0,0,0,0,0,"- ","- ",34.186470031738281,-118.94510650634766,VENTURA,"THOUSAND OAKS",-118.94522094726562,34.186351776123047
90939922,2019,2019-03-05,9765,2019-02-25,1050,016234,,1,1,9,5600,0,3,5,,2,005,"WEST LOOP","LEMON DRIVE",10.00,N,N,A,-,N,,,,,,,,,,N,3,0,1,1,A,-,08,22107,,N,E,I,A,A,H,-,A,D,0,,,,,Y,,D,22,0,1,0,0,0,0,0,0,0,"- ","- ",34.238811492919922,-119.0435791015625,VENTURA,UNINCORPORATED,-119.04256439208984,34.238815307617188
90940174,2019,2019-03-05,9765,2019-02-27,1459,016592,,3,2,9,5600,0,1,3,,1,055,"CLUBHOUSE DRIVE",SR-118,16.00,E,N,B,-,Y,,,,,,,,,,Y,3,0,1,2,A,-,08,22107,,N,D,C,A,A,H,-,A,A,0,,,,,Y,,A,01,0,1,0,0,0,0,0,0,0,"- ","- ",34.259849548339844,-119.11453247070312,VENTURA,UNINCORPORATED,,
90940848,2019,2019-03-06,9765,2019-02-28,1606,017395,,4,2,6,5604,0,1,2,,2,502,"US-101 N/B","VINEYARD AVE.",1056.00,S,N,B,-,Y,,,101,,,,,,N,Y,3,0,1,3,A,-,03,22350,,N,C,C,A,A,H,-,A,D,0,,,,,Y,,D,22,0,1,0,0,0,0,0,0,0,"- ","- ",34.227279663085938,-119.16641235351562,VENTURA,OXNARD,-119.16642761230469,34.227218627929688
90943597,2019,2019-03-11,9765,2019-03-06,0430,014736,,3,3,9,5600,0,1,2,,1,104,"US 101 N/B (VENTURA FREEWAY)","PADRE JUAN CANYON ROAD",2640.00,S,N,C,-,Y,,,,,,,,,,Y,4,0,1,1,A,-,03,22350,,N,E,I,A,D,G,-,D,D,0,,,,,Y,,A,01,0,0,1,0,0,0,0,0,0,"- ","- ",34.322219848632812,-119.37391662597656,VENTURA,UNINCORPORATED,-119.37966918945312,34.321937561035156
90943730,2019,2019-03-11,9765,2019-03-02,1119,020585,,6,1,9,5600,0,1,3,,1,020,"SR-33 (N. VENTURA AVE.) SB","LARMIER AVE.",10.00,N,N,C,-,Y,,,33,,,,,,S,Y,4,0,1,2,A,-,03,22350,,N,C,C,A,B,H,-,A,A,0,,,,,Y,,D,22,0,0,1,0,0,0,0,0,0,"- ","- ",34.392971038818359,-119.30120849609375,VENTURA,UNINCORPORATED,-119.30119323730469,34.392963409423828
90943982,2019,2019-03-12,9770,2019-03-06,0425,020917,,3,3,6,5609,0,1,3,,2,083,"SR-118 E/B (RONALD REAGAN FREEWAY)","MADERA ROAD",10.00,E,N,C,-,Y,,,118,,,,,,E,Y,3,0,1,1,A,-,03,22350,,N,E,I,A,B,H,-,D,D,0,,,,,Y,,A,01,0,1,0,0,0,0,0,0,0,"- ","- ",34.284019470214844,-118.79331970214844,VENTURA,"SIMI VALLEY",-118.7933349609375,34.283988952636719
9094628,2020,2020-07-27,5600,2020-04-17,1245,2110,9172,5,5,6,5607,0,0,0,,0,9D01,"TOWNSGATE RD","VILLAGE GLEN AV",0.00,,Y,B,-,N,,,,,,,,,,Y,3,0,1,2,A,-,09,21801,A,N,H,C,A,A,H,-,A,A,0,,,,,Y,,A,01,0,1,0,0,0,0,0,0,0,"- ","- ",34.154518127441406,-118.83392333984375,VENTURA,"THOUSAND OAKS",-118.82326,34.152639999999998
9094630,2020,2020-07-27,5600,2020-04-14,1335,5007,9154,2,5,6,5607,0,0,0,,0,9G01,"HAMPSHIRE RD","ROYAL OAKS DR",272.00,N,N,A,-,N,,,,,,,,,,Y,3,0,1,1,A,-,03,22350,,N,F,A,A,A,H,-,A,D,0,,,Y,,Y,,C,03,0,1,0,0,0,0,0,0,1,"- ","- ",,,VENTURA,"THOUSAND OAKS",-118.83692169189453,34.167816162109375
90948020,2019,2019-03-18,9765,2019-03-11,0940,015117,,1,1,9,5600,0,1,3,,1,068,"SR-34 (EAST 5TH STREET)","LAS POSAS ROAD",6336.00,E,N,A,-,Y,,,34,,,,,,,Y,4,0,1,1,A,-,08,22107,,N,E,I,A,A,H,-,A,D,0,,,,,Y,,A,01,0,0,1,0,0,0,0,0,0,"- ","- ",34.201099395751953,-119.04295349121094,VENTURA,UNINCORPORATED,-119.04300689697266,34.201126098632812
90950856,2019,2019-03-21,9770,2019-03-13,1205,016383,,3,1,6,5607,0,1,2,,2,073,"US-101 S/B TO LYNN ROAD","LYNN ROAD",600.00,N,N,A,-,Y,,,101,,,,R,,S,Y,4,0,1,1,A,-,08,22107,,N,E,I,A,A,H,-,A,D,0,,,,,Y,,A,07,0,0,1,0,0,0,0,0,0,"- ","- ",34.183300018310547,-118.89328765869141,VENTURA,"THOUSAND OAKS",-118.89328765869141,34.183300018310547
90952116,2019,2019-03-25,9770,2019-03-15,1550,019819,,5,2,6,5607,0,1,2,,2,073,"US-101 S/B (VENTURA FREEWAY)","VENTU PARK ROAD",528.00,S,N,A,-,Y,,,101,,,,,,S,Y,4,0,1,3,A,-,03,22350,,N,C,C,A,A,H,-,A,D,0,,,,,Y,,A,01,0,0,1,0,0,0,0,0,0,"- ","- ",34.184200286865234,-118.90641021728516,VENTURA,"THOUSAND OAKS",-118.90641021728516,34.184314727783203
90952844,2019,2019-03-25,9765,2019-03-16,1650,020708,,6,2,9,5600,0,1,3,,1,012,"SR-1  (PACIFIC COAST HIGHWAY)","SAN MIGUELITO ROAD",270.00,S,N,A,-,N,,,,,,,,,,N,4,0,2,2,A,-,09,21801,A,N,D,C,A,A,H,-,A,D,0,,,,,Y,,A,07,0,0,2,0,0,0,0,0,0,"- ","- ",34.317428588867188,-119.16600036621094,VENTURA,UNINCORPORATED,-119.36534118652344,34.317050933837891
90952986,2019,2019-03-25,9770,2019-03-16,1705,020169,,6,2,6,5607,0,1,3,,2,085,"SR-23 S/B TO OLSEN ROAD","OLSEN ROAD",275.00,N,N,A,-,Y,,,23,,,,R,,S,Y,3,0,1,1,A,-,01,23152,A,N,E,I,A,A,H,-,A,D,0,,,,,Y,Y,A,01,0,1,0,0,0,0,0,0,0,"- ","- ",34.2418212890625,-118.84131622314453,VENTURA,"THOUSAND OAKS",-118.84131622314453,34.2418212890625
90954987,2019,2019-03-27,9765,2019-03-17,0900,018019,,7,1,5,5601,0,1,2,,2,501,"US-101 (VENTURA FRWY)","PLEASANT VALLEY RD.",2432.00,S,N,A,-,Y,,,101,,,,,,,Y,4,0,1,2,A,-,03,22350,,N,C,C,A,A,H,-,A,D,0,,,,,Y,,A,01,0,0,1,0,0,0,0,0,0,"- ","- ",34.210750579833984,-118.99877166748047,VENTURA,CAMARILLO,-118.99878692626953,34.210697174072266
90955369,2019,2019-03-28,9765,2019-03-18,2210,019034,,1,3,9,5600,0,3,5,,2,004,"SOUTH MOUNTAIN ROAD","LEMON ROAD",5280.00,E,N,A,-,N,,,,,,,,,,Y,4,0,1,1,A,-,08,22107,,N,E,I,A,A,H,-,D,D,0,,,,,Y,,A,01,0,0,1,0,0,0,0,0,0,"- ","- ",34.349338531494141,-119.03894805908203,VENTURA,UNINCORPORATED,-119.03553009033203,34.349777221679688
90958504,2019,2019-04-02,9765,2019-03-21,1425,020708,,4,2,9,5600,0,3,5,,2,002,"CREEK ROAD","CREEK LANE",550.00,W,N,A,-,N,,,,,,,,,,Y,2,0,1,1,A,-,08,22107,,N,F,A,A,A,H,-,A,A,0,,,,,Y,,A,01,1,0,0,0,0,0,0,0,0,"- ","- ",34.434139251708984,-119.25005340576172,VENTURA,UNINCORPORATED,-119.30143737792969,34.385746002197266
90958602,2019,2019-04-02,9765,2019-03-23,0750,016234,,6,1,9,5600,0,1,2,,2,501,"DEER CREEK ROAD",SR-1,3696.00,N,N,A,-,N,,,,,,,,,,Y,4,0,1,1,A,-,15,26451,B,N,H,A,A,A,H,-,A,D,0,,,,,Y,,A,01,0,0,1,0,0,0,0,0,0,"- ","- ",34.066329956054688,-118.99043273925781,VENTURA,UNINCORPORATED,-118.99021911621094,34.066188812255859
90959560,2019,2019-04-02,9770,2019-03-23,1749,021799,,6,2,9,5600,0,1,3,,1,057,"SR-23 (CHAMBERSBURG RD)","PASADENA AVENUE",400.00,S,N,A,-,Y,,,23,,,,,,,N,3,0,1,1,A,-,08,22107,,N,F,J,A,A,H,-,A,D,0,,,Y,,Y,,C,02,0,1,0,0,0,0,0,0,1,"- ","- ",34.372550964355469,-118.91560363769531,VENTURA,UNINCORPORATED,-118.91563415527344,34.37255859375
90960423,2019,2019-04-03,9770,2019-03-26,1600,019930,,2,2,6,5607,0,1,3,,2,077,"SR-23 S/B TO AVENUE DE LOS ARBOLES","AVENIDA DE LOS ARBOLES",25.00,N,N,B,-,Y,,,23,,,,R,,S,N,3,0,1,2,A,-,03,22350,,N,C,C,A,A,H,-,A,A,0,,,,,Y,,A,01,0,1,0,0,0,0,0,0,0,"- ","- ",34.211860656738281,-118.85031890869141,VENTURA,"THOUSAND OAKS",-118.85031890869141,34.211860656738281
90963182,2019,2019-04-08,9765,2019-04-02,2235,021682,,2,3,9,5600,0,3,5,,2,006,"STURGIS ROAD","PLEASANT VALLEY ROAD",1400.00,W,N,A,-,N,,,,,,,,,,Y,4,0,1,1,A,-,01,23152,A,N,E,I,A,A,H,-,C,D,0,,,,,Y,Y,A,01,0,0,1,0,0,0,0,0,0,"- ","- ",34.201709747314453,-119.10443115234375,VENTURA,UNINCORPORATED,-119.10441589355469,34.201656341552734
90963788,2019,2019-04-09,9765,2019-03-29,2120,021522,,5,2,6,5608,0,1,2,,2,301,"US-101 S/B","SR-232 (VINEYARD AVENUE)",250.00,N,N,A,-,Y,,,,,,,,,,N,2,0,1,2,A,-,11,21954,A,F,G,B,D,A,H,-,C,D,0,Y,,,,Y,,N,60,1,0,0,0,1,0,0,0,0,"- ","- ",34.2322998046875,-119.17385101318359,VENTURA,VENTURA,,
90964819,2019,2019-04-10,9765,2019-04-05,0810,014967,,5,1,9,5600,0,1,3,,1,055,"SR-118 (LOS ANGELES AVENUE)","CENTER SCHOOL ROAD",100.00,W,N,A,-,Y,,,118,,,,,,,Y,4,0,1,1,A,-,03,22350,,N,E,I,A,A,H,-,A,A,0,,,,,Y,,D,22,0,0,1,0,0,0,0,0,0,"- ","- ",34.263778686523438,-119.06124114990234,VENTURA,UNINCORPORATED,-119.06124114990234,34.263713836669922
90965066,2019,2019-04-10,9765,2019-04-01,2030,017395,,1,2,9,5600,0,3,5,,2,006,"ETTING ROAD","WOOD ROAD",0.00,,Y,A,-,N,,,,,,,,,,Y,3,0,1,1,A,-,01,23152,A,N,E,I,A,A,H,-,D,A,0,,,,,Y,Y,A,01,0,1,0,0,0,0,0,0,0,"- ","- ",34.161441802978516,-119.09647369384766,VENTURA,UNINCORPORATED,-119.09652709960938,34.161430358886719
90970242,2019,2019-04-18,9770,2019-04-14,0630,016383,,7,1,5,5601,0,1,2,,2,070,"US-101 N/B (VENTURA FREEWAY)","CAMARILLO SPRINGS ROAD",2112.00,S,N,A,-,Y,,,101,,,,,,N,Y,4,0,1,1,A,-,08,22107,,N,E,I,A,A,H,-,A,D,0,,,,,Y,,A,01,0,0,1,0,0,0,0,0,0,"- ","- ",34.201248168945312,-118.96994018554688,VENTURA,CAMARILLO,-118.96994018554688,34.201313018798828
90972894,2019,2019-04-23,9765,2019-04-14,1547,017483,,7,2,9,5600,0,1,3,,1,022,"SR-150 (CASITAS PASS ROAD)","SANTA ANA ROAD",2112.00,W,N,A,-,Y,,,150,,,,,,,Y,3,0,2,2,A,-,03,22350,,N,C,C,A,A,H,-,A,D,0,,,Y,,Y,,C,02,0,1,1,0,0,0,0,0,2,"- ","- ",34.419998168945312,-119.34919738769531,VENTURA,UNINCORPORATED,-119.34919738769531,34.419990539550781
9097295,2020,2020-10-28,5604,2020-05-15,1642,5490,,5,5,6,5604,0,0,0,,0,014,"VINEYARD AV","ESPLANADE DR",300.00,W,N,A,-,N,,,,,,,,,,N,4,0,1,2,A,-,09,21801,A,N,D,D,A,A,H,-,A,D,0,,,,,Y,,A,01,0,0,1,0,0,0,0,0,0,"- ","- ",,,VENTURA,OXNARD,-119.17526245117188,34.229373931884766
9097296,2020,2021-02-09,5604,2020-05-17,0008,5567,,7,5,6,5604,0,0,0,,0,014,"FOREST PARK BL","OXNARD BL",528.00,N,N,A,-,N,,,,,,,,,,Y,4,0,1,2,A,-,01,23153,A,N,D,C,A,A,H,-,C,A,0,,,,,Y,Y,A,01,0,0,1,0,0,0,0,0,0,"- ","- ",34.244579315185547,-119.17801666259766,VENTURA,OXNARD,,
90976792,2019,2019-04-26,9770,2019-04-16,1727,020169,,2,2,6,5607,0,1,2,,2,074,"US-101 N/B (VENTURA FREEWAY)","CONEJO SCHOOL ROAD",250.00,S,N,A,-,Y,,,101,,,,,,N,N,4,0,1,3,A,-,03,22350,,N,C,C,A,A,H,-,A,D,0,,,,,Y,,A,01,0,0,1,0,0,0,0,0,0,"- ","- ",34.171531677246094,-118.845703125,VENTURA,"THOUSAND OAKS",-118.84574890136719,34.171455383300781
90977628,2019,2019-04-29,9765,2019-04-18,1830,016592,,4,2,5,5601,0,1,2,,2,501,"US-101 S/B","CENTRAL AVENUE",500.00,N,N,A,-,Y,,,101,,,,,,S,Y,3,0,1,1,A,-,08,22107,,N,E,I,A,A,H,-,A,D,0,,,,,Y,,D,22,0,1,0,0,0,0,0,0,0,"- ","- ",34.221839904785156,-119.10369110107422,VENTURA,CAMARILLO,-119.10369110107422,34.2218017578125