CASE_ID,ACCIDENT_YEAR,PROC_DATE,JURIS,COLLISION_DATE,COLLISION_TIME,OFFICER_ID,REPORTING_DISTRICT,DAY_OF_WEEK,CHP_SHIFT,POPULATION,CNTY_CITY_LOC,SPECIAL_COND,BEAT_TYPE,CHP_BEAT_TYPE,CITY_DIVISION_LAPD,CHP_BEAT_CLASS,BEAT_NUMBER,PRIMARY_RD,SECONDARY_RD,DISTANCE,DIRECTION,INTERSECTION,WEATHER_1,WEATHER_2,STATE_HWY_IND,CALTRANS_COUNTY,CALTRANS_DISTRICT,STATE_ROUTE,ROUTE_SUFFIX,POSTMILE_PREFIX,POSTMILE,LOCATION_TYPE,RAMP_INTERSECTION,SIDE_OF_HWY,TOW_AWAY,COLLISION_SEVERITY,NUMBER_KILLED,NUMBER_INJURED,PARTY_COUNT,PRIMARY_COLL_FACTOR,PCF_CODE_OF_VIOL,PCF_VIOL_CATEGORY,PCF_VIOLATION,PCF_VIOL_SUBSECTION,HIT_AND_RUN,TYPE_OF_COLLISION,MVIW,PED_ACTION,ROAD_SURFACE,ROAD_COND_1,ROAD_COND_2,LIGHTING,CONTROL_DEVICE,CHP_ROAD_TYPE,PEDESTRIAN_ACCIDENT,BICYCLE_ACCIDENT,MOTORCYCLE_ACCIDENT,TRUCK_ACCIDENT,NOT_PRIVATE_PROPERTY,ALCOHOL_INVOLVED,STWD_VEHTYPE_AT_FAULT,CHP_VEHTYPE_AT_FAULT,COUNT_SEVERE_INJ,COUNT_VISIBLE_INJ,COUNT_COMPLAINT_PAIN,COUNT_PED_KILLED,COUNT_PED_INJURED,COUNT_BICYCLIST_KILLED,COUNT_BICYCLIST_INJURED,COUNT_MC_KILLED,COUNT_MC_INJURED,PRIMARY_RAMP,SECONDARY_RAMP,LATITUDE,LONGITUDE,COUNTY,CITY,POINT_X,POINT_Y
91249582,2020,2020-06-09,9770,2020-06-08,1800,017627,,1,2,6,5609,0,1,3,,2,083,"SR-118 E/B (RONALD REAGAN FREEWAY)","TAPO STREET",528.00,E,N,A,-,Y,,,118,,,,,,E,Y,4,0,1,2,A,-,03,22350,,N,C,C,A,A,C,-,A,D,0,,,,,Y,,A,01,0,0,1,0,0,0,0,0,0,"- ","- ",34.281440734863281,-118.70815277099609,VENTURA,"SIMI VALLEY",-118.70815277099609,34.281513214111328
91250504,2020,2020-06-10,9765,2020-05-30,1535,016234,,6,2,9,5600,0,1,3,,2,053,"SR-232 (VINEYARD AVE)","CENTRAL AVENUE",0.00,,Y,A,-,Y,,,232,,,,,,,Y,2,0,2,2,A,-,12,21453,A,N,D,C,A,A,H,-,A,A,0,,,,,Y,,A,01,1,1,0,0,0,0,0,0,0,"- ","- ",34.257968902587891,-119.15312957763672,VENTURA,UNINCORPORATED,-119.15314483642578,34.257984161376953
91250530,2020,2020-06-10,9765,2020-05-30,0150,022318,,6,3,5,5601,0,1,2,,2,504,"US-101 N/B","CARMEN DRIVE",388.00,N,N,A,-,Y,,,101,,,,,,N,Y,2,0,1,1,A,-,08,22107,,N,E,I,A,A,H,-,C,A,0,,,,,Y,,A,01,1,0,0,0,0,0,0,0,0,"- ","- ",34.217800140380859,-119.05159759521484,VENTURA,CAMARILLO,-119.05159759521484,34.217819213867188
9125096,2020,2020-09-10,5604,2020-06-13,1350,5359,,6,5,6,5604,0,0,0,,0,032,"ROSE AV","WESTAR DR",200.00,S,N,A,-,N,,,,,,,,,,Y,4,0,1,1,A,-,03,22350,,N,A,I,A,A,H,-,C,D,0,,,,,Y,,A,01,0,0,1,0,0,0,0,0,0,"- ","- ",34.186180114746094,-119.159912109375,VENTURA,OXNARD,-119.16000366210938,34.185642242431641
91252430,2020,2020-06-16,9765,2020-06-04,2030,021682,,4,2,9,5600,0,3,5,,2,003,"VICTORIA AVENUE","OLIVAS PARK DRIVE",700.00,S,N,A,-,N,,,,,,,,,,Y,4,0,2,1,A,-,08,22107,,N,E,I,A,A,H,-,D,D,0,,,,,Y,,A,07,0,0,2,0,0,0,0,0,0,"- ","- ",34.242259979248047,-119.21614837646484,VENTURA,UNINCORPORATED,-119.21591186523438,34.242343902587891
91255541,2020,2020-06-22,9430,2020-06-20,1245,021197,,6,1,9,5600,0,1,3,,1,030,SR-33,"33 VEN 53.30",100.00,N,N,A,G,Y,,,33,,,,,,,Y,2,0,1,2,A,-,08,22107,,N,D,C,A,A,H,-,A,D,0,,,Y,,Y,,C,02,1,0,0,0,0,0,0,0,1,"- ","- ",34.741279602050781,-119.40381622314453,VENTURA,UNINCORPORATED,-119.40377807617188,34.741336822509766
91257092,2020,2020-06-24,9770,2020-06-16,1358,019930,,2,1,6,5607,0,1,3,,2,085,"SR-23 S/B ONTO SUNSET HILLS BOULEVARD","SUNSET HILLS BOULEVARD",15.00,N,N,A,-,Y,,,,,,,,,,N,4,0,1,3,A,-,03,22350,,N,C,C,A,A,H,-,A,D,0,,,,,Y,,A,01,0,0,1,0,0,0,0,0,0,"- ","- ",34.228641510009766,-118.84812164306641,VENTURA,"THOUSAND OAKS",,
91257315,2020,2020-06-25,9765,2020-06-15,1100,019884,,1,1,9,5600,0,1,3,,2,041,"SR-126 W/B","EDWARDS RANCH ROAD",880.00,W,N,A,-,Y,,,126,,,,,,W,Y,4,0,1,2,A,-,03,22350,,N,C,C,A,A,H,-,A,D,0,,,,,Y,,D,22,0,0,1,0,0,0,0,0,0,"- ","- ",34.304378509521484,-119.13131713867188,VENTURA,UNINCORPORATED,-119.13143157958984,34.304561614990234
91259410,2020,2020-06-29,9770,2020-06-20,0150,018305,,6,3,6,5607,0,1,3,,2,076,"SR-23 N/B (MOORPARK FREEWAY)","JANSS ROAD",528.00,N,N,B,-,Y,,,,,,,,,,Y,4,0,5,2,A,-,07,21658,A,N,B,C,A,A,H,-,C,D,0,,,,,Y,Y,A,01,0,0,5,0,0,0,0,0,0,"- ","- ",34.200469970703125,-118.85794830322266,VENTURA,"THOUSAND OAKS",-118.85603332519531,34.201210021972656
91260197,2020,2020-06-29,9765,2020-06-20,1227,022488,,6,1,9,5600,0,1,3,,1,020,"SR-33 N/B (VENTURA AVENUE)","RANCH ROAD",746.00,N,N,A,-,Y,,,33,,,,,,N,Y,4,0,1,2,A,-,03,22350,,N,C,C,A,A,H,-,A,D,0,,,,,Y,,A,01,0,0,1,0,0,0,0,0,0,"- ","- ",34.368869781494141,-119.30666351318359,VENTURA,UNINCORPORATED,-119.30665588378906,34.368869781494141
91262988,2020,2020-07-03,9765,2020-06-26,1756,022340,,5,2,6,5604,0,1,2,,2,501,"US-101 N/B",SR-232,1478.00,S,N,B,-,Y,,,101,,,,,,N,N,3,0,1,2,A,-,07,21658,A,N,C,C,A,A,H,-,A,D,0,,,,,Y,,D,22,0,1,0,0,0,0,0,0,0,"- ","- ",34.22869873046875,-119.16963195800781,VENTURA,OXNARD,-119.16964721679688,34.228675842285156
91263757,2020,2020-07-06,9765,2020-07-01,0550,022506,,3,3,9,5600,0,3,5,,2,005,"SR-118 W/B","LA VISTA AVENUE",0.14,W,N,B,-,Y,,,118,,,,,,W,Y,2,0,3,1,A,-,03,22350,,N,E,I,A,A,H,-,A,D,0,,,,,Y,,A,01,1,0,2,0,0,0,0,0,0,"- ","- ",34.263351440429688,-119.09645080566406,VENTURA,UNINCORPORATED,-119.09641265869141,34.263301849365234
91265040,2020,2020-07-08,9765,2020-06-26,0024,019034,,5,3,9,5600,0,3,5,,2,004,"TELEGRAPH ROAD","CLOW ROAD",1056.00,E,N,A,-,N,,,,,,,,,,N,2,0,1,2,A,-,11,21954,A,N,G,B,E,A,H,-,D,D,0,Y,,,,Y,Y,N,60,1,0,0,0,1,0,0,0,0,"- ","- ",34.333789825439453,-119.09602355957031,VENTURA,UNINCORPORATED,-119.09620666503906,34.333713531494141
91265467,2020,2020-07-08,9765,2020-07-06,1455,019988,,1,2,9,5600,0,1,2,,1,101,"US-101 S/B","HOBSON ROAD",1303.00,S,N,A,-,Y,,,101,,,,,,S,Y,2,0,2,1,A,-,08,22107,,N,E,I,A,A,H,-,A,D,0,,,,,Y,,D,22,1,0,1,0,0,0,0,0,0,"- ","- ",34.340461730957031,-119.41120910644531,VENTURA,UNINCORPORATED,-119.41109466552734,34.340621948242188
91267101,2020,2020-07-13,9770,2020-07-02,1255,016561,,4,1,5,5601,0,1,2,,2,070,"US-101 N/B (VENTURA FREEWAY)","CAMARILLO SPRINGS ROAD",292.00,S,N,A,-,Y,,,101,,,,,,N,Y,3,0,1,1,A,-,03,22350,,N,F,A,A,A,H,-,A,D,0,,,Y,,Y,,C,02,0,1,0,0,0,0,0,0,1,"- ","- ",34.205120086669922,-118.98291778564453,VENTURA,CAMARILLO,-118.98291015625,34.205146789550781
91267108,2020,2020-07-13,9770,2020-07-09,0140,018305,,4,3,6,5607,0,1,2,,2,075,"US-101 S/B (VENTURA FREEWAY)","CONEJO SCHOOL ROAD",1584.00,N,N,A,-,Y,,,101,,,,,,S,Y,4,0,1,1,A,-,08,22107,,N,E,I,A,A,H,-,C,D,0,,,,,Y,,A,01,0,0,1,0,0,0,0,0,0,"- ","- ",34.174289703369141,-118.85037231445312,VENTURA,"THOUSAND OAKS",-118.85041046142578,34.174224853515625
91267579,2020,2020-07-13,9765,2020-07-03,1700,022446,,5,2,9,5600,0,1,3,,1,021,"SR-33 S/B","MATILIJA HOT SPRINGS ROAD",190.00,N,N,A,-,Y,,,33,,,,,,S,Y,3,0,1,1,A,-,01,23152,A,N,F,A,A,A,H,-,A,D,0,,,,,Y,Y,A,01,0,1,0,0,0,0,0,0,0,"- ","- ",34.485431671142578,-119.30126190185547,VENTURA,UNINCORPORATED,-119.30126190185547,34.485446929931641
91268718,2020,2020-07-15,9765,2020-07-09,1418,017483,,4,2,9,5600,0,3,5,,2,002,"FOREST SERVICE ROAD 6N31","ENTRANCE TO OJAI VALLEY GUN CLUB",3696.00,N,N,A,-,N,,,,,,,,,,N,3,0,1,1,A,-,08,22107,,N,F,A,A,A,H,-,A,D,0,,,Y,,Y,,C,02,0,1,0,0,0,0,0,0,1,"- ","- ",34.549301147460938,-119.17459869384766,VENTURA,UNINCORPORATED,,
91268842,2020,2020-07-15,9770,2020-07-03,2249,020832,,5,3,6,5607,0,1,2,,2,075,"US-101 S/B (VENTURA FREEWAY)","HAMPSHIRE ROAD",1267.00,S,N,A,-,Y,,,101,,,,,,S,Y,3,0,2,4,A,-,07,21658,A,N,B,C,A,A,H,-,D,D,0,,,,,Y,,A,01,0,2,0,0,0,0,0,0,0,"- ","- ",34.163429260253906,-118.83444976806641,VENTURA,"THOUSAND OAKS",-118.83433532714844,34.163604736328125
91269165,2020,2020-07-15,9765,2020-07-10,1140,016234,,5,1,9,5600,0,1,3,,1,055,"SR-118 (LOS ANGELES AVE)","BRADLEY ROAD",0.00,,Y,A,-,Y,,,118,,,,,,,Y,3,0,1,2,A,-,09,21802,A,N,D,C,A,A,H,-,A,A,0,,,,,Y,,D,22,0,1,0,0,0,0,0,0,0,"- ","- ",34.263740539550781,-119.01116943359375,VENTURA,UNINCORPORATED,-119.01116943359375,34.263763427734375
9127096,2021,2021-01-27,5600,2021-01-03,1523,4973,8262,7,5,5,5601,0,0,0,,0,8D01,"SANTA ROSA RD","RT 101",16.00,S,N,A,-,Y,VEN,7,101,-,-,12.275,R,4,N,N,4,0,1,2,A,-,03,22350,,N,C,C,A,A,H,-,A,A,0,,,,Y,Y,,F,26,0,0,1,0,0,0,0,0,0,"- ",NO,34.215568542480469,-119.00666046142578,VENTURA,CAMARILLO,-119.00733947753906,34.213661193847656
9127304,2020,2020-09-28,5608,2020-07-21,1440,534,5608,2,5,6,5608,0,0,0,,0,001,"E SANTA CLARA ST","CALIFORNIA ST",246.00,W,N,A,-,N,,,,,,,,,,N,3,0,1,2,A,-,09,21804,A,N,H,A,A,A,H,-,A,A,0,,,Y,,Y,,A,08,0,1,0,0,0,0,0,0,1,"- ","- ",,,VENTURA,VENTURA,-119.29392242431641,34.279529571533203
9127308,2020,2020-10-02,5600,2020-07-15,1411,5180,8125,3,5,5,5601,0,0,0,,0,8C01,"DAILY DR","ARNEILL RD",125.00,W,N,A,-,N,,,,,,,,,,,4,0,1,4,A,-,03,22350,,N,C,C,A,A,H,-,A,A,0,,,,,Y,,A,01,0,0,1,0,0,0,0,0,0,"- ","- ",34.215980529785156,-119.0423583984375,VENTURA,CAMARILLO,-119.03942108154297,34.217803955078125
91274243,2020,2020-08-12,9430,2020-07-18,1410,020255,,6,2,9,5600,0,1,3,,1,030,"SR-33 (MARICOPA HWY)","LOCKWOOD VALLEY RD",10666.00,S,N,A,-,N,,,33,,,,,,,Y,2,0,1,1,A,-,03,22350,,N,E,I,A,A,H,-,A,D,0,,,Y,,Y,,C,02,1,0,0,0,0,0,0,0,1,"- ","- ",34.660190582275391,-119.37116241455078,VENTURA,UNINCORPORATED,-119.37114715576172,34.660160064697266
91274929,2020,2020-07-27,9765,2020-07-19,1017,022464,,7,1,9,5600,0,1,3,,1,062,SR-1,"SYCAMORE CANYON ROAD",8976.00,N,N,A,-,Y,,,1,,,,,,,Y,3,0,1,3,A,-,08,22107,,N,B,E,A,A,H,-,A,D,0,,,,,Y,,A,07,0,1,0,0,0,0,0,0,0,"- ","- ",34.08380126953125,-119.03645324707031,VENTURA,UNINCORPORATED,-119.03645324707031,34.083770751953125
91276600,2020,2020-07-29,9765,2020-07-26,1330,020729,,7,1,9,5600,0,1,3,,1,062,SR-1,"SYCAMORE CANYON ROAD",2640.00,S,N,A,-,Y,,,1,,,,,,,Y,4,0,1,2,A,-,08,22107,,N,D,C,A,A,H,-,A,D,0,,,,,Y,,A,01,0,0,1,0,0,0,0,0,0,"- ","- ",34.066440582275391,-119.00491333007812,VENTURA,UNINCORPORATED,-119.00492858886719,34.066482543945312
91276687,2020,2020-07-29,9765,2020-07-19,0352,019277,,7,3,9,5600,0,1,3,,1,020,"SR-33 S/B (VENTURA AVENUE)","CASITAS VISTA RD.",200.00,N,N,B,-,Y,,,33,,,,,,S,Y,4,0,1,1,A,-,01,23152,A,N,E,I,A,A,H,-,C,D,0,,,,,Y,Y,A,01,0,0,1,0,0,0,0,0,0,"- ","- ",34.352840423583984,-119.30667114257812,VENTURA,UNINCORPORATED,-119.30659484863281,34.352943420410156
91280215,2020,2020-08-04,9765,2020-07-27,1820,020001,,1,2,5,5601,0,1,2,,2,503,"US-101 S/B","CAMARILLO SPRINGS ROAD",1330.00,N,N,A,-,Y,,,101,,,,,,S,Y,3,0,1,1,A,-,08,22107,,N,E,I,A,A,H,-,A,D,0,,,,,Y,,D,22,0,1,0,0,0,0,0,0,0,"- ","- ",34.205238342285156,-118.98857116699219,VENTURA,CAMARILLO,-118.98854827880859,34.205333709716797
91280836,2020,2020-08-05,9770,2020-08-01,1425,016383,,6,2,6,5607,0,1,2,,2,072,"US-101 N/B TO BORCHARD ROAD","BORCHARD ROAD",70.00,N,N,A,-,Y,,,101,,,,R,,N,N,4,0,3,2,A,-,07,21658,A,N,B,C,A,A,H,-,A,A,0,,,,,Y,,A,01,0,0,3,0,0,0,0,0,0,"- ","- ",34.185798645019531,-118.9259033203125,VENTURA,"THOUSAND OAKS",-118.9259033203125,34.185798645019531
91284722,2020,2020-08-12,9770,2020-08-04,1904,020832,,2,2,9,5600,0,1,3,,2,085,"SR-23 S/B (MOORPARK FREEWAY)","OLSEN ROAD",4858.00,N,N,A,-,Y,,,23,,,,,,S,Y,3,0,1,2,A,-,03,22350,,N,C,C,A,A,D,-,A,D,0,,,,,Y,,A,08,0,1,0,0,0,0,0,0,0,"- ","- ",34.255119323730469,-118.84059906005859,VENTURA,UNINCORPORATED,-118.84062957763672,34.255115509033203
91286851,2020,2020-08-17,9770,2020-08-10,1945,021738,,1,2,6,5609,0,1,3,,2,083,"SR-118 E/B (RONALD REAGAN FREEWAY)","ERRINGER ROAD",5.00,W,N,A,-,Y,,,,,,,,,,N,3,0,1,2,A,-,10,21950,A,N,G,B,B,A,H,-,A,A,0,Y,,,,Y,,A,01,0,1,0,0,1,0,0,0,0,"- ","- ",34.281139373779297,-118.76149749755859,VENTURA,"SIMI VALLEY",-118.761474609375,34.282131195068359
91286865,2020,2020-08-17,9770,2020-08-10,2259,021799,,1,3,9,5600,0,1,3,,1,057,"SR-23 (CHAMBERSBURG ROAD)","RIVERSIDE AVENUE",0.00,,Y,A,-,Y,,,23,,,,,,,Y,3,0,1,2,A,-,03,22350,,N,B,C,A,A,H,-,D,D,0,,,,,Y,,A,01,0,1,0,0,0,0,0,0,0,"- ","- ",34.378791809082031,-118.91574859619141,VENTURA,UNINCORPORATED,-118.915771484375,34.378791809082031
91289089,2020,2020-08-19,9765,2020-08-12,1705,022461,,3,2,6,5604,0,1,2,,2,501,"US-101 S/B","RICE AVENUE",1650.00,N,N,A,-,Y,,,101,,,,,,S,Y,4,0,2,2,A,-,03,22350,,N,C,C,A,A,H,-,A,D,0,,,,,Y,,A,07,0,0,2,0,0,0,0,0,0,"- ","- ",34.223079681396484,-119.14778137207031,VENTURA,OXNARD,-119.14778137207031,34.223060607910156
91289746,2020,2020-08-20,9765,2020-08-14,1526,022488,,5,2,6,5608,0,1,2,,2,103,"US-101 S/B (VENTURA FREEWAY)","S. OLIVE ST",406.00,N,N,A,-,Y,,,101,,,,,,S,Y,4,0,1,2,A,-,03,22350,,N,C,C,A,A,H,-,A,D,0,,,,,Y,,A,07,0,0,1,0,0,0,0,0,0,"- ","- ",34.278720855712891,-119.30519104003906,VENTURA,VENTURA,-119.30520629882812,34.278675079345703
91289921,2020,2020-08-20,9765,2020-08-15,0420,022272,,6,3,9,5600,0,3,5,,2,006,SR-34,"PLEASANT VALLEY ROAD",3696.00,S,N,A,-,N,,,34,,,,,,,Y,4,0,1,1,A,-,08,22107,,N,E,I,A,A,H,-,D,D,0,,,,,Y,,A,01,0,0,1,0,0,0,0,0,0,"- ","- ",34.196949005126953,-119.04637908935547,VENTURA,UNINCORPORATED,-119.04640960693359,34.197006225585938
91291102,2020,2020-08-24,9770,2020-08-22,1345,021738,,6,1,9,5600,0,1,3,,1,057,"SR-23 (GRIMES CANYON ROAD)","BARDSDALE AVENUE",8976.00,S,N,A,-,Y,,,23,,,,,,,Y,4,0,1,1,A,-,08,22107,,N,E,I,A,A,H,-,A,D,0,,,,,Y,Y,D,22,0,0,1,0,0,0,0,0,0,"- ","- ",34.345951080322266,-118.91291046142578,VENTURA,UNINCORPORATED,-118.91300964355469,34.345859527587891
9129170,2020,2020-09-28,5604,2020-07-10,1329,5623,,5,5,6,5604,0,0,0,,0,022,"S VENTURA RD","TEAL CLUB RD",0.00,,Y,A,-,N,,,,,,,,,,Y,3,0,1,2,A,-,09,21801,A,N,A,C,A,A,H,-,A,A,0,,,,,Y,,A,01,0,1,0,0,0,0,0,0,0,"- ","- ",,,VENTURA,OXNARD,-119.19470977783203,34.202888488769531
9129329,2020,2020-09-12,5604,2020-06-29,0740,4925,,1,5,6,5604,0,0,0,,0,011,"N VENTURA RD","W GONZALES RD",50.00,S,N,A,-,N,,,,,,,,,,Y,4,0,1,2,A,-,03,22350,,N,C,A,A,A,H,-,A,D,0,,,,,Y,,A,01,0,0,1,0,0,0,0,0,0,"- ","- ",37.219268798828125,-119.19454956054688,VENTURA,OXNARD,-119.19464111328125,34.219211578369141
9129332,2020,2020-09-12,5604,2020-06-19,1858,5311,,5,5,6,5604,0,0,0,,0,021,"S HARBOR BL","GONZALES RD",1056.00,S,N,A,-,N,,,,,,,,,,N,4,0,1,2,A,-,01,23152,A,F,C,C,A,A,H,-,A,D,0,,,,,Y,Y,A,01,0,0,1,0,0,0,0,0,0,"- ","- ",34.197788238525391,-119.24246978759766,VENTURA,OXNARD,-119.25229644775391,34.215835571289062
9129334,2020,2020-09-14,5604,2020-06-21,1920,5608,,7,5,6,5604,0,0,0,,0,012,"AUTO CENTER DR","OGDEN CT",0.00,,Y,A,-,N,,,,,,,,,,Y,4,0,1,2,A,-,04,21703,,N,C,-,A,-,H,-,A,D,0,,,,,Y,,A,01,0,0,1,0,0,0,0,0,0,"- ","- ",34.225379943847656,-119.14398956298828,VENTURA,OXNARD,-119.142965,34.225634999999997
9129337,2020,2020-09-15,5604,2020-06-16,2338,5492,,2,5,6,5604,0,0,0,,0,031,"STURGIS RD","RICE AV",0.00,,Y,A,-,N,,,,,,,,,,N,4,0,2,3,A,-,12,21453,A,N,A,C,A,A,H,-,D,A,0,,,,,Y,,A,01,0,0,2,0,0,0,0,0,0,"- ","- ",34.201930999755859,-119.14221954345703,VENTURA,OXNARD,-119.14232635498047,34.201950073242188
9129338,2020,2020-09-12,5604,2020-06-02,1710,5098,,2,5,6,5604,0,0,0,,0,023,"SAVIERS RD","WOOLEY RD",0.00,,Y,A,-,N,,,,,,,,,,N,4,0,1,2,A,-,12,21453,A,N,D,C,A,A,A,H,A,A,0,,,,,Y,,A,01,0,0,1,0,0,0,0,0,0,"- ","- ",34.190238952636719,-119.17719268798828,VENTURA,OXNARD,-119.17755126953125,34.189968109130859
9129523,2020,2020-07-31,5600,2020-07-08,1330,5481,9074,3,5,6,5607,0,0,0,,0,9G01,"THOUSAND OAKS BL","ZUNIGA RIDGE CT",330.00,E,N,A,-,Y,,,,,,,,,,Y,4,0,1,2,A,-,09,21801,A,N,D,C,A,A,A,-,A,D,0,,,Y,,Y,,A,01,0,0,1,0,0,0,0,0,1,"- ","- ",,,VENTURA,"THOUSAND OAKS",-118.84983825683594,34.176647186279297
91296126,2020,2020-08-31,9770,2020-08-28,1520,016383,,5,2,6,5607,0,1,2,,2,074,"US-101 N/B (VENTURA FREEWAY)","MOORPARK ROAD",1056.00,S,N,A,-,Y,,,101,,,,,,N,Y,4,0,1,2,A,-,03,22350,,N,C,C,A,A,H,-,A,D,0,,,,,Y,,A,01,0,0,1,0,0,0,0,0,0,"- ","- ",34.177101135253906,-118.87180328369141,VENTURA,"THOUSAND OAKS",-118.87180328369141,34.177078247070312
91296769,2020,2020-09-01,9770,2020-08-24,1900,019955,,1,2,9,5600,0,1,3,,1,057,"SR-23 (GRIMES CANYON ROAD)","SHEKELL ROAD",6864.00,N,N,A,-,Y,,,23,,,,,,,Y,3,0,1,1,A,-,08,22107,,N,F,J,A,A,H,-,B,D,0,,,,,Y,,A,01,0,1,0,0,0,0,0,0,0,"- ","- ",34.343528747558594,-118.90525817871094,VENTURA,UNINCORPORATED,-118.90523529052734,34.343475341796875
91300244,2020,2020-09-08,9770,2020-08-31,1830,021911,,1,2,6,5607,0,1,2,,2,072,"US-101 NB TO LYNN ROAD","LYNN ROAD",20.00,S,N,A,-,Y,,,101,,,,R,,N,N,4,0,4,2,A,-,03,22350,,N,C,C,A,A,H,-,B,D,0,,,,,Y,,A,01,0,0,4,0,0,0,0,0,0,"- ","- ",34.184188842773438,-118.89129638671875,VENTURA,"THOUSAND OAKS",-118.89129638671875,34.184188842773438
91300361,2020,2020-09-08,9765,2020-09-04,0910,022518,,5,1,9,5600,0,1,3,,1,021,"SR-33 N/B","DERRYDALE CREEK",1182.00,S,N,A,-,Y,,,33,,,,,,N,Y,3,0,1,1,A,-,03,22350,,N,F,A,A,A,H,-,A,D,0,,,Y,,Y,,C,02,0,1,0,0,0,0,0,0,1,"- ","- ",34.584709167480469,-119.26464080810547,VENTURA,UNINCORPORATED,-119.2646484375,34.584754943847656
91300563,2020,2020-09-08,9765,2020-09-06,1525,019884,,7,2,9,5600,0,3,5,,2,004,"BRIGGS ROAD","FAULKNER RD",440.00,N,N,A,-,N,,,,,,,,,,Y,4,0,1,1,A,-,08,22107,,N,E,I,A,A,H,-,A,D,0,,,,,Y,,D,22,0,0,1,0,0,0,0,0,0,"- ","- ",34.324798583984375,-119.10310363769531,VENTURA,UNINCORPORATED,-119.10321044921875,34.324794769287109
9130130,2020,2020-10-17,5600,2020-07-22,1715,5011,9160,3,5,6,5607,0,0,0,,0,9D01,"THOUSAND OAKS BL","WESTLAKE BL",15.00,W,N,A,-,N,,,,,,,,,,N,4,0,1,2,A,-,21,22106,,N,C,C,A,A,H,-,A,A,0,,,,,Y,,A,01,0,0,1,0,0,0,0,0,0,"- ","- ",34.160961151123047,-118.82283782958984,VENTURA,"THOUSAND OAKS",-118.82295989990234,34.160942077636719
9130203,2020,2020-10-16,5609,2020-07-15,1101,310,217,3,5,6,5609,0,0,0,,0,002,"WOOD RANCH PKWY","COUNTRY CLUB CIR",0.00,,Y,A,-,N,,,,,,,,,,Y,3,0,2,2,A,-,09,21801,A,N,D,C,A,A,H,-,A,A,0,,,,,Y,,A,01,0,2,0,0,0,0,0,0,0,"- ","- ",,,VENTURA,"SIMI VALLEY",-118.81199645996094,34.252540588378906
91303743,2020,2021-02-12,9765,2020-09-03,1517,016549,,4,2,6,5608,0,1,2,,2,302,"US-101 N/B TO TELEPHONE ROAD","TELEPHONE ROAD",236.00,S,N,A,-,Y,,,101,,,,R,,N,Y,2,0,1,7,C,-,18,,,N,B,C,A,A,H,-,A,A,0,,,,Y,Y,,-,"- ",1,0,0,0,0,0,0,0,0,"- ","- ",34.262081146240234,-119.22965240478516,VENTURA,VENTURA,-119.22965240478516,34.262081146240234
91306475,2020,2020-09-17,9765,2020-09-13,1900,022506,,7,2,9,5600,0,1,3,,1,042,"SR-126 W/B","HALL ROAD",10.00,W,N,B,-,Y,,,126,,,,,,W,Y,4,0,1,2,A,-,01,23152,A,N,D,C,A,A,H,-,C,D,0,,,,,Y,Y,D,22,0,0,1,0,0,0,0,0,0,"- ","- ",34.378730773925781,-118.99009704589844,VENTURA,UNINCORPORATED,-118.99010467529297,34.378768920898438
91307227,2020,2020-09-18,9765,2020-09-13,1350,022488,,7,1,6,5608,0,1,2,,2,301,"US-101 S/B (VENTURA FREEWAY)","SEAWARD AVENUE",686.00,S,N,A,-,Y,,,101,,,,,,S,N,4,0,1,1,A,-,08,22107,,N,F,A,A,A,H,-,A,D,0,,,Y,,Y,,C,02,0,0,1,0,0,0,0,0,1,"- ","- ",34.263648986816406,-119.26732635498047,VENTURA,VENTURA,-119.26735687255859,34.263595581054688
91307258,2020,2020-09-18,9765,2020-09-16,0640,013555,,3,1,9,5600,0,3,5,,2,004,"NARDO STREET","LOS ANGELES AVENUE",0.00,,Y,A,-,N,,,,,,,,,,N,4,0,1,2,A,-,09,21802,A,N,D,G,A,A,H,-,B,A,0,,Y,,,Y,,A,07,0,0,1,0,0,0,1,0,0,"- ","- ",34.282470703125,-119.14727020263672,VENTURA,UNINCORPORATED,-119.14759063720703,34.282028198242188
91308188,2020,2020-09-21,9770,2020-09-20,1245,018942,,7,1,6,5607,0,1,2,,2,072,"US-101 N/B (VENTURA FREEWAY)","LYNN ROAD",100.00,N,N,A,-,Y,,,101,,,,,,N,Y,4,0,1,3,A,-,03,22350,,N,C,C,A,A,H,-,A,D,0,,,,,Y,,A,01,0,0,1,0,0,0,0,0,0,"- ","- ",34.183700561523438,-118.89179992675781,VENTURA,"THOUSAND OAKS",-118.89177703857422,34.183746337890625
91309066,2020,2020-09-22,9765,2020-09-13,2003,022461,,7,2,9,5600,0,3,5,,2,005,"AGGEN ROAD",SR-118,6864.00,N,N,A,-,Y,,,,,,,,,,Y,3,0,1,1,A,-,01,23152,A,N,E,I,A,A,H,-,C,D,0,,,,,Y,,A,07,0,1,0,0,0,0,0,0,0,"- ","- ",34.283088684082031,-119.03446960449219,VENTURA,UNINCORPORATED,,