CASE_ID,ACCIDENT_YEAR,PROC_DATE,JURIS,COLLISION_DATE,COLLISION_TIME,OFFICER_ID,REPORTING_DISTRICT,DAY_OF_WEEK,CHP_SHIFT,POPULATION,CNTY_CITY_LOC,SPECIAL_COND,BEAT_TYPE,CHP_BEAT_TYPE,CITY_DIVISION_LAPD,CHP_BEAT_CLASS,BEAT_NUMBER,PRIMARY_RD,SECONDARY_RD,DISTANCE,DIRECTION,INTERSECTION,WEATHER_1,WEATHER_2,STATE_HWY_IND,CALTRANS_COUNTY,CALTRANS_DISTRICT,STATE_ROUTE,ROUTE_SUFFIX,POSTMILE_PREFIX,POSTMILE,LOCATION_TYPE,RAMP_INTERSECTION,SIDE_OF_HWY,TOW_AWAY,COLLISION_SEVERITY,NUMBER_KILLED,NUMBER_INJURED,PARTY_COUNT,PRIMARY_COLL_FACTOR,PCF_CODE_OF_VIOL,PCF_VIOL_CATEGORY,PCF_VIOLATION,PCF_VIOL_SUBSECTION,HIT_AND_RUN,TYPE_OF_COLLISION,MVIW,PED_ACTION,ROAD_SURFACE,ROAD_COND_1,ROAD_COND_2,LIGHTING,CONTROL_DEVICE,CHP_ROAD_TYPE,PEDESTRIAN_ACCIDENT,BICYCLE_ACCIDENT,MOTORCYCLE_ACCIDENT,TRUCK_ACCIDENT,NOT_PRIVATE_PROPERTY,ALCOHOL_INVOLVED,STWD_VEHTYPE_AT_FAULT,CHP_VEHTYPE_AT_FAULT,COUNT_SEVERE_INJ,COUNT_VISIBLE_INJ,COUNT_COMPLAINT_PAIN,COUNT_PED_KILLED,COUNT_PED_INJURED,COUNT_BICYCLIST_KILLED,COUNT_BICYCLIST_INJURED,COUNT_MC_KILLED,COUNT_MC_INJURED,PRIMARY_RAMP,SECONDARY_RAMP,LATITUDE,LONGITUDE,COUNTY,CITY,POINT_X,POINT_Y
91569785,2021,2021-09-14,9770,2021-09-08,0205,021082,,3,3,6,5607,0,1,2,,2,072,"US-101 N/B (VENTURA FREEWAY)","WENDY DRIVE O/C",5808.00,N,N,B,-,Y,,,101,,,,,,N,Y,3,0,1,2,A,-,01,23152,A,N,C,C,A,A,H,-,C,D,0,,,,Y,Y,Y,A,01,0,1,0,0,0,0,0,0,0,"- ","- ",34.199100494384766,-118.95536804199219,VENTURA,"THOUSAND OAKS",-118.95542144775391,34.199001312255859
91572488,2021,2021-09-16,9770,2021-09-13,1620,016383,,1,2,6,5607,0,1,2,,2,073,"US-101 S/B (VENTURA FREEWAY)","LYNN ROAD",2112.00,N,N,A,-,Y,,,101,,,,,,S,Y,3,0,1,2,A,-,03,22350,,N,C,C,A,A,H,-,A,D,0,,,,,Y,,A,01,0,1,0,0,0,0,0,0,0,"- ","- ",34.184341430664062,-118.89942932128906,VENTURA,"THOUSAND OAKS",-118.89943695068359,34.184432983398438
91573527,2021,2021-09-17,9765,2021-08-30,2210,022272,,1,3,9,5600,0,1,3,,1,022,SR-150,"RAMELI RANCH ROAD",580.00,E,N,A,-,Y,,,150,,,,,,,N,2,0,1,1,A,-,08,22107,,N,E,J,A,A,H,-,D,D,0,,,Y,,Y,,C,02,1,0,0,0,0,0,0,0,1,"- ","- ",34.385089874267578,-119.41069030761719,VENTURA,UNINCORPORATED,-119.41075134277344,34.385036468505859
91575625,2021,2021-09-21,9765,2021-09-12,1520,022488,,7,2,9,5600,0,1,3,,1,021,"SR-33 (MARICOPA HIGHWAY)","WHEELER GORGE",4910.00,S,N,A,-,Y,,,33,,,,,,,Y,2,0,1,1,A,-,08,22107,,N,E,I,A,A,H,-,A,D,0,,,,,Y,,A,01,1,0,0,0,0,0,0,0,0,"- ","- ",34.507369995117188,-119.28389739990234,VENTURA,UNINCORPORATED,-119.28386688232422,34.507350921630859
91580032,2021,2021-09-27,9770,2021-09-18,1020,018942,,6,1,6,5607,0,1,2,,2,072,"US-101 N/B (VENTURA FREEWAY)","LYNN ROAD",100.00,S,N,A,-,Y,,,101,,,,,,N,Y,4,0,2,3,A,-,03,22350,,N,C,C,A,A,H,-,A,D,0,,,,,Y,,A,01,0,0,2,0,0,0,0,0,0,"- ","- ",34.181438446044922,-118.88722991943359,VENTURA,"THOUSAND OAKS",-118.88719940185547,34.181491851806641
91580658,2021,2021-09-27,9765,2021-08-07,0500,022272,,6,3,6,5608,0,1,2,,2,302,"US-101 N/B","TELEPHONE ROAD",1320.00,S,N,A,-,Y,,,101,,,,,,N,Y,3,0,1,2,A,-,03,22350,,F,C,C,A,A,H,-,D,D,0,,,,,Y,,-,99,0,1,0,0,0,0,0,0,0,"- ","- ",34.260478973388672,-119.22679138183594,VENTURA,VENTURA,-119.22679901123047,34.260456085205078
91581873,2021,2021-09-28,9765,2021-09-19,1410,020708,,7,2,6,5608,0,1,3,,2,041,"SR-126 W/B TO WELLS RD","WELLS RD",240.00,W,N,A,-,Y,,,126,,,,R,,W,Y,4,0,1,1,A,-,01,23152,F,N,E,I,A,A,H,-,A,D,0,,,,,Y,,A,07,0,0,1,0,0,0,0,0,0,"- ","- ",34.2894287109375,-119.15737915039062,VENTURA,VENTURA,-119.15737915039062,34.2894287109375
91581924,2021,2021-09-28,9765,2021-09-21,1925,021167,,2,2,9,5600,0,3,5,,2,003,"OLIVAS PARK DRIVE","TELEPHONE RD.",0.00,,Y,E,-,N,,,,,,,,,,Y,4,0,1,2,A,-,09,21801,A,N,A,C,A,A,H,-,C,A,0,,,,,Y,,D,22,0,0,1,0,0,0,0,0,0,"- ","- ",34.244380950927734,-119.23422241210938,VENTURA,UNINCORPORATED,-119.23417663574219,34.244396209716797
91582445,2021,2021-09-29,9765,2021-06-14,0010,022461,,1,3,9,5600,0,1,3,,1,046,SR-118,"NARDO STREET",190.00,W,N,A,-,Y,,,118,,,,,,,Y,3,0,1,1,A,-,01,23152,A,M,E,I,A,A,H,-,C,D,0,,,,,Y,Y,A,01,0,1,0,0,0,0,0,0,0,"- ","- ",34.282291412353516,-119.148193359375,VENTURA,UNINCORPORATED,-119.14822387695312,34.282138824462891
91584217,2021,2021-09-30,9765,2021-09-25,1805,021167,,6,2,6,5608,0,1,2,,1,104,"US-101 N/B","PARK ACCESS ROAD",210.00,N,N,A,-,Y,,,101,,,,,,N,Y,4,0,1,1,A,-,08,22107,,N,E,8,A,A,H,-,A,D,0,,,,,Y,,D,22,0,0,1,0,0,0,0,0,0,"- ","- ",34.282241821289062,-119.31580352783203,VENTURA,VENTURA,-119.31576538085938,34.282310485839844
91586879,2021,2021-10-04,9765,2021-09-26,0530,022337,,7,3,9,5600,0,1,2,,1,104,"US-101 N/B","A LEASE CANYON ROAD",5.00,N,N,B,-,Y,,,101,,,,,,N,Y,2,0,1,1,A,-,08,22107,,N,E,I,A,A,H,-,D,D,0,,,,,Y,,A,01,1,0,0,0,0,0,0,0,0,"- ","- ",34.318340301513672,-119.36538696289062,VENTURA,UNINCORPORATED,-119.36541748046875,34.318294525146484
91587217,2021,2021-10-04,9770,2021-10-02,1103,017627,,6,1,6,5609,0,1,3,,2,082,"SR-118 W/B (RONALD REAGAN FREEWAY)","STEARNS STREET",740.00,W,N,A,-,Y,,,118,,,,,,W,Y,3,0,2,1,A,-,08,22107,,N,E,I,A,A,H,-,A,A,0,,,,,Y,,A,07,0,1,1,0,0,0,0,0,0,"- ","- ",34.281631469726562,-118.69387817382812,VENTURA,"SIMI VALLEY",-118.69387817382812,34.281764984130859
9158903,2020,2020-11-16,5600,2020-09-16,0927,4617,9110,3,5,6,5607,0,0,0,,0,9C01,"BORCHARD RD","SAN ANTONIO ST",36.00,W,N,A,-,N,,,,,,,,,,Y,4,0,1,2,-,-,"- ",,,N,C,C,A,A,H,-,A,A,0,,,,,Y,,A,07,0,0,1,0,0,0,0,0,0,"- ","- ",34.178970336914062,-118.95886993408203,VENTURA,"THOUSAND OAKS",-118.95904541015625,34.178867340087891
91589414,2021,2021-10-06,9770,2021-09-25,1322,018332,,6,1,9,5600,0,1,3,,1,057,"SR-23 (GRIMES CANYON RD)","BARDSDALE RD",115.00,E,N,A,-,Y,,,23,,,,,,,N,4,0,1,2,A,-,09,21802,B,N,B,C,A,A,H,-,A,A,0,,,,,Y,,A,01,0,0,1,0,0,0,0,0,0,"- ","- ",34.371669769287109,-118.91960906982422,VENTURA,UNINCORPORATED,-118.91960144042969,34.37164306640625
9159285,2020,2020-12-04,5600,2020-09-19,1521,2833,9176,6,5,6,5607,0,0,0,,0,9D01,"AGOURA RD","VILLAGE GLEN AV",448.00,W,N,A,-,N,,,,,,,,,,Y,3,0,1,1,-,-,"- ",,,N,E,I,A,A,H,-,A,D,0,,,,,Y,,A,01,0,1,0,0,0,0,0,0,0,"- ","- ",34.154518127441406,-118.830322265625,VENTURA,"THOUSAND OAKS",,
91593366,2021,2021-10-11,9765,2021-10-01,1750,020334,,5,2,9,5600,0,1,2,,2,501,"RT 101","DEL NORTE BLVD.",3300.00,S,N,A,-,Y,,,101,,,,,,,Y,2,0,1,2,A,-,07,21658,A,N,B,C,A,A,H,-,A,D,0,,,Y,,Y,,A,07,1,0,0,0,0,0,0,0,1,"- ","- ",34.221900939941406,-119.11580657958984,VENTURA,UNINCORPORATED,-119.11580657958984,34.221904754638672
91593571,2021,2021-10-11,9765,2021-10-02,1415,021167,,6,2,9,5600,0,1,3,,1,021,SR-33,"OAK VIEW AVE.",0.00,,Y,A,-,Y,,,33,,,,,,,Y,3,0,1,2,A,-,12,21453,A,N,D,C,A,A,H,-,A,A,0,,,,,Y,,A,01,0,1,0,0,0,0,0,0,0,"- ","- ",34.396831512451172,-119.29958343505859,VENTURA,UNINCORPORATED,-119.29955291748047,34.396823883056641
91595625,2021,2021-10-13,9770,2021-10-10,0710,017732,,7,1,6,5608,0,1,3,,2,083,"SR-118 E/B (RONALD REAGAN FREEWAY)","KUEHNER DRIVE",410.00,E,N,A,-,Y,,,,,,,,,,Y,4,0,1,1,A,-,08,22107,,N,E,I,A,A,H,-,A,D,0,,,,,Y,,A,01,0,0,1,0,0,0,0,0,0,"- ","- ",34.278388977050781,-118.66075134277344,VENTURA,VENTURA,-118.66095733642578,34.278560638427734
9159777,2020,2020-11-25,5600,2020-10-08,1342,4221,9148,4,5,6,5607,0,0,0,,0,9G01,"RANCHO RD","RT 101",45.00,S,N,A,-,Y,VEN,7,101,-,-,2.855,R,4,N,,4,0,1,2,A,-,03,22350,,N,C,C,A,A,H,-,A,A,0,,,,,Y,,A,01,0,0,1,0,0,0,0,0,0,"- ",NF,34.177909851074219,-118.84735870361328,VENTURA,"THOUSAND OAKS",-118.85536193847656,34.175926208496094
91598315,2021,2021-10-18,9765,2021-10-07,1705,022488,,4,2,6,5608,0,1,3,,1,031,"SR-126 W/B (SANTA PAULA FREEWAY)","VICTORIA AVENUE",1690.00,W,N,A,-,Y,,,126,,,,,,W,N,3,0,1,1,A,-,08,22107,,N,E,I,A,A,H,-,A,D,0,,,,,Y,,A,01,0,1,0,0,0,0,0,0,0,"- ","- ",34.270671844482422,-119.21942138671875,VENTURA,VENTURA,-119.21942138671875,34.270660400390625
91600694,2021,2021-10-19,9765,2021-10-10,1910,020187,,7,2,9,5600,0,3,5,,2,006,"STATE ROUTE 34 (E. FIFTH STREET)","LAS POSAS ROAD",5597.00,E,N,A,-,Y,,,34,,,,,,,Y,3,0,1,1,A,-,01,23152,A,N,E,I,A,A,H,-,D,D,0,,,,,Y,Y,A,01,0,1,0,0,0,0,0,0,0,"- ","- ",34.196250915527344,-119.05113220214844,VENTURA,UNINCORPORATED,-119.05113220214844,34.196197509765625
91600729,2021,2021-10-19,9765,2021-10-11,0230,022272,,1,3,9,5600,0,3,5,,2,005,"CENTRAL AVENUE","ROSE AVENUE",990.00,E,N,A,-,N,,,,,,,,,,Y,2,0,1,1,A,-,08,22107,,N,E,J,A,A,H,-,D,D,0,,,,,Y,,A,01,1,0,0,0,0,0,0,0,0,"- ","- ",34.248989105224609,-119.14000701904297,VENTURA,UNINCORPORATED,-119.14014434814453,34.249050140380859
91600797,2021,2021-10-19,9765,2021-10-11,0640,022408,,1,1,6,5608,0,3,5,,2,006,"WOOD ROAD","HUENEME ROAD",3696.00,S,N,A,-,N,,,,,,,,,,N,2,0,1,2,A,-,08,22107,,N,A,G,A,A,H,-,A,D,0,,Y,,,Y,Y,L,04,1,0,0,0,0,0,1,0,0,"- ","- ",34.136970520019531,-119.09673309326172,VENTURA,VENTURA,-119.09676361083984,34.136947631835938
91601833,2021,2021-10-20,9765,2021-09-04,2334,022296,,6,3,4,5606,0,1,3,,1,042,"SR-126 WB","FLEISCHER REDMAND RD",581.00,E,N,A,-,Y,,,,,,,,,,Y,4,0,1,3,A,-,08,22107,,N,B,C,A,A,H,-,C,D,0,,,,,Y,,D,22,0,0,1,0,0,0,0,0,0,"- ","- ",34.373451232910156,-119.01381683349609,VENTURA,"SANTA PAULA",-119.01383209228516,34.373367309570312
91603121,2021,2021-10-21,9765,2021-10-20,0630,016234,,3,1,9,5600,0,3,5,,2,005,"LAMBERT STREET","SR-232 (VINEYARD AVE)",520.00,W,N,A,-,N,,,,,,,,,,Y,4,0,1,2,A,-,08,22107,,N,D,C,A,A,H,-,C,D,0,,,,,Y,,A,01,0,0,1,0,0,0,0,0,0,"- ","- ",34.253280639648438,-119.15937805175781,VENTURA,UNINCORPORATED,-119.15914916992188,34.253185272216797
91604429,2021,2021-10-25,9765,2021-10-21,0610,016234,,4,1,9,5600,0,1,3,,2,063,"SR-1 (RICE AVE)","EAST WOOLEY ROAD",528.00,S,N,A,-,Y,,,,,,,,,,N,4,0,1,2,A,-,07,21658,A,N,B,C,A,A,H,-,D,D,0,,,,,Y,,D,22,0,0,1,0,0,0,0,0,0,"- ","- ",34.188179016113281,-119.14247894287109,VENTURA,UNINCORPORATED,-119.17634582519531,34.188892364501953
91605915,2021,2021-10-25,9765,2021-10-13,0235,022446,,3,3,5,5601,0,1,2,,2,502,"US-101 N/B","LAS POSAS ROAD",1010.00,N,N,A,-,Y,,,101,,,,,,N,Y,4,0,1,2,A,-,01,23152,A,N,B,C,A,A,H,-,C,D,0,,,,Y,Y,Y,A,01,0,0,1,0,0,0,0,0,0,"- ","- ",34.219501495361328,-119.07328796386719,VENTURA,CAMARILLO,-119.07328796386719,34.219516754150391
91607276,2021,2021-10-27,9770,2021-10-22,0850,017732,,5,1,6,5609,0,1,3,,2,080,"SR-118 W/B (RONALD REAGAN FREEWAY)","MADERA ROAD",550.00,W,N,A,-,Y,,,118,,,,,,W,Y,4,0,1,4,A,-,03,22350,,N,C,C,A,A,H,-,A,D,0,,,,,Y,,A,07,0,0,1,0,0,0,0,0,0,"- ","- ",34.284931182861328,-118.79459381103516,VENTURA,"SIMI VALLEY",-118.79457092285156,34.284965515136719
91607547,2021,2021-10-27,9765,2021-10-17,1115,020334,,7,1,5,5601,0,1,2,,2,502,"US 101 (VENTURA FREEWAY)","CAMARILLO SPRINGS ROAD",600.00,N,N,A,-,Y,,,,,,,,,,N,4,0,1,4,A,-,04,21703,,N,C,C,A,A,H,-,A,D,0,,,,,Y,,A,07,0,0,1,0,0,0,0,0,0,"- ","- ",34.205459594726562,-118.98574066162109,VENTURA,CAMARILLO,-118.98545074462891,34.205532073974609
91611076,2021,2021-10-29,9765,2021-10-20,1730,019988,,3,2,6,5608,0,1,3,,2,040,"SR-126 WB EO WELLS RD.","WELLS RD.",4985.00,E,N,A,-,Y,,,,,,,,,,Y,4,0,1,1,A,-,08,22107,,N,E,8,A,A,H,-,A,D,0,,,,,Y,,A,01,0,0,1,0,0,0,0,0,0,"- ","- ",34.297370910644531,-119.14234924316406,VENTURA,VENTURA,-119.14594268798828,34.281639099121094
91611486,2021,2021-11-01,9765,2021-10-20,0230,022345,,3,3,9,5600,0,3,5,,2,003,"HARBOR BOULEVARD","GONZALES ROAD",2640.00,S,N,B,-,N,,,,,,,,,,N,3,0,1,2,A,-,01,23153,A,F,G,B,E,A,H,-,D,D,0,Y,,,,Y,Y,A,01,0,1,0,0,1,0,0,0,0,"- ","- ",34.212181091308594,-119.2503662109375,VENTURA,UNINCORPORATED,-119.25014495849609,34.211872100830078
91612768,2021,2021-11-01,9765,2021-10-26,1015,016234,,2,1,6,5604,0,1,2,,2,502,"US-101 N/B","RICE AVE",500.00,S,N,A,-,Y,,,101,,,,,,N,Y,3,0,1,2,A,-,03,22350,,N,C,2,A,A,H,-,A,D,0,,,,,Y,,A,07,0,1,0,0,0,0,0,0,0,"- ","- ",34.222530364990234,-119.14032745361328,VENTURA,OXNARD,-119.14032745361328,34.222557067871094
91616206,2021,2021-11-04,9765,2021-10-27,1530,019988,,3,2,6,5608,0,1,2,,1,101,"US-101 S/B","SANJON RD.",61.00,S,N,B,-,Y,,,101,,,,,,S,N,3,0,1,2,A,-,11,21954,A,N,G,B,E,A,H,-,A,D,0,Y,,,,Y,,N,60,0,1,0,0,1,0,0,0,0,"- ","- ",34.27294921875,-119.28421020507812,VENTURA,VENTURA,-119.28421783447266,34.272937774658203
91618124,2021,2021-11-08,9765,2021-10-25,0300,022272,,1,3,9,5600,0,1,3,,2,041,"SR-126 W/B","EDWARDS RANCH ROAD",1800.00,W,N,B,-,Y,,,126,,,,,,W,Y,4,0,1,1,A,-,08,22107,,N,F,A,A,A,H,-,D,D,0,,,,,Y,,A,01,0,0,1,0,0,0,0,0,0,"- ","- ",34.302848815917969,-119.13440704345703,VENTURA,UNINCORPORATED,-119.13437652587891,34.302791595458984
91618393,2021,2021-11-08,9765,2021-10-28,0555,022446,,4,3,9,5600,0,1,2,,1,104,"US-101 N/B","HOBSON ROAD",1440.00,S,N,A,-,Y,,,101,,,,,,N,Y,4,0,3,3,A,-,03,22350,,N,C,C,A,A,H,-,D,D,0,,,,,Y,,-,"- ",0,0,3,0,0,0,0,0,0,"- ","- ",34.340751647949219,-119.41071319580078,VENTURA,UNINCORPORATED,-119.41070556640625,34.340751647949219
91621965,2021,2021-11-10,9770,2021-10-30,1516,019930,,6,2,6,5607,0,1,3,,2,077,"SR-23 S/B (MOORPARK FREEWAY)","AVENIDA DE LOS ARBOLES",1450.00,S,N,B,-,Y,,,23,,,,,,S,Y,3,0,1,1,A,-,08,22107,,N,E,I,A,A,D,-,A,D,0,,,,,Y,,A,01,0,1,0,0,0,0,0,0,0,"- ","- ",34.207618713378906,-118.85005187988281,VENTURA,"THOUSAND OAKS",-118.84994506835938,34.207569122314453
9163019,2020,2020-11-19,5608,2020-09-18,1221,496,,5,5,6,5608,0,0,0,,0,004,"TELEPHONE RD","CLINTON AV",0.00,,Y,A,-,N,,,,,,,,,,Y,4,0,2,3,A,-,12,21453,A,N,A,C,A,A,H,-,A,A,0,,,,,Y,,A,01,0,0,2,0,0,0,0,0,0,"- ","- ",,,VENTURA,VENTURA,-119.17434692382812,34.270980834960938
9163022,2020,2020-11-25,5608,2020-09-20,0906,500,,7,5,6,5608,0,0,0,,0,002,"TELEPHONE RD","MARKET ST",32.00,N,N,A,-,N,,,,,,,,,,Y,3,0,2,2,A,-,12,21453,A,N,-,C,A,A,H,-,A,A,0,,,,,Y,,A,01,0,2,0,0,0,0,0,0,0,"- ","- ",,,VENTURA,VENTURA,-119.23505401611328,34.257247924804688
9163031,2020,2020-11-25,5608,2020-09-26,1655,528,,6,5,6,5608,0,0,0,,0,002,"SANJON RD","EAST THOMPSON BL",57.00,S,N,A,-,N,,,,,,,,,,Y,3,0,1,2,A,-,05,21460,A,N,A,C,A,A,H,-,A,A,0,,,Y,,Y,,C,02,0,1,0,0,0,0,0,0,1,"- ","- ",,,VENTURA,VENTURA,-119.28125,34.276371002197266
91632895,2021,2021-11-23,9765,2021-11-10,1820,020001,,3,2,6,5604,0,1,2,,2,502,"US-101 N/B","DEL NORTE BLVD",2500.00,N,N,A,-,Y,,,101,,,,,,N,Y,4,0,1,2,A,-,03,22350,,N,C,C,A,A,H,-,B,D,0,,,,,Y,,A,01,0,0,1,0,0,0,0,0,0,"- ","- ",34.222068786621094,-119.13517761230469,VENTURA,OXNARD,-119.13516998291016,34.222282409667969
91633505,2021,2021-11-23,9765,2021-11-11,0925,016549,,4,1,6,5604,0,1,2,,2,302,"US-101 N/B (VENTURA FWY)","OXNARD BLVD O/C",1500.00,S,N,A,-,Y,,,101,,,,,,N,Y,3,0,2,2,A,-,08,22107,,F,B,2,A,A,H,-,A,D,0,,,,,Y,,A,01,0,1,1,0,0,0,0,0,0,"- ","- ",34.236751556396484,-119.17711639404297,VENTURA,OXNARD,-119.17702484130859,34.236835479736328
91634566,2021,2021-11-24,9765,2021-11-13,1014,020334,,6,1,9,5600,0,1,3,,2,061,"SR-1 (PACIFIC COAST HIGHWAY)","YERBA BUENA ROAD",1000.00,N,N,A,-,Y,,,1,,,,,,,N,3,0,1,1,A,-,08,22107,,N,F,A,A,A,H,-,A,D,0,,Y,,,Y,,L,04,0,1,0,0,0,0,1,0,0,"- ","- ",34.054710388183594,-118.96600341796875,VENTURA,UNINCORPORATED,-118.96593475341797,34.054786682128906
91634733,2021,2021-11-24,9765,2021-11-15,1700,022518,,1,2,9,5600,0,1,3,,1,055,SR118,"MESA SCHOOL ROAD",1499.00,W,N,A,-,Y,,,118,,,,,,,Y,3,0,1,1,A,-,08,22107,,N,F,J,A,A,H,-,D,D,0,,,,,Y,,A,07,0,1,0,0,0,0,0,0,0,"- ","- ",34.262359619140625,-119.09832763671875,VENTURA,UNINCORPORATED,-119.09832763671875,34.262393951416016
91635488,2021,2021-11-26,9765,2021-11-15,1350,021167,,1,1,9,5600,0,3,5,,2,004,"TELEGRAPH ROAD","OLIVE RD",260.00,E,N,A,-,N,,,,,,,,,,Y,4,0,1,2,A,-,08,22107,,N,A,C,A,A,H,-,A,D,0,,,,,Y,,A,01,0,0,1,0,0,0,0,0,0,"- ","- ",34.31317138671875,-119.13065338134766,VENTURA,UNINCORPORATED,-119.13294982910156,34.311847686767578
91635524,2021,2021-11-26,9765,2021-11-15,1535,019988,,1,2,9,5600,0,1,3,,1,068,SR-34,"WOOD ROAD",2822.00,E,N,A,-,N,,,34,,,,,,,Y,4,0,1,3,A,-,03,22350,,N,C,C,A,A,H,-,A,D,0,,,,,Y,Y,A,01,0,0,1,0,0,0,0,0,0,"- ","- ",34.196590423583984,-119.08323669433594,VENTURA,UNINCORPORATED,-119.08324432373047,34.196456909179688
91635652,2021,2021-11-26,9770,2021-11-14,0140,021341,,7,3,6,5607,0,1,2,,2,073,"US-101 S/B (VENTURA FREEWAY)","VENTU PARK ROAD",1637.00,N,N,A,-,Y,,,101,,,,,,S,Y,3,0,1,2,A,-,01,23152,A,N,C,C,A,A,H,-,C,D,0,,,,,Y,Y,A,01,0,1,0,0,0,0,0,0,0,"- ","- ",34.184219360351562,-118.91678619384766,VENTURA,"THOUSAND OAKS",-118.91679382324219,34.184238433837891
91635668,2021,2021-11-26,9770,2021-11-15,2006,019930,,1,2,9,5600,0,2,4,,2,078,"THERESA DRIVE","CATHY DRIVE",36.00,W,N,A,-,N,,,,,,,,,,Y,2,0,1,3,A,-,08,22107,,N,C,E,A,A,H,-,C,D,0,,,,,Y,,A,01,1,0,0,0,0,0,0,0,0,"- ","- ",34.179290771484375,-118.94233703613281,VENTURA,UNINCORPORATED,-118.94229125976562,34.179237365722656
91636066,2021,2021-11-29,9770,2021-11-18,1510,017662,,4,2,6,5607,0,1,2,,2,073,"US-101 S/B (VENTURA FREEWAY)","VENTU PARK ROAD",2640.00,S,N,A,-,Y,,,101,,,,,,S,Y,4,0,2,2,A,-,03,22350,,N,C,C,A,A,H,-,A,D,0,,,,,Y,,A,01,0,0,2,0,0,0,0,0,0,"- ","- ",34.18450927734375,-118.89801788330078,VENTURA,"THOUSAND OAKS",-118.89802551269531,34.184574127197266
91639773,2021,2021-12-01,9770,2021-11-18,1535,019930,,4,2,6,5609,0,1,3,,2,083,"SR-118 E/B (RONALD REAGAN FREEWAY)","ROCKY PEAK ROAD",4963.00,W,N,B,-,Y,,,118,,,,,,E,Y,3,0,1,2,A,-,07,21658,A,N,B,C,A,A,H,-,A,D,0,,,,,Y,,A,01,0,1,0,0,0,0,0,0,0,"- ","- ",34.270118713378906,-118.64984893798828,VENTURA,"SIMI VALLEY",-118.64984130859375,34.270175933837891
91642569,2021,2021-12-03,9765,2021-11-19,1750,017483,,5,2,9,5600,0,1,3,,1,021,SR-33,"MATILIJA CANYON ROAD",2112.00,N,N,A,-,Y,,,33,,,,,,,Y,2,0,1,2,A,-,05,21460,A,N,A,C,A,A,H,-,D,D,0,,,Y,,Y,Y,C,02,1,0,0,0,0,0,0,0,1,"- ","- ",34.497398376464844,-119.30108642578125,VENTURA,UNINCORPORATED,-119.30108642578125,34.497402191162109
91644456,2021,2021-12-06,9765,2021-11-27,1040,019721,,6,1,9,5600,0,1,3,,2,041,"SR-126 W/B","EDWARDS RANCH RD OVERCROSSING",575.00,W,N,A,-,Y,,,126,,,,,,W,Y,4,0,1,1,A,-,08,22107,,N,E,9,A,A,H,-,A,D,0,,,,,Y,,A,01,0,0,1,0,0,0,0,0,0,"- ","- ",34.305160522460938,-119.1304931640625,VENTURA,UNINCORPORATED,-119.13047790527344,34.305133819580078
91645028,2021,2021-12-07,9765,2021-11-24,1800,017253,,3,2,4,5606,0,3,5,,2,004,"SR-126 E/B FROM PALM AVE ON-RAMP","PALM AVE",16.00,E,N,A,-,Y,,,126,,,,R,,E,N,3,0,1,2,A,-,11,21954,A,N,G,B,D,A,H,-,C,A,0,Y,,,,Y,,N,60,0,1,0,0,1,0,0,0,0,"- ","- ",34.345260620117188,-119.06819915771484,VENTURA,"SANTA PAULA",-119.06819915771484,34.345260620117188
91645745,2021,2021-12-07,9765,2021-11-28,1530,022518,,7,2,9,5600,0,1,2,,1,102,"US-101 NORTHBOUND",SEACLIFF,173.00,N,N,A,-,Y,,,101,,,,,,N,N,4,0,1,2,A,-,03,22350,,N,C,C,A,A,H,-,A,D,0,,,,,Y,,A,07,0,0,1,0,0,0,0,0,0,"- ","- ",34.343891143798828,-119.41809844970703,VENTURA,UNINCORPORATED,-119.41811370849609,34.343856811523438
91646440,2021,2021-12-17,9770,2021-04-04,1620,019057,,7,2,9,5600,0,2,4,,1,062,"WEST POTRERO ROAD E/B","WHITE STALLION ROAD (EAST)",326.00,W,N,A,-,N,,,,,,,,,,Y,1,1,0,1,A,-,01,23152,A,N,E,I,A,A,H,-,A,D,0,,,,,Y,Y,A,01,0,0,0,0,0,0,0,0,0,"- ","- ",34.156581878662109,-118.92598724365234,VENTURA,UNINCORPORATED,-118.93791961669922,34.156208038330078
91647722,2021,2021-12-09,9770,2021-11-25,1000,018332,,4,1,9,5600,0,1,3,,1,044,"SR-126 W/B (EAST TELEGRAPH ROAD)","FISH HATCHERY RD.",1056.00,E,N,A,-,Y,,,126,,,,,,W,Y,4,0,1,2,A,-,07,21658,A,N,B,C,A,A,H,-,A,D,0,,,,,Y,,A,01,0,0,1,0,0,0,0,0,0,"- ","- ",34.395530700683594,-118.88143920898438,VENTURA,UNINCORPORATED,-118.88143920898438,34.395561218261719