CASE_ID,ACCIDENT_YEAR,PROC_DATE,JURIS,COLLISION_DATE,COLLISION_TIME,OFFICER_ID,REPORTING_DISTRICT,DAY_OF_WEEK,CHP_SHIFT,POPULATION,CNTY_CITY_LOC,SPECIAL_COND,BEAT_TYPE,CHP_BEAT_TYPE,CITY_DIVISION_LAPD,CHP_BEAT_CLASS,BEAT_NUMBER,PRIMARY_RD,SECONDARY_RD,DISTANCE,DIRECTION,INTERSECTION,WEATHER_1,WEATHER_2,STATE_HWY_IND,CALTRANS_COUNTY,CALTRANS_DISTRICT,STATE_ROUTE,ROUTE_SUFFIX,POSTMILE_PREFIX,POSTMILE,LOCATION_TYPE,RAMP_INTERSECTION,SIDE_OF_HWY,TOW_AWAY,COLLISION_SEVERITY,NUMBER_KILLED,NUMBER_INJURED,PARTY_COUNT,PRIMARY_COLL_FACTOR,PCF_CODE_OF_VIOL,PCF_VIOL_CATEGORY,PCF_VIOLATION,PCF_VIOL_SUBSECTION,HIT_AND_RUN,TYPE_OF_COLLISION,MVIW,PED_ACTION,ROAD_SURFACE,ROAD_COND_1,ROAD_COND_2,LIGHTING,CONTROL_DEVICE,CHP_ROAD_TYPE,PEDESTRIAN_ACCIDENT,BICYCLE_ACCIDENT,MOTORCYCLE_ACCIDENT,TRUCK_ACCIDENT,NOT_PRIVATE_PROPERTY,ALCOHOL_INVOLVED,STWD_VEHTYPE_AT_FAULT,CHP_VEHTYPE_AT_FAULT,COUNT_SEVERE_INJ,COUNT_VISIBLE_INJ,COUNT_COMPLAINT_PAIN,COUNT_PED_KILLED,COUNT_PED_INJURED,COUNT_BICYCLIST_KILLED,COUNT_BICYCLIST_INJURED,COUNT_MC_KILLED,COUNT_MC_INJURED,PRIMARY_RAMP,SECONDARY_RAMP,LATITUDE,LONGITUDE,COUNTY,CITY,POINT_X,POINT_Y
92060138,2023,2023-05-03,9770,2023-04-25,"825 ",017732,,2,1,6,5609,0,1,3,,2,082,"SR-118 W/B (RONALD REAGAN FREEWAY)","SYCAMORE DRIVE",1760.00,W,N,B,-,Y,VEN,,118," ",R,25.470,H,,L,Y,4,0,1,1,A,-,08,22107,,N,E,I,A,A,H,-,A,D,0,,,,,Y,,A,01,0,0,1,0,0,0,0,0,0,"- ","- ",34.282470703125,-118.75000762939453,VENTURA,"SIMI VALLEY",-118.75000762939453,34.282421112060547
92063489,2023,2023-05-08,9765,2023-04-27,1030,022872,,4,1,5,5601,0,1,2,,2,503,"US-101 S/B (VENTURA FWY)","CAMARILLO SPRINGS ROAD",155.00,N,N,A,-,Y,,,,,,,,,,Y,3,0,1,1,A,-,03,22350,,N,A,I,A,A,H,-,A,D,0,,,,,Y,,A,01,0,1,0,0,0,0,0,0,0,"- ","- ",34.204921722412109,-119.98484802246094,VENTURA,CAMARILLO,-118.98415374755859,34.205280303955078
92063801,2023,2023-05-08,9765,2023-04-29,1145,021349,,6,1,6,5608,0,1,2,,2,302,"US-101 N/B (VENTURA FREEWAY)","JOHNSON DRIVE",145.00,S,N,B,-,Y,,,,,,,,,,Y,4,0,1,3,A,-,03,22350,,N,C,C,A,A,H,-,A,D,0,,,,,Y,,D,22,0,0,1,0,0,0,0,0,0,"- ","- ",34.243518829345703,-119.19402313232422,VENTURA,VENTURA,-119.19382476806641,34.244087219238281
92066987,2023,2023-05-11,9765,2023-05-05,1927,022472,,5,2,5,5601,0,1,2,,2,504,"US 101 N/B (VENTURA FREEWAY)","FLYNN ROAD",1845.00,S,N,A,-,Y,VEN,,101," "," ",12.815,H,,R,Y,3,0,1,2,A,-,01,23152,A,N,B,2,A,A,H,-,B,A,0,,,,,Y,Y,A,01,0,1,0,0,0,0,0,0,0,"- ","- ",34.215988159179688,-119.01640319824219,VENTURA,CAMARILLO,-119.01640319824219,34.215869903564453
92067026,2023,2023-05-11,9765,2023-05-04,1750,019988,,4,2,9,5600,0,3,5,,2,005,"CENTRAL AVE","SANTA CLARA AVE",638.00,N,N,B,-,N,,,,,,,,,,Y,4,0,1,3,A,-,03,22350,,N,C,C,A,A,H,-,A,A,0,,,,,Y,,D,22,0,0,1,0,0,0,0,0,0,"- ","- ",34.2410888671875,-119.12741851806641,VENTURA,UNINCORPORATED,-119.12735748291016,34.240264892578125
9206929,2020,2021-01-29,5608,2020-11-30,0728,282,VENTU,1,5,6,5608,0,0,0,,0,003,"TELEGRAPH RD","COLLEGE DR",0.00,,Y,A,-,N,,,,,,,,,,Y,3,0,1,2,A,-,09,21801,,N,D,C,A,A,H,-,A,A,0,,,,,Y,,-,,0,1,0,0,0,0,0,0,0,"- ","- ",,,VENTURA,VENTURA,-119.24304962158203,34.273799896240234
92070264,2023,2023-05-16,9765,2023-05-07,"200 ",022992,,7,3,6,5608,0,1,2,,2,301,"US-101 S/B (VENTURA FREEWAY)","TELEPHONE ROAD",200.00,S,N,A,-,Y,VEN,,101," "," ",25.947,H,,L,Y,4,0,1,2,A,-,01,23152,A,F,E,A,A,A,H,-,D,D,0,,,,,Y,Y,A,01,0,0,1,0,0,0,0,0,0,"- ","- ",34.261928558349609,-119.23040771484375,VENTURA,VENTURA,-119.23040771484375,34.261936187744141
92072010,2023,2023-05-18,9770,2023-05-16,1621,021341,,2,2,6,5607,0,1,3,,2,084,"SR-23 N/B (MOORPARK FREEWAY)","ERBES ROAD",510.00,S,N,A,-,Y,VEN,,23," ",R,7.647,H,,R,Y,4,0,1,3,A,-,03,22350,,N,C,C,A,A,H,-,A,D,0,,,,,Y,,A,01,0,0,1,0,0,0,0,0,0,"- ","- ",34.233718872070312,-118.84322357177734,VENTURA,"THOUSAND OAKS",-118.84326171875,34.233745574951172
92075348,2023,2023-05-23,9770,2023-05-22,1625,021738,,1,2,6,5607,0,1,3,,2,084,"SR-23 N/B (MOORPARK FREEWAY)","ERBES RD UNDERCROSSING",250.00,S,N,A,-,Y,VEN,,23," ",R,7.488,H,,R,Y,4,0,1,2,A,-,03,22350,,N,C,C,A,A,H,-,A,D,0,,,,,Y,,A,01,0,0,1,0,0,0,0,0,0,"- ","- ",34.231708526611328,-118.84458923339844,VENTURA,"THOUSAND OAKS",-118.84465026855469,34.231739044189453
92075596,2023,2023-05-23,9770,2023-05-20,1410,023088,,6,2,6,5607,0,1,2,,2,073,"US-101 S/B (VENTURA FREEWAY)","WENDY DRIVE",4224.00,N,N,A,-,Y,VEN,,101," "," ",8.686,H,,L,Y,3,0,1,3,A,-,03,22350,,N,C,C,A,A,H,-,A,D,0,,,,,Y,Y,A,07,0,1,0,0,0,0,0,0,0,"- ","- ",34.195980072021484,-118.9510498046875,VENTURA,"THOUSAND OAKS",-118.95108795166016,34.195945739746094
92076612,2023,2023-05-24,9765,2023-05-17,"800 ",020334,,3,1,9,5600,0,3,5,,2,005,"NYELAND AVE","EUCALYPTUS DRIVE",430.00,S,N,B,-,N,,,,,,,,,,Y,3,0,2,3,A,-,09,21804,A,N,D,C,A,A,H,-,A,D,0,,,,,Y,,A,07,0,1,1,0,0,0,0,0,0,"- ","- ",34.224948883056641,-119.13604736328125,VENTURA,UNINCORPORATED,-119.13600158691406,34.225002288818359
92079125,2023,2023-05-26,9765,2023-05-13,"214 ",018884,,6,3,6,5608,0,1,2,,2,301,"US 101 S/B (VENTURA FREEWAY)","SEAWARD AVENUE",3168.00,S,N,A,-,Y,VEN,,101," "," ",27.809,H,,L,Y,2,0,1,2,A,-,05,21651,B,N,A,D,A,A,H,-,C,D,0,,,Y,,Y,Y,C,02,1,0,0,0,0,0,0,0,1,"- ","- ",34.26068115234375,-119.25946044921875,VENTURA,VENTURA,-119.25946807861328,34.260665893554688
92079561,2023,2023-05-26,9765,2023-05-15,1646,022337,,1,2,9,5600,0,1,2,,1,104,"US-101 N/B (VENTURA FREEWAY)","AMPHITHEATER RD",3696.00,S,N,B,-,Y,VEN,,101," ",R,34.258,H,,R,N,4,0,1,2,A,-,03,22350,,N,C,C,A,A,H,-,A,D,0,,,,Y,Y,,-,"- ",0,0,1,0,0,0,0,0,0,"- ","- ",34.307949066162109,-119.35057830810547,VENTURA,UNINCORPORATED,-119.35059356689453,34.307937622070312
92084747,2023,2023-06-02,9770,2023-05-30,1255,017732,,2,1,9,5600,0,1,3,,1,051,"SR-118 E/B (LOS ANGELES AVENUE)","SR-34 (SOMIS ROAD)",1200.00,E,N,B,-,Y,VEN,,118," "," ",11.160,H,,R,Y,4,0,1,1,A,-,08,22107,,N,E,I,A,A,H,-,A,D,0,,,,,Y,,A,01,0,0,1,0,0,0,0,0,0,"- ","- ",34.263431549072266,-118.99063110351562,VENTURA,UNINCORPORATED,-118.99063110351562,34.263454437255859
92085645,2023,2023-06-05,9765,2023-05-24,"25  ",019034,,3,3,9,5600,0,3,5,,2,006,"LEWIS RD.","CAWELTI RD.",864.00,N,N,A,-,N,,,,,,,,,,Y,3,0,1,1,A,-,01,23152,A,N,E,8,A,A,H,-,D,D,0,,,,,Y,Y,A,01,0,1,0,0,0,0,0,0,0,"- ","- ",34.192909240722656,-119.03061676025391,VENTURA,UNINCORPORATED,-119.03087615966797,34.192821502685547
92085657,2023,2023-06-05,9765,2023-05-26,"620 ",017253,,5,1,9,5600,0,1,3,,2,040,"SR-126 E/B (SANTA PAULA FREEWAY)","S. BRIGGS ROAD",1850.00,W,N,B,-,Y,VEN,,126," ",R,8.549,H,,R,Y,3,0,2,1,A,-,08,22107,,N,E,8,A,A,H,-,A,D,0,,,,,Y,Y,A,07,0,2,0,0,0,0,0,0,0,"- ","- ",34.319290161132812,-119.10610198974609,VENTURA,UNINCORPORATED,-119.10616302490234,34.319358825683594
92085686,2023,2023-06-05,9765,2023-05-26,1150,020983,,5,1,9,5600,0,3,5,,2,006,"RICE AVENUE","CHANNEL ISLANDS BLVD",0.00,,Y,B,-,N,,,,,,,,,,N,3,0,2,2,A,-,03,22350,,N,B,C,A,A,H,-,A,A,0,,,,,Y,,A,01,0,2,0,0,0,0,0,0,0,"- ","- ",34.173160552978516,-119.14275360107422,VENTURA,UNINCORPORATED,-119.14266204833984,34.173206329345703
92085894,2023,2023-06-05,9765,2023-05-27,1845,021999,,6,2,6,5604,0,1,2,,2,502,"US-101 N/B TO ROSE AVENUE","ROSE AVENUE",150.00,S,N,A,-,Y,,,,,,,,,,N,4,0,1,2,A,-,06,21755,A,M,F,A,A,A,H,-,A,D,0,,,Y,,Y,,-,99,0,0,1,0,0,0,0,0,1,"- ","- ",34.225498199462891,-119.15731048583984,VENTURA,OXNARD,-119.15731048583984,34.225498199462891
92086797,2023,2023-06-06,9765,2023-05-26,"136 ",018884,,5,3,9,5600,0,1,3,,1,042,"SR-126 (E TELEGRAPH RD)","REDMAND ROAD",528.00,W,N,A,-,Y,VEN,,126," ",R,14.868,H,,R,Y,3,0,1,2,A,-,01,23152,A,N,B,C,A,A,H,-,D,D,0,,,,,Y,Y,-,"- ",0,1,0,0,0,0,0,0,0,"- ","- ",34.371879577636719,-119.01750946044922,VENTURA,UNINCORPORATED,-119.01751708984375,34.371883392333984
92086882,2023,2023-06-06,9765,2023-05-30,1700,022387,,2,2,6,5604,0,1,2,,2,502,"US-101 N/B (VENTURA FREEWAY)","DEL NORTE BLVD.",1670.00,S,N,A,-,Y,VEN,,101," "," ",18.673,H,,R,N,3,0,3,3,A,-,03,22350,,N,C,C,A,A,H,-,A,D,0,,,,,Y,,D,22,0,1,2,0,0,0,0,0,0,"- ","- ",34.222110748291016,-119.12120056152344,VENTURA,OXNARD,-119.12120056152344,34.222148895263672
92087326,2023,2023-06-06,9770,2023-04-20,2110,023217,,4,2,5,5601,0,1,2,,2,070,"US-101 N/B (VENTURA FREEWAY)","CAMARILLO SPRINGS ROAD",4752.00,S,N,A,-,Y,VEN,,101," "," ",9.769,H,,R,N,3,0,1,2,A,-,08,22107,,F,C,C,A,A,H,-,D,D,0,,,,,Y,,A,07,0,1,0,0,0,0,0,0,0,"- ","- ",34.201171875,-118.96803283691406,VENTURA,CAMARILLO,-118.96802520751953,34.201198577880859
92089930,2023,2024-05-28,9765,2023-05-30,2015,022387,,2,2,9,5600,0,1,3,,1,055,"SR-118 (W. LOS ANGELES AVE)","SANTA CLARA AVE",1600.00,E,N,A,-,Y,VEN,,118," "," ",4.469,H,,R,Y,2,0,2,2,A,-,08,22107,,N,A,C,A,A,H,-,D,D,0,,,,,Y,,D,22,2,0,0,0,0,0,0,0,0,"- ","- ",34.259189605712891,-119.10536193847656,VENTURA,UNINCORPORATED,-119.10536193847656,34.259197235107422
92091222,2023,2023-06-12,9765,2023-06-03,"440 ",022296,,6,3,9,5600,0,3,5,,2,005,"SANTA CLARA AVE","EUKALYPTUS DR",0.00,,Y,A,-,N,,,,,,,,,,Y,4,0,2,2,A,-,09,21804,A,N,D,C,A,A,H,-,C,A,0,,,,,Y,,D,22,0,0,2,0,0,0,0,0,0,"- ","- ",34.227199554443359,-119.13760375976562,VENTURA,UNINCORPORATED,-119.13763427734375,34.227207183837891
92093392,2023,2023-06-14,9770,2023-06-10,"130 ",021911,,6,3,6,5607,0,1,2,,2,072,"US-101 N/B (VENTURA FREEWAY)","VENTU PARK ROAD",495.00,S,N,B,-,Y,VEN,,101," "," ",6.074,H,,R,Y,4,0,1,1,A,-,08,22107,,N,E,I,A,A,H,-,D,D,0,,,,,Y,,A,01,0,0,1,0,0,0,0,0,0,"- ","- ",34.184501647949219,-118.90924072265625,VENTURA,"THOUSAND OAKS",-118.90924072265625,34.184482574462891
92093553,2023,2023-06-14,9770,2023-06-07,2158,021799,,3,2,6,5607,0,1,2,,2,075,"US-101 S/B FROM WESTLAKE BLVD","WESTLAKE BOULEVARD",200.00,S,N,A,-,Y,,,,,,,,,,Y,4,0,1,1,A,-,08,22107,,N,E,I,A,A,H,-,C,D,0,,,,,Y,,A,01,0,0,1,0,0,0,0,0,0,"- ","- ",34.156879425048828,-118.82492828369141,VENTURA,"THOUSAND OAKS",-118.82492828369141,34.156879425048828
92094880,2023,2023-06-15,9770,2023-06-08,1444,021911,,4,2,6,5607,0,1,3,,2,076,"SR-23 N/B TO AVENIDA DE LOS ARBOLES","AVENIDA DE LOS ARBOLES",1056.00,N,N,A,-,Y,VEN,,23," ",R,5.870,H,,R,Y,3,0,1,2,A,-,03,22350,,N,C,C,A,A,H,-,A,D,0,,,,,Y,,A,01,0,1,0,0,0,0,0,0,0,"- ","- ",34.209140777587891,-118.84883880615234,VENTURA,"THOUSAND OAKS",-118.84906005859375,34.20916748046875
92097268,2023,2023-06-19,9765,2023-06-11,1545,022337,,7,2,9,5600,0,1,2,,1,102,"US-101 N/B (VENTURA FREEWAY)",SEACLIFF,2112.00,N,N,B,-,Y,VEN,,101," ",R,39.515,H,,R,Y,4,0,1,2,A,-,03,22350,,N,C,C,A,A,D,-,A,D,0,,,,,Y,,A,01,0,0,1,0,0,0,0,0,0,"- ","- ",34.347930908203125,-119.42302703857422,VENTURA,UNINCORPORATED,-119.42303466796875,34.347927093505859
92097687,2023,2023-06-20,9765,2023-06-12,1353,022337,,1,1,9,5600,0,1,2,,1,101,"US-101 N/B","MOBIL PIER ROAD",1056.00,N,N,A,-,Y,VEN,,101," ",R,39.689,H,,R,N,3,0,1,1,A,-,08,22107,,N,E,I,A,A,D,-,A,D,0,,,Y,,Y,,C,02,0,1,0,0,0,0,0,0,1,"- ","- ",34.349880218505859,-119.42485809326172,VENTURA,UNINCORPORATED,-119.42462921142578,34.350006103515625
92098784,2023,2023-06-21,9765,2023-06-16,1935,022337,,5,2,6,5608,0,1,3,,2,010,"SR-33 N/B FROM US-101 N/B","W MAIN STREET",1056.00,S,N,A,-,Y,VEN,,101," "," ",30.815,H,,R,Y,4,0,1,1,A,-,08,22107,,N,E,I,A,A,H,-,A,D,0,,,,,Y,,D,22,0,0,1,0,0,0,0,0,0,"- ","- ",34.278820037841797,-119.30449676513672,VENTURA,VENTURA,-119.3045654296875,34.278678894042969
92101096,2023,2023-06-23,9765,2023-06-16,1740,022318,,5,2,9,5600,0,1,3,,2,040,"SR-126 (SANTA PAULA FREEWAY)","10TH STREET O/C",940.00,W,N,A,-,Y,VEN,,126," ",R,11.861,H,,R,Y,3,0,2,3,A,-,03,22350,,N,C,C,A,A,H,-,A,D,0,,,,,Y,,A,01,0,2,0,0,0,0,0,0,0,"- ","- ",34.349178314208984,-119.06136322021484,VENTURA,UNINCORPORATED,-119.06137847900391,34.349208831787109
92103244,2023,2023-06-27,9770,2023-06-17,1305,017662,,6,1,6,5609,0,1,3,,2,080,"SR-118 W/B (RONALD REAGAN FREEWAY)","WESTHILLS CT",370.00,W,N,A,-,Y,VEN,,118," ",R,22.473,H,,L,Y,4,0,3,2,A,-,03,22350,,N,C,C,A,A,H,-,A,D,0,,,,,Y,,A,01,0,0,3,0,0,0,0,0,0,"- ","- ",34.288108825683594,-118.80061340332031,VENTURA,"SIMI VALLEY",-118.8006591796875,34.288036346435547
9210325,2020,2021-01-14,5600,2020-11-03,1658,4960,8077,2,5,5,5601,0,0,0,,0,8A01,"WEST VENTURA BL","OVERLAND RD",576.00,E,N,A,-,N,,,,,,,,,,Y,4,0,1,2,A,-,09,21804,A,N,D,C,A,A,H,-,A,A,0,,,,,Y,,A,01,0,0,1,0,0,0,0,0,0,"- ","- ",34.216499328613281,-119.07475280761719,VENTURA,CAMARILLO,-119.07476043701172,34.216545104980469
92104012,2023,2023-06-28,9765,2023-06-20,1255,018332,,2,1,9,5600,0,3,5,,2,005,"SANTA CLARA AVE.","VENTURA BLVD.",350.00,E,N,A,-,N,,,,,,,,,,Y,3,0,2,2,A,-,08,22103,,N,D,C,A,A,H,-,A,D,0,,,,,Y,,A,07,0,1,1,0,0,0,0,0,0,"- ","- ",34.226249694824219,-119.13858795166016,VENTURA,UNINCORPORATED,-119.13919830322266,34.225742340087891
92104592,2023,2023-06-28,9765,2023-06-23,"958 ",016549,,5,1,6,5608,0,1,2,,2,301,"US-101 S/B (VENTURA FWY)","JOHNSON DR",327.00,N,N,A,-,Y,VEN,,101," ",R,23.527,H,,L,Y,3,0,1,1,A,-,03,22350,,N,E,9,A,A,C,-,A,D,0,,,Y,,Y,,C,02,0,1,0,0,0,0,0,0,1,"- ","- ",34.243888854980469,-119.19402313232422,VENTURA,VENTURA,-119.19400787353516,34.243915557861328
92105380,2023,2023-06-29,9765,2023-06-18,"343 ",022488,,7,3,6,5608,0,1,2,,2,301,"US-101 S/B (VENTURA FREEWAY)","SEAWARD AVENUE",4066.00,S,N,A,-,Y,VEN,,101," "," ",27.669,H,,L,N,3,0,1,2,C,-,18,,,N,G,B,E,A,H,-,D,D,0,Y,,,Y,Y,,-,"- ",0,1,0,0,1,0,0,0,0,"- ","- ",34.259819030761719,-119.25723266601562,VENTURA,VENTURA,-119.25720977783203,34.259853363037109
92108184,2023,2023-07-03,9770,2023-06-26,"802 ",019057,,1,1,4,5690,0,1,3,,2,080,"SR-118 W/B (RONALD REAGAN FREEWAY)","COLLINS DR",0.00,,Y,A,-,Y,,,,,,,,,,N,4,0,1,2,A,-,09,21804,A,N,G,B,B,A,H,-,A,A,0,Y,,,,Y,,A,01,0,0,1,0,1,0,0,0,0,"- ","- ",34.294441223144531,-118.84229278564453,VENTURA,MOORPARK,-118.84279632568359,34.293491363525391
92108190,2023,2023-09-08,9770,2023-06-26,1236,019849,,1,1,6,5609,0,1,3,,2,082,"SR-118 W/B TO STEARNS ST","STEARNS ST",150.00,E,N,A,-,Y,,,,,,,,,,Y,3,0,1,1,D,-,00,,,N,E,I,A,A,H,-,A,D,0,,,Y,,Y,,-,"- ",0,1,0,0,0,0,0,0,1,"- ","- ",34.282768249511719,-118.69074249267578,VENTURA,"SIMI VALLEY",-118.69074249267578,34.282768249511719
92108541,2023,2023-07-03,9765,2023-06-27,"802 ",019277,,2,1,9,5600,0,1,3,,1,020,"SR-33 (VENTURA AVENUE)","WOODLAND AVENUE",0.00,,Y,A,-,Y,VEN,,33," "," ",10.657,H,,R,N,4,0,1,2,A,-,09,21801,A,N,D,G,A,A,H,-,A,A,0,,Y,,,Y,,A,01,0,0,1,0,0,0,1,0,0,"- ","- ",34.422290802001953,-119.29000091552734,VENTURA,UNINCORPORATED,-119.29002380371094,34.422298431396484
9210882,2020,2021-02-05,5600,2020-12-31,0921,4615,8125,4,5,5,5601,0,0,0,,0,8C01,"RT 34","DAILY DR",66.00,N,N,A,-,Y,VEN,7,34,-,-,13.670,H,-,W,N,4,0,2,3,A,-,21,22106,,N,C,C,A,A,H,-,A,A,0,,,,,Y,,I,11,0,0,2,0,0,0,0,0,0,"- ","- ",,,VENTURA,CAMARILLO,-119.03338623046875,34.217533111572266
9210886,2020,2021-02-08,5600,2020-12-22,1033,4501,8012,2,5,5,5601,0,0,0,,0,8A01,"LAS POSAS RD","ROSEWOOD AV",0.00,,Y,A,-,N,,,,,,,,,,Y,4,0,2,2,A,-,09,21802,A,N,D,C,A,A,H,-,A,A,0,,,,,Y,,A,07,0,0,2,0,0,0,0,0,0,"- ","- ",34.231040954589844,-119.06178283691406,VENTURA,CAMARILLO,-119.0618896484375,34.231090545654297
92110094,2023,2023-07-05,9765,2023-06-30,1250,019277,,5,1,9,5600,0,1,3,,2,041,"SR-126 W/B (SANTA PAULA FREEWAY)","BRIGGS RD.",1584.00,W,N,A,-,Y,VEN,,126," ",R,8.565,H,,L,Y,4,0,2,3,A,-,07,21658,A,N,D,C,A,A,H,-,A,D,0,,,,Y,Y,,A,01,0,0,2,0,0,0,0,0,0,"- ","- ",34.31964111328125,-119.10611724853516,VENTURA,UNINCORPORATED,-119.10610198974609,34.319618225097656
92110580,2023,2023-07-06,9765,2023-07-01,1345,022472,,6,1,2,5603,0,1,3,,1,022,"SR-33 N/B","BALDWIN ROAD",150.00,S,N,A,-,Y,VEN,,33," "," ",11.164,H,,R,N,4,0,1,2,A,-,07,21658,A,N,C,C,A,A,H,-,A,A,0,,,,,Y,,A,01,0,0,1,0,0,0,0,0,0,"- ","- ",34.429420471191406,-119.28865814208984,VENTURA,OJAI,-119.28860473632812,34.429401397705078
92110660,2023,2023-07-06,9765,2023-07-01,1635,021852,,6,2,9,5600,0,1,2,,1,102,"US-101 S/B (VENTURA FREEWAY)","EMMA WOODS",1056.00,N,N,A,-,Y,VEN,,101," ",R,33.154,H,,L,Y,4,0,1,2,A,-,04,21703,,N,C,C,A,A,H,-,A,D,0,,,,,Y,,A,01,0,0,1,0,0,0,0,0,0,"- ","- ",34.295040130615234,-119.33984375,VENTURA,UNINCORPORATED,-119.33985900878906,34.295028686523438
92110674,2023,2023-07-06,9765,2023-07-02,1415,022453,,7,2,9,5600,0,1,3,,1,062,"SR-1 (PACIFIC COAST HIGHWAY)","NAVAL BASE VENTURA COUNTY WEAPONS RANGE",0.00,,Y,A,-,Y,VEN,,1," "," ",7.951,H,,R,Y,4,0,2,2,A,-,09,21804,A,N,B,C,A,A,H,-,A,D,0,,,,,Y,,A,01,0,0,2,0,0,0,0,0,0,"- ","- ",34.091239929199219,-119.06571960449219,VENTURA,UNINCORPORATED,-119.06570434570312,34.091251373291016
92110699,2023,2023-07-06,9765,2023-07-02,1425,022472,,7,2,9,5600,0,1,2,,1,102,"US 101 N/B (VENTURA FREEWAY)","W. MAIN STREET",2608.00,N,N,B,-,Y,VEN,,101," "," ",32.010,H,,R,N,4,0,1,2,A,-,03,22350,,N,C,C,A,A,H,-,A,A,0,,,,,Y,,A,07,0,0,1,0,0,0,0,0,0,"- ","- ",34.285728454589844,-119.32311248779297,VENTURA,UNINCORPORATED,-119.32315063476562,34.285667419433594
9211077,2021,2021-03-09,5600,2021-01-02,1727,4501,8065,6,5,5,5601,0,0,0,,0,8A01,"EAST VENTURA BL","FACTORY STORES DR",940.00,W,N,A,-,N,,,,,,,,,,,4,0,1,2,B,-,22,,,F,G,B,F,A,H,-,C,D,0,Y,,,,Y,,A,07,0,0,1,0,1,0,0,0,0,"- ","- ",34.216201782226562,-119.06520080566406,VENTURA,CAMARILLO,-119.06517028808594,34.217884063720703
9211089,2021,2021-03-09,5600,2021-01-02,1529,4501,8213,6,5,5,5601,0,0,0,,0,8D01,"FIELDCREST DR","RIDGEWOOD DR",120.00,E,N,B,-,N,,,,,,,,,,Y,4,0,2,2,A,-,08,22107,,N,D,C,A,A,H,-,A,D,0,,,,,Y,,A,07,0,0,2,0,0,0,0,0,0,"- ","- ",34.23175048828125,-118.99575042724609,VENTURA,CAMARILLO,-118.99244689941406,34.234245300292969
92112911,2023,2023-07-10,9765,2023-07-03,1605,022453,,1,2,9,5600,0,3,5,,2,006,"SR-1 (PACIFIC COAST HIGHWAY)","YERBA BUENA ROAD",4000.00,N,N,A,-,Y,VEN,,1," "," ",1.931,H,,R,Y,3,0,1,1,A,-,08,22107,,N,E,I,A,A,H,-,A,D,0,,,Y,,Y,,C,02,0,1,0,0,0,0,0,0,1,"- ","- ",34.059101104736328,-118.97441864013672,VENTURA,UNINCORPORATED,-118.97440338134766,34.059120178222656
92113761,2023,2023-07-11,9765,2023-07-03,"155 ",022992,,1,3,9,5600,0,1,3,,1,055,"SR-118 (W LOS ANGELES AVENUE)","SANTA CLARA AVENUE",800.00,N,N,A,-,Y,VEN,,118," "," ",4.399,H,,R,Y,3,0,1,1,A,-,01,23152,A,N,E,I,A,A,H,-,D,D,0,,,,,Y,Y,D,22,0,1,0,0,0,0,0,0,0,"- ","- ",34.258621215820312,-119.10639953613281,VENTURA,UNINCORPORATED,-119.10635375976562,34.258586883544922
92117828,2023,2023-07-17,9765,2023-07-06,1515,022872,,4,2,9,5600,0,1,2,,2,103,"US-101 S/B (VENTURA FWY)","PADRE JUAN CANYON RD",5280.00,N,N,A,-,Y,VEN,,101," ",R,37.811,H,,L,Y,3,0,1,2,A,-,03,22350,,N,C,C,A,A,H,-,A,D,0,,,Y,,Y,,C,02,0,1,0,0,0,0,0,0,1,"- ","- ",34.332298278808594,-119.40052032470703,VENTURA,UNINCORPORATED,-119.40052032470703,34.332302093505859
92118715,2023,2023-07-17,9765,2023-07-06,2110,023043,,4,2,6,5608,0,1,3,,1,020,"SR-33 N/B (OJAI FREEWAY)","STANLEY AVE",400.00,S,N,A,-,Y,VEN,,33," "," ",1.494,H,,R,Y,4,0,2,2,A,-,03,22350,,N,C,C,A,A,H,-,D,D,0,,,,,Y,,A,01,0,0,2,0,0,0,0,0,0,"- ","- ",34.299751281738281,-119.30225372314453,VENTURA,VENTURA,-119.30222320556641,34.299736022949219
92119016,2023,2023-07-17,9765,2023-07-04,1636,021852,,2,2,6,5608,0,1,3,,2,040,"SR-126 E/B","WELLS RD",2640.00,E,N,A,-,Y,VEN,,126," ",R,5.508,H,,R,N,2,0,1,1,C,-,18,,,N,E,A,A,A,H,-,A,D,0,,,,,Y,,-,"- ",1,0,0,0,0,0,0,0,0,"- ","- ",34.293548583984375,-119.14954376220703,VENTURA,VENTURA,-119.14956665039062,34.293575286865234
92119111,2023,2023-07-17,9765,2023-07-07,2020,022472,,5,2,6,5608,0,1,2,,1,104,"US 101 N/B","CALIFORNIA STREET",188.00,N,N,A,-,Y,VEN,,101," "," ",30.190,H,,R,N,4,0,2,3,A,-,03,22350,,N,C,C,A,B,G,-,D,D,0,,,,Y,Y,,A,01,0,0,2,0,0,0,0,0,0,"- ","- ",34.277610778808594,-119.29383850097656,VENTURA,VENTURA,-119.29383850097656,34.277584075927734