CASE_ID,ACCIDENT_YEAR,PROC_DATE,JURIS,COLLISION_DATE,COLLISION_TIME,OFFICER_ID,REPORTING_DISTRICT,DAY_OF_WEEK,CHP_SHIFT,POPULATION,CNTY_CITY_LOC,SPECIAL_COND,BEAT_TYPE,CHP_BEAT_TYPE,CITY_DIVISION_LAPD,CHP_BEAT_CLASS,BEAT_NUMBER,PRIMARY_RD,SECONDARY_RD,DISTANCE,DIRECTION,INTERSECTION,WEATHER_1,WEATHER_2,STATE_HWY_IND,CALTRANS_COUNTY,CALTRANS_DISTRICT,STATE_ROUTE,ROUTE_SUFFIX,POSTMILE_PREFIX,POSTMILE,LOCATION_TYPE,RAMP_INTERSECTION,SIDE_OF_HWY,TOW_AWAY,COLLISION_SEVERITY,NUMBER_KILLED,NUMBER_INJURED,PARTY_COUNT,PRIMARY_COLL_FACTOR,PCF_CODE_OF_VIOL,PCF_VIOL_CATEGORY,PCF_VIOLATION,PCF_VIOL_SUBSECTION,HIT_AND_RUN,TYPE_OF_COLLISION,MVIW,PED_ACTION,ROAD_SURFACE,ROAD_COND_1,ROAD_COND_2,LIGHTING,CONTROL_DEVICE,CHP_ROAD_TYPE,PEDESTRIAN_ACCIDENT,BICYCLE_ACCIDENT,MOTORCYCLE_ACCIDENT,TRUCK_ACCIDENT,NOT_PRIVATE_PROPERTY,ALCOHOL_INVOLVED,STWD_VEHTYPE_AT_FAULT,CHP_VEHTYPE_AT_FAULT,COUNT_SEVERE_INJ,COUNT_VISIBLE_INJ,COUNT_COMPLAINT_PAIN,COUNT_PED_KILLED,COUNT_PED_INJURED,COUNT_BICYCLIST_KILLED,COUNT_BICYCLIST_INJURED,COUNT_MC_KILLED,COUNT_MC_INJURED,PRIMARY_RAMP,SECONDARY_RAMP,LATITUDE,LONGITUDE,COUNTY,CITY,POINT_X,POINT_Y
92174664,2023,2023-09-20,9765,2023-09-06,2311,018884,,3,3,5,5601,0,1,2,,2,501,"US 101 SOUTHBOUND (VENTURA FREEWAY)","SPRINGVILLE DRIVE",100.00,S,N,A,-,Y,VEN,,101," "," ",16.761,H,,L,Y,3,0,1,2,C,-,18,,,N,D,C,A,A,C,-,D,D,0,,,,,Y,,-,"- ",0,1,0,0,0,0,0,0,0,"- ","- ",34.220279693603516,-119.08489227294922,VENTURA,CAMARILLO,-119.08489227294922,34.220241546630859
92174813,2023,2023-09-20,9765,2023-09-11,1805,020353,,1,2,9,5600,0,1,3,,2,011,"SR-33 S/B (OJAI FREEWAY)","N. VENTURA AVENUE",65.00,N,N,B,-,Y,VEN,,33," ",R,4.092,H,,L,Y,2,0,1,2,A,-,01,23152,A,N,B,4,A,A,H,-,A,D,0,,,,Y,Y,Y,A,01,1,0,0,0,0,0,0,0,0,"- ","- ",34.335788726806641,-119.29280090332031,VENTURA,UNINCORPORATED,-119.29275512695312,34.335792541503906
92174968,2023,2023-09-20,9770,2023-09-13,1648,023088,,3,2,6,5609,0,1,3,,2,083,"SR-118 E/B (RONALD REAGAN FREEWAY)","FIRST STREET",700.00,E,N,A,-,Y,VEN,,118," ",R,23.964,H,,R,Y,3,0,1,2,A,-,08,22107,,N,B,C,A,A,H,-,A,D,0,,,Y,,Y,,A,01,0,1,0,0,0,0,0,0,1,"- ","- ",34.282169342041016,-118.77638244628906,VENTURA,"SIMI VALLEY",-118.77638244628906,34.282127380371094
9217773,2021,2021-03-10,5600,2021-01-27,1300,5150,8113,3,5,5,5601,0,0,0,,0,8B01,"DAILY DR","MOBIL AV",12.00,N,N,B,-,N,,,,,,,,,,,3,0,1,2,A,-,11,21950,B,N,G,B,D,A,H,-,A,A,0,Y,,,,Y,,N,60,0,1,0,0,1,0,0,0,0,"- ","- ",34.217620849609375,-119.04297637939453,VENTURA,CAMARILLO,-119.04299163818359,34.217700958251953
92178677,2023,2023-09-25,9770,2023-09-19,1818,023088,,2,2,6,5607,0,1,2,,2,075,"US-101 S/B (VENTURA FREEWAY)","HAMPSHIRE ROAD",4752.00,N,N,A,-,Y,VEN,,101," "," ",2.540,H,,L,Y,4,0,1,2,A,-,03,22350,,N,C,C,A,A,H,-,A,D,0,,,,,Y,,A,01,0,0,1,0,0,0,0,0,0,"- ","- ",34.174179077148438,-118.85028839111328,VENTURA,"THOUSAND OAKS",-118.85030364990234,34.174163818359375
92179936,2023,2023-09-26,9765,2023-09-17,1430,022872,,7,2,6,5604,0,1,2,,2,501,"US-101 S/B (VENTURA FWY)","RICE AVENUE",1584.00,N,N,A,-,Y,VEN,,101," "," ",20.442,H,,L,Y,4,0,1,2,A,-,03,22350,,N,C,C,A,A,H,-,A,D,0,,,,,Y,,A,01,0,0,1,0,0,0,0,0,0,"- ","- ",34.223159790039062,-119.148681640625,VENTURA,OXNARD,-119.148681640625,34.223152160644531
92182397,2023,2023-09-28,9770,2023-09-22,1130,018942,,5,1,9,5600,0,1,3,,1,052,"SR-118 W/B (LOS ANGELES AVENUE)","BALCOM CANYON ROAD",500.00,E,N,A,-,Y,VEN,,118," "," ",13.286,H,,L,Y,3,0,1,3,A,-,03,22350,,N,C,C,A,A,H,-,A,D,0,,,,,Y,,D,22,0,1,0,0,0,0,0,0,0,"- ","- ",34.269069671630859,-118.95419311523438,VENTURA,UNINCORPORATED,-118.95418548583984,34.269050598144531
92183032,2023,2023-10-02,9765,2023-09-25,1545,020353,,1,2,9,5600,1,1,3,,1,020,"LOMA DRIVE","SR-150 (VENTURA AVENUE)",15.00,N,N,A,-,N,,,,,,,,,,N,3,0,1,2,A,-,12,22450,A,F,D,C,A,A,H,-,A,A,0,,Y,,,Y,,M,91,0,1,0,0,0,0,1,0,0,"- ","- ",34.432399749755859,-119.28003692626953,VENTURA,UNINCORPORATED,-119.28019714355469,34.432258605957031
92187684,2023,2023-10-02,9765,2023-09-25,1120,019277,,1,1,9,5600,0,1,3,,2,041,"SR-126 W/B (TELEGRAPH ROAD)","SPALDING DR.",528.00,W,N,A,-,Y,VEN,,126," "," ",18.017,H,,L,N,4,0,2,2,A,-,03,22350,,N,C,C,A,A,D,-,A,D,0,,,,,Y,,D,22,0,0,2,0,0,0,0,0,0,"- ","- ",34.383819580078125,-118.96547698974609,VENTURA,UNINCORPORATED,-118.96549987792969,34.383857727050781
92187837,2023,2023-10-02,9765,2023-09-26,"605 ",019930,,2,1,6,5608,0,1,3,,1,055,"SR-118 (W LOS ANGELES AVE)","ROSE AVENUE",400.00,N,N,A,-,Y,VEN,,118," "," ",2.770,H,,R,Y,4,0,6,4,A,-,03,22350,,N,C,C,A,A,H,-,A,A,0,,,,,Y,,D,22,0,0,6,0,0,0,0,0,0,"- ","- ",34.268821716308594,-119.12785339355469,VENTURA,VENTURA,-119.12783050537109,34.268836975097656
92188844,2023,2023-10-03,9770,2023-09-23,"459 ",021911,,6,3,9,5600,0,1,3,,1,053,"SR-118 E/B (LOS ANGELES AVENUE)","WAILING SIREN RANCH DR",1700.00,E,N,A,-,Y,VEN,,118," "," ",14.085,H,,R,Y,3,0,2,3,A,-,01,23152,A,N,C,C,A,A,H,-,D,D,0,,,,,Y,Y,A,01,0,1,1,0,0,0,0,0,0,"- ","- ",34.271308898925781,-118.94093322753906,VENTURA,UNINCORPORATED,-118.94093322753906,34.271331787109375
9219005,2020,2021-02-16,5608,2020-12-31,1155,397,VENTU,4,5,6,5608,0,0,0,,0,001,"SANTA CLARA ST","ASH ST",0.00,,Y,A,-,N,,,,,,,,,,N,4,0,1,2,A,-,05,21650,1,F,-,G,A,A,H,-,A,D,0,,Y,,,Y,,L,04,0,0,1,0,0,0,1,0,0,"- ","- ",,,VENTURA,VENTURA,-119.28849792480469,34.279541015625
92190060,2023,2023-10-04,9765,2023-09-28,"830 ",016234,,4,1,9,5600,0,1,3,,1,055,"SR-118 (W LOS ANGELES AVE)","ROSE AVE",200.00,E,N,A,-,Y,VEN,,118," "," ",2.914,H,,R,N,4,0,1,2,A,-,03,22350,,N,C,C,A,A,H,-,A,C,0,,,,,Y,,A,01,0,0,1,0,0,0,0,0,0,"- ","- ",34.267528533935547,-119.12586212158203,VENTURA,UNINCORPORATED,-119.12588500976562,34.267505645751953
92191743,2023,2023-10-05,9765,2023-09-28,"817 ",020691,,4,1,9,5600,0,1,2,,2,302,"US-101 N/B (VENTURA FREEWAY)","TELEPHONE ROAD",1003.00,S,N,A,-,Y,VEN,,101," "," ",26.185,H,,R,Y,4,0,1,3,A,-,03,22350,,N,C,C,A,A,H,-,A,D,0,,,,,Y,,A,01,0,0,1,0,0,0,0,0,0,"- ","- ",34.263908386230469,-119.23388671875,VENTURA,UNINCORPORATED,-119.23392486572266,34.263851165771484
92192106,2023,2023-10-05,9765,2023-10-01,1740,022472,,7,2,9,5600,0,3,5,,2,002,"HERMOSA ROAD S/B","CREEK ROAD",738.00,W,N,A,-,N,,,,,,,,,,Y,4,0,1,1,A,-,03,22350,,N,E,I,A,A,H,-,A,D,0,,,,,Y,,A,01,0,0,1,0,0,0,0,0,0,"- ","- ",34.428810119628906,-119.25913238525391,VENTURA,UNINCORPORATED,-119.25899505615234,34.428699493408203
9219215,2020,2021-02-19,5604,2020-12-24,0638,4577,2,4,5,6,5604,0,0,0,,0,021,"TEAL CLUB RD","PATTERSON RD",268.00,W,N,A,-,N,,,,,,,,,,Y,4,0,2,2,A,-,09,21801,A,N,A,C,A,A,H,-,B,D,0,,,,,Y,,A,01,0,0,2,0,0,0,0,0,0,"- ","- ",,,VENTURA,OXNARD,-119.20878601074219,34.202991485595703
92194382,2023,2023-10-09,9765,2023-10-04,1055,017253,,3,1,9,5600,0,3,5,,2,002,"SR-150 (OJAI/SANTA PAULA RD)","HAPPY VALLEY SCHOOL RD",215.00,W,N,A,-,Y,VEN,,150," "," ",22.442,H,,R,N,3,0,1,2,A,-,03,22350,,N,C,C,A,A,H,-,A,D,0,,,,,Y,,A,01,0,1,0,0,0,0,0,0,0,"- ","- ",34.434429168701172,-119.18807983398438,VENTURA,UNINCORPORATED,-119.18807220458984,34.434360504150391
92195120,2023,2023-10-10,9770,2023-10-04,1441,023391,,3,2,6,5609,0,1,3,,2,082,"SR-118 W/B (RONALD REAGAN FREEWAY)","GALENA AVE",250.00,E,N,A,-,Y,VEN,,118," ",R,26.332,H,,L,N,4,0,1,2,A,-,03,22350,,N,C,C,A,A,H,-,A,D,0,,,,,Y,,A,07,0,0,1,0,0,0,0,0,0,"- ","- ",34.282459259033203,-118.73500823974609,VENTURA,"SIMI VALLEY",-118.73500823974609,34.282421112060547
92196022,2023,2023-10-11,9765,2023-10-06,1355,022318,,5,1,9,5600,0,1,3,,1,055,"SR-118 W/B (LOS ANGELES AVE)","MESA SCHOOL RD",385.00,E,N,A,-,Y,VEN,,118," "," ",5.309,H,,L,Y,3,0,2,4,A,-,03,22350,,N,C,C,A,A,H,-,A,D,0,,,,,Y,,D,22,0,2,0,0,0,0,0,0,0,"- ","- ",34.263660430908203,-119.09239196777344,VENTURA,UNINCORPORATED,-119.09239196777344,34.263656616210938
92197218,2023,2023-10-27,9770,2023-10-05,2111,023391,,4,2,6,5607,0,1,3,,2,084,"SR-23 N/B (MOORPARK FREEWAY)","ERBES RD",1000.00,S,N,A,-,Y,VEN,,23," ",R,7.537,H,,R,Y,4,0,1,2,A,-,03,22350,,N,C,C,A,A,H,-,C,D,0,,,,,Y,,A,01,0,0,1,0,0,0,0,0,0,"- ","- ",34.23236083984375,-118.84423065185547,VENTURA,"THOUSAND OAKS",-118.84423828125,34.232364654541016
92199725,2023,2023-10-16,9765,2023-10-09,"931 ",017253,,1,1,6,5608,0,1,3,,1,020,"SR-33 SB TO US-101 SB","VENTURA OVERHEAD",570.00,N,N,A,-,Y,,,,,,,,,,Y,3,0,1,2,A,-,03,22350,,N,C,C,A,A,H,-,A,D,0,,,,,Y,,A,08,0,1,0,0,0,0,0,0,0,"- ","- ",34.277278900146484,-119.30404663085938,VENTURA,VENTURA,-119.30892944335938,34.357513427734375
92201416,2023,2023-10-17,9765,2023-10-12,2300,022488,,4,3,9,5600,0,1,3,,1,062,"SR-1 (PACIFIC COAST HIGHWAY)","LAS POSAS ROAD",5386.00,S,N,A,-,Y,VEN,,1," "," ",9.216,H,,R,Y,3,0,1,1,A,-,01,23152,A,N,E,I,A,A,H,-,D,D,0,,,,,Y,Y,A,01,0,1,0,0,0,0,0,0,0,"- ","- ",34.103439331054688,-119.08039093017578,VENTURA,UNINCORPORATED,-119.08050537109375,34.103469848632812
9220549,2021,2021-03-13,5604,2021-01-08,1403,5490,,5,5,6,5604,0,0,0,,0,014,"VENTURA AV","VINEYARD AV",167.00,W,N,A,-,N,,,,,,,,,,Y,4,0,1,2,D,-,00,,,N,D,C,A,A,H,-,A,D,0,,,,,Y,,-,"- ",0,0,1,0,0,0,0,0,0,"- ","- ",,,VENTURA,OXNARD,-119.17345428466797,34.232398986816406
9220550,2021,2021-03-24,5604,2021-01-06,1427,5490,,3,5,6,5604,0,0,0,,0,022,"WOOLEY RD","VENTURA RD",0.00,,Y,A,-,N,,,,,,,,,,Y,4,0,3,2,-,-,"- ",,,N,D,C,A,A,H,-,A,A,0,,,,,Y,,-,"- ",0,0,3,0,0,0,0,0,0,"- ","- ",,,VENTURA,OXNARD,-119.19512176513672,34.190296173095703
92205698,2023,2023-10-23,9765,2023-10-13,1355,021682,,5,1,9,5600,0,1,3,,2,060,"SR-1 N/B (PACIFIC COAST HIGHWAY)","RICE AVE",2112.00,S,N,A,-,Y,VEN,,1," ",R,14.212,H,,R,N,4,0,1,1,A,-,08,22107,,N,F,A,A,A,H,-,A,D,0,,,,,Y,,A,01,0,0,1,0,0,0,0,0,0,"- ","- ",34.158710479736328,-119.13182067871094,VENTURA,UNINCORPORATED,-119.13180541992188,34.158725738525391
92205950,2023,2023-10-23,9765,2023-10-16,1155,016549,,1,1,6,5608,0,1,2,,2,302,"US-101 N/B (VENTURA FWY)","VICTORIA AVE",1800.00,S,N,A,-,Y,VEN,,101," ",R,24.286,H,,R,Y,4,0,1,3,A,-,03,22350,,N,C,C,A,A,H,-,A,D,0,,,,Y,Y,,G,25,0,0,1,0,0,0,0,0,0,"- ","- ",34.249698638916016,-119.20540618896484,VENTURA,VENTURA,-119.2054443359375,34.249645233154297
9220648,2020,2021-02-17,5604,2020-12-30,1710,5018,,3,5,6,5604,0,0,0,,0,021,"N VICTORIA AV","DORIS AV",300.00,N,N,A,-,N,,,,,,,,,,Y,4,0,1,1,A,-,03,22350,,N,E,I,A,A,H,-,C,A,0,,,,,Y,,A,07,0,0,1,0,0,0,0,0,0,"- ","- ",34.208518981933594,-119.22087097167969,VENTURA,OXNARD,-119.22099304199219,34.209331512451172
9220649,2020,2021-02-17,5604,2020-12-30,1755,5181,,3,5,6,5604,0,0,0,,0,011,"N C ST","IVYWOOD DR",5.00,S,N,A,-,N,,,,,,,,,,N,2,0,1,2,A,-,11,21954,A,N,B,B,D,A,H,-,C,A,0,Y,,,,Y,,N,60,1,0,0,0,1,0,0,0,0,"- ","- ",34.215728759765625,-119.18087768554688,VENTURA,OXNARD,-119.18087005615234,34.215747833251953
9220658,2020,2021-02-17,5604,2020-12-27,1421,5529,,7,5,6,5604,0,0,0,,0,032,"EL DORADO AV","MARIN WY",500.00,S,N,B,-,N,,,,,,,,,,N,4,0,3,2,A,-,03,22350,,N,C,C,A,A,H,-,A,D,0,,,,,Y,,A,01,0,0,3,0,0,0,0,0,0,"- ","- ",34.176048278808594,-119.14893341064453,VENTURA,OXNARD,-119.14897155761719,34.175739288330078
92206966,2022,2023-10-24,9770,2022-12-25,1800,021738,,7,2,9,5600,0,2,4,,1,087,"SANTA SUSANA ROAD","BOX CANYON ROAD",880.00,E,N,A,-,N,,,,,,,,,,Y,1,1,1,1,A,-,01,23152,G,N,E,I,A,A,H,-,D,D,0,,,,,Y,Y,A,01,1,0,0,0,0,0,0,0,0,"- ","- ",34.264011383056641,-118.64118194580078,VENTURA,UNINCORPORATED,-118.64118957519531,34.263942718505859
92209350,2023,2023-10-26,9765,2023-10-15,"259 ",018884,,7,3,6,5604,0,1,2,,2,301,"US 101 SOUTHBOUND (VENTURA FREEWAY)","OXNARD BLVD",1500.00,N,N,A,-,Y,VEN,,101," ",R,23.063,H,,L,Y,4,0,1,2,A,-,01,23152,A,N,C,C,A,A,H,-,C,D,0,,,,,Y,Y,A,07,0,0,1,0,0,0,0,0,0,"- ","- ",34.241130828857422,-119.18650817871094,VENTURA,OXNARD,-119.18648529052734,34.241180419921875
92209501,2023,2023-10-26,9770,2023-10-23,1420,019849,,1,2,5,5601,0,1,2,,2,070,"US-101 N/B (VENTURA FREEWAY)","CAMARILLO SPRINGS ROAD",528.00,S,N,A,-,Y,VEN,,101," "," ",10.702,H,,R,Y,4,0,1,2,A,-,07,21658,A,N,B,C,A,A,H,-,A,D,0,,,,,Y,,A,01,0,0,1,0,0,0,0,0,0,"- ","- ",34.205051422119141,-118.98265075683594,VENTURA,CAMARILLO,-118.98265075683594,34.205043792724609
9221932,2021,2021-03-08,5608,2021-01-26,1113,498,,2,5,6,5608,0,0,0,,0,004,"ALAMEDA AV","MOOD DR",10.00,N,N,A,-,N,,,,,,,,,,Y,4,0,1,2,A,-,03,22350,,N,C,C,A,A,H,-,A,D,0,,,,,Y,,A,01,0,0,1,0,0,0,0,0,0,"- ","- ",,,VENTURA,VENTURA,-119.20911407470703,34.25604248046875
92221358,2023,2023-10-27,9770,2023-10-20,1200,017973,,5,1,6,5607,0,1,2,,2,074,"US-101 N/B (VENTURA FREEWAY)","RANCHO ROAD",1775.00,S,N,A,-,Y,VEN,,101," "," ",2.691,H,,R,Y,3,0,1,4,A,-,03,22350,,N,C,C,A,A,H,-,A,D,0,,,Y,,Y,,C,02,0,1,0,0,0,0,0,0,1,"- ","- ",34.175380706787109,-118.85249328613281,VENTURA,"THOUSAND OAKS",-118.85247802734375,34.175403594970703
92221785,2023,2023-10-27,9770,2023-10-26,"815 ",017973,,4,1,9,5600,0,2,4,,1,030,"SANTA ROSA ROAD","GLENSIDE LANE",600.00,E,N,A,-,N,,,,,,,,,,N,4,0,1,4,A,-,03,22350,,N,C,C,A,A,H,-,A,D,0,,,,,Y,,A,01,0,0,1,0,0,0,0,0,0,"- ","- ",34.238250732421875,-118.90695953369141,VENTURA,UNINCORPORATED,-118.90700531005859,34.238224029541016
92224027,2023,2023-10-31,9765,2023-10-22,"818 ",018332,,7,1,9,5600,0,3,5,,2,004,"FOOTHILL ROAD","RANCH ROAD",792.00,E,N,A,-,N,,,,,,,,,,Y,4,0,1,1,A,-,08,22107,,N,E,I,A,A,H,-,A,D,0,,,,,Y,,A,07,0,0,1,0,0,0,0,0,0,"- ","- ",34.327251434326172,-119.14100646972656,VENTURA,UNINCORPORATED,-119.14032745361328,34.323959350585938
92224421,2023,2023-10-31,9770,2023-10-28,1225,017973,,6,1,5,5601,0,1,2,,2,072,"US-101 N/B (VENTURA FREEWAY)","CAMARILLO SPRINGS",3200.00,S,N,A,-,Y,VEN,,101," "," ",10.131,H,,R,N,3,0,2,2,A,-,03,22350,,N,C,C,A,A,H,-,A,D,0,,,,,Y,,D,22,0,2,0,0,0,0,0,0,0,"- ","- ",34.201179504394531,-118.97431945800781,VENTURA,CAMARILLO,-118.97432708740234,34.201236724853516
92225410,2023,2023-11-01,9770,2023-10-26,1420,019276,,4,2,9,5600,0,2,4,,1,062,"POTRERO ROAD","WHITE STALLION ROAD (EAST)",50.00,E,N,A,-,N,,,,,,,,,,Y,4,0,1,2,A,-,03,22350,,N,A,C,A,A,H,-,A,D,0,,,,,Y,,A,01,0,0,1,0,0,0,0,0,0,"- ","- ",34.157150268554688,-118.92540740966797,VENTURA,UNINCORPORATED,-118.93707275390625,34.156909942626953
92230081,2023,2023-11-07,9765,2023-10-31,1733,022472,,2,2,9,5600,0,3,5,,2,005,"US 101 S/B (VENTURA FREEWAY)","DEL NORTE BLVD",2000.00,N,N,A,-,Y,VEN,,101," "," ",19.217,H,,L,Y,4,0,1,2,A,-,03,22350,,N,C,C,A,A,H,-,B,D,0,,,,,Y,,A,01,0,0,1,0,0,0,0,0,0,"- ","- ",34.222080230712891,-119.13213348388672,VENTURA,UNINCORPORATED,-119.13213348388672,34.2220458984375
92231542,2023,2023-11-08,9770,2023-11-01,"555 ",019057,,3,3,6,5607,0,1,2,,2,074,"US-101 N/B TO SR-23 N/B","RANCHO ROAD",1584.00,S,N,A,-,Y,VEN,,101," "," ",2.806,H,,R,N,3,0,2,1,A,-,08,22107,,N,E,I,A,A,H,-,D,D,0,,,,,Y,,A,01,0,2,0,0,0,0,0,0,0,"- ","- ",34.176021575927734,-118.8543701171875,VENTURA,"THOUSAND OAKS",-118.85441589355469,34.175807952880859
92232543,2023,2023-11-09,9765,2023-11-05,1235,020691,,7,1,9,5600,0,3,5,,2,006,"YERBA BUENA","MPM 6.50",1056.00,E,N,B,-,N,,,,,,,,,,Y,2,0,1,1,A,-,08,22107,,N,E,8,A,A,H,-,A,D,0,,,Y,,Y,,C,02,1,0,0,0,0,0,0,0,1,"- ","- ",34.113521575927734,-119.92240142822266,VENTURA,UNINCORPORATED,,
92234392,2023,2023-11-13,9765,2023-11-01,"315 ",022992,,3,3,6,5608,0,1,3,,1,020,"SR-33 S/B (OJAI FREEWAY)","STANLEY AVE",1400.00,S,N,A,-,Y,VEN,,33," "," ",0.718,H,,L,Y,3,0,5,2,A,-,08,22107,,N,F,C,A,A,H,-,D,D,0,,,,,Y,,A,01,0,5,0,0,0,0,0,0,0,"- ","- ",34.289279937744141,-119.30686187744141,VENTURA,VENTURA,-119.30682373046875,34.289283752441406
92237141,2023,2023-11-15,9770,2023-11-07,"930 ",017732,,2,1,9,5600,0,2,4,,1,031,"SANTA ROSA ROAD","EAST LAS POSAS ROAD",30.00,W,N,A,-,N,,,,,,,,,,Y,4,0,1,2,A,-,03,22350,,N,C,C,A,A,H,-,A,D,0,,,,,Y,,A,01,0,0,1,0,0,0,0,0,0,"- ","- ",34.239021301269531,-118.89948272705078,VENTURA,UNINCORPORATED,-118.89936828613281,34.239067077636719
92240518,2023,2023-11-20,9770,2023-11-12,"120 ",023217,,7,3,6,5609,0,1,3,,2,083,"SR-118 E/B (RONALD REAGAN FREEWAY)","YOSEMITE AVENUE",980.00,W,N,A,-,Y,VEN,,118," ",R,29.368,H,,R,Y,3,0,1,1,A,-,08,22107,,N,E,8,A,A,H,-,C,D,0,,,,,Y,,A,01,0,1,0,0,0,0,0,0,0,"- ","- ",34.281368255615234,-118.68196105957031,VENTURA,"SIMI VALLEY",-118.68196105957031,34.281455993652344
92241733,2023,2023-11-21,9770,2023-11-18,2000,019057,,6,2,9,5600,0,2,4,,2,048,"PIRU CANYON ROAD","LIME  CANYON RD",2112.00,S,N,B,-,N,,,,,,,,,,Y,4,0,1,1,A,-,08,22107,,N,E,I,A,B,H,-,D,D,0,,,,,Y,,D,22,0,0,1,0,0,0,0,0,0,"- ","- ",34.450061798095703,-118.75655364990234,VENTURA,UNINCORPORATED,-118.75719451904297,34.449230194091797
92243025,2023,2023-11-22,9770,2023-11-16,"825 ",023391,,4,1,6,5607,0,1,2,,2,073,"US-101 S/B (VENTURA FREEWAY)","WENDY DR",3853.00,N,N,A,-,Y,VEN,,101," "," ",8.633,H,,L,Y,4,0,2,3,A,-,03,22350,,N,C,C,A,A,H,-,A,D,0,,,,,Y,,A,07,0,0,2,0,0,0,0,0,0,"- ","- ",34.195468902587891,-118.95037078857422,VENTURA,"THOUSAND OAKS",-118.95040130615234,34.195438385009766
92243294,2023,2023-11-23,9765,2023-11-11,1148,019277,,6,1,6,5608,0,1,2,,2,302,"US-101 N/B (VENTURA FREEWAY)","JOHNSON DR.",85.00,S,N,A,-,Y,VEN,,101," ",R,23.429,H,,R,Y,4,0,1,3,A,-,03,22350,,N,C,C,A,A,H,-,A,D,0,,,Y,,Y,,C,02,0,0,1,0,0,0,0,0,1,"- ","- ",34.243511199951172,-119.1923828125,VENTURA,VENTURA,-119.19235229492188,34.243564605712891
92243319,2023,2024-04-17,9765,2023-11-12,1514,021015,,7,2,6,5608,0,1,2,,2,301,"US-101 S/B","ARUNDELL AVENUE UNDERCROSSING",1162.00,S,N,A,-,Y,VEN,,101," "," ",27.040,H,,L,N,3,0,1,2,A,-,03,22350,,N,C,C,A,D,H,-,A,D,0,,,,,Y,,A,07,0,1,0,0,0,0,0,0,0,"- ","- ",34.261589050292969,-119.24733734130859,VENTURA,VENTURA,-119.24733734130859,34.261589050292969
92246418,2023,2023-11-28,9765,2023-11-21,1730,021852,,2,2,9,5600,0,1,3,,1,020,"SR-33 (N VENTURA AVE)","CASITAS VISTA RD",2640.00,N,N,A,-,Y,VEN,,33," ",T,5.860,H,,R,N,4,0,2,2,A,-,03,22350,,N,C,C,A,A,H,-,B,D,0,,,,,Y,,A,07,0,0,2,0,0,0,0,0,0,"- ","- ",34.358001708984375,-119.30905151367188,VENTURA,UNINCORPORATED,-119.30905151367188,34.357997894287109
9224656,2021,2021-03-10,5604,2021-01-16,1237,5583,,6,5,6,5604,0,0,0,,0,041,"S E ST","W YUCCA ST W",0.00,,Y,A,-,N,,,,,,,,,,N,3,0,1,2,A,-,11,21954,A,N,G,B,D,A,H,-,A,D,0,Y,,,,Y,,N,60,0,1,0,0,1,0,0,0,0,"- ","- ",34.166118621826172,-119.18347930908203,VENTURA,OXNARD,-119.18325042724609,34.165988922119141
92246662,2023,2023-11-28,9765,2023-11-21,"948 ",023498,,2,1,4,5606,0,1,3,,2,041,"SR-126 W/B (SANTA PAULA FWY)","PALM AVENUE",70.00,W,N,A,-,Y,VEN,,126," ",R,11.358,H,,L,Y,4,0,1,3,A,-,03,22350,,N,C,C,A,A,H,-,A,D,0,,,,,Y,,A,01,0,0,1,0,0,0,0,0,0,"- ","- ",34.345291137695312,-119.06871795654297,VENTURA,"SANTA PAULA",-119.06886291503906,34.345458984375
92249763,2023,2023-12-18,9765,2023-11-21,1750,020832,,2,2,5,5601,0,1,2,,2,503,"US-101 S/B","CENTRAL AVE",1320.00,N,N,A,-,Y,VEN,,101," "," ",17.961,H,,L,N,4,0,1,2,A,-,03,22350,,N,C,C,A,A,H,-,C,D,0,,,Y,,Y,,C,02,0,0,1,0,0,0,0,0,1,"- ","- ",34.221870422363281,-119.10640716552734,VENTURA,CAMARILLO,-119.10640716552734,34.221851348876953
92249785,2023,2023-12-01,9765,2023-11-17,"55  ",023043,,5,3,6,5604,0,1,2,,2,301,"US-101 S/B","OXNARD BLVD",75.00,S,N,A,-,Y,VEN,,101," "," ",22.682,H,,L,Y,3,0,1,2,A,-,01,23152,A,N,D,C,A,A,H,-,C,D,0,,,,,Y,Y,D,22,0,1,0,0,0,0,0,0,0,"- ","- ",34.238918304443359,-119.18039703369141,VENTURA,OXNARD,-119.18037414550781,34.238960266113281
9224995,2021,2021-03-19,5604,2021-01-23,1515,5396,,6,5,6,5604,0,0,0,,0,022,"S VENTURA RD","7TH ST",40.00,S,N,C,-,N,,,,,,,,,,Y,4,0,2,2,A,-,03,22350,,N,C,C,A,B,H,-,A,D,0,,,,Y,Y,,A,01,0,0,2,0,0,0,0,0,0,"- ","- ",34.195140838623047,-119.19481658935547,VENTURA,OXNARD,-119.19490051269531,34.195030212402344