CASE_ID,ACCIDENT_YEAR,PROC_DATE,JURIS,COLLISION_DATE,COLLISION_TIME,OFFICER_ID,REPORTING_DISTRICT,DAY_OF_WEEK,CHP_SHIFT,POPULATION,CNTY_CITY_LOC,SPECIAL_COND,BEAT_TYPE,CHP_BEAT_TYPE,CITY_DIVISION_LAPD,CHP_BEAT_CLASS,BEAT_NUMBER,PRIMARY_RD,SECONDARY_RD,DISTANCE,DIRECTION,INTERSECTION,WEATHER_1,WEATHER_2,STATE_HWY_IND,CALTRANS_COUNTY,CALTRANS_DISTRICT,STATE_ROUTE,ROUTE_SUFFIX,POSTMILE_PREFIX,POSTMILE,LOCATION_TYPE,RAMP_INTERSECTION,SIDE_OF_HWY,TOW_AWAY,COLLISION_SEVERITY,NUMBER_KILLED,NUMBER_INJURED,PARTY_COUNT,PRIMARY_COLL_FACTOR,PCF_CODE_OF_VIOL,PCF_VIOL_CATEGORY,PCF_VIOLATION,PCF_VIOL_SUBSECTION,HIT_AND_RUN,TYPE_OF_COLLISION,MVIW,PED_ACTION,ROAD_SURFACE,ROAD_COND_1,ROAD_COND_2,LIGHTING,CONTROL_DEVICE,CHP_ROAD_TYPE,PEDESTRIAN_ACCIDENT,BICYCLE_ACCIDENT,MOTORCYCLE_ACCIDENT,TRUCK_ACCIDENT,NOT_PRIVATE_PROPERTY,ALCOHOL_INVOLVED,STWD_VEHTYPE_AT_FAULT,CHP_VEHTYPE_AT_FAULT,COUNT_SEVERE_INJ,COUNT_VISIBLE_INJ,COUNT_COMPLAINT_PAIN,COUNT_PED_KILLED,COUNT_PED_INJURED,COUNT_BICYCLIST_KILLED,COUNT_BICYCLIST_INJURED,COUNT_MC_KILLED,COUNT_MC_INJURED,PRIMARY_RAMP,SECONDARY_RAMP,LATITUDE,LONGITUDE,COUNTY,CITY,POINT_X,POINT_Y
9231958,2021,2021-05-03,5600,2021-03-01,2158,4397,60006,1,5,3,5602,0,0,0,,0,6A01,"RT 126","C ST",394.00,W,N,A,-,Y,LA,7,126,-,-,20.520,H,-,W,Y,3,0,4,2,A,-,08,22100,A,N,H,C,A,A,H,-,C,D,0,,,,,Y,,A,01,0,1,3,0,0,0,0,0,0,"- ","- ",34.394840240478516,-118.92868041992188,VENTURA,FILLMORE,-118.92839050292969,34.394840240478516
9232038,2021,2021-05-04,5604,2021-04-10,0854,5474,,6,5,6,5604,0,0,0,,0,024,"FIR ST","N ST",0.00,,Y,A,-,N,,,,,,,,,,Y,4,0,1,2,A,-,21,22106,,M,H,C,A,A,H,-,A,D,0,,,,,Y,,A,01,0,0,1,0,0,0,0,0,0,"- ","- ",34.189998626708984,-119.18950653076172,VENTURA,OXNARD,-119.19222259521484,34.182575225830078
92324303,2024,2024-02-27,9765,2024-02-19,1840,023498,,1,2,9,5600,0,3,5,,2,006,"PLEASANT VALLEY ROAD","WOOD ROAD",1373.00,E,N,C,-,N,,,,,,,,,,Y,4,0,1,1,A,-,08,22107,,N,F,I,A,B,H,-,B,D,0,,,,,Y,,A,01,0,0,1,0,0,0,0,0,0,"- ","- ",34.205791473388672,-119.09159088134766,VENTURA,UNINCORPORATED,-119.09158325195312,34.205631256103516
92326405,2024,2024-02-29,9765,2024-02-20,1500,023498,,2,2,9,5600,0,3,5,,2,004,"SOUTH MOUNTAIN ROAD","WILLARD CANYON ROAD",1478.00,E,N,C,-,N,,,,,,,,,,Y,2,0,1,1,A,-,03,22350,,N,E,I,A,B,D,-,A,D,0,,,,,Y,,D,22,1,0,0,0,0,0,0,0,0,"- ","- ",34.353511810302734,-119.0277099609375,VENTURA,UNINCORPORATED,,
92327579,2024,2024-03-01,9765,2024-02-25,1252,023509,,7,1,9,5600,0,1,2,,1,101,"US-101 S/B","PUNTA GORDA BEACH UNDERCROSSING",1267.00,S,N,A,-,Y,VEN,,101," ",R,39.549,H,,L,Y,3,0,2,3,A,-,03,22350,,N,C,C,A,A,H,-,A,D,0,,,,,Y,,A,01,0,1,1,0,0,0,0,0,0,"- ","- ",34.348140716552734,-119.42359924316406,VENTURA,UNINCORPORATED,-119.42359161376953,34.34814453125
92327915,2024,2024-03-01,9765,2024-02-20,"650 ",018332,,2,1,9,5600,0,3,5,,2,006,"PLEASANT VALLEY RD.","LAGUNA RD.",0.00,,Y,C,-,N,,,,,,,,,,Y,3,0,1,2,A,-,09,21801,A,N,D,C,A,B,H,-,A,D,0,,,,,Y,,A,01,0,1,0,0,0,0,0,0,0,"- ","- ",34.176601409912109,-119.12313079833984,VENTURA,UNINCORPORATED,-119.12319946289062,34.17657470703125
92328189,2024,2024-03-04,9765,2024-03-01,"700 ",020924,,5,1,9,5600,0,3,5,,2,002,"SR-150 (CASITAS PASS ROAD)","ENCINO RANCH",100.00,W,N,C,-,Y,VEN,,150," "," ",4.627,H,,R,N,4,0,1,1,A,-,03,22350,,N,E,8,A,B,H,-,A,D,0,,,,,Y,,A,01,0,0,1,0,0,0,0,0,0,"- ","- ",34.384590148925781,-119.38964080810547,VENTURA,UNINCORPORATED,-119.38958740234375,34.384525299072266
92329343,2024,2024-03-04,9765,2024-02-27,"737 ",020691,,2,1,9,5600,0,3,5,,2,006,"HUENEME ROAD","LAS POSAS ROAD",0.00,,Y,A,-,N,,,,,,,,,,Y,4,0,1,2,A,-,12,21453,A,N,D,C,A,A,H,-,A,A,0,,,,,Y,,A,01,0,0,1,0,0,0,0,0,0,"- ","- ",34.157329559326172,-119.07660675048828,VENTURA,UNINCORPORATED,-119.07669067382812,34.157367706298828
92329355,2024,2024-03-04,9765,2024-02-25,1442,021015,,7,2,9,5600,0,3,5,,2,003,"N. HARBOR BOULEVARD","W. GONZALES ROAD",1003.00,N,N,A,-,N,,,,,,,,,,Y,4,0,5,3,A,-,09,21801,A,M,D,C,A,A,H,-,A,D,0,,,,,Y,,A,01,0,0,5,0,0,0,0,0,0,"- ","- ",34.22100830078125,-119.25511169433594,VENTURA,UNINCORPORATED,-119.25510406494141,34.220985412597656
9233016,2021,2021-03-08,5600,2021-01-21,2107,4609,,4,5,4,5690,0,0,0,,0,,"ESTHER AV","MILLARD ST",18.00,E,N,A,-,,,,,,,,,,,,3,0,1,2,A,-,10,21950,A,N,G,B,D,A,H,-,C,D,0,Y,,,,Y,,A,01,0,1,0,0,1,0,0,0,0,"- ","- ",34.280101776123047,-118.87886810302734,VENTURA,MOORPARK,-118.87876129150391,34.280120849609375
9233204,2021,2021-03-23,5608,2021-02-11,1140,495,,4,5,6,5608,0,0,0,,0,001,"KELLOGG ST","CAMERON ST",82.00,E,N,A,-,N,,,,,,,,,,N,3,0,1,2,A,-,09,21804,A,N,D,G,A,A,H,-,A,D,0,,Y,,,Y,,L,04,0,1,0,0,0,0,1,0,0,"- ","- ",,,VENTURA,VENTURA,-119.29562377929688,34.290157318115234
9233206,2021,2021-03-23,5608,2021-02-11,0800,495,,4,5,6,5608,0,0,0,,0,002,"HARBOR BL","MONMOUTH WY",0.00,,Y,A,-,N,,,,,,,,,,Y,3,0,2,2,A,-,09,21801,A,N,D,C,A,A,H,-,A,A,0,,,,,Y,,A,07,0,1,1,0,0,0,0,0,0,"- ","- ",,,VENTURA,VENTURA,-119.27286529541016,34.267482757568359
92332639,2024,2024-03-07,9770,2024-03-04,1730,016383,,1,2,5,5601,0,1,2,,2,070,"US-101 N/B (VENTURA FREEWAY)","CAMARILLO SPRINGS ROAD",2640.00,S,N,A,-,Y,VEN,,101," "," ",9.664,H,,R,Y,4,0,1,2,A,-,07,21658,A,N,B,C,A,A,H,-,A,D,0,,,,,Y,,A,07,0,0,1,0,0,0,0,0,0,"- ","- ",34.201099395751953,-118.96620178222656,VENTURA,CAMARILLO,-118.96620178222656,34.201107025146484
92334734,2024,2024-03-11,9765,2024-03-02,1340,022106,,6,1,6,5604,0,1,2,,2,501,"US-101 S/B (VENTURA FWY.) FROM VINEYARD AVE","VINEYARD AVE.",320.00,S,N,A,-,Y,VEN,,101," "," ",21.915,H,,L,Y,4,0,1,1,A,-,08,22107,,N,F,I,A,B,H,-,A,D,0,,,,,Y,,D,22,0,0,1,0,0,0,0,0,0,"- ","- ",34.230579376220703,-119.1727294921875,VENTURA,OXNARD,-119.17253112792969,34.230701446533203
92335143,2024,2024-03-11,9770,2024-03-06,"755 ",017732,,3,1,9,5600,0,1,3,,1,057,"SR-23 (GRIMES CANYON ROAD)","BARDSDALE AVENUE",1630.00,S,N,A,-,Y,VEN,,23," "," ",21.985,H,,R,Y,4,0,1,2,A,-,09,21804,A,N,D,C,A,A,H,-,A,D,0,,,,Y,Y,,F,26,0,0,1,0,0,0,0,0,0,"- ","- ",34.367019653320312,-118.92038726806641,VENTURA,UNINCORPORATED,-118.92039489746094,34.367019653320312
92335228,2024,2024-03-11,9765,2024-03-05,"728 ",020691,,2,1,9,5600,0,3,5,,2,006,"POTRERO ROAD","OXNARD STREET",15.00,S,N,A,-,N,,,,,,,,,,Y,4,0,1,2,A,-,09,21804,A,N,D,C,A,A,H,-,A,A,0,,,,,Y,,A,01,0,0,1,0,0,0,0,0,0,"- ","- ",34.159088134765625,-119.04656982421875,VENTURA,UNINCORPORATED,-119.0465087890625,34.1590576171875
9233709,2021,2021-04-08,5600,2021-02-23,1901,3147,9028,2,5,6,5607,0,0,0,,0,9B01,"AVENIDA DE LOS ARBOLES","OAK BROOK MALL",0.00,,Y,A,-,N,,,,,,,,,,N,3,0,2,2,A,-,09,21801,A,N,H,C,A,A,H,-,C,A,0,,,,,Y,,A,01,0,1,1,0,0,0,0,0,0,"- ","- ",,,VENTURA,"THOUSAND OAKS",-118.84523773193359,34.2113037109375
9233710,2021,2021-04-08,5600,2021-02-16,1118,4221,9146,2,5,6,5607,0,0,0,,0,9D01,"KANAN RD","FALLING STAR AV",0.00,,Y,A,-,N,,,,,,,,,,N,3,0,1,2,A,-,09,21802,A,N,D,G,A,A,H,-,A,D,0,,Y,,,Y,,A,01,0,1,0,0,0,0,1,0,0,"- ","- ",34.185920715332031,-118.78807067871094,VENTURA,"THOUSAND OAKS",-118.78807067871094,34.185878753662109
92337115,2024,2024-03-13,9765,2024-03-02,"420 ",023024,,6,3,6,5604,0,1,2,,2,503,"US-101 S/B (VENTURA FREEWAY)","VINEYARD AVENUE",348.00,S,N,C,-,Y,,,,,,,,,,Y,3,0,1,1,A,-,03,22350,,N,F,A,A,B,H,-,D,A,0,,,,,Y,,A,07,0,1,0,0,0,0,0,0,0,"- ","- ",34.23046875,-119.17283630371094,VENTURA,OXNARD,-119.17254638671875,34.230720520019531
9233909,2021,2021-03-26,5604,2021-02-27,1157,5563,,6,5,6,5604,0,0,0,,0,012,"E GONZALES RD","SNOW AV",0.00,,Y,A,-,N,,,,,,,,,,N,4,0,2,2,D,-,00,,,N,D,C,A,A,H,-,A,D,0,,,,,Y,,-,"- ",0,0,2,0,0,0,0,0,0,"- ","- ",34.218959808349609,-119.16533660888672,VENTURA,OXNARD,-119.16536712646484,34.218910217285156
92340552,2024,2024-03-18,9765,2024-03-10,"955 ",021349,,7,1,9,5600,0,3,5,,2,006,"RICE AVE","CHANNEL ISLANDS BLVD",0.00,,Y,A,-,N,,,,,,,,,,Y,3,0,1,2,A,-,12,21453,A,N,D,C,A,A,H,-,A,A,0,,,,,Y,,A,08,0,1,0,0,0,0,0,0,0,"- ","- ",34.173210144042969,-119.14266967773438,VENTURA,UNINCORPORATED,-119.14266204833984,34.173206329345703
92340814,2024,2024-03-18,9765,2024-03-12,"807 ",019930,,2,1,6,5604,0,1,2,,2,301,"US-101 S/B (VENTURA FREEWAY)","OXNARD BOULEVARD",1800.00,S,N,A,-,Y,VEN,,101," "," ",22.340,H,,L,Y,4,0,2,2,A,-,03,22350,,N,C,C,A,A,H,-,A,D,0,,,,,Y,,A,07,0,0,2,0,0,0,0,0,0,"- ","- ",34.235649108886719,-119.17642974853516,VENTURA,OXNARD,-119.17645263671875,34.235637664794922
9234293,2021,2021-03-20,5604,2021-01-25,0027,5539,,1,5,6,5604,0,0,0,,0,014,"GONZALES RD","N H ST",50.00,W,N,C,-,N,,,,,,,,,,Y,4,0,1,1,A,-,08,22107,,N,E,I,A,B,H,-,C,A,0,,,,,Y,Y,A,01,0,0,1,0,0,0,0,0,0,"- ","- ",34.219131469726562,-119.18630981445312,VENTURA,OXNARD,-119.18647766113281,34.219100952148438
92344621,2024,2024-03-22,9765,2024-03-14,1730,021485,,4,2,6,5604,0,1,2,,2,501,"US-101 S/B (VENTURA FREEWAY)","RICE AVENUE",2200.00,S,N,A,-,Y,VEN,,101," "," ",19.445,H,,L,N,4,0,2,2,A,-,03,22350,,N,C,C,A,A,H,-,A,D,0,,,,,Y,,A,01,0,0,2,0,0,0,0,0,0,"- ","- ",34.222160339355469,-119.13478851318359,VENTURA,OXNARD,-119.13478851318359,34.222145080566406
92346377,2024,2024-03-25,9770,2024-03-17,1425,023577,,7,2,9,5600,0,1,3,,1,057,"SHEKELL ROAD","BROADWAY ROAD",2746.00,W,N,A,-,Y,,,,,,,,,,Y,3,0,1,1,A,-,08,22107,,N,E,I,A,A,H,-,A,D,0,,,Y,,Y,,C,02,0,1,0,0,0,0,0,0,1,"- ","- ",34.322799682617188,-118.91513824462891,VENTURA,UNINCORPORATED,-118.91513061523438,34.315181732177734
9234640,2020,2021-03-09,5604,2020-12-18,1942,5512,,5,5,6,5604,0,0,0,,0,023,"S C ST","N 5TH ST",0.00,,Y,A,-,N,,,,,,,,,,Y,4,0,1,2,A,-,08,22107,,N,A,C,A,A,H,-,C,D,0,,,,,Y,,A,01,0,0,1,0,0,0,0,0,0,"- ","- ",34.198158264160156,-119.18132019042969,VENTURA,OXNARD,-119.18109893798828,34.198131561279297
92346426,2024,2024-03-25,9765,2024-03-17,"700 ",021869,,7,1,9,5600,0,1,3,,1,062,"SR-1 (PACIFIC COAST HIGHWAY)","YELLOW HILL RD.",2640.00,N,N,A,-,Y,VEN,,1," "," ",0.110,H,,R,Y,4,0,1,1,A,-,08,22107,,N,E,I,A,A,H,-,A,D,0,,,,,Y,,D,22,0,0,1,0,0,0,0,0,0,"- ","- ",34.047100067138672,-118.94650268554688,VENTURA,UNINCORPORATED,-118.94644165039062,34.047218322753906
9234655,2021,2021-03-25,5604,2021-02-05,0845,5563,,5,5,6,5604,0,0,0,,0,012,"E GONZALES RD","LOMBARD ST",0.00,,Y,A,-,N,,,,,,,,,,N,4,0,1,2,A,-,05,21650,1,N,D,G,A,A,H,-,A,A,0,,Y,,,Y,,L,04,0,0,1,0,0,0,1,0,0,"- ","- ",34.219459533691406,-119.14994812011719,VENTURA,OXNARD,-119.1492919921875,34.218757629394531
92348505,2024,2024-03-27,9765,2024-03-17,2244,022461,,7,3,6,5608,0,1,2,,2,302,"US-101 N/B (VENTURA FREEWAY)","NORTHBANK DRIVE",1620.00,N,N,A,-,Y,VEN,,101," ",R,24.007,H,,R,Y,3,0,1,2,A,-,08,22107,,M,B,C,A,A,H,-,C,D,0,,,,,Y,,D,22,0,1,0,0,0,0,0,0,0,"- ","- ",34.247810363769531,-119.20134735107422,VENTURA,VENTURA,-119.20138549804688,34.247764587402344
92354936,2024,2024-04-03,9765,2024-03-28,1453,022318,,4,2,6,5608,0,1,2,,2,301,"US-101 S/B (VENTURA FREEWAY)","VICTORIA AVENUE",450.00,S,N,A,-,Y,VEN,,101," ",R,24.556,H,,L,Y,4,0,1,2,A,-,03,22350,,N,C,C,A,A,H,-,A,D,0,,,,,Y,,A,07,0,0,1,0,0,0,0,0,0,"- ","- ",34.251541137695312,-119.20967864990234,VENTURA,VENTURA,-119.20965576171875,34.251564025878906
92357165,2024,2024-04-05,9765,2024-03-25,"721 ",018332,,1,1,6,5604,1,4,S,,2,901,"ROSE AVENUE","NORTH CAMPUS RD.",350.00,N,N,A,-,N,,,,,,,,,,N,4,0,3,2,A,-,09,21804,B,N,C,C,A,A,H,-,A,D,0,,,,,Y,,H,13,0,0,3,0,0,0,0,0,0,"- ","- ",34.167129516601562,-119.15937042236328,VENTURA,OXNARD,-119.15941619873047,34.167686462402344
92357283,2023,2024-04-05,9765,2023-12-13,2500,018332,,3,4,9,5600,0,1,3,,1,055,"SR-118 (E. LOS ANGELES AVE.)","BRADLEY ROAD",492.00,W,N,A,-,Y,VEN,,118," "," ",9.910,H,,R,Y,1,1,0,1,A,-,01,23152,F,N,E,I,A,A,H,-,D,D,0,,,Y,,Y,,C,02,0,0,0,0,0,0,0,1,0,"- ","- ",34.263690948486328,-119.01264190673828,VENTURA,UNINCORPORATED,-119.01264190673828,34.263751983642578
92358406,2024,2024-04-08,9765,2024-03-30,2102,021015,,6,2,9,5600,0,1,3,,1,042,"SR-126 (E TELEGRAPH RD)","ORCUTT ROAD",210.00,E,N,C,-,Y,VEN,,126," ",R,13.980,H,,R,Y,2,0,5,4,A,-,08,22107,,N,B,C,A,B,H,-,D,D,0,,,,,Y,,-,"- ",1,2,2,0,0,0,0,0,0,"- ","- ",34.366458892822266,-119.03160095214844,VENTURA,UNINCORPORATED,-119.03159332275391,34.366439819335938
92361403,2024,2024-04-10,9765,2024-04-04,1350,023498,,4,1,6,5608,0,1,2,,1,102,"US-101 N/B","S GARDEN STREET",255.00,S,N,A,-,Y,VEN,,101," "," ",30.676,H,,R,Y,4,0,2,1,A,-,08,22107,,N,F,I,A,A,H,-,A,D,0,,,,,Y,,D,22,0,0,2,0,0,0,0,0,0,"- ","- ",34.278118133544922,-119.30204772949219,VENTURA,VENTURA,-119.3021240234375,34.277946472167969
9236439,2020,2021-03-08,5600,2020-07-04,1944,3823,9129,6,5,6,5607,0,0,0,,0,9H01,"LAWRENCE DR","FOX SPRINGS CIR",90.00,S,N,A,-,N,,,,,,,,,,N,4,0,2,1,A,-,17,21204,B,N,E,A,A,A,H,-,A,D,0,,Y,,,Y,,L,04,0,0,2,0,0,0,2,0,0,"- ","- ",34.193920135498047,-118.91307067871094,VENTURA,"THOUSAND OAKS",-118.91317749023438,34.193557739257812
92364694,2024,2024-04-15,9770,2024-04-04,1040,023702,,4,1,6,5607,0,1,2,,2,073,"US-101 S/B TO MOORPARK ROAD","MOORPARK ROAD",219.00,W,N,B,-,Y,VEN,,101," "," ",4.128,H,,L,Y,3,0,3,3,A,-,03,22350,,N,B,2,A,A,H,-,A,A,0,,,,,Y,,A,01,0,2,1,0,0,0,0,0,0,"- ","- ",34.177120208740234,-118.87748718261719,VENTURA,"THOUSAND OAKS",-118.87746429443359,34.177356719970703
92365368,2024,2024-04-16,9765,2024-04-01,"515 ",023024,,1,3,9,5600,0,1,3,,1,046,SR-118,"SANTA CLARA AVENUE",15.00,S,N,A,-,N,,,,,,,,,,N,4,0,1,1,A,-,03,22350,,N,A,I,A,B,H,-,D,A,0,,,,,Y,Y,A,07,0,0,1,0,0,0,0,0,0,"- ","- ",34.255760192871094,-119.10871887207031,VENTURA,UNINCORPORATED,-119.10894775390625,34.255901336669922
9236588,2021,2021-04-15,5600,2021-03-10,1250,4615,9092,3,5,6,5607,0,0,0,,0,9G01,"HILLCREST DR","CONEJO BL",565.00,W,N,B,-,N,,,,,,,,,,Y,4,0,1,2,A,-,12,21453,A,N,H,C,A,B,H,-,A,A,0,,,,,Y,,A,01,0,0,1,0,0,0,0,0,0,"- ","- ",34.180400848388672,-118.87985229492188,VENTURA,"THOUSAND OAKS",-118.8798828125,34.180400848388672
9236617,2021,2021-04-26,5608,2021-03-13,0937,518,,6,5,6,5608,0,0,0,,0,002,"MAIN ST","TELEPHONE RD",94.00,W,N,A,-,N,,,,,,,,,,Y,3,0,2,2,A,-,07,21658,A,N,A,G,A,A,H,-,A,A,0,,Y,Y,,Y,,L,04,0,2,0,0,0,0,1,0,1,"- ","- ",,,VENTURA,VENTURA,-119.23203277587891,34.262130737304688
9236618,2021,2021-04-26,5608,2021-03-14,1117,505,,7,5,6,5608,0,0,0,,0,003,"ASHWOOD AV","TELEGRAPH RD",347.00,N,N,A,-,N,,,,,,,,,,Y,3,0,1,1,A,-,03,22350,,N,E,I,A,A,H,-,A,D,0,,,,,Y,,A,01,0,1,0,0,0,0,0,0,0,"- ","- ",,,VENTURA,VENTURA,-119.23915863037109,34.274368286132812
92366688,2024,2024-04-17,9765,2024-04-07,"210 ",023043,,7,3,6,5608,0,1,2,,2,301,"US-101 S/B (VENTURA FREEWAY)","VICTORIA AVE",211.00,S,N,A,-,Y,VEN,,101," ",R,24.271,H,,L,Y,4,0,1,2,A,-,08,22107,,M,B,C,A,A,H,-,D,D,0,,,,,Y,,-,99,0,0,1,0,0,0,0,0,0,"- ","- ",34.249408721923828,-119.20529937744141,VENTURA,VENTURA,-119.20532989501953,34.249366760253906
92366947,2024,2024-04-17,9765,2024-04-09,1710,023739,,2,2,6,5608,0,1,3,,1,031,"SR 126 WB (SANTA PAULA FREEWAY)","WELLS ROAD",843.00,W,N,A,-,Y,VEN,,126," "," ",4.863,H,,L,N,3,0,1,1,A,-,08,22107,,N,E,I,A,A,H,-,A,D,0,,,,,Y,,-,"- ",0,1,0,0,0,0,0,0,0,"- ","- ",34.288238525390625,-119.15875244140625,VENTURA,VENTURA,-119.15879821777344,34.288299560546875
92367543,2024,2024-04-18,9765,2024-04-10,"341 ",019034,,3,3,9,5600,0,3,5,,2,005,"SR-118 (W LOS ANGELES AVE)","SANTA CLARA ST.",63.00,E,N,A,-,N,,,,,,,,,,Y,3,0,1,1,A,-,03,22350,,N,E,8,A,A,H,-,C,A,0,,,,,Y,,A,07,0,1,0,0,0,0,0,0,0,"- ","- ",34.255760192871094,-119.10871887207031,VENTURA,UNINCORPORATED,-119.10881805419922,34.256034851074219
92368847,2024,2024-04-19,9765,2024-04-12,1303,020832,,5,1,2,5603,0,1,3,,1,020,"SR-33 (N VENTURA AVENUE)","E. OAK VIEW AVENUE",0.00,,Y,B,-,Y,VEN,,33," "," ",8.800,H,,R,N,4,0,1,2,A,-,03,22350,,N,C,C,A,A,H,-,A,A,0,,,,,Y,,A,08,0,0,1,0,0,0,0,0,0,"- ","- ",34.397041320800781,-119.29965209960938,VENTURA,OJAI,-119.29954528808594,34.397037506103516
92371550,2024,2024-04-22,9765,2024-04-13,1650,022318,,6,2,6,5604,0,1,2,,2,302,"US-101 N/B (VENTURA FREEWAY) FROM OXNARD BOULEVARD","OXNARD BOULEVARD",200.00,N,N,B,C,Y,,,,,,,,,,Y,4,0,1,1,A,-,03,22350,,N,F,I,A,B,H,-,A,D,0,,,,,Y,,A,01,0,0,1,0,0,0,0,0,0,"- ","- ",34.240211486816406,-119.18168640136719,VENTURA,OXNARD,-119.18338012695312,34.240318298339844
92371854,2024,2024-04-22,9770,2024-04-16,"700 ",017732,,2,1,9,5600,0,3,5,,2,005,BROADWAY,"GRIMES CANYON ROAD",30.00,E,N,A,-,N,,,,,,,,,,Y,4,0,1,2,A,-,09,21802,A,N,C,C,A,A,H,-,A,D,0,,,,,Y,,A,01,0,0,1,0,0,0,0,0,0,"- ","- ",34.315158843994141,-118.90959167480469,VENTURA,UNINCORPORATED,-118.90204620361328,34.315361022949219
92379761,2024,2024-05-01,9765,2024-04-29,"215 ",022488,,1,3,9,5600,0,3,5,,2,004,"FOOTHILL ROAD","ALISO CANYON ROAD",395.00,W,N,A,-,N,,,,,,,,,,Y,3,0,1,1,A,-,08,22107,,N,E,I,A,A,H,-,D,D,0,,,,,Y,Y,A,01,0,1,0,0,0,0,0,0,0,"- ","- ",34.313961029052734,-119.14573669433594,VENTURA,UNINCORPORATED,-119.14572906494141,34.314224243164062
92383009,2024,2024-05-06,9770,2024-04-25,1520,016383,,4,2,6,5607,0,1,2,,2,072,"US-101 N/B (VENTURA FREEWAY)","WENDY DRIVE",800.00,N,N,B,-,Y,VEN,,101," "," ",8.045,H,,R,Y,3,0,1,4,A,-,03,22350,,N,C,2,A,A,H,-,A,D,0,,,Y,,Y,,A,07,0,1,0,0,0,0,0,0,1,"- ","- ",34.190879821777344,-118.94174194335938,VENTURA,"THOUSAND OAKS",-118.94170379638672,34.190933227539062
92384154,2024,2024-05-07,9765,2024-04-28,1208,023703,,7,1,9,5600,0,3,5,,2,006,"LEWIS ROAD","CAMARILLO STREET",0.00,,Y,A,-,N,,,,,,,,,,Y,4,0,2,2,A,-,12,21453,A,N,D,C,A,A,H,-,A,A,0,,,,,Y,,A,01,0,0,2,0,0,0,0,0,0,"- ","- ",34.183670043945312,-119.04025268554688,VENTURA,UNINCORPORATED,-119.04035949707031,34.183673858642578
92385683,2024,2024-05-09,9765,2024-04-30,1515,022318,,2,2,6,5604,0,1,2,,2,502,"US-101 NB (VENTURA FREEWAY)","ROSE AVENUE",1584.00,S,N,A,-,Y,VEN,,101," "," ",20.613,H,,R,Y,4,0,1,2,A,-,03,22350,,N,C,C,A,A,H,-,A,D,0,,,,,Y,,A,07,0,0,1,0,0,0,0,0,0,"- ","- ",34.223640441894531,-119.15168762207031,VENTURA,OXNARD,-119.15170288085938,34.223575592041016
92385762,2024,2024-05-09,9765,2024-04-30,2130,022296,,2,2,9,5600,0,1,3,,1,055,"SR-118 (W LOS ANGELES AVE)","SANTA CLARA AVENUE",0.00,,Y,A,-,Y,,,,,,,,,,Y,4,0,1,1,A,-,03,22350,,N,E,I,A,A,H,-,C,A,0,,,,,Y,,A,01,0,0,1,0,0,0,0,0,0,"- ","- ",34.255630493164062,-119.10868072509766,VENTURA,UNINCORPORATED,-119.10895538330078,34.255897521972656
9238760,2021,2021-04-13,5600,2021-03-22,1636,4973,8201,1,5,5,5601,0,0,0,,0,8D01,"ADOLFO RD","FLYNN RD",0.00,,Y,A,-,N,,,,,,,,,,Y,3,0,2,2,A,-,09,21801,A,N,H,C,A,A,H,-,A,A,0,,,,,Y,,D,22,0,1,1,0,0,0,0,0,0,"- ","- ",34.2293701171875,-119.01680755615234,VENTURA,CAMARILLO,-119.01693725585938,34.229312896728516
92389092,2024,2024-05-14,9770,2024-05-12,1540,019057,,7,2,6,5607,0,1,2,,2,072,"US-101 N/B (VENTURA FREEWAY)","VENTU PARK ROAD",1848.00,S,N,A,-,Y,VEN,,101," "," ",5.825,H,,R,Y,4,0,1,2,A,-,03,22350,,N,C,C,A,A,H,-,A,D,0,,,,,Y,,A,08,0,0,1,0,0,0,0,0,0,"- ","- ",34.18450927734375,-118.90489196777344,VENTURA,"THOUSAND OAKS",-118.90489196777344,34.184490203857422
92390876,2024,2024-05-15,9765,2024-05-10,1149,020334,,5,1,9,5600,0,3,5,,2,006,"PLEASANT VALLEY ROAD",SR-1,250.00,E,N,B,-,N,,,,,,,,,,N,4,0,1,2,A,-,09,21804,A,N,D,C,A,A,H,-,A,D,0,,,,,Y,,D,22,0,0,1,0,0,0,0,0,0,"- ","- ",34.167388916015625,-119.14026641845703,VENTURA,UNINCORPORATED,-119.14249420166016,34.166252136230469
9239264,2021,2021-04-28,5604,2021-02-15,0834,5359,,1,5,6,5604,0,0,0,,0,023,"9TH ST","OXNARD BL",0.00,,Y,A,-,N,,,,,,,,,,Y,3,0,1,2,A,-,08,22107,,F,D,C,A,A,H,-,A,D,0,,,,,Y,,D,22,0,1,0,0,0,0,0,0,0,"- ","- ",34.192329406738281,-119.17742919921875,VENTURA,OXNARD,-119.17751312255859,34.192367553710938