CASE_ID,ACCIDENT_YEAR,PROC_DATE,JURIS,COLLISION_DATE,COLLISION_TIME,OFFICER_ID,REPORTING_DISTRICT,DAY_OF_WEEK,CHP_SHIFT,POPULATION,CNTY_CITY_LOC,SPECIAL_COND,BEAT_TYPE,CHP_BEAT_TYPE,CITY_DIVISION_LAPD,CHP_BEAT_CLASS,BEAT_NUMBER,PRIMARY_RD,SECONDARY_RD,DISTANCE,DIRECTION,INTERSECTION,WEATHER_1,WEATHER_2,STATE_HWY_IND,CALTRANS_COUNTY,CALTRANS_DISTRICT,STATE_ROUTE,ROUTE_SUFFIX,POSTMILE_PREFIX,POSTMILE,LOCATION_TYPE,RAMP_INTERSECTION,SIDE_OF_HWY,TOW_AWAY,COLLISION_SEVERITY,NUMBER_KILLED,NUMBER_INJURED,PARTY_COUNT,PRIMARY_COLL_FACTOR,PCF_CODE_OF_VIOL,PCF_VIOL_CATEGORY,PCF_VIOLATION,PCF_VIOL_SUBSECTION,HIT_AND_RUN,TYPE_OF_COLLISION,MVIW,PED_ACTION,ROAD_SURFACE,ROAD_COND_1,ROAD_COND_2,LIGHTING,CONTROL_DEVICE,CHP_ROAD_TYPE,PEDESTRIAN_ACCIDENT,BICYCLE_ACCIDENT,MOTORCYCLE_ACCIDENT,TRUCK_ACCIDENT,NOT_PRIVATE_PROPERTY,ALCOHOL_INVOLVED,STWD_VEHTYPE_AT_FAULT,CHP_VEHTYPE_AT_FAULT,COUNT_SEVERE_INJ,COUNT_VISIBLE_INJ,COUNT_COMPLAINT_PAIN,COUNT_PED_KILLED,COUNT_PED_INJURED,COUNT_BICYCLIST_KILLED,COUNT_BICYCLIST_INJURED,COUNT_MC_KILLED,COUNT_MC_INJURED,PRIMARY_RAMP,SECONDARY_RAMP,LATITUDE,LONGITUDE,COUNTY,CITY,POINT_X,POINT_Y
9342271,2021,2021-12-06,5608,2021-10-04,2139,519,,1,5,6,5608,0,0,0,,0,004,"JOHNSON DR","HUMMINGBIRD ST",10.00,N,N,A,-,N,,,,,,,,,,N,3,0,1,2,A,-,08,22107,,N,B,C,A,A,H,-,C,A,0,,,,Y,Y,,F,55,0,1,0,0,0,0,0,0,0,"- ","- ",,,VENTURA,VENTURA,-119.19743347167969,34.253555297851562
9342721,2021,2021-11-15,5604,2021-08-09,2237,4942,,1,5,6,5604,0,0,0,,0,031,"E 3RD ST","MCKINLEY AV",50.00,W,N,B,-,N,,,,,,,,,,Y,3,0,1,2,A,-,01,23152,A,N,C,C,A,A,H,-,C,D,0,,,,,Y,Y,A,01,0,1,0,0,0,0,0,0,0,"- ","- ",34.200569152832031,-119.17276763916016,VENTURA,OXNARD,-119.17190551757812,34.2005615234375
9350309,2021,2021-10-22,5608,2021-09-25,0225,439,,6,5,6,5608,0,0,0,,0,002,"THOMPSON BL","EVERGREEN DR",55.00,E,N,B,-,N,,,,,,,,,,Y,3,0,1,1,A,-,03,22350,,M,E,I,A,A,H,-,C,D,0,,,,,Y,,A,01,0,1,0,0,0,0,0,0,0,"- ","- ",,,VENTURA,VENTURA,-119.2637939453125,34.2730712890625
9353693,2021,2021-11-10,5604,2021-09-28,1038,5490,,2,5,6,5604,0,0,0,,0,023,"OXNARD BL","WOOLEY RD",25.00,N,N,A,-,N,,,,,,,,,,Y,4,0,2,3,A,-,03,22350,,N,C,C,A,A,H,-,A,A,0,,,,,Y,,A,01,0,0,2,0,0,0,0,0,0,"- ","- ",,,VENTURA,OXNARD,-119.17753601074219,34.190128326416016
9353699,2021,2021-11-10,5604,2021-09-25,1357,5530,,6,5,6,5604,0,0,0,,0,041,"SAN JUAN AV","BARD RD",0.00,,Y,A,-,N,,,,,,,,,,N,4,0,1,2,A,-,12,22450,A,N,D,C,A,A,H,-,A,D,0,,,,,Y,,A,01,0,0,1,0,0,0,0,0,0,"- ","- ",34.161701202392578,-119.17024993896484,VENTURA,OXNARD,-119.17005157470703,34.162010192871094
9353705,2021,2021-11-09,5604,2021-09-19,0709,5530,,7,5,6,5604,0,0,0,,0,024,"WOOLEY RD","J ST",0.00,,Y,A,-,N,,,,,,,,,,Y,4,0,3,2,A,-,12,21453,A,N,D,C,A,A,H,-,A,A,0,,,,,Y,,A,07,0,0,3,0,0,0,0,0,0,"- ","- ",34.189990997314453,-119.18949890136719,VENTURA,OXNARD,-119.18952178955078,34.190036773681641
9353734,2021,2021-12-07,5604,2021-10-08,1354,5654,,5,5,6,5604,0,0,0,,0,022,"DORIS AV","VENTURA RD",0.00,,Y,A,-,N,,,,,,,,,,Y,3,0,4,2,A,-,12,21453,A,N,D,C,A,A,H,-,A,A,0,,,,,Y,,A,01,0,3,1,0,0,0,0,0,0,"- ","- ",37.208328247070312,-119.19467163085938,VENTURA,OXNARD,-119.19464111328125,34.208362579345703
9353739,2021,2021-12-07,5604,2021-10-01,1600,5459,,5,5,6,5604,0,0,0,,0,041,"CLOYNE ST","THOMAS AV",200.00,N,N,A,-,N,,,,,,,,,,Y,3,0,1,3,A,-,21,22106,,N,C,C,A,A,H,-,A,D,0,,,,,Y,,-,,0,1,0,0,0,0,0,0,0,"- ","- ",34.169750213623047,-119.17268371582031,VENTURA,OXNARD,-119.17269134521484,34.170318603515625
9353778,2021,2021-12-13,5608,2021-10-26,1240,520,,2,5,6,5608,0,0,0,,0,004,"MCGRATH ST","TELEPHONE RD",394.00,E,N,A,-,N,,,,,,,,,,Y,3,0,1,2,A,-,08,22107,,N,D,C,A,A,H,-,A,D,0,,,,,Y,,A,07,0,1,0,0,0,0,0,0,0,"- ","- ",,,VENTURA,VENTURA,-119.2335205078125,34.254383087158203
9354199,2021,2021-12-15,5604,2021-10-09,1014,5654,,6,5,6,5604,0,0,0,,0,022,"HOBSON WY","5TH ST",0.00,,Y,A,-,N,,,,,,,,,,,3,0,1,2,A,-,10,21950,A,N,G,B,B,A,H,-,A,A,0,Y,,,,Y,,D,22,0,1,0,0,1,0,0,0,0,"- ","- ",34.197738647460938,-119.18789672851562,VENTURA,OXNARD,-119.18791961669922,34.197750091552734
9354211,2021,2021-11-10,5604,2021-09-26,1145,5354,,7,5,6,5604,0,0,0,,0,041,"SAVIERS RD","BRYCE CANYON AV",40.00,N,N,A,-,N,,,,,,,,,,Y,4,0,1,3,A,-,07,21658,A,N,B,C,A,A,H,-,A,A,0,,,,,Y,,D,22,0,0,1,0,0,0,0,0,0,"- ","- ",,,VENTURA,OXNARD,-119.17768859863281,34.169891357421875
9354356,2021,2021-12-13,5608,2021-10-24,1841,523,,7,5,6,5608,0,0,0,,0,002,"THOMPSON BL","HARTMAN DR",61.00,E,N,A,-,N,,,,,,,,,,N,2,0,1,2,A,-,11,21954,A,N,A,B,D,A,H,-,C,A,0,Y,,,,Y,,N,60,1,0,0,0,1,0,0,0,0,"- ","- ",,,VENTURA,VENTURA,-119.26108551025391,34.272533416748047
9354360,2021,2021-12-13,5608,2021-10-27,1301,514,,3,5,6,5608,0,0,0,,0,003,"WELLS RD","CITRUS DR",28.00,S,N,A,-,N,,,,,,,,,,Y,4,0,3,2,A,-,08,22107,,N,-,C,A,A,H,-,A,A,0,,,,,Y,,A,01,0,0,3,0,0,0,0,0,0,"- ","- ",,,VENTURA,VENTURA,-119.15814971923828,34.291416168212891
9355608,2021,2021-11-23,5606,2021-03-01,0415,1120,5606,1,5,4,5606,0,0,0,,0,002,"HARVARD BL","RT 150",0.00,,Y,A,-,Y,VEN,7,150,-,R,34.361,R,4,E,Y,4,0,1,2,A,-,12,21453,A,N,D,C,A,A,H,-,C,A,0,,,,,Y,,-,"- ",0,0,1,0,0,0,0,0,0,"- ","- ",,,VENTURA,"SANTA PAULA",-119.06050109863281,34.355056762695312
9355963,2021,2021-11-10,5604,2021-09-13,2342,5539,,1,5,6,5604,0,0,0,,0,014,"RT 1","W GONZALES RD W",0.00,,Y,A,-,N,,,1,,,,,,,Y,4,0,1,2,A,-,04,21703,,F,C,C,A,A,H,-,C,A,0,,,,,Y,,A,01,0,0,1,0,0,0,0,0,0,"- ","- ",34.219058990478516,-119.17717742919922,VENTURA,OXNARD,-119.17725372314453,34.219062805175781
9361503,2021,2021-11-16,5604,2021-10-02,1401,5502,,6,5,6,5604,0,0,0,,0,042,"E PLEASANT VALLEY RD","ROSE AV",1568.00,W,N,A,-,N,,,,,,,,,,Y,4,0,2,2,A,-,09,21801,A,N,D,C,A,A,H,-,A,D,0,,,,,Y,,A,01,0,0,2,0,0,0,0,0,0,"- ","- ",34.155841827392578,-119.16240692138672,VENTURA,OXNARD,-119.16400146484375,34.155681610107422
9361515,2021,2022-01-11,5608,2021-10-29,1747,514,VENTU,5,5,6,5608,0,0,0,,0,004,"EASTMAN AV",WESTINGHOUSE,240.00,N,N,A,-,N,,,,,,,,,,N,3,0,1,2,A,-,09,21801,,N,-,-,A,A,H,-,A,-,0,,,,,Y,,A,01,0,1,0,0,0,0,0,0,0,"- ","- ",,,VENTURA,VENTURA,-119.23031616210938,34.259696960449219
9365050,2021,2021-12-27,5600,2021-11-14,1759,5166,9130,7,5,6,5607,0,0,0,,0,9C01,"LYNN RD","KELLY RD",0.00,,Y,A,-,N,,,,,,,,,,Y,4,0,1,2,A,-,09,21801,A,N,H,C,A,A,H,-,D,A,0,,,,,Y,,A,01,0,0,1,0,0,0,0,0,0,"- ","- ",34.170299530029297,-118.93617248535156,VENTURA,"THOUSAND OAKS",-118.93215179443359,34.173061370849609
9365051,2021,2021-12-27,5600,2021-11-22,1041,5150,9129,1,5,6,5607,0,0,0,,0,9H01,"GLIDER CT","FOX SPRINGS CI",145.00,S,N,A,-,N,,,,,,,,,,,4,0,1,2,D,-,00,,,N,H,C,A,A,H,-,A,D,0,,,,,Y,,-,"- ",0,0,1,0,0,0,0,0,0,"- ","- ",34.1898193359375,-118.92014312744141,VENTURA,"THOUSAND OAKS",-118.91604614257812,34.192298889160156
9368192,2021,2021-12-20,5608,2021-11-09,0759,452,,2,5,6,5608,0,0,0,,0,003,"HILL RD","THILLE ST",0.00,,Y,A,-,N,,,,,,,,,,Y,3,0,2,2,A,-,09,21802,A,N,D,C,A,A,H,-,A,D,0,,,,,Y,,A,01,0,1,1,0,0,0,0,0,0,"- ","- ",,,VENTURA,VENTURA,-119.20697784423828,34.268959045410156
9368197,2021,2021-12-20,5604,2021-11-04,1243,5354,,4,5,6,5604,0,0,0,,0,032,"WOOLEY RD","COMMERCIAL AV",0.00,,Y,A,-,N,,,,,,,,,,Y,4,0,2,2,A,-,12,21453,A,N,D,C,A,A,H,-,A,A,0,,,,,Y,,A,01,0,0,2,0,0,0,0,0,0,"- ","- ",,,VENTURA,OXNARD,-119.17108154296875,34.189975738525391
9368424,2021,2021-12-15,5604,2021-11-02,0615,5064,,2,5,6,5604,0,0,0,,0,021,"E CHANNEL ISLANDS BL","ALBANY DR",0.00,,Y,A,-,N,,,,,,,,,,N,4,0,1,2,A,-,08,22107,,N,D,C,A,A,H,-,C,A,0,,,,,Y,,A,01,0,0,1,0,0,0,0,0,0,"- ","- ",34.173381805419922,-119.16754913330078,VENTURA,OXNARD,-119.16755676269531,34.173343658447266
9368619,2021,2021-12-07,5604,2021-10-15,1858,5630,,5,5,6,5604,0,0,0,,0,022,"N A ST","PALM DR",0.00,,Y,A,-,N,,,,,,,,,,N,4,0,1,2,A,-,12,22450,A,N,G,G,A,A,H,-,C,D,0,,Y,,,Y,Y,-,,0,0,1,0,0,0,1,0,0,"- ","- ",34.204620361328125,-119.17849731445312,VENTURA,OXNARD,-119.17850494384766,34.205039978027344
9369122,2021,2021-12-09,5606,2021-01-26,1821,1127,5606,2,5,4,5606,0,0,0,,0,002,"HARVARD E BL","8TH S ST",0.00,,Y,A,-,N,,,,,,,,,,Y,3,0,2,2,A,-,03,22350,,N,C,C,A,A,H,-,C,A,0,,,,,Y,,A,01,0,1,1,0,0,0,0,0,0,"- ","- ",,,VENTURA,"SANTA PAULA",-119.06251525878906,34.349254608154297
93699195,2024,2024-08-06,9770,2024-07-26,"450 ",023813,,5,3,5,5601,0,1,2,,2,071,"US-101 S/B (VENTURA FREEWAY)","CAMARILLO SPRINGS ROAD",4488.00,S,N,A,-,Y,VEN,,101," "," ",9.883,H,,L,Y,3,0,1,2,A,-,03,22350,,N,C,C,A,A,H,-,A,D,0,,,,,Y,,A,07,0,1,0,0,0,0,0,0,0,"- ","- ",34.201198577880859,-118.97019195556641,VENTURA,CAMARILLO,-118.97019195556641,34.201152801513672
9370334,2021,2022-02-07,5608,2021-12-09,2233,439,,4,5,6,5608,0,0,0,,0,003,"BREVARD AV","PEMBROKE ST",100.00,N,N,B,-,N,,,,,,,,,,Y,3,0,1,2,A,-,01,23152,A,N,C,E,A,A,H,-,C,D,0,,,,,Y,Y,D,22,0,1,0,0,0,0,0,0,0,"- ","- ",,,VENTURA,VENTURA,-119.21810913085938,34.282863616943359
9370418,2021,2021-12-31,5604,2021-11-29,1502,5637,,1,5,6,5604,0,0,0,,0,024,"W CHANNEL ISLANDS BL","VENTURA RD",100.00,E,N,A,-,N,,,,,,,,,,Y,4,0,2,3,A,-,08,22107,,N,D,C,A,A,H,-,A,D,0,,,,,Y,,D,22,0,0,2,0,0,0,0,0,0,"- ","- ",,,VENTURA,OXNARD,-119.194580078125,34.175685882568359
9370531,2021,2021-12-27,5608,2021-11-28,1540,521,,7,5,6,5608,0,0,0,,0,003,"HENDERSON RD","JASPER AV",10.00,E,N,A,-,N,,,,,,,,,,N,3,0,1,2,A,-,09,21801,A,N,D,G,A,A,H,-,A,D,0,,Y,,,Y,,A,07,0,1,0,0,0,0,1,0,0,"- ","- ",,,VENTURA,VENTURA,-119.17081451416016,34.280685424804688
9370680,2021,2021-12-28,5604,2021-11-07,0100,5624,,7,5,6,5604,0,0,0,,0,023,"S OXNARD BL","W 7TH ST",0.00,,Y,A,-,N,,,,,,,,,,Y,4,0,2,2,A,-,12,21453,A,N,D,C,A,A,H,-,C,A,0,,,,,Y,,A,07,0,0,2,0,0,0,0,0,0,"- ","- ",34.194301605224609,-119.17774963378906,VENTURA,OXNARD,-119.17747497558594,34.195041656494141
9372544,2021,2021-12-09,5604,2021-10-08,1836,5569,,5,5,6,5604,0,0,0,,0,022,"S VENTURA RD","DORIS AV",1056.00,S,N,A,-,N,,,,,,,,,,N,4,0,1,2,A,-,03,22350,,F,C,C,A,A,H,-,B,D,0,,,,,Y,,A,01,0,0,1,0,0,0,0,0,0,"- ","- ",34.202880859375,-119.19474029541016,VENTURA,OXNARD,-119.19467926025391,34.205463409423828
9372754,2021,2021-12-21,5604,2021-11-14,0340,5630,,7,5,6,5604,0,0,0,,0,042,"WEST HUENEME RD","SAVIERS RD",700.00,W,N,A,-,N,,,,,,,,,,Y,2,0,1,2,A,-,11,21955,,N,G,B,D,A,H,-,C,D,0,Y,,,,Y,,N,60,1,0,0,0,1,0,0,0,0,"- ","- ",34.147430419921875,-119.17783355712891,VENTURA,OXNARD,-119.18022918701172,34.147518157958984
9372761,2021,2021-12-13,5605,2021-11-18,2104,228,PATRO,4,5,3,5605,0,0,0,,0,002,"PLEASANT VALLEY RD","EVERGREEN LN",0.00,,Y,-,-,N,,,,,,,,,,N,4,0,1,2,A,-,09,21802,A,N,D,C,A,A,H,-,C,D,0,,,,,Y,,A,01,0,0,1,0,0,0,0,0,0,"- ","- ",34.154850006103516,-119.19358062744141,VENTURA,"PORT HUENEME",-119.193603515625,34.154792785644531
9372821,2021,2021-12-28,5604,2021-11-09,1544,5490,,2,5,6,5604,0,0,0,,0,042,"PLEASANT VALLEY RD","C ST",100.00,W,N,B,-,N,,,,,,,,,,N,4,0,1,2,A,-,09,21801,A,N,A,C,A,A,H,-,A,A,0,,,,,Y,,A,01,0,0,1,0,0,0,0,0,0,"- ","- ",,,VENTURA,OXNARD,-119.18093109130859,34.154731750488281
9373057,2021,2021-12-09,5604,2021-10-09,1024,5540,,6,5,6,5604,0,0,0,,0,012,"SAINT MARYS DR","VINEYARD AV",0.00,,Y,A,-,N,,,,,,,,,,N,4,0,1,2,A,-,09,21802,A,N,G,G,A,A,H,-,A,A,0,,Y,,,Y,,A,01,0,0,1,0,0,0,0,0,0,"- ","- ",34.227500915527344,-119.17646789550781,VENTURA,OXNARD,-119.17654418945312,34.227565765380859
9373081,2021,2021-12-13,5604,2021-10-27,1400,4755,,3,5,6,5604,0,0,0,,0,021,"WEST 5TH ST","SOUTHHAMPTON PL",0.00,,Y,A,-,N,,,,,,,,,,Y,4,0,2,2,A,-,12,21453,A,N,D,C,A,A,H,-,A,A,0,,,,,Y,,A,01,0,0,2,0,0,0,0,0,0,"- ","- ",34.197620391845703,-119.21855163574219,VENTURA,OXNARD,-119.21857452392578,34.197498321533203
9373093,2021,2021-12-14,5604,2021-10-16,1846,5572,,6,5,6,5604,0,0,0,,0,012,"E GONZALES RD","NORTH ROSE AV",500.00,W,N,A,-,N,,,,,,,,,,N,4,0,1,2,A,-,21,22106,,N,C,C,A,A,H,-,C,A,0,,,,,Y,,A,01,0,0,1,0,0,0,0,0,0,"- ","- ",34.220088958740234,-119.16139221191406,VENTURA,OXNARD,-119.16007995605469,34.219009399414062
9373094,2021,2021-12-14,5604,2021-10-16,1325,4945,,6,5,6,5604,0,0,0,,0,042,"E BARD RD","SAVIERS RD",200.00,E,N,A,-,N,,,,,,,,,,N,4,0,1,2,A,-,09,21804,A,N,A,C,A,A,H,-,A,D,0,,,Y,,Y,,A,01,0,0,1,0,0,0,0,0,1,"- ","- ",34.160549163818359,-119.17665863037109,VENTURA,OXNARD,-119.17697143554688,34.160995483398438
9373095,2021,2021-12-14,5604,2021-10-16,0124,5508,,6,5,6,5604,0,0,0,,0,021,"WEST 5TH ST","W 5TH ST 3611",0.00,,-,A,-,N,,,,,,,,,,Y,3,0,1,2,A,-,03,22350,,F,A,C,A,A,H,-,C,D,0,,,,,Y,,-,,0,1,0,0,0,0,0,0,0,"- ","- ",34.197639465332031,-119.22116088867188,VENTURA,OXNARD,-119.18110656738281,34.197517395019531
9374268,2021,2021-12-21,5608,2021-11-22,1413,544,,1,5,6,5608,0,0,0,,0,003,"ASHWOOD AV","TELEGRAPH RD",0.00,,Y,A,-,N,,,,,,,,,,Y,4,0,1,3,A,-,12,21453,A,N,D,C,A,A,H,-,A,A,0,,,,,Y,,A,07,0,0,1,0,0,0,0,0,0,"- ","- ",,,VENTURA,VENTURA,-119.23915863037109,34.274368286132812
9374269,2021,2021-12-21,5608,2021-11-19,1125,505,,5,5,6,5608,0,0,0,,0,003,"HILL RD","WOODLAND ST",334.00,S,N,A,-,N,,,,,,,,,,Y,3,0,2,2,A,-,09,21801,A,N,D,C,A,A,H,-,A,D,0,,,,,Y,,A,01,0,2,0,0,0,0,0,0,0,"- ","- ",,,VENTURA,VENTURA,-119.20838165283203,34.275527954101562
9374275,2021,2022-01-06,5608,2021-11-26,1549,540,,5,5,6,5608,0,0,0,,0,004,"VICTORIA AV","VALENTINE RD",27.00,S,N,A,-,N,,,,,,,,,,Y,4,0,2,2,A,-,08,22100,A,N,D,C,A,A,H,-,A,A,0,,,,,Y,,A,01,0,0,2,0,0,0,0,0,0,"- ","- ",,,VENTURA,VENTURA,-119.21181488037109,34.251472473144531
9374596,2021,2022-03-18,5608,2021-11-18,1700,540,,4,5,6,5608,0,0,0,,0,004,"VICTORIA AV","TELEPHONE RD",0.00,,Y,A,-,N,,,,,,,,,,Y,3,0,1,2,A,-,03,22350,,N,C,C,A,-,H,-,B,A,0,,,,,Y,,A,01,0,1,0,0,0,0,0,0,0,"- ","- ",,,VENTURA,VENTURA,-119.21256256103516,34.265457153320312
9374665,2021,2021-12-14,5608,2021-11-13,1219,515,,6,5,6,5608,0,0,0,,0,002,"MAIN ST","TELEGRAPH RD",0.00,,Y,A,-,N,,,,,,,,,,Y,4,0,1,2,A,-,12,21453,A,N,D,C,A,A,H,-,A,A,0,,,Y,,Y,,C,02,0,0,1,0,0,0,0,0,1,"- ","- ",,,VENTURA,VENTURA,-119.25711059570312,34.271785736083984
9374667,2021,2021-12-14,5608,2021-11-16,2315,483,VENTU,2,5,6,5608,0,0,0,,0,001,"MAIN ST","HEMLOCK ST",0.00,,Y,A,-,N,,,,,,,,,,N,3,0,1,2,A,-,10,21950,A,F,G,B,D,A,H,-,C,D,0,Y,,,,Y,Y,-,,0,1,0,0,1,0,0,0,0,"- ","- ",,,VENTURA,VENTURA,-119.28243255615234,34.280857086181641
9376752,2021,2022-01-07,5608,2021-12-05,1541,441,,7,5,6,5608,0,0,0,,0,002,"FOOTHILL RD","HILLTOP DR",0.00,,Y,A,-,N,,,,,,,,,,Y,3,0,1,2,A,-,03,22350,,N,C,C,A,A,H,-,A,D,0,,,,,Y,,A,01,0,1,0,0,0,0,0,0,0,"- ","- ",,,VENTURA,VENTURA,-119.25104522705078,34.281532287597656
9376757,2021,2022-01-07,5608,2021-12-14,1341,503,,2,5,6,5608,0,0,0,,0,003,"FOOTHILL RD","HAMILTON AV",308.00,E,N,C,-,N,,,,,,,,,,Y,2,0,1,1,A,-,03,22350,,N,F,A,A,B,H,-,A,D,0,,,,,Y,,-,,1,0,0,0,0,0,0,0,0,"- ","- ",,,VENTURA,VENTURA,-119.23954772949219,34.282413482666016
9376779,2021,2022-01-06,5600,2021-12-07,0630,5011,9164,2,5,6,5607,0,0,0,,0,9D01,"HILLCREST DR","BLACK OAK ST",270.00,E,N,C,-,N,,,,,,,,,,Y,4,0,1,2,A,-,08,22107,,N,E,I,-,B,H,-,B,D,0,Y,,,,Y,,A,07,0,0,1,0,1,0,0,0,0,"- ","- ",34.172161102294922,-118.82917022705078,VENTURA,"THOUSAND OAKS",-118.82844543457031,34.172607421875
93768342,2024,2024-10-11,9770,2024-04-14,"5   ",023217,,7,3,5,5601,0,1,2,,2,070,"US-101 N/B (VENTURA FREEWAY)","CAMARILLO SPRINGS ROAD",1000.00,S,N,B,-,Y,VEN,,101," "," ",10.561,H,,R,Y,2,0,10,11,A,-,01,23153,A,M,A,C,A,B,H,-,D,D,0,,,,,Y,Y,A,01,3,7,0,0,0,0,0,0,0,"- ","- ",34.203689575195312,-118.98084259033203,VENTURA,CAMARILLO,-118.98078918457031,34.203723907470703
9377743,2021,2022-01-26,5608,2021-12-01,0720,530,,3,5,6,5608,0,0,0,,0,004,"GAVIOTA LN","SEACLIFF CT",137.00,,N,E,-,N,,,,,,,,,,Y,3,0,1,2,A,-,03,22350,A,N,C,E,A,B,H,-,A,D,0,,,,,Y,,D,22,0,1,0,0,0,0,0,0,0,"- ","- ",,,VENTURA,VENTURA,-119.21314239501953,34.262603759765625
9377826,2021,2022-01-10,5604,2021-11-12,0538,5586,,5,5,6,5604,0,0,0,,0,032,"E WOOLEY RD","S ROSE AV",0.00,,Y,A,-,N,,,,,,,,,,N,3,0,1,2,A,-,10,21950,A,F,G,B,B,A,H,-,C,A,0,Y,,,,Y,,-,99,0,1,0,0,1,0,0,0,0,"- ","- ",34.189838409423828,-119.15985870361328,VENTURA,OXNARD,-119.15996551513672,34.189849853515625
9377862,2021,2022-01-13,5604,2021-12-04,1609,5538,,6,5,6,5604,0,0,0,,0,041,"W CHANNEL ISLANDS BL","SAVIERS RD",100.00,W,N,A,-,N,,,,,,,,,,N,2,0,1,2,A,-,05,21650,1,N,G,G,A,A,H,-,A,D,0,,Y,,,Y,,L,04,1,0,0,0,0,0,1,0,0,"- ","- ",34.173049926757812,-119.1785888671875,VENTURA,OXNARD,-119.17799377441406,34.173446655273438
9377863,2021,2022-01-13,5604,2021-12-03,2050,5624,,5,5,6,5604,0,0,0,,0,023,"W 7TH ST","S OXNARD BL",50.00,W,N,A,-,N,,,,,,,,,,N,4,0,1,2,A,-,08,22107,,M,C,C,A,A,H,-,C,A,0,,,,,Y,,A,01,0,0,1,0,0,0,0,0,0,"- ","- ",34.194900512695312,-119.17783355712891,VENTURA,OXNARD,-119.17764282226562,34.195041656494141
9378051,2021,2022-02-02,5604,2021-10-14,0710,5172,,4,5,6,5604,0,0,0,,0,031,"EAST 5TH ST","RICE AV",0.00,,Y,A,-,N,,,,,,,,,,Y,4,0,1,2,A,-,09,21801,A,N,D,C,A,B,H,-,B,A,0,,,,Y,Y,,F,26,0,0,1,0,0,0,0,0,0,"- ","- ",34.196868896484375,-119.14228057861328,VENTURA,OXNARD,-119.14239501953125,34.196842193603516
9379147,2021,2022-01-12,5604,2021-12-13,2054,5216,,1,5,6,5604,0,0,0,,0,014,"RT 232","RT 101",0.00,,Y,C,-,Y,VEN,7,101,-,-,22.180,R,4,S,Y,4,0,1,2,A,-,12,21453,A,N,D,C,A,B,H,-,C,A,0,,,,,Y,,A,07,0,0,1,0,0,0,0,0,0,"- ",SF,34.229999542236328,-119.17465209960938,VENTURA,OXNARD,-119.175048828125,34.233875274658203
9380723,2021,2022-02-01,5600,2021-12-06,1100,4973,8101,1,5,5,5601,0,0,0,,0,8B01,"TAMARIX ST","LATHAN AV",58.00,E,N,B,-,N,,,,,,,,,,,3,0,1,2,A,-,09,21804,A,N,G,B,F,B,H,-,A,D,0,Y,,,,Y,,A,07,0,1,0,0,1,0,0,0,0,"- ","- ",34.23516845703125,-119.05014038085938,VENTURA,CAMARILLO,-119.04998779296875,34.235202789306641
9380921,2022,2022-01-28,5608,2022-01-09,1843,517,,7,5,6,5608,0,0,0,,0,003,"TELEGRAPH RD","BRYN MAWR ST",0.00,,N,A,-,N,,,,,,,,,,Y,4,0,1,2,A,-,08,22107,,N,D,C,A,A,H,-,C,A,0,,,,,Y,,A,01,0,0,1,0,0,0,0,0,0,"- ","- ",,,VENTURA,VENTURA,-119.22217559814453,34.276939392089844
9381538,2022,2022-01-31,5608,2022-01-18,0818,475,,2,5,6,5608,0,0,0,,0,001,"RIVERSIDE ST","W SIMPSON ST",0.00,,Y,A,-,N,,,,,,,,,,N,3,0,1,2,A,-,03,22350,,N,D,B,D,A,H,-,A,A,0,Y,,,,Y,,-,,0,1,0,0,1,0,0,0,0,"- ","- ",,,VENTURA,VENTURA,-119.30609130859375,34.290126800537109
9381540,2022,2022-01-31,5608,2022-01-19,1749,513,,3,5,6,5608,0,0,0,,0,003,"MILLS RD","DEAN DR",273.00,S,N,A,-,N,,,,,,,,,,N,4,0,1,2,A,-,08,22107,,N,G,B,B,A,H,-,C,-,0,Y,,,,Y,,A,01,0,0,1,0,1,0,0,0,0,"- ","- ",,,VENTURA,VENTURA,-119.24642944335938,34.266574859619141
9381773,2021,2022-01-24,5608,2021-12-25,1116,542+,,6,5,6,5608,0,0,0,,0,002,"LOMA VISTA RD","MILLS RD",22.00,N,N,B,C,N,,,,,,,,,,Y,3,0,1,2,D,-,00,,,N,D,C,A,A,H,-,A,A,0,,,,,Y,,-,"- ",0,1,0,0,0,0,0,0,0,"- ","- ",,,VENTURA,VENTURA,-119.24848175048828,34.276721954345703
9381800,2021,2022-01-24,5608,2021-12-31,1209,477,,5,5,6,5608,0,0,0,,0,002,"EAST THOMPSON BL","S ANACAPA ST",0.00,,Y,A,-,N,,,,,,,,,,Y,3,0,2,2,A,-,09,21801,A,N,D,C,A,A,H,-,A,A,0,,,,,Y,,A,01,0,1,1,0,0,0,0,0,0,"- ","- ",,,VENTURA,VENTURA,-119.27120208740234,34.274528503417969
9382198,2021,2021-12-29,5605,2021-11-28,0330,230,PATRO,7,5,3,5605,0,0,0,,0,002,"8TH CIR","YUCCA ST",48.00,N,N,A,-,N,,,,,,,,,,Y,4,0,1,2,A,-,08,22107,,M,C,E,A,A,H,-,C,A,0,,,,,Y,,A,01,0,0,1,0,0,0,0,0,0,"- ","- ",34.166000366210938,-119.18794250488281,VENTURA,"PORT HUENEME",-119.18795776367188,34.166160583496094
9382199,2021,2021-12-29,5605,2021-11-15,1200,129,PATRO,1,5,3,5605,0,0,0,,0,001,"CHANNEL ISLANDS BL","PATTERSON RD  S",400.00,W,N,A,-,N,,,,,,,,,,,2,0,1,3,A,-,03,22350,,N,C,C,A,A,H,-,A,A,0,,,Y,,Y,Y,C,02,1,0,0,0,0,0,0,0,1,"- ","- ",34.175849914550781,-119.20835876464844,VENTURA,"PORT HUENEME",-119.20973968505859,34.175743103027344