CASE_ID,ACCIDENT_YEAR,PROC_DATE,JURIS,COLLISION_DATE,COLLISION_TIME,OFFICER_ID,REPORTING_DISTRICT,DAY_OF_WEEK,CHP_SHIFT,POPULATION,CNTY_CITY_LOC,SPECIAL_COND,BEAT_TYPE,CHP_BEAT_TYPE,CITY_DIVISION_LAPD,CHP_BEAT_CLASS,BEAT_NUMBER,PRIMARY_RD,SECONDARY_RD,DISTANCE,DIRECTION,INTERSECTION,WEATHER_1,WEATHER_2,STATE_HWY_IND,CALTRANS_COUNTY,CALTRANS_DISTRICT,STATE_ROUTE,ROUTE_SUFFIX,POSTMILE_PREFIX,POSTMILE,LOCATION_TYPE,RAMP_INTERSECTION,SIDE_OF_HWY,TOW_AWAY,COLLISION_SEVERITY,NUMBER_KILLED,NUMBER_INJURED,PARTY_COUNT,PRIMARY_COLL_FACTOR,PCF_CODE_OF_VIOL,PCF_VIOL_CATEGORY,PCF_VIOLATION,PCF_VIOL_SUBSECTION,HIT_AND_RUN,TYPE_OF_COLLISION,MVIW,PED_ACTION,ROAD_SURFACE,ROAD_COND_1,ROAD_COND_2,LIGHTING,CONTROL_DEVICE,CHP_ROAD_TYPE,PEDESTRIAN_ACCIDENT,BICYCLE_ACCIDENT,MOTORCYCLE_ACCIDENT,TRUCK_ACCIDENT,NOT_PRIVATE_PROPERTY,ALCOHOL_INVOLVED,STWD_VEHTYPE_AT_FAULT,CHP_VEHTYPE_AT_FAULT,COUNT_SEVERE_INJ,COUNT_VISIBLE_INJ,COUNT_COMPLAINT_PAIN,COUNT_PED_KILLED,COUNT_PED_INJURED,COUNT_BICYCLIST_KILLED,COUNT_BICYCLIST_INJURED,COUNT_MC_KILLED,COUNT_MC_INJURED,PRIMARY_RAMP,SECONDARY_RAMP,LATITUDE,LONGITUDE,COUNTY,CITY,POINT_X,POINT_Y
94592653,2025,2025-02-28,9765,2025-02-09,1308,024090,,7,1,6,5608,0,1,2,,2,302,"US-101 N/B (VENTURA FREEWAY)","VICTORIA AVENUE",1056.00,S,N,A,-,Y,VEN,,101," ",R,24.388,H,,R,Y,4,0,2,2,A,-,01,23152,F,F,C,C,A,A,H,-,A,D,0,,,,,Y,,D,22,0,0,2,0,0,0,0,0,0,"- ","- ",34.250469207763672,-119.20716857910156,VENTURA,VENTURA,-119.20719146728516,34.250434875488281
94593194,2025,2025-02-28,9765,2025-02-22,1744,023498,,6,2,9,5600,0,1,3,,1,012,SR-1,"FARIA BEACH PARK",211.00,N,N,A,-,Y,VEN,,1," "," ",25.917,H,,R,N,2,0,1,3,A,-,08,22107,,N,B,G,A,A,H,-,A,D,0,,Y,,,Y,,M,91,1,0,0,0,0,0,1,0,0,"- ","- ",34.323589324951172,-119.39447021484375,VENTURA,UNINCORPORATED,-119.39443206787109,34.3236083984375
94595152,2025,2025-03-03,9765,2025-02-20,2243,023739,,4,3,9,5600,0,3,5,,2,002,"VILLANOVA ROAD","LOMA DRIVE",86.00,E,N,A,-,N,,,,,,,,,,Y,3,0,1,1,A,-,08,22107,,N,F,J,A,A,H,-,D,D,0,,,,,Y,,A,07,0,1,0,0,0,0,0,0,0,"- ","- ",34.428131103515625,-119.27999877929688,VENTURA,UNINCORPORATED,-119.28008270263672,34.428066253662109
94596426,2025,2025-03-04,9765,2025-02-26,"810 ",017395,,3,1,9,5600,0,1,3,,2,041,"SR-126 W/B (SANTA PAULA FREEWAY)","BRIGGS ROAD.",2059.00,E,N,A,-,Y,VEN,,126," ",R,9.311,H,,L,N,3,0,2,2,A,-,04,21703,,N,C,C,A,A,H,-,A,D,0,,,,,Y,,D,22,0,1,1,0,0,0,0,0,0,"- ","- ",34.326091766357422,-119.09577941894531,VENTURA,UNINCORPORATED,-119.09575653076172,34.326072692871094
94597911,2025,2025-03-06,9770,2025-02-26,2345,022755,,3,3,6,5609,0,1,3,,2,081,"SR-118 E/B (RONALD REAGAN FREEWAY)","LOS ALAMOS CANYON ROAD",250.00,W,N,A,-,Y,VEN,,118," ",R,21.811,H,,R,Y,3,0,1,1,A,-,01,23152,A,N,E,I,A,A,H,-,D,D,0,,,,,Y,Y,A,07,0,1,0,0,0,0,0,0,0,"- ","- ",34.290729522705078,-118.81143188476562,VENTURA,"SIMI VALLEY",-118.81142425537109,34.290809631347656
94601425,2025,2025-03-24,9765,2025-02-27,1515,023911,,4,2,9,5600,0,3,5,,2,006,"PLEASANT VALLEY ROAD","STURGIS ROAD",280.00,W,N,A,-,N,,,,,,,,,,Y,4,0,1,4,A,-,01,23152,A,M,C,2,A,A,H,-,A,A,0,,,,,Y,Y,D,22,0,0,1,0,0,0,0,0,0,"- ","- ",34.200939178466797,-119.10038757324219,VENTURA,UNINCORPORATED,-119.09979248046875,34.201610565185547
94601628,2025,2025-03-18,9765,2025-03-02,1010,020832,,7,1,9,5600,0,3,5,,2,006,"DEER CREEK ROAD","PACIFIC VIEW DRIVE",2112.00,S,N,A,-,N,,,,,,,,,,Y,2,0,1,1,A,-,03,22350,,N,F,A,A,A,H,-,A,D,0,,,,,Y,,A,01,1,0,0,0,0,0,0,0,0,"- ","- ",34.084751129150391,-118.98674774169922,VENTURA,UNINCORPORATED,-118.98712158203125,34.083629608154297
9460257,2022,2022-06-28,5604,2022-05-29,0029,5585,,7,5,6,5604,0,0,0,,0,024,"S VENTURA RD","HILL ST",0.00,,Y,A,-,N,,,,,,,,,,Y,4,0,2,2,A,-,12,21453,A,N,A,C,A,A,H,-,C,A,0,,,,,Y,,A,01,0,0,2,0,0,0,0,0,0,"- ","- ",34.1864013671875,-119.19523620605469,VENTURA,OXNARD,-119.19568634033203,34.1864013671875
9460258,2022,2022-06-28,5604,2022-05-29,1415,5657,,7,5,6,5604,0,0,0,,0,012,"VENTURA BL","NYELAND AV",500.00,W,N,A,-,N,,,,,,,,,,Y,3,0,1,2,A,-,04,21703,,N,C,C,A,A,H,-,A,A,0,,,,,Y,,A,01,0,1,0,0,0,0,0,0,0,"- ","- ",34.223491668701172,-119.13835906982422,VENTURA,OXNARD,-119.13889312744141,34.223114013671875
9460404,2022,2022-06-30,5608,2022-06-08,1250,520,,3,5,6,5608,0,0,0,,0,004,"VICTORIA AV","RALSTON ST",30.00,S,N,A,-,N,,,,,,,,,,N,3,0,1,2,A,-,03,22350,,F,C,C,A,A,H,-,A,A,0,,,,Y,Y,,A,01,0,1,0,0,0,0,0,0,0,"- ","- ",,,VENTURA,VENTURA,-119.21163177490234,34.260978698730469
9460428,2022,2022-07-22,5604,2022-06-06,1337,5569,,1,5,6,5604,0,0,0,,0,022,"W WOOLEY RD","ESCALON DR",0.00,,Y,A,-,N,,,,,,,,,,N,4,0,2,2,A,-,08,22107,,N,C,C,A,A,H,-,A,D,0,,,,,Y,,A,07,0,0,2,0,0,0,0,0,0,"- ","- ",34.190170288085938,-119.19982147216797,VENTURA,OXNARD,-119.1998291015625,34.190189361572266
9460459,2022,2022-06-30,5604,2022-06-09,1924,5678,,4,5,6,5604,0,0,0,,0,011,"DORIS AV","N VENTURA RD",0.00,,Y,B,-,N,,,,,,,,,,Y,4,0,2,2,A,-,09,21801,A,N,D,C,A,A,H,-,A,A,0,,,,,Y,,A,01,0,0,2,0,0,0,0,0,0,"- ","- ",34.208328247070312,-119.19467163085938,VENTURA,OXNARD,-119.19464111328125,34.208362579345703
9460480,2022,2022-07-06,5604,2022-05-26,0610,5172,,4,5,6,5604,0,0,0,,0,014,"RICE AV","RT 101",20.00,S,N,A,-,N,,,,,,,,,,Y,4,0,1,2,A,-,07,21658,A,N,B,C,A,A,H,-,A,A,0,,,,,Y,,A,07,0,0,1,0,0,0,0,0,0,"- ","- ",34.225250244140625,-119.14270782470703,VENTURA,OXNARD,,
94605345,2025,2025-03-27,9765,2025-03-04,1715,015117,,2,2,9,5600,0,3,5,,2,005,"NORTH ST",SR-118,528.00,S,N,A,-,N,,,,,,,,,,N,3,0,1,2,A,-,08,22107,,N,C,E,A,A,H,-,A,D,0,,,,,Y,,D,22,0,1,0,0,0,0,0,0,0,"- ","- ",34.262908935546875,-119.00843811035156,VENTURA,UNINCORPORATED,-119.00812530517578,34.262619018554688
9460542,2022,2022-06-27,5608,2022-06-08,1206,496,,3,5,6,5608,0,0,0,,0,003,"MILLS RD","MAPLE ST",0.00,,Y,A,-,N,,,,,,,,,,Y,4,0,1,3,A,-,03,22350,,N,C,C,A,A,H,-,A,A,0,,,,,Y,,E,22,0,0,1,0,0,0,0,0,0,"- ","- ",,,VENTURA,VENTURA,-119.2469482421875,34.268947601318359
9460607,2022,2022-06-23,5608,2022-06-01,0307,526,,3,5,6,5608,0,0,0,,0,001,"EAST THOMPSON BL","FIGUEROA ST",9.00,W,N,A,-,N,,,,,,,,,,N,4,0,1,2,A,-,10,21950,A,F,G,B,B,A,H,-,C,A,0,Y,,,,Y,,A,01,0,0,1,0,1,0,0,0,0,"- ","- ",,,VENTURA,VENTURA,-119.29776000976562,34.27825927734375
9460608,2022,2022-06-23,5608,2022-06-04,2020,475,,6,5,6,5608,0,0,0,,0,001,"NORTH VENTURA AV","E WARNER ST",0.00,,Y,A,-,N,,,,,,,,,,Y,2,0,1,2,A,-,03,22350,,N,D,C,A,A,H,-,A,A,0,,,,,Y,,-,,1,0,0,0,0,0,0,0,0,"- ","- ",,,VENTURA,VENTURA,-119.29747009277344,34.292484283447266
9460612,2022,2022-06-23,5608,2022-06-07,1454,522,,2,5,6,5608,0,0,0,,0,004,"MARKET ST","EASTMAN AV",90.00,W,N,A,-,N,,,,,,,,,,N,3,0,1,1,D,-,00,,,N,-,A,A,A,H,-,A,D,0,,Y,,,Y,,-,"- ",0,1,0,0,0,0,1,0,0,"- ","- ",,,VENTURA,VENTURA,-119.23047637939453,34.257328033447266
94613915,2025,2025-03-24,9770,2025-03-18,2347,023131,,2,3,9,5600,0,1,3,,1,044,"SR-126 W/B (EAST TELEGRAPH ROAD)","PACIFIC AVENUE (WEST)",625.00,E,N,A,-,Y,VEN,,126," ",R,27.516,H,,L,Y,3,0,1,1,A,-,08,22107,,N,E,I,A,A,H,-,D,D,0,,,,,Y,,A,01,0,1,0,0,0,0,0,0,0,"- ","- ",34.400718688964844,-118.80789184570312,VENTURA,UNINCORPORATED,-118.80790710449219,34.40087890625
9461647,2022,2022-07-08,5608,2022-06-20,0844,505,,1,5,6,5608,0,0,0,,0,003,"TELEPHONE RD","KIMBALL RD",108.00,W,N,A,-,N,,,,,,,,,,Y,3,0,1,1,A,-,01,23152,F,N,A,I,A,A,H,-,A,D,0,,,,,Y,,A,01,0,1,0,0,0,0,0,0,0,"- ","- ",,,VENTURA,VENTURA,-119.18901062011719,34.268825531005859
9461648,2022,2022-07-11,5608,2022-06-17,1157,519,,5,5,6,5608,0,0,0,,0,004,"VICTORIA AV","AVOCET DR",25.00,S,N,A,-,N,,,,,,,,,,Y,3,0,1,2,A,-,03,22350,,N,C,C,A,A,H,-,A,A,0,,,Y,,Y,,A,01,0,1,0,0,0,0,0,0,1,"- ","- ",,,VENTURA,VENTURA,-119.21106719970703,34.258342742919922
9461650,2022,2022-07-08,5608,2022-06-18,2007,495,,6,5,6,5608,0,0,0,,0,004,"BRISTOL RD","KATERINE AV",141.00,W,N,A,-,N,,,,,,,,,,N,3,0,1,2,-,-,"- ",,,N,E,B,D,A,H,-,A,D,0,Y,,,,Y,,-,"- ",0,1,0,0,1,0,0,0,0,"- ","- ",,,VENTURA,VENTURA,-119.20473480224609,34.253437042236328
9461654,2022,2022-07-08,5608,2022-06-22,1227,521,,3,5,6,5608,0,0,0,,0,001,"SHORELINE DR","SHORELINE DR DEAD END",1450.00,E,N,A,-,N,,,,,,,,,,N,4,0,1,2,A,-,08,22107,,F,G,B,E,A,H,-,A,-,0,Y,,,,Y,,A,07,0,0,1,0,1,0,0,0,0,"- ","- ",,,VENTURA,VENTURA,-120.97611236572266,35.746200561523438
94624341,2025,2025-03-24,9770,2025-03-19,1730,021911,,3,2,6,5607,0,1,2,,2,074,"US-101 N/B (VENTURA FREEWAY)","RANCHO ROAD",528.00,S,N,A,-,Y,VEN,,101," "," ",2.933,H,,R,Y,4,0,2,3,A,-,03,22350,,N,C,C,A,A,H,-,A,D,0,,,,,Y,,D,22,0,0,2,0,0,0,0,0,0,"- ","- ",34.175968170166016,-118.85664367675781,VENTURA,"THOUSAND OAKS",-118.85663604736328,34.176002502441406
94626472,2025,2025-03-25,9770,2025-03-18,2018,021461,,2,2,4,5690,0,1,3,,2,080,"SR-118 W/B (RONALD REAGAN FREEWAY)","COLLINS DRIVE",3960.00,E,N,A,-,Y,VEN,,118," ",R,20.925,H,,L,Y,3,0,3,2,A,-,01,23152,A,N,C,C,A,A,H,-,D,D,0,,,,,Y,Y,A,07,0,2,1,0,0,0,0,0,0,"- ","- ",34.292140960693359,-118.82679748535156,VENTURA,MOORPARK,-118.82679748535156,34.292133331298828
94627824,2025,2025-03-26,9765,2025-03-21,1525,023561,,5,2,4,5606,0,1,3,,2,040,"SR-126 E/B","PECK ROAD",500.00,W,N,A,-,Y,VEN,,126," ",R,9.486,H,,R,Y,4,0,2,4,A,-,03,22350,,N,C,C,A,A,H,-,A,D,0,,,,Y,Y,,F,26,0,0,2,0,0,0,0,0,0,"- ","- ",34.327800750732422,-119.09352874755859,VENTURA,"SANTA PAULA",-119.09353637695312,34.327808380126953
94627836,2025,2025-03-26,9765,2025-03-21,1617,023911,,5,2,5,5601,0,1,2,,2,504,"US-101 N/B","CARMEN DRIVE",950.00,N,N,A,-,Y,VEN,,101," "," ",14.990,H,,R,N,3,0,1,2,A,-,03,22350,,N,C,C,A,A,H,-,A,D,0,,,,,Y,,A,07,0,1,0,0,0,0,0,0,0,"- ","- ",34.218029022216797,-119.05390167236328,VENTURA,CAMARILLO,-119.05390167236328,34.217998504638672
94631891,2025,2025-03-31,9770,2025-03-31,"634 ",019849,,1,1,9,5600,0,1,3,,1,057,"SR-23 (GRIMES CANYON RD)","WAYNES WAY",1584.00,N,N,B,-,Y,VEN,,23," "," ",18.843,H,,R,Y,4,0,1,2,A,-,03,22350,,N,D,C,A,B,H,-,B,D,0,,,Y,,Y,,A,01,0,0,1,0,0,0,0,0,1,"- ","- ",34.342220306396484,-118.90313720703125,VENTURA,UNINCORPORATED,-118.90312957763672,34.342220306396484
9463216,2022,2022-07-20,5608,2022-07-08,1148,451,,5,5,6,5608,0,0,0,,0,003,"WELLS RD","TELEGRAPH RD",0.00,,Y,A,-,N,,,,,,,,,,Y,3,0,1,2,A,-,09,21801,A,N,D,C,A,A,H,-,A,A,0,,,Y,,Y,,A,08,0,1,0,0,0,0,0,0,1,"- ","- ",,,VENTURA,VENTURA,-119.16130828857422,34.295013427734375
94632928,2025,2025-04-01,9765,2025-03-25,1145,016234,,2,1,6,5608,0,1,2,,2,302,"US-101 N/B (VENTURA FREEWAY)","NORTH BANK DRIVE",900.00,S,N,A,-,Y,VEN,,101," ",R,23.500,H,,R,Y,4,0,1,4,A,-,03,22350,,N,C,C,A,A,H,-,A,D,0,,,,,Y,,A,01,0,0,1,0,0,0,0,0,0,"- ","- ",34.243980407714844,-119.19349670410156,VENTURA,VENTURA,-119.19350433349609,34.243972778320312
94633261,2025,2025-04-01,9765,2025-03-25,1310,015117,,2,1,9,5600,0,3,5,,2,006,"PLEASANT VALLEY RD","DODGE RD",0.00,,Y,B,-,N,,,,,,,,,,N,3,0,3,2,A,-,12,21453,A,N,D,C,A,A,H,-,A,A,0,,,,,Y,,A,01,0,1,2,0,0,0,0,0,0,"- ","- ",34.169181823730469,-119.1363525390625,VENTURA,UNINCORPORATED,-119.13632202148438,34.169227600097656
94633433,2025,2025-04-01,9765,2025-03-26,1610,024183,,3,2,9,5600,0,3,5,,2,005,"SR-118 (LOS ANGELES AVENUE)","BRADLEY STREET",52.00,E,N,A,-,N,,,,,,,,,,Y,3,0,1,2,A,-,09,21804,A,N,C,C,A,A,H,-,A,A,0,,,,,Y,,D,22,0,1,0,0,0,0,0,0,0,"- ","- ",34.263729095458984,-119.01101684570312,VENTURA,UNINCORPORATED,-119.01103973388672,34.263771057128906
94634528,2025,2025-04-02,9765,2025-03-27,1845,023911,,4,2,9,5600,0,3,5,,2,005,"COLLINS STREET","ROSE AVENUE",350.00,W,N,B,-,N,,,,,,,,,,N,3,0,1,1,A,-,05,21650,,N,F,A,A,A,H,-,A,A,0,,Y,,,Y,,L,04,0,1,0,0,0,0,1,0,0,"- ","- ",34.231479644775391,-119.15749359130859,VENTURA,UNINCORPORATED,-119.15748596191406,34.231407165527344
94641853,2025,2025-04-08,9765,2025-04-02,"645 ",015117,,3,1,9,5600,0,3,5,,2,006,"HUENEME RD","NAVAL AIR RD",528.00,W,N,B,-,N,,,,,,,,,,N,3,0,1,2,A,-,06,21755,,N,D,C,A,A,H,-,D,D,0,,,,,Y,,D,22,0,1,0,0,0,0,0,0,0,"- ","- ",34.146961212158203,-119.11811065673828,VENTURA,UNINCORPORATED,-119.1143798828125,34.146968841552734
9464388,2022,2022-09-06,5608,2022-07-21,0716,501,VENTU,4,5,6,5608,0,0,0,,0,002,"HARBOR BL","SCHOONER DR",428.00,N,N,A,-,N,,,,,,,,,,Y,1,1,0,1,A,-,03,22350,,N,E,I,A,A,H,-,A,D,0,,,,,Y,,A,01,0,0,0,0,0,0,0,0,0,"- ","- ",,,VENTURA,VENTURA,-119.25830841064453,34.250236511230469
94644677,2025,2025-04-10,9770,2025-04-03,1600,017662,,4,2,6,5607,0,1,2,,2,072,"US-101 N/B (VENTURA FREEWAY)","WENDY DRIVE",515.00,N,N,A,-,Y,VEN,,101," "," ",7.996,H,,R,Y,4,0,1,2,A,-,03,22350,,N,C,C,A,A,H,-,A,D,0,,,,,Y,,A,01,0,0,1,0,0,0,0,0,0,"- ","- ",34.1905517578125,-118.94097137451172,VENTURA,"THOUSAND OAKS",-118.94094085693359,34.190593719482422
94647966,2025,2025-04-14,9765,2025-03-30,1552,024275,,7,2,4,5606,0,1,3,,2,040,"SR-126 E/B","EDWARDS RANCH OVER CROSS",119.00,E,N,B,-,Y,VEN,,126," ",R,6.921,H,,R,N,4,0,1,2,A,-,03,22350,,N,C,C,A,A,H,-,A,D,0,,,,,Y,,A,07,0,0,1,0,0,0,0,0,0,"- ","- ",34.305450439453125,-119.12953186035156,VENTURA,"SANTA PAULA",-119.12953948974609,34.305461883544922
9464983,2022,2022-12-01,5604,2022-10-27,1017,5172,,4,5,6,5604,0,0,0,,0,011,"N H ST","RODERICK AV",0.00,,Y,A,-,N,,,,,,,,,,Y,3,0,4,2,A,-,09,21802,A,N,D,C,A,A,H,-,A,A,0,,,,,Y,,A,01,0,1,3,0,0,0,0,0,0,"- ","- ",34.209819793701172,-119.18801116943359,VENTURA,OXNARD,-119.18801116943359,34.2098388671875
9464989,2022,2022-12-01,5604,2022-10-28,1655,5529,,5,5,6,5604,0,0,0,,0,024,"ELM ST","G ST",100.00,E,N,A,-,N,,,,,,,,,,Y,4,0,3,2,A,-,03,22350,,N,C,E,A,A,H,-,A,D,0,,,,,Y,,A,01,0,0,3,0,0,0,0,0,0,"- ","- ",34.183551788330078,-119.18620300292969,VENTURA,OXNARD,-119.18585205078125,34.183578491210938
94649932,2025,2025-04-15,9765,2025-04-08,1715,024183,,2,2,5,5601,0,1,2,,2,502,"US-101 N/B (VENTURA FREEWAY)","CARMEN DRIVE",232.00,N,N,A,-,Y,VEN,,101," "," ",14.741,H,,R,N,3,0,1,3,A,-,03,22350,,N,C,C,A,A,H,-,A,D,0,,,,,Y,Y,A,01,0,1,0,0,0,0,0,0,0,"- ","- ",34.217479705810547,-119.04953765869141,VENTURA,CAMARILLO,-119.04952239990234,34.217704772949219
9464994,2022,2022-12-01,5604,2022-10-21,1706,5211,,5,5,6,5604,0,0,0,,0,041,"E PLEASANT VALLEY RD","N SYRACUSE DR",0.00,,Y,A,-,N,,,,,,,,,,Y,4,0,1,2,A,-,09,21802,A,N,D,C,A,-,H,-,B,A,0,,,,,Y,,A,01,0,0,1,0,0,0,0,0,0,"- ","- ",34.159538269042969,-119.1561279296875,VENTURA,OXNARD,-119.15618133544922,34.159645080566406
94653030,2025,2025-04-17,9765,2025-04-06,"132 ",024090,,7,3,9,5600,0,3,5,,2,002,"SANTA ANA RD","HOLLINGSWORTH RANCH RD.",1640.00,N,N,A,-,N,,,,,,,,,,N,4,0,2,1,A,-,01,23152,A,N,E,8,A,A,H,-,D,D,0,,,,,Y,Y,A,07,0,0,2,0,0,0,0,0,0,"- ","- ",34.379959106445312,-119.30953216552734,VENTURA,UNINCORPORATED,,
9465462,2022,2023-01-30,5608,2022-12-02,0030,495,,5,5,6,5608,0,0,0,,0,003,"FOOTHILL RD","N WELLS RD",0.00,,Y,C,-,N,,,,,,,,,,Y,4,0,1,1,A,-,03,22350,,N,E,I,A,B,H,-,C,D,0,,,,,Y,,A,01,0,0,1,0,0,0,0,0,0,"- ","- ",,,VENTURA,VENTURA,-119.16596984863281,34.300342559814453
94655075,2025,2025-04-18,9765,2025-04-12,1305,024440,,6,1,9,5600,0,3,5,,2,006,"PLEASANT VALLEY RD","LAS POSAS RD",400.00,W,N,A,-,N,,,,,,,,,,N,4,0,1,2,A,-,03,22350,,N,C,C,A,A,H,-,A,D,0,,,,,Y,,A,01,0,0,1,0,0,0,0,0,0,"- ","- ",34.205638885498047,-119.07366180419922,VENTURA,UNINCORPORATED,-119.07099914550781,34.205589294433594
94660483,2025,2025-04-23,9770,2025-04-12,"925 ",024422,,6,1,9,5600,0,3,5,,2,005,"STOCKTON ROAD","WATERS ROAD",1584.00,N,N,A,-,N,,,,,,,,,,Y,3,0,2,2,C,-,18,,,N,E,I,A,A,B,-,A,D,0,,Y,,,Y,,-,"- ",0,2,0,0,0,0,2,0,0,"- ","- ",34.315399169921875,-118.93962097167969,VENTURA,UNINCORPORATED,-118.94047546386719,34.315280914306641
9466193,2022,2023-01-27,5608,2022-12-03,1721,535,,6,5,6,5608,0,0,0,,0,,"CHESTNUT ST","POLI ST",0.00,,Y,A,-,N,,,,,,,,,,N,3,0,1,2,A,-,03,22350,,N,G,B,C,A,H,-,C,D,0,Y,,,Y,Y,,-,"- ",0,1,0,0,1,0,0,0,0,"- ","- ",34.281768798828125,-119.29148864746094,VENTURA,VENTURA,-119.29158020019531,34.282142639160156
9466194,2022,2023-01-27,5608,2022-12-05,0715,527,,1,5,6,5608,0,0,0,,0,004,"VICTORIA AV","TELEPHONE RD",5.00,N,N,A,-,N,,,,,,,,,,N,4,0,1,2,A,-,03,22350,,N,C,C,A,A,H,-,A,A,0,,,Y,,Y,,D,22,0,0,1,0,0,0,0,0,1,"- ","- ",34.155448913574219,-119.12441253662109,VENTURA,VENTURA,-119.21256256103516,34.265472412109375
94667147,2025,2025-04-28,9765,2025-04-24,1640,022453,,4,2,5,5601,0,1,2,,2,504,"US-101 N/B","LAS POSAS ROAD",2500.00,S,N,A,-,Y,VEN,,101," "," ",15.378,H,,R,Y,4,0,1,2,A,-,03,22350,,N,C,C,A,A,H,-,A,D,0,,,,,Y,,D,22,0,0,1,0,0,0,0,0,0,"- ","- ",34.218509674072266,-119.060791015625,VENTURA,CAMARILLO,-119.06078338623047,34.218544006347656
94667172,2025,2025-04-28,9765,2025-04-24,1740,021999,,4,2,6,5604,0,1,2,,2,501,"US-101 S/B (VENTURA FREEWAY)","DEL NORTE BLVD.",1742.00,S,N,B,-,Y,VEN,,101," "," ",18.663,H,,L,Y,4,0,1,2,A,-,08,22107,,N,C,C,A,A,D,-,A,D,0,,,Y,,Y,,C,02,0,0,1,0,0,0,0,0,1,"- ","- ",34.221931457519531,-119.12100982666016,VENTURA,OXNARD,-119.12100982666016,34.221939086914062
94668350,2024,2025-04-29,9765,2024-06-08,1816,023498,,6,2,9,5600,0,3,5,,2,004,"BARDSDALE AVENUE","VENTURA STREET",0.00,,Y,A,-,N,,,,,,,,,,Y,1,1,5,2,A,-,01,23152,A,N,D,2,A,A,H,-,A,A,0,,,,,Y,Y,A,01,0,5,0,0,0,0,0,0,0,"- ","- ",34.371559143066406,-118.93331909179688,VENTURA,UNINCORPORATED,-118.93324279785156,34.371559143066406
94668816,2025,2025-04-29,9770,2025-04-28,1630,023391,,1,2,9,5600,0,2,4,,1,031,"SANTA ROSA ROAD","BARBARA DRIVE",350.00,W,N,A,-,N,,,,,,,,,,Y,4,0,2,3,A,-,03,22350,,N,C,C,A,A,H,-,A,D,0,,,,Y,Y,,A,01,0,0,2,0,0,0,0,0,0,"- ","- ",34.236080169677734,-118.92555999755859,VENTURA,UNINCORPORATED,-118.92559051513672,34.236118316650391
9467225,2022,2023-02-06,5604,2022-12-22,0633,5172,,4,5,6,5604,0,0,0,,0,024,"FIR AV","SAVIERS RD",0.00,,Y,A,-,N,,,,,,,,,,Y,4,0,1,2,A,-,09,21801,A,N,D,C,A,A,H,-,B,D,0,,,,,Y,,A,01,0,0,1,0,0,0,0,0,0,"- ","- ",34.181938171386719,-119.17745971679688,VENTURA,OXNARD,-119.17755126953125,34.181972503662109
9467227,2022,2023-02-06,5604,2022-12-23,1408,5675,,5,5,6,5604,0,0,0,,0,024,"M ST","CHANNEL ISLANDS BL",0.00,,Y,A,-,N,,,,,,,,,,N,4,0,1,2,A,-,10,21950,A,N,G,B,B,A,H,-,A,A,0,Y,,,,Y,,D,22,0,0,1,0,1,0,0,0,0,"- ","- ",34.175579071044922,-119.19126129150391,VENTURA,OXNARD,-119.19127655029297,34.175609588623047
94672354,2025,2025-05-01,9765,2025-04-30,1828,021999,,3,2,9,5600,0,3,5,,2,005,"SANTA CLARA AVENUE","FRIEDRICH ROAD",0.00,,Y,A,-,N,,,,,,,,,,Y,4,0,1,2,A,-,12,21453,A,N,D,C,A,A,H,-,A,A,0,,,,,Y,,A,07,0,0,1,0,0,0,0,0,0,"- ","- ",34.230358123779297,-119.13446807861328,VENTURA,UNINCORPORATED,-119.134521484375,34.230384826660156
9467458,2023,2023-02-15,5604,2023-01-08,1824,5647,,7,5,6,5604,0,0,0,,0,032,"CHANNEL ISLANDS BL","DUPONT ST",40.00,E,N,A,-,N,,,,,,,,,,Y,3,0,1,3,A,-,01,23152,A,N,C,C,A,A,H,-,C,A,0,,,Y,,Y,Y,C,02,0,1,0,0,0,0,0,0,1,"- ","- ",34.173259735107422,-119.15431976318359,VENTURA,OXNARD,-119.15419006347656,34.173286437988281
9467459,2023,2023-02-17,5604,2023-01-07,"22  ",5657,,6,5,6,5604,0,0,0,,0,014,"H ST","VIOLET WY",0.00,,Y,A,-,N,,,,,,,,,,Y,2,0,2,1,A,-,01,23153,A,N,A,I,A,A,H,-,A,A,0,,,,,Y,Y,A,01,1,0,1,0,0,0,0,0,0,"- ","- ",34.236831665039062,-119.18601226806641,VENTURA,OXNARD,-119.18608856201172,34.236721038818359
9467460,2023,2023-02-15,5604,2023-01-08,1436,5614,,7,5,6,5604,0,0,0,,0,022,"PALM DR","MAGNOLIA AV",0.00,,Y,A,-,N,,,,,,,,,,Y,3,0,1,3,A,-,09,21802,A,N,D,C,A,A,H,-,A,D,0,,,,,Y,,A,01,0,1,0,0,0,0,0,0,0,"- ","- ",34.205009460449219,-119.18785858154297,VENTURA,OXNARD,-119.18787384033203,34.204795837402344
94675099,2025,2025-05-05,9430,2025-04-22,"630 ",019845,,2,1,9,5600,0,1,3,,1,030,SR-33,"LOCKWOOD VALLEY ROAD",15840.00,S,N,A,-,Y,VEN,,33," "," ",45.798,H,,R,Y,4,0,1,1,A,-,08,22107,,N,E,8,A,A,H,-,B,D,0,,,,,Y,,A,01,0,0,1,0,0,0,0,0,0,"- ","- ",34.666908264160156,-119.36338806152344,VENTURA,UNINCORPORATED,-119.36338043212891,34.666946411132812