CASE_ID,ACCIDENT_YEAR,PROC_DATE,JURIS,COLLISION_DATE,COLLISION_TIME,OFFICER_ID,REPORTING_DISTRICT,DAY_OF_WEEK,CHP_SHIFT,POPULATION,CNTY_CITY_LOC,SPECIAL_COND,BEAT_TYPE,CHP_BEAT_TYPE,CITY_DIVISION_LAPD,CHP_BEAT_CLASS,BEAT_NUMBER,PRIMARY_RD,SECONDARY_RD,DISTANCE,DIRECTION,INTERSECTION,WEATHER_1,WEATHER_2,STATE_HWY_IND,CALTRANS_COUNTY,CALTRANS_DISTRICT,STATE_ROUTE,ROUTE_SUFFIX,POSTMILE_PREFIX,POSTMILE,LOCATION_TYPE,RAMP_INTERSECTION,SIDE_OF_HWY,TOW_AWAY,COLLISION_SEVERITY,NUMBER_KILLED,NUMBER_INJURED,PARTY_COUNT,PRIMARY_COLL_FACTOR,PCF_CODE_OF_VIOL,PCF_VIOL_CATEGORY,PCF_VIOLATION,PCF_VIOL_SUBSECTION,HIT_AND_RUN,TYPE_OF_COLLISION,MVIW,PED_ACTION,ROAD_SURFACE,ROAD_COND_1,ROAD_COND_2,LIGHTING,CONTROL_DEVICE,CHP_ROAD_TYPE,PEDESTRIAN_ACCIDENT,BICYCLE_ACCIDENT,MOTORCYCLE_ACCIDENT,TRUCK_ACCIDENT,NOT_PRIVATE_PROPERTY,ALCOHOL_INVOLVED,STWD_VEHTYPE_AT_FAULT,CHP_VEHTYPE_AT_FAULT,COUNT_SEVERE_INJ,COUNT_VISIBLE_INJ,COUNT_COMPLAINT_PAIN,COUNT_PED_KILLED,COUNT_PED_INJURED,COUNT_BICYCLIST_KILLED,COUNT_BICYCLIST_INJURED,COUNT_MC_KILLED,COUNT_MC_INJURED,PRIMARY_RAMP,SECONDARY_RAMP,LATITUDE,LONGITUDE,COUNTY,CITY,POINT_X,POINT_Y
82253582,2023,2023-12-06,5609,2023-11-30,1143,443,,4,5,6,5609,0,0,0,,0,006,"KUEHNER DR","118 EB OFF KUEHNER RAMP",214.00,S,N,A,-,Y,,,,,,,,,,Y,4,0,2,2,A,-,08,22100,A,N,D,C,A,A,H,-,A,D,0,,,,,Y,,A,01,0,0,2,0,0,0,0,0,0,"- ","- ",34.278419494628906,-118.66204833984375,VENTURA,"SIMI VALLEY",,
82253583,2023,2023-12-06,5609,2023-12-04,1559,5023,,1,5,6,5609,0,0,0,,0,003,"ROYAL AVE","ERRINGER RD",644.00,E,N,A,-,N,,,,,,,,,,Y,3,0,2,2,A,-,03,22350,,N,B,C,A,A,H,-,A,D,0,,,,,Y,,A,08,0,1,1,0,0,0,0,0,0,"- ","- ",34.263648986816406,-118.76136779785156,VENTURA,"SIMI VALLEY",-118.75954437255859,34.26275634765625
82260497,2023,2023-12-13,5609,2023-12-08,1406,5000,,5,5,6,5609,0,0,0,,0,003,"MORLEY ST","MALCOLM ST",46.00,W,N,A,-,N,,,,,,,,,,Y,4,0,1,1,A,-,08,22107,,N,E,I,A,A,H,-,A,D,0,,,,,Y,,A,01,0,0,1,0,0,0,0,0,0,"- ","- ",34.265628814697266,-118.75591278076172,VENTURA,"SIMI VALLEY",-118.75607299804688,34.265659332275391
82266790,2023,2023-12-20,5600,2023-11-25,1121,5781,8125,6,5,5,5601,0,0,0,,0,8C01,"ARNEILL RD","DAILY DR",0.00,,Y,A,-,N,,,,,,,,,,Y,3,0,1,2,A,-,09,21801,A,N,H,C,A,A,H,-,A,A,0,,,,,Y,,A,01,0,1,0,0,0,0,0,0,0,"- ","- ",34.215980529785156,-119.0423583984375,VENTURA,CAMARILLO,-119.03900909423828,34.217819213867188
82266791,2023,2023-12-20,5600,2023-11-26,1538,4704,8006,7,5,5,5601,0,0,0,,0,8A01,"LAS POSAS RD","CALLE LA GUERRA",0.00,,Y,B,-,N,,,,,,,,,,N,4,0,2,2,A,-,09,21801,A,N,H,C,A,A,H,-,A,A,0,,,,,Y,,A,01,0,0,2,0,0,0,0,0,0,"- ","- ",34.226509094238281,-119.06979370117188,VENTURA,CAMARILLO,-119.06980133056641,34.226539611816406
82266804,2023,2023-12-20,5600,2023-12-13,1412,4527,9148,3,5,6,5607,0,0,0,,0,9G01,"RANCHO RD","101 FW (S)",0.00,,Y,A,-,Y,,,,,,,,,,Y,3,0,2,2,A,-,09,21801,A,N,D,C,A,A,H,-,A,A,0,,,,,Y,,A,07,0,1,1,0,0,0,0,0,0,"- ","- ",34.177219390869141,-118.84757232666016,VENTURA,"THOUSAND OAKS",,
82271779,2023,2023-12-27,5609,2023-12-22,1737,5023,,5,5,6,5609,0,0,0,,0,002,"MADERA RD","COUNTRY CLUB DR (W)",64.00,W,N,B,-,N,,,,,,,,,,Y,3,0,5,2,A,-,03,22350,,N,C,C,A,A,H,-,C,A,0,,,,,Y,,A,01,0,1,4,0,0,0,0,0,0,"- ","- ",34.251659393310547,-118.82230377197266,VENTURA,"SIMI VALLEY",-118.82247924804688,34.251590728759766
82277523,2023,2024-01-03,5609,2023-12-13,"509 ",5000,,3,5,6,5609,0,0,0,,0,003,"VOYAGER AVE","MERCURY PL",9.00,S,N,A,-,Y,,,,,,,,,,Y,4,0,1,2,A,-,05,21460,A,N,A,C,A,A,H,-,C,D,0,,,,,Y,,A,01,0,0,1,0,0,0,0,0,0,"- ","- ",34.270481109619141,-118.72075653076172,VENTURA,"SIMI VALLEY",-118.72084045410156,34.270477294921875
82277538,2024,2024-01-03,5609,2024-01-01,1845,5033,204,1,5,6,5609,0,0,0,,0,002,"FOURTH ST","PACIFIC AVE",0.00,,Y,A,-,N,,,,,,,,,,Y,3,0,1,2,A,-,12,22450,A,N,D,C,A,A,H,-,C,A,0,,,,,Y,,A,01,0,1,0,0,0,0,0,0,0,"- ","- ",34.269569396972656,-118.78246307373047,VENTURA,"SIMI VALLEY",-118.78244018554688,34.269676208496094
82278849,2023,2024-01-10,5600,2023-12-22,1641,5244,9050,5,5,6,5607,0,0,0,,0,9B01,"MONTGOMERY RD","OLD FARM RD",43.00,S,N,B,-,N,,,,,,,,,,Y,2,0,1,1,D,-,00,,,N,H,A,A,A,H,-,A,A,0,,,Y,,Y,,-,"- ",1,0,0,0,0,0,0,0,1,"- ","- ",34.205089569091797,-118.86148071289062,VENTURA,"THOUSAND OAKS",-118.86153411865234,34.205055236816406
82283402,2023,2024-01-10,5600,2023-12-06,1734,5334,5116,3,5,4,5690,0,0,0,,0,2A01,"LOS ANGELES AV","EDENBRIDGE RD",0.00,,Y,A,-,Y,VEN,,118," ",R,17.795,H,,L,Y,3,0,1,3,A,-,03,22350,,N,C,C,A,A,H,-,C,D,0,,,,,Y,,-,"- ",0,1,0,0,0,0,0,0,0,"- ","- ",34.278938293457031,-118.87722015380859,VENTURA,MOORPARK,-118.87722015380859,34.27899169921875
82283411,2023,2024-01-10,5600,2023-12-14,1615,5312,8104,4,5,5,5601,0,0,0,,0,8B01,"DAILY DR","CARMEN DR",773.00,E,N,A,-,N,,,,,,,,,,N,3,0,1,2,A,-,09,21804,A,N,D,C,A,A,H,-,A,D,0,,,,,Y,,A,01,0,1,0,0,0,0,0,0,0,"- ","- ",34.217559814453125,-119.05410003662109,VENTURA,CAMARILLO,-119.04878997802734,34.218116760253906
82289827,2024,2024-01-18,5609,2024-01-12,1648,464,,5,5,6,5609,0,0,0,,0,001,"LOS ANGELES AVE","FOURTH ST",28.00,E,N,A,-,N,,,,,,,,,,N,4,0,2,2,A,-,03,22350,,N,C,C,A,A,H,-,A,A,0,,,,,Y,,D,22,0,0,2,0,0,0,0,0,0,"- ","- ",34.271621704101562,-118.78244018554688,VENTURA,"SIMI VALLEY",-118.78234100341797,34.271656036376953
82297567,2024,2024-01-26,5600,2024-01-23,1437,5644,,2,5,6,5607,0,0,0,,0,9A01,"MOORPARK RD","AVENIDA DE LOS ARBOLES",45.00,N,N,A,-,N,,,,,,,,,,N,4,0,1,2,A,-,21,22106,,N,C,C,A,A,H,-,A,A,0,,,,,Y,,A,01,0,0,1,0,0,0,0,0,0,"- ","- ",34.218070983886719,-118.86839294433594,VENTURA,"THOUSAND OAKS",-118.86840057373047,34.218193054199219
82302481,2024,2024-02-01,5600,2024-01-23,1430,4946,,2,5,6,5607,0,0,0,,0,9H01,"CAMINO DOS RIOS","BROADBECK DR",49.00,W,N,A,-,N,,,,,,,,,,N,4,0,1,2,A,-,03,22350,,F,C,C,A,A,H,-,A,A,0,,,,,Y,,-,99,0,0,1,0,0,0,0,0,0,"- ","- ",34.190780639648438,-118.93639373779297,VENTURA,"THOUSAND OAKS",-118.9365234375,34.190738677978516
82304477,2024,2024-02-05,5609,2024-01-29,"848 ",356,,1,5,6,5609,0,0,0,,0,002,"FIRST ST","FITZGERALD RD",0.00,,Y,A,-,N,,,,,,,,,,Y,4,0,2,2,A,-,09,21801,A,N,D,C,A,A,H,-,A,A,0,,,,,Y,,D,22,0,0,2,0,0,0,0,0,0,"- ","- ",34.257129669189453,-118.77906036376953,VENTURA,"SIMI VALLEY",-118.77919006347656,34.257312774658203
82308557,2024,2024-02-08,5609,2024-01-22,1707,5004,,1,5,6,5609,0,0,0,,0,003,"ROYAL AVE","CROCKER ST",257.00,E,N,C,-,N,,,,,,,,,,Y,4,0,1,2,A,-,03,22350,,N,C,C,A,B,H,-,A,D,0,,,,,Y,,D,22,0,0,1,0,0,0,0,0,0,"- ","- ",34.264518737792969,-118.76889038085938,VENTURA,"SIMI VALLEY",-118.76804351806641,34.264480590820312
82308568,2024,2024-02-08,5609,2024-02-06,1815,5023,,2,5,6,5609,0,0,0,,0,006,"YOSEMITE AVE","MOUNT SINAI DR",115.00,N,N,C,-,N,,,,,,,,,,Y,4,0,1,1,A,-,08,22107,,N,E,I,A,B,H,-,C,D,0,,,,,Y,,A,07,0,0,1,0,0,0,0,0,0,"- ","- ",34.283039093017578,-118.67929840087891,VENTURA,"SIMI VALLEY",-118.67970275878906,34.283252716064453
82309796,2024,2024-02-09,5600,2024-01-25,1522,5862,8059,4,5,5,5601,0,0,0,,0,8A01,"VENTURA BL","OVERLAND RD",0.00,,Y,A,-,N,,,,,,,,,,Y,4,0,2,2,A,-,09,21802,A,N,D,C,A,A,H,-,A,A,0,,,,,Y,,A,07,0,0,2,0,0,0,0,0,0,"- ","- ",34.215419769287109,-119.07990264892578,VENTURA,CAMARILLO,-119.07662963867188,34.217002868652344
82309821,2024,2024-02-09,5600,2024-02-02,2042,5454,9050,5,5,6,5607,0,0,0,,0,9B01,"MOORPARK RD","GAINSBOROUGH RD",394.00,S,N,A,-,N,,,,,,,,,,Y,3,0,1,1,A,-,08,22107,,N,E,I,A,A,H,-,C,D,0,,,,,Y,,A,01,0,1,0,0,0,0,0,0,0,"- ","- ",34.191749572753906,-118.87593078613281,VENTURA,"THOUSAND OAKS",-118.87296295166016,34.194015502929688
82314458,2024,2024-02-15,5600,2024-02-07,2003,4550,9085,3,5,6,5607,0,0,0,,0,9G01,"HILLCREST DR","OFFRAMP SB 23 HILLCREST",0.00,,Y,C,-,N,,,,,,,,,,Y,4,0,1,2,A,-,09,21801,A,N,D,C,A,B,H,-,C,A,0,,,,,Y,,D,22,0,0,1,0,0,0,0,0,0,"- ","- ",34.182968139648438,-118.85002136230469,VENTURA,"THOUSAND OAKS",-118.8333740234375,34.172370910644531
82315640,2024,2024-02-16,5600,2024-02-09,1958,4637,,5,5,4,5690,0,0,0,,0,2A01,"CASEY RD","WALNUT CANYON RD",1050.00,W,N,A,-,N,,,,,,,,,,N,3,0,2,1,A,-,03,22350,,N,F,A,A,A,H,-,C,D,0,,,Y,,Y,,C,06,0,2,0,0,0,0,0,0,2,"- ","- ",34.288509368896484,-118.88350677490234,VENTURA,MOORPARK,-118.88706207275391,34.288440704345703
82318861,2024,2024-02-21,5609,2024-02-09,1414,472,,5,5,6,5609,0,0,0,,0,,"CALDWELL AVE","ALEXANDER ST",0.00,,Y,A,-,N,,,,,,,,,,Y,4,0,1,2,A,-,09,21802,A,N,D,C,A,A,H,-,A,D,0,,,,,Y,,A,07,0,0,1,0,0,0,0,0,0,"- ","- ",34.276908874511719,-118.77143096923828,VENTURA,"SIMI VALLEY",-118.77155303955078,34.276851654052734
82318862,2024,2024-02-21,5609,2024-02-09,2124,5004,,5,5,6,5609,0,0,0,,0,002,"FIRST ST","EASY ST",0.00,,N,A,-,N,,,,,,,,,,N,4,0,1,2,A,-,07,21658,A,N,B,C,A,A,H,-,C,A,0,,,,,Y,,-,"- ",0,0,1,0,0,0,0,0,0,"- ","- ",34.273441314697266,-118.77870178222656,VENTURA,"SIMI VALLEY",-118.77898406982422,34.273693084716797
82330737,2024,2024-03-06,5609,2024-03-01,1407,5033,517,5,5,6,5609,0,0,0,,0,005,"LOS ANGELES AVE","BUYERS ST",0.00,,Y,A,-,N,,,,,,,,,,Y,3,0,1,2,A,-,09,21802,A,N,D,C,A,A,H,-,A,A,0,,,,,Y,,A,07,0,1,0,0,0,0,0,0,0,"- ","- ",34.271579742431641,-118.71202087402344,VENTURA,"SIMI VALLEY",-118.71195983886719,34.271675109863281
82330739,2024,2024-03-06,5609,2024-03-04,1744,5023,,1,5,6,5609,0,0,0,,0,003,"GALT ST","PATRICIA AVE",211.00,N,N,A,-,N,,,,,,,,,,Y,4,0,3,2,A,-,09,21804,,N,D,C,A,A,H,-,A,D,0,,,,,Y,,A,07,0,0,3,0,0,0,0,0,0,"- ","- ",34.270011901855469,-118.76583099365234,VENTURA,"SIMI VALLEY",-118.76589202880859,34.270599365234375
82330805,2024,2024-06-14,5600,2024-02-24,1531,5983,,6,5,6,5607,0,0,0,,0,9C01,"FELTON ST","WENDY DR",29.00,S,N,A,-,N,,,,,,,,,,N,4,0,1,2,A,-,09,21802,A,F,D,G,A,A,H,-,A,D,0,,Y,,,Y,,A,01,0,0,1,0,0,0,1,0,0,"- ","- ",34.163619995117188,-118.94677734375,VENTURA,"THOUSAND OAKS",-118.94259643554688,34.166210174560547
82330807,2024,2024-03-06,5600,2024-02-28,"915 ",5007,9006,3,5,6,5607,0,0,0,,0,9A01,"OLSEN RD","HARDY LN",279.00,N,N,A,-,N,,,,,,,,,,Y,4,0,1,1,A,-,08,22107,,N,E,I,A,A,H,-,A,D,0,,,,,Y,,A,01,0,0,1,0,0,0,0,0,0,"- ","- ",34.246170043945312,-118.83358764648438,VENTURA,"THOUSAND OAKS",-118.83359527587891,34.246944427490234
82335610,2024,2024-03-12,5600,2024-03-10,1356,3147,9160,7,5,6,5607,0,0,0,,0,9D01,"THOUSAND OAKS BL","PIERCE ARROW AV",200.00,E,N,A,-,N,,,,,,,,,,Y,4,0,1,3,A,-,03,22350,,N,C,C,A,A,H,-,A,D,0,,,,,Y,,A,01,0,0,1,0,0,0,0,0,0,"- ","- ",34.162490844726562,-118.82572937011719,VENTURA,"THOUSAND OAKS",-118.8251953125,34.162120819091797
82338950,2024,2024-03-15,5600,2024-02-28,1738,5302,,3,5,5,5601,0,0,0,,0,8A01,"LAS POSAS RD","CRESTVIEW AV",235.00,E,N,-,-,N,,,,,,,,,,Y,2,0,2,2,A,-,01,23152,A,F,D,C,A,A,H,-,A,D,0,,,,,Y,Y,A,01,1,1,0,0,0,0,0,0,0,"- ","- ",34.229141235351562,-119.06976318359375,VENTURA,CAMARILLO,-119.06927490234375,34.229263305664062
82341380,2024,2024-03-19,5600,2024-03-15,1032,4637,,5,5,4,5690,0,0,0,,0,2A01,"LOS ANGELES AV","SPRING RD",0.00,,Y,A,-,Y,VEN,,118," ",R,17.906,H,,L,N,4,0,1,2,A,-,21,22106,,N,D,C,A,A,H,-,A,A,0,,,Y,,Y,,A,01,0,0,1,0,0,0,0,0,1,"- ","- ",34.2789306640625,-118.87474060058594,VENTURA,MOORPARK,-118.87474060058594,34.278999328613281
82345755,2024,2024-03-25,5600,2024-03-22,1354,5343,1006,5,5,2,5603,0,0,0,,0,1B01,"OJAI AVENUE/SR-150","NORTH MONTGOMERY AVENUE",264.00,W,N,B,-,Y,VEN,,150," "," ",17.697,H,,R,N,3,0,1,2,A,-,10,21952,,N,G,B,F,A,H,-,A,D,0,Y,Y,,,Y,,L,04,0,1,0,0,1,0,0,0,0,"- ","- ",34.447921752929688,-119.24343872070312,VENTURA,OJAI,-119.24343872070312,34.447898864746094
82351014,2024,2024-04-01,5600,2024-03-28,1611,5343,1002,4,5,2,5603,0,0,0,,0,1A01,"MARICOPA HWY/SR-33","VALLERIO AV",137.00,S,N,B,-,Y,VEN,,33," "," ",11.417,H,,R,N,4,0,1,2,A,-,03,22350,,N,C,C,A,A,H,-,A,D,0,,,,,Y,,A,01,0,0,1,0,0,0,0,0,0,"- ","- ",34.442489624023438,-119.26410675048828,VENTURA,OJAI,-119.26418304443359,34.442234039306641
82353399,2024,2024-04-03,5600,2024-03-22,"700 ",5780,9158,5,5,6,5607,0,0,0,,0,9D01,"HAMPSHIRE RD","THE MEADOWS"" OF WESTLAKE VILLAGE""",0.00,,Y,A,-,N,,,,,,,,,,Y,3,0,1,2,A,-,09,21804,A,N,A,C,A,A,H,-,A,A,0,,,,,Y,,A,01,0,1,0,0,0,0,0,0,0,"- ","- ",34.160938262939453,-118.83786773681641,VENTURA,"THOUSAND OAKS",-118.82917022705078,34.152118682861328
82366134,2024,2024-04-17,5600,2024-04-09,"814 ",5565,9024,2,5,6,5607,0,0,0,,0,9B01,"ERBES ROAD","AVENIDA DE LOS ARBOLES",20.00,S,N,G,-,N,,,,,,,,,,Y,3,0,5,2,A,-,09,21806,A,N,A,C,A,A,H,-,A,A,0,,,,,Y,,A,07,0,4,1,0,0,0,0,0,0,"- ","- ",,,VENTURA,"THOUSAND OAKS",-118.84011840820312,34.211746215820312
82366135,2024,2024-04-17,5600,2024-04-09,"841 ",5150,9006,2,5,6,5607,0,0,0,,0,9A01,"OLSEN RD","OFFRAMP NB 23 OLSEN",811.00,E,N,A,-,N,,,,,,,,,,Y,3,0,2,4,A,-,03,22350,,N,C,C,A,A,H,-,A,A,0,,,Y,,Y,,A,01,0,1,1,0,0,0,0,0,0,"- ","- ",34.242088317871094,-118.83888244628906,VENTURA,"THOUSAND OAKS",-118.86800384521484,34.229209899902344
82367277,2024,2024-04-18,5609,2024-04-16,1342,443,,2,5,6,5609,0,0,0,,0,005,"ALAMO ST","TAPO ST",0.00,,Y,A,-,N,,,,,,,,,,Y,4,0,1,2,A,-,01,23152,C,N,H,C,A,A,H,-,A,A,0,,,,,Y,,A,01,0,0,1,0,0,0,0,0,0,"- ","- ",34.286289215087891,-118.70899963378906,VENTURA,"SIMI VALLEY",-118.70895385742188,34.286346435546875
82373666,2024,2024-04-24,5609,2024-04-22,"727 ",443,,1,5,6,5609,0,0,0,,0,003,"LOS ANGELES AVE","PATRICIA ST",0.00,,Y,A,-,N,,,,,,,,,,Y,4,0,2,3,A,-,09,21801,A,N,H,C,A,A,H,-,A,A,0,,,,,Y,,D,22,0,0,2,0,0,0,0,0,0,"- ","- ",34.271591186523438,-118.77668762207031,VENTURA,"SIMI VALLEY",-118.77668762207031,34.271659851074219
82373690,2024,2024-04-25,5600,2024-04-01,"751 ",5302,,1,5,5,5601,0,0,0,,0,8D01,"SANTA ROSA RD","ADOLFO RD",0.00,,Y,A,-,N,,,,,,,,,,Y,4,0,1,4,A,-,12,21453,A,N,D,C,A,A,H,-,A,A,0,,,,,Y,,A,07,0,0,1,0,0,0,0,0,0,"- ","- ",34.218238830566406,-119.00505828857422,VENTURA,CAMARILLO,-119.00514984130859,34.218280792236328
82375593,2024,2024-04-26,5600,2024-04-12,1141,5007,,5,5,6,5607,0,0,0,,0,9D01,"WESTLAKE BL","NORTHLAKE CI",0.00,,Y,B,-,Y,VEN,,23," ",R,2.754,H,,R,Y,4,0,2,2,A,-,08,22107,,N,C,C,A,A,H,-,A,D,0,,,,,Y,,A,01,0,0,2,0,0,0,0,0,0,"- ","- ",34.150741577148438,-118.83058929443359,VENTURA,"THOUSAND OAKS",-118.83055877685547,34.150703430175781
82381990,2024,2024-05-06,5600,2024-04-06,1321,4964,,6,5,4,5690,0,0,0,,0,2A01,"TIERRA REJADA RD","PHEASANT RUN ST",330.00,W,N,A,-,N,,,,,,,,,,Y,4,0,1,2,A,-,08,22107,,N,B,C,A,A,H,-,A,D,0,,,,,Y,,-,"- ",0,0,1,0,0,0,0,0,0,"- ","- ",34.263420104980469,-118.880859375,VENTURA,MOORPARK,-118.88191986083984,34.263301849365234
82388907,2024,2024-05-30,5609,2024-05-03,2135,5000,,5,5,6,5609,0,0,0,,0,002,"LONG CANYON RD","VINEYARD DR (E)",787.00,N,N,A,-,Y,,,,,,,,,,Y,3,0,2,1,A,-,08,22107,,N,E,I,A,A,H,-,C,D,0,,,,,Y,,A,01,0,1,1,0,0,0,0,0,0,"- ","- ",34.234939575195312,-118.78688812255859,VENTURA,"SIMI VALLEY",-118.78466796875,34.236175537109375
82388908,2024,2024-05-14,5609,2024-05-05,"144 ",5003,,7,5,6,5609,0,0,0,,0,006,"STEARNS ST","ALAMO ST",0.00,,Y,C,-,N,,,,,,,,,,Y,3,0,1,1,A,-,03,22350,,F,E,I,A,B,H,-,C,A,0,,,,,Y,,A,01,0,1,0,0,0,0,0,0,0,"- ","- ",34.285488128662109,-118.69110870361328,VENTURA,"SIMI VALLEY",-118.69144439697266,34.286247253417969
82390094,2024,2024-05-15,5600,2024-05-03,1628,5924,,5,5,6,5607,0,0,0,,0,9A01,"MOORPARK RD","CAMINO DOS PALOS",0.00,,Y,A,-,N,,,,,,,,,,Y,4,0,2,2,A,-,09,21802,A,N,D,C,A,A,H,-,A,D,0,,,,,Y,,A,08,0,0,2,0,0,0,0,0,0,"- ","- ",34.222591400146484,-118.86836242675781,VENTURA,"THOUSAND OAKS",-118.86841583251953,34.222579956054688
82396659,2024,2024-05-23,5600,2024-05-01,1526,4704,,3,5,5,5601,0,0,0,,0,8D01,"VERDUGO WY","CAMINO RUIZ",0.00,,Y,A,-,N,,,,,,,,,,N,4,0,2,2,A,-,09,21802,A,N,D,C,A,A,H,-,A,A,0,,,,,Y,,A,08,0,0,2,0,0,0,0,0,0,"- ","- ",34.215080261230469,-119.00302124023438,VENTURA,CAMARILLO,-119.00296783447266,34.215103149414062
82397743,2024,2024-05-27,5600,2024-05-07,1420,5862,,2,5,5,5601,0,0,0,,0,8C01,"FLYNN RD","VIA PESCADOR",350.00,S,N,A,-,N,,,,,,,,,,Y,4,0,1,3,A,-,03,22350,,N,C,C,A,A,H,-,A,D,0,,,,,Y,,A,01,0,0,1,0,0,0,0,0,0,"- ","- ",34.224388122558594,-119.02201843261719,VENTURA,CAMARILLO,-119.02265930175781,34.223564147949219
82400729,2024,2024-05-29,5609,2024-05-17,1351,5033,,5,5,6,5609,0,0,0,,0,005,"MUIRWOOD CT","KADOTA ST",0.00,,Y,A,-,N,,,,,,,,,,Y,4,0,1,2,A,-,09,21802,A,N,A,C,A,A,H,-,A,A,0,,,,,Y,,A,01,0,0,1,0,0,0,0,0,0,"- ","- ",34.283538818359375,-118.70036315917969,VENTURA,"SIMI VALLEY",-118.70027160644531,34.283611297607422
82401791,2024,2024-05-31,5600,2024-05-23,1555,4704,,4,5,5,5601,0,0,0,,0,8A01,"PONDEROSA DR","EARL JOSEPH DR",0.00,,Y,B,-,N,,,,,,,,,,N,4,0,2,2,A,-,09,21801,A,N,H,C,A,A,H,-,A,A,0,,,,,Y,,A,01,0,0,2,0,0,0,0,0,0,"- ","- ",34.223590850830078,-119.07874298095703,VENTURA,CAMARILLO,-119.07868194580078,34.2236328125
82414604,2024,2024-06-14,5600,2024-06-07,1738,5244,,5,5,6,5607,0,0,0,,0,9G01,"HAMPSHIRE RD","WILLOW LN",45.00,S,N,A,-,N,,,,,,,,,,Y,3,0,1,2,A,-,09,21802,A,N,C,C,A,A,H,-,A,A,0,,,Y,,Y,,A,01,0,1,0,0,0,0,0,0,1,"- ","- ",34.165149688720703,-118.83804321289062,VENTURA,"THOUSAND OAKS",-118.83812713623047,34.165077209472656
82414607,2024,2024-06-14,5600,2024-06-09,2244,5368,,7,5,6,5607,0,0,0,,0,9B01,"HOUSTON DR","BROSSARD DR",30.00,S,N,A,-,N,,,,,,,,,,Y,3,0,1,2,A,-,07,21658,A,N,B,E,A,A,H,-,C,D,0,,,,,Y,,A,01,0,1,0,0,0,0,0,0,0,"- ","- ",34.185440063476562,-118.85140228271484,VENTURA,"THOUSAND OAKS",-118.86244964599609,34.184036254882812
82416852,2024,2024-06-18,5600,2024-06-15,2257,5016,,6,5,3,5602,0,0,0,,0,6A01,"EDISON LN","EDISON WY",240.00,E,N,A,-,N,,,,,,,,,,Y,3,0,1,3,A,-,08,22107,,N,C,E,A,A,H,-,C,D,0,,,,,Y,Y,A,01,0,1,0,0,0,0,0,0,0,"- ","- ",34.407920837402344,-118.92440795898438,VENTURA,FILLMORE,,
82420000,2024,2024-07-01,5609,2024-06-13,1838,5023,,4,5,6,5609,0,0,0,,0,002,"LOS ANGELES AVE","SINALOA RD",0.00,,Y,A,-,N,,,,,,,,,,Y,4,0,2,2,A,-,09,21801,A,N,H,C,A,A,H,-,A,A,0,,,,,Y,,D,22,0,0,2,0,0,0,0,0,0,"- ","- ",34.271648406982422,-118.78759765625,VENTURA,"SIMI VALLEY",-118.78758239746094,34.271728515625
82420001,2024,2024-06-21,5609,2024-06-13,1719,5023,,4,5,6,5609,0,0,0,,0,003,"ERRINGER RD","PATRICIA AVE",240.00,N,N,A,-,N,,,,,,,,,,N,4,0,1,2,A,-,09,21804,,N,D,C,A,A,H,-,A,D,0,,,,,Y,,A,01,0,0,1,0,0,0,0,0,0,"- ","- ",34.269981384277344,-118.76130676269531,VENTURA,"SIMI VALLEY",-118.76139068603516,34.270679473876953
82420002,2024,2024-06-21,5609,2024-06-14,"731 ",5033,,5,5,6,5609,0,0,0,,0,003,"SYCAMORE DR","ROSS CIR",218.00,S,N,A,-,N,,,,,,,,,,Y,3,0,1,1,A,-,08,22107,,N,E,I,A,A,H,-,A,D,0,,,,,Y,,A,07,0,1,0,0,0,0,0,0,0,"- ","- ",34.269569396972656,-118.74465179443359,VENTURA,"SIMI VALLEY",-118.74512481689453,34.269138336181641
82423616,2024,2024-06-26,5600,2024-05-19,1356,5256,,7,5,5,5601,0,0,0,,0,8D01,"MISSION OAKS BL","COLONY DR",38.00,N,N,A,-,N,,,,,,,,,,N,3,0,1,1,C,-,18,,,N,H,G,A,A,H,-,A,D,0,,Y,,,Y,,-,"- ",0,1,0,0,0,0,1,0,0,"- ","- ",34.224288940429688,-119.00437164306641,VENTURA,CAMARILLO,-119.00434112548828,34.224365234375
82423618,2024,2024-06-26,5600,2024-06-11,2042,5924,,2,5,6,5607,0,0,0,,0,9G01,"HILLCREST DR","HILLTOP WY",65.00,E,N,A,-,N,,,,,,,,,,Y,3,0,1,3,A,-,08,22107,,N,C,E,A,A,H,-,C,D,0,,,,,Y,,A,07,0,1,0,0,0,0,0,0,0,"- ","- ",34.174640655517578,-118.83680725097656,VENTURA,"THOUSAND OAKS",-118.83671569824219,34.174537658691406
82426481,2024,2024-07-01,5609,2024-06-23,"916 ",472,,7,5,6,5609,0,0,0,,0,004,"COCHRAN ST","TRACY AVE",617.00,E,N,A,-,N,,,,,,,,,,Y,3,0,1,2,A,-,08,22107,,N,C,E,A,A,H,-,A,D,0,,,,,Y,,A,07,0,1,0,0,0,0,0,0,0,"- ","- ",34.278961181640625,-118.72360229492188,VENTURA,"SIMI VALLEY",-118.72158050537109,34.279029846191406