CASE_ID,ACCIDENT_YEAR,PROC_DATE,JURIS,COLLISION_DATE,COLLISION_TIME,OFFICER_ID,REPORTING_DISTRICT,DAY_OF_WEEK,CHP_SHIFT,POPULATION,CNTY_CITY_LOC,SPECIAL_COND,BEAT_TYPE,CHP_BEAT_TYPE,CITY_DIVISION_LAPD,CHP_BEAT_CLASS,BEAT_NUMBER,PRIMARY_RD,SECONDARY_RD,DISTANCE,DIRECTION,INTERSECTION,WEATHER_1,WEATHER_2,STATE_HWY_IND,CALTRANS_COUNTY,CALTRANS_DISTRICT,STATE_ROUTE,ROUTE_SUFFIX,POSTMILE_PREFIX,POSTMILE,LOCATION_TYPE,RAMP_INTERSECTION,SIDE_OF_HWY,TOW_AWAY,COLLISION_SEVERITY,NUMBER_KILLED,NUMBER_INJURED,PARTY_COUNT,PRIMARY_COLL_FACTOR,PCF_CODE_OF_VIOL,PCF_VIOL_CATEGORY,PCF_VIOLATION,PCF_VIOL_SUBSECTION,HIT_AND_RUN,TYPE_OF_COLLISION,MVIW,PED_ACTION,ROAD_SURFACE,ROAD_COND_1,ROAD_COND_2,LIGHTING,CONTROL_DEVICE,CHP_ROAD_TYPE,PEDESTRIAN_ACCIDENT,BICYCLE_ACCIDENT,MOTORCYCLE_ACCIDENT,TRUCK_ACCIDENT,NOT_PRIVATE_PROPERTY,ALCOHOL_INVOLVED,STWD_VEHTYPE_AT_FAULT,CHP_VEHTYPE_AT_FAULT,COUNT_SEVERE_INJ,COUNT_VISIBLE_INJ,COUNT_COMPLAINT_PAIN,COUNT_PED_KILLED,COUNT_PED_INJURED,COUNT_BICYCLIST_KILLED,COUNT_BICYCLIST_INJURED,COUNT_MC_KILLED,COUNT_MC_INJURED,PRIMARY_RAMP,SECONDARY_RAMP,LATITUDE,LONGITUDE,COUNTY,CITY,POINT_X,POINT_Y
8488346,2015,2017-12-05,5609,2015-09-16,2104,437,,3,5,6,5609,0,0,0,,0,006,"YOSEMITE AV","FLANAGAN DR",0.00,,Y,A,-,N,,,,,,,,,,Y,3,0,1,2,A,-,09,21802,A,N,D,C,A,A,H,-,C,D,0,,,,,Y,,A,01,0,1,0,0,0,0,0,0,0,"- ","- ",34.287599999999998,-118.68037,VENTURA,"SIMI VALLEY",-118.68051001000001,34.28758002
84886745,2025,2025-10-15,5609,2025-10-07,1708,5023,,2,5,6,5609,0,0,0,,0,003,"PATRICIA AVE","HUBBARD ST",0.00,,Y,A,-,N,,,,,,,,,,Y,3,0,1,2,A,-,12,22450,A,N,D,C,A,A,H,-,A,A,0,,,,,Y,,A,01,0,1,0,0,0,0,0,0,0,"- ","- ",34.269710540771484,-118.76995849609375,VENTURA,"SIMI VALLEY",-118.77011871337891,34.270011901855469
84886755,2025,2025-10-15,5609,2025-10-09,1755,5023,,4,5,6,5609,0,0,0,,0,002,"MADERA RD","PRESIDENTIAL DR",0.00,,Y,A,-,N,,,,,,,,,,Y,3,0,2,2,A,-,12,21453,A,N,D,C,A,A,H,-,A,A,0,,,,,Y,Y,-,"- ",0,2,0,0,0,0,0,0,0,"- ","- ",34.253669738769531,-118.81571197509766,VENTURA,"SIMI VALLEY",-118.81575775146484,34.253711700439453
84888614,2025,2025-10-16,5600,2025-10-07,"858 ",5007,,2,5,6,5607,0,0,0,,0,9A01,"OLSEN RD","OFFRAMP NB 23 OLSEN",165.00,W,N,B,-,N,,,,,,,,,,Y,4,0,1,2,A,-,03,22350,,N,C,C,A,A,H,-,A,D,0,,,Y,,Y,,C,02,0,0,1,0,0,0,0,0,1,"- ","- ",34.242088317871094,-118.83888244628906,VENTURA,"THOUSAND OAKS",-118.86988830566406,34.227630615234375
84895222,2025,2025-10-21,5600,2025-10-04,1729,5924,,6,5,6,5607,0,0,0,,0,9D01,"WESTLAKE BL","EVENSTAR AV",30.00,W,N,A,-,N,,,,,,,,,,Y,4,0,1,1,A,-,03,22350,,N,E,I,A,A,H,-,A,A,0,,,,,Y,,A,07,0,0,1,0,0,0,0,0,0,"- ","- ",34.149990081787109,-118.83297729492188,VENTURA,"THOUSAND OAKS",-118.83303833007812,34.150054931640625
84898836,2025,2025-10-23,5609,2025-10-12,1838,5004,,7,5,6,5609,0,0,0,,0,003,"LOS ANGELES AVE","ERRINGER RD",721.00,W,N,A,-,N,,,,,,,,,,Y,3,0,1,2,A,-,03,22350,,N,C,C,A,A,H,-,A,D,0,,,,,Y,,A,01,0,1,0,0,0,0,0,0,0,"- ","- ",34.271728515625,-118.76129913330078,VENTURA,"SIMI VALLEY",-118.76377868652344,34.271659851074219
84906751,2025,2025-10-29,5600,2025-10-23,1027,5629,,4,5,6,5607,0,0,0,,0,9G01,"RANCHO RD","OFFRAMP NB 101 RANCHO",0.00,,Y,A,-,N,,,,,,,,,,N,2,0,1,2,A,-,12,21453,A,N,D,C,A,A,H,-,A,A,0,,,,,Y,,A,01,1,0,0,0,0,0,0,0,0,"- ","- ",34.177909851074219,-118.84736633300781,VENTURA,"THOUSAND OAKS",-118.85762023925781,34.183296203613281
84916508,2025,2025-11-07,5600,2025-10-19,1018,5715,,7,5,4,5690,0,0,0,,0,2A01,"TIERRA REJADA RD","23 SOUTH FREEWAY OFFRAMP",0.00,,Y,A,-,N,,,,,,,,,,N,4,0,1,4,A,-,03,22350,,N,C,C,A,A,H,-,A,A,0,,,Y,,Y,,-,"- ",0,0,1,0,0,0,0,0,0,"- ","- ",34.265899658203125,-118.85234069824219,VENTURA,MOORPARK,,
84916509,2025,2025-11-07,5600,2025-10-19,1710,5278,,7,5,4,5690,0,0,0,,0,2B01,"LOS ANGELES AV","MILLARD ST",0.00,,Y,A,-,N,,,,,,,,,,N,3,0,1,2,A,-,05,21651,A,N,B,C,A,A,H,-,A,D,0,,,,,Y,,A,01,0,1,0,0,0,0,0,0,0,"- ","- ",34.278911590576172,-118.87882995605469,VENTURA,MOORPARK,-118.87879943847656,34.278949737548828
84918416,2025,2025-11-11,5600,2025-11-04,1521,5807,,2,5,6,5607,0,0,0,,0,9C01,"VENTU PARK RD","101 FW (N)",316.00,S,N,A,-,Y,VEN,,101," "," ",6.183,H,,R,Y,4,0,1,1,A,-,08,22107,,N,E,I,A,A,H,-,A,D,0,,,,,Y,,A,01,0,0,1,0,0,0,0,0,0,"- ","- ",34.184471130371094,-118.9111328125,VENTURA,"THOUSAND OAKS",-118.9111328125,34.184467315673828
8492324,2017,2017-12-11,5608,2017-11-07,2222,439,,2,5,6,5608,0,0,0,,0,003,"SOUTH VICTORIA AV","WEBSTER ST",500.00,N,N,A,-,N,,,,,,,,,,Y,3,0,1,2,A,-,03,22350,,N,C,C,A,A,H,-,C,D,0,,,,,Y,,-,,0,1,0,0,0,0,0,0,0,"- ","- ",,,VENTURA,VENTURA,-119.21295332,34.271366
84924382,2025,2025-11-12,5600,2025-11-06,1347,5039,,4,5,6,5607,0,0,0,,0,9G01,"THOUSAND OAKS BL","CA 23 FRONTAGE RD",30.00,E,N,A,-,N,,,,,,,,,,N,4,0,1,2,A,-,03,22350,,N,C,C,A,A,H,-,A,A,0,,,,,Y,,A,07,0,0,1,0,0,0,0,0,0,"- ","- ",34.180881500244141,-118.8514404296875,VENTURA,"THOUSAND OAKS",,
84927280,2025,2025-11-13,5600,2025-11-05,1851,6095,,3,5,6,5607,0,0,0,,0,9A01,"OLSEN RD","HARDY LN",0.00,,Y,A,-,N,,,,,,,,,,Y,4,0,1,2,A,-,12,21453,A,N,D,C,A,A,H,-,C,A,0,,,,,Y,,A,07,0,0,1,0,0,0,0,0,0,"- ","- ",34.246170043945312,-118.83358764648438,VENTURA,"THOUSAND OAKS",-118.83385467529297,34.246204376220703
84929374,2025,2025-11-14,5600,2025-10-11,1224,5537,,6,5,5,5601,0,0,0,,0,8A01,"LAS POSAS RD","CAMINO LA MADERA",0.00,,Y,A,-,N,,,,,,,,,,Y,3,0,1,2,A,-,09,21802,A,N,D,C,A,A,H,-,A,A,0,,,,,Y,,-,"- ",0,1,0,0,0,0,0,0,0,"- ","- ",34.229679107666016,-119.06735992431641,VENTURA,CAMARILLO,-119.06740570068359,34.229770660400391
8493324,2017,2018-06-14,5600,2017-10-08,1540,5015,6018,7,5,3,5602,0,0,0,,0,6B01,"RT 126","B ST",625.00,E,N,A,-,Y,VEN,7,126,-,-,20.990,H,-,E,Y,4,0,1,2,A,-,09,21801,A,N,H,C,A,A,H,-,A,D,0,,,,,Y,,D,22,0,0,1,0,0,0,0,0,0,"- ","- ",,,VENTURA,FILLMORE,-118.92029733,34.395836129999999
84934947,2025,2025-11-19,5600,2025-11-04,1735,5807,,2,5,6,5607,0,0,0,,0,9A01,"ERBES RD","OLSEN RD",0.00,,Y,A,-,N,,,,,,,,,,N,3,0,1,2,A,-,10,21950,A,N,G,B,B,A,H,-,C,A,0,Y,,,,Y,,A,01,0,1,0,0,1,0,0,0,0,"- ","- ",34.235260009765625,-118.85106658935547,VENTURA,"THOUSAND OAKS",-118.84797668457031,34.238620758056641
8493541,2017,2017-12-08,5600,2017-11-12,1525,4722,9088,7,5,6,5607,0,0,0,,0,9G01,"HILLCREST DR","CONEJO BL",0.00,,Y,A,-,N,,,,,,,,,,N,4,0,1,2,A,-,12,21453,A,N,D,D,A,A,H,-,A,A,0,,,,,Y,,A,01,0,0,1,0,0,0,0,0,0,"- ","- ",,,VENTURA,"THOUSAND OAKS",-118.87806,34.180630049999998
84938731,2025,2025-11-21,5600,2025-11-11,"748 ",5771,,2,5,6,5607,0,0,0,,0,9H01,"WENDY DR","ACADEMY DR",20.00,E,N,A,-,N,,,,,,,,,,N,3,0,1,2,A,-,04,21703,,N,C,C,A,A,H,-,A,A,0,,,,,Y,,A,01,0,1,0,0,0,0,0,0,0,"- ","- ",34.190868377685547,-118.93804931640625,VENTURA,"THOUSAND OAKS",-118.93801879882812,34.190719604492188
84940863,2025,2025-11-21,5600,2025-11-19,"915 ",4869,,3,5,5,5601,0,0,0,,0,8C01,"SOMIS RD","LAS POSAS RD",40.00,N,N,A,B,N,,,,,,,,,,N,4,0,1,2,A,-,21,22106,,N,C,C,A,A,H,-,A,A,0,,,,,Y,,A,01,0,0,1,0,0,0,0,0,0,"- ","- ",34.242580413818359,-119.01019287109375,VENTURA,CAMARILLO,-119.01008605957031,34.242809295654297
8494643,2017,2018-06-25,5600,2017-10-30,0810,4438,8151,1,5,5,5601,0,0,0,,0,8B1,"RT 34","DAWSON DR",9.00,E,N,A,-,Y,VEN,7,34,-,-,12.720,H,-,E,N,3,0,1,2,A,-,09,21802,A,F,D,C,A,A,H,-,A,A,0,,,Y,,Y,,C,02,0,1,0,0,0,0,0,0,1,"- ","- ",34.121940000000002,-119.02083,VENTURA,CAMARILLO,-119.03559722999999,34.205414220000002
8494651,2017,2018-06-26,5600,2017-11-02,1217,4703,8250,4,5,5,5601,0,0,0,,0,08C,"VENTURA BL","RT 34",0.00,,Y,B,-,Y,VEN,7,34,-,R,13.541,I,5,W,N,4,0,1,2,A,-,03,22350,,F,C,C,A,A,H,-,A,A,0,,,,Y,Y,,F,25,0,0,1,0,0,0,0,0,0,"- ","- ",34.216050000000003,-119.03489,VENTURA,CAMARILLO,-119.03470710000001,34.21609591
84948182,2025,2025-12-05,5600,2025-11-10,2212,5637,,1,5,2,5603,0,0,0,,0,1A01,"FOOTHILL RD","EL TORO RD",101.00,S,N,A,-,N,,,,,,,,,,Y,2,0,1,1,A,-,03,22350,,N,F,A,A,A,H,-,C,A,0,,,Y,,Y,,C,02,1,0,0,0,0,0,0,0,1,"- ","- ",34.452251434326172,-119.25538635253906,VENTURA,OJAI,-119.25547027587891,34.452381134033203
84949853,2025,2025-11-27,5609,2025-11-20,1809,5120,,4,5,6,5609,0,0,0,,0,006,"STOW ST","LOS ANGELES AVE",0.00,,Y,B,C,N,,,,,,,,,,Y,4,0,1,2,A,-,09,21801,A,N,D,C,A,B,H,-,C,A,0,,,,,Y,,A,01,0,0,1,0,0,0,0,0,0,"- ","- ",34.270938873291016,-118.68257904052734,VENTURA,"SIMI VALLEY",-118.68276214599609,34.271739959716797
8495795,2017,2017-12-07,5600,2017-10-31,0735,3927,8211,2,5,5,5601,0,0,0,,0,08D,"ADOLFO RD","MISSION OAKS BL",0.00,,Y,A,-,N,,,,,,,,,,Y,3,0,2,2,A,-,09,21801,A,N,H,C,A,A,H,-,A,A,0,,,,,Y,,A,01,0,1,1,0,0,0,0,0,0,"- ","- ",34.219949999999997,-119.00691999999999,VENTURA,CAMARILLO,-119.00700012,34.220020030000001
84970740,2025,2025-12-15,5600,2025-12-05,1751,5340,,5,5,2,5603,0,0,0,,0,1A01,"W. OJAI AVENUE / SR150","MARICOPA HWY / SR33",0.00,,Y,A,-,Y,VEN,,150," "," ",16.575,H,,R,Y,3,0,1,2,A,-,01,23153,A,N,D,C,A,A,H,-,C,A,0,,,,,Y,Y,A,07,0,1,0,0,0,0,0,0,0,"- ","- ",34.441410064697266,-119.26096343994141,VENTURA,OJAI,-119.26094055175781,34.441398620605469
84983069,2025,2026-01-12,5600,2025-12-12,1920,5256,,5,5,5,5601,0,0,0,,0,8B01,"PONDEROSA DR","CARMEN DR",0.00,,Y,B,-,N,,,,,,,,,,Y,4,0,2,2,D,-,00,,,N,H,C,A,A,H,-,C,A,0,,,,,Y,,-,"- ",0,0,2,0,0,0,0,0,0,"- ","- ",34.221900939941406,-119.05400085449219,VENTURA,CAMARILLO,-119.05078887939453,34.223644256591797
84984688,2025,2025-12-24,5604,2025-12-08,"843 ",5772,,1,5,6,5604,0,0,0,,0,042,"PLEASANT VALLEY RD","BARD RD",0.00,,-,A,-,N,,,,,,,,,,Y,3,0,2,2,A,-,12,21453,A,N,D,C,A,A,H,-,A,A,0,,,,,Y,,-,"- ",0,2,0,0,0,0,0,0,0,"- ","- ",,,VENTURA,OXNARD,-119.15213775634766,34.161552429199219
84990996,2025,2025-12-30,5600,2025-12-22,1622,6095,,1,5,6,5607,0,0,0,,0,9B01,"MOORPARK RD","GAINSBOROUGH RD",125.00,N,N,A,-,N,,,,,,,,,,Y,4,0,2,3,A,-,03,22350,,N,C,C,A,A,H,-,A,D,0,,,,,Y,,A,08,0,0,2,0,0,0,0,0,0,"- ","- ",34.194881439208984,-118.8721923828125,VENTURA,"THOUSAND OAKS",-118.87202453613281,34.195205688476562
85001940,2025,2026-01-08,5600,2025-12-29,1726,5567,,1,5,6,5607,0,0,0,,0,9G01,"THOUSAND OAKS BL","OAK VIEW DR",264.00,W,N,A,-,N,,,,,,,,,,Y,3,0,1,3,A,-,08,22107,,N,C,E,A,A,H,-,C,D,0,,,,,Y,,A,01,0,1,0,0,0,0,0,0,0,"- ","- ",34.170089721679688,-118.84584045410156,VENTURA,"THOUSAND OAKS",-118.84248352050781,34.173835754394531
8500873,2017,2017-12-21,5600,2017-11-21,1142,4045,9020,2,5,6,5607,0,0,0,,0,9A01,"AVENIDA DE LOS ARBOLES","ARCTURUS ST",0.00,,Y,A,-,N,,,,,,,,,,Y,3,0,2,2,A,-,09,21804,A,N,D,C,A,A,H,-,A,D,0,,,,,Y,,A,01,0,1,1,0,0,0,0,0,0,"- ","- ",,,VENTURA,"THOUSAND OAKS",-118.87004004000001,34.217750000000002
85010474,2025,2026-01-13,5600,2025-12-19,1432,5924,,5,5,6,5607,0,0,0,,0,9C01,"MICHAEL DR","HIRAM AV",0.00,,Y,A,B,N,,,,,,,,,,Y,3,0,1,2,A,-,03,22350,,N,C,E,A,A,H,-,A,D,0,,,Y,,Y,,C,02,0,1,0,0,0,0,0,0,1,"- ","- ",34.180461883544922,-118.93833923339844,VENTURA,"THOUSAND OAKS",-118.93441009521484,34.183132171630859
85010478,2025,2026-01-13,5600,2025-12-26,1529,5924,,5,5,6,5607,0,0,0,,0,9A01,"OLSEN RD","23 FW (E)",35.00,W,N,B,C,Y,,,,,,,,,,Y,4,0,1,2,A,-,03,22350,,N,C,C,A,B,H,-,A,A,0,,,,,Y,,A,01,0,0,1,0,0,0,0,0,0,"- ","- ",34.238368988037109,-118.8427734375,VENTURA,"THOUSAND OAKS",,
8504531,2018,2018-08-15,5600,2018-01-31,2358,5002,8153,3,5,5,5601,0,0,0,,0,8B01,"PLEASANT VALLEY RD","5TH ST",8.00,W,N,A,-,Y,VEN,7,34,-,-,12.463,I,5,W,Y,4,0,1,1,A,-,08,22107,,N,E,I,A,A,B,-,C,D,0,,,,,Y,,A,01,0,0,1,0,0,0,0,0,0,"- ","- ",34.205348968505859,-119.04099273681641,VENTURA,CAMARILLO,-119.04074859619141,34.205417633056641
8505241,2017,2017-12-01,5608,2017-11-14,0716,437,,2,5,6,5608,0,0,0,,0,003,"FOOTHILL RD","HIGHPOINT DR",80.00,W,N,A,-,N,,,,,,,,,,Y,3,0,1,1,A,-,08,22107,,N,E,I,A,A,H,-,A,D,0,,,,,Y,,-,,0,1,0,0,0,0,0,0,0,"- ","- ",,,VENTURA,VENTURA,-119.19943936999999,34.28808677
8505245,2017,2017-12-01,5608,2017-11-22,2103,491,,3,5,6,5608,0,0,0,,0,003,"HENDERSON RD","JASPER AV",0.00,,Y,A,-,N,,,,,,,,,,Y,4,0,1,2,A,-,09,21802,A,N,-,C,A,A,H,-,C,D,0,,,,,Y,,-,,0,0,1,0,0,0,0,0,0,"- ","- ",,,VENTURA,VENTURA,-119.17084011,34.280670039999997
8513489,2017,2018-02-15,5608,2017-12-18,1724,492,,1,5,6,5608,0,0,0,,0,001,"EAST THOMPSON BL","FIR ST",0.00,,-,A,-,N,,,,,,,,,,N,2,0,1,2,A,-,00,21954,,N,-,B,D,A,H,-,C,D,0,Y,,,,Y,,N,60,1,0,0,0,1,0,0,0,0,"- ","- ",34.278399999999998,-119.2901,VENTURA,VENTURA,-119.29001993999999,34.278280090000003
8515053,2017,2018-06-08,5609,2017-11-27,1801,389,,1,5,6,5609,0,0,0,,0,001,"MADERA RD","VIEW LINE DR",0.00,,Y,A,-,N,,,,,,,,,,Y,4,0,2,2,A,-,12,21453,A,N,D,C,A,A,H,-,C,A,0,,,,,Y,,A,01,0,0,2,0,0,0,0,0,0,"- ","- ",34.285200000000003,-118.79177,VENTURA,"SIMI VALLEY",-118.79196,34.285280090000001
8517951,2017,2017-12-26,5609,2017-11-21,1746,447,,2,5,6,5609,0,0,0,,0,004,"ERRINGER RD","LOS ANGELES AV",418.00,N,N,A,-,N,,,,,,,,,,Y,4,0,3,3,A,-,03,22350,,N,C,C,A,A,H,-,C,D,0,,,,,Y,,-,,0,0,3,0,0,0,0,0,0,"- ","- ",34.271729999999998,-118.76130000000001,VENTURA,"SIMI VALLEY",-118.76140228,34.272896299999999
8518205,2017,2017-12-21,5600,2017-12-05,1424,4550,9146,2,5,6,5607,0,0,0,,0,09D,"KANAN RD","FALLING STAR AV",0.00,,Y,A,-,N,,,,,,,,,,Y,3,0,2,2,A,-,09,21802,A,N,D,D,A,A,H,-,A,A,0,,,,,Y,,D,22,0,1,1,0,0,0,0,0,0,"- ","- ",,,VENTURA,"THOUSAND OAKS",-118.78807003,34.185880060000002
8518306,2017,2017-12-19,5608,2017-12-07,1721,372,,4,5,6,5608,0,0,0,,0,,"SOUTH VICTORIA AV","OLIVAS PARK DR",500.00,N,N,A,-,N,,,,,,,,,,Y,3,0,2,5,A,-,03,22350,,N,C,C,A,A,H,-,D,D,0,,,,,Y,,-,,0,2,0,0,0,0,0,0,0,"- ","- ",,,VENTURA,VENTURA,-119.21452044999999,34.245428220000001
8520956,2017,2018-01-04,5609,2017-11-29,0931,356,,3,5,6,5609,0,0,0,,0,001,"MADERA RD","STRATHEARN PL",536.00,N,N,A,-,N,,,,,,,,,,Y,4,0,2,6,A,-,03,22350,,N,B,C,A,A,H,-,A,A,0,,,,,Y,,A,07,0,0,2,0,0,0,0,0,0,"- ","- ",34.273989999999998,-118.79631999999999,VENTURA,"SIMI VALLEY",-118.79649000000001,34.275480600000002
8521047,2017,2018-01-05,5609,2017-12-01,1601,435,,5,5,6,5609,0,0,0,,0,,"ERRINGER RD","WEXFORD CIR",0.00,,Y,A,-,N,,,,,,,,,,N,4,0,1,2,A,-,03,22350,,N,B,E,A,A,H,-,A,D,0,,,,,Y,,A,08,0,0,1,0,0,0,0,0,0,"- ","- ",34.254449999999999,-118.76472,VENTURA,"SIMI VALLEY",-118.76465001,34.2544501
8521055,2017,2018-01-05,5608,2017-12-09,1457,480,VENTU,6,5,6,5608,0,0,0,,0,002,"EAST THOMPSON BL","SOUTH ANACAPA ST",0.00,,Y,A,-,N,,,,,,,,,,Y,3,0,1,2,A,-,09,21801,A,N,D,C,A,A,H,-,A,D,0,,,,,Y,,-,,0,1,0,0,0,0,0,0,0,"- ","- ",34.274479999999997,-119.27115999999999,VENTURA,VENTURA,-119.27119992,34.274529999999999
8522426,2017,2018-02-13,5609,2017-12-19,1739,447,217,2,5,6,5609,0,0,0,,0,002,"COUNTRY CLUB DR","WOOD RANCH PKWY",0.00,,Y,A,-,N,,,,,,,,,,Y,4,0,1,2,A,-,09,21801,A,N,D,C,A,A,H,-,C,A,0,,,,,Y,,-,,0,0,1,0,0,0,0,0,0,"- ","- ",34.252540000000003,-118.81197,VENTURA,"SIMI VALLEY",-118.81200006,34.252540070000002
8524879,2017,2018-01-04,5600,2017-12-21,1446,4615,8077,4,5,5,5601,0,0,0,,0,08A,"SPRINGVILLE RD","PONDEROSA DR",354.00,S,N,A,-,N,,,,,,,,,,Y,3,0,3,2,A,-,03,22350,,N,C,C,A,A,H,-,A,A,0,,,,,Y,,A,01,0,1,2,0,0,0,0,0,0,"- ","- ",34.22213,-119.08538,VENTURA,CAMARILLO,-119.08515774999999,34.222146330000001
8525638,2017,2018-01-12,5609,2017-12-19,0143,452,,2,5,6,5609,0,0,0,,0,001,"ERRINGER RD","LOS ANGELES AV",501.00,N,N,A,-,N,,,,,,,,,,N,2,0,1,1,A,-,08,22107,,M,E,J,A,A,H,-,C,D,0,,,,,Y,,D,22,1,0,0,0,0,0,0,0,0,"- ","- ",34.271729999999998,-118.76130000000001,VENTURA,"SIMI VALLEY",-118.76139999999999,34.273124000000003
8530331,2017,2018-01-22,5600,2017-12-31,0755,4785,8110,7,5,5,5601,0,0,0,,0,08B,"LOS POSAS RD","MISSION DR",0.00,,Y,A,-,N,,,,,,,,,,Y,4,0,2,3,A,-,09,21801,A,N,B,C,A,A,H,-,A,A,0,,,,,Y,,A,07,0,0,2,0,0,0,0,0,0,"- ","- ",34.234789999999997,-119.04613999999999,VENTURA,CAMARILLO,-119.04615011999999,34.234880050000001
8530441,2017,2018-01-19,5600,2017-12-24,1157,4466,9071,7,5,6,5607,0,0,0,,0,04B,"WESTLAKE BL","LANG RANCH PKWY",0.00,,Y,A,-,N,,,,,,,,,,N,4,0,1,2,A,-,09,21801,A,N,H,G,A,A,H,-,A,D,0,,Y,,,Y,,A,01,0,0,1,0,0,0,1,0,0,"- ","- ",,,VENTURA,"THOUSAND OAKS",-118.82340007000001,34.211590080000001
8531046,2018,2018-01-23,5600,2018-01-08,1305,4455,8150,1,5,5,5601,0,0,0,,0,08B,"CARMEN DR","VENTURA BL",0.00,,Y,B,-,N,,,,,,,,,,Y,4,0,1,2,A,-,09,21801,A,N,H,C,A,B,H,-,A,A,0,,,,,Y,,A,07,0,0,1,0,0,0,0,0,0,"- ","- ",34.216991424560547,-119.05020904541016,VENTURA,CAMARILLO,-119.05027770996094,34.216949462890625
8531288,2017,2018-01-13,5609,2017-12-21,1532,447,300,4,5,6,5609,0,0,0,,0,003,"ERRINGER RD","HEYWOOD ST",39.00,S,N,A,-,N,,,,,,,,,,Y,3,0,2,3,A,-,05,21650,,N,B,C,A,A,H,-,A,D,0,,,,,Y,,-,,0,1,1,0,0,0,0,0,0,"- ","- ",34.268419999999999,-118.76132,VENTURA,"SIMI VALLEY",-118.76141,34.268323000000002
8531292,2017,2018-01-13,5609,2017-12-20,0711,310,316,3,5,6,5609,0,0,0,,0,003,"LOS ANGELES AV","PATRICIA AV",0.00,,Y,B,-,N,,,,,,,,,,Y,4,0,1,2,A,-,12,21453,A,N,D,C,A,A,H,-,A,A,0,,,Y,,Y,,C,02,0,0,1,0,0,0,0,0,1,"- ","- ",34.271830000000001,-118.77676,VENTURA,"SIMI VALLEY",-118.7766901,34.271790119999999
8531306,2016,2018-04-23,5604,2016-11-04,1045,4755,,5,5,6,5604,0,0,0,,0,021,"VICTORIA AV","5TH ST",250.00,S,N,A,-,N,,,,,,,,,,N,4,0,1,2,A,-,03,22350,,F,C,C,A,A,H,-,A,D,0,,,,,Y,Y,A,01,0,0,1,0,0,0,0,0,0,"- ","- ",34.19764,-119.22116,VENTURA,OXNARD,-119.22127999999999,34.196893869999997
8531341,2016,2018-04-24,5604,2016-10-30,1715,5468,,7,5,6,5604,0,0,0,,0,021,"HARBOR BL","5TH ST",0.00,,Y,B,C,N,,,,,,,,,,Y,4,0,1,2,A,-,03,22350,,N,C,C,A,B,H,-,A,A,0,,,Y,,Y,,A,01,0,0,1,0,0,0,0,0,1,"- ","- ",34.197789999999998,-119.24247,VENTURA,OXNARD,-119.24249986,34.19780007
8531740,2018,2018-03-07,5608,2018-01-06,1434,477,VENTU,6,5,6,5608,0,0,0,,0,003,"S WELLS RD","TELEPHONE RD",0.00,,Y,B,-,N,,,,,,,,,,Y,4,0,2,2,C,-,18,,,N,H,J,A,A,H,-,A,A,0,,,,,Y,,-,"- ",0,0,2,0,0,0,0,0,0,"- ","- ",,,VENTURA,VENTURA,-119.15120697021484,34.283748626708984
8534963,2017,2018-01-24,5609,2017-12-30,1311,437,,6,5,6,5609,0,0,0,,0,005,"E COCHRAN ST","TAPO ST",100.00,W,N,A,-,N,,,,,,,,,,N,3,0,1,1,A,-,08,22107,,N,H,I,A,A,H,-,A,D,0,,Y,,,Y,,L,04,0,1,0,0,0,0,1,0,0,"- ","- ",,,VENTURA,"SIMI VALLEY",-118.70929038,34.279015180000002
8535696,2018,2018-02-02,5600,2018-01-11,0747,4498,9006,4,5,6,5607,0,0,0,,0,09A,"OLSEN RD","HARDY LN",57.00,E,N,A,-,N,,,,,,,,,,Y,4,0,2,3,A,-,03,22350,,N,C,C,A,A,H,-,A,A,0,,,,,Y,,A,01,0,0,2,0,0,0,0,0,0,"- ","- ",,,VENTURA,"THOUSAND OAKS",-118.83377838134766,34.246429443359375
8536423,2018,2018-01-22,5608,2018-01-09,1217,456,,2,5,6,5608,0,0,0,,0,003,"TELEGRAPH RD","CLAREMONT WY",13.00,E,N,C,-,N,,,,,,,,,,N,4,0,1,2,A,-,10,21950,A,N,G,B,B,B,H,-,A,A,0,Y,,,,Y,,-,,0,0,1,0,1,0,0,0,0,"- ","- ",,,VENTURA,VENTURA,-119.23397827148438,34.275135040283203
8538844,2017,2018-01-31,5600,2017-12-07,1332,4218,5103,4,5,4,5690,0,0,0,,0,02B,"HIGH ST","SPRING RD",465.00,W,N,A,-,N,,,,,,,,,,Y,4,0,1,2,A,-,03,22350,,N,C,C,A,A,H,-,A,D,0,,,,,Y,,A,01,0,0,1,0,0,0,0,0,0,"- ","- ",,,VENTURA,MOORPARK,-118.87626379,34.285409999999999
8542611,2018,2018-02-02,5600,2018-01-14,1213,5013,9072,7,5,6,5607,0,0,0,,0,09G,"ERBES RD","THOUSAND OAKS BL",25.00,N,N,A,-,N,,,,,,,,,,N,4,0,1,2,A,-,09,21804,A,N,D,C,A,A,H,-,A,A,0,,,,,Y,,A,07,0,0,1,0,0,0,0,0,0,"- ","- ",,,VENTURA,"THOUSAND OAKS",-118.85129547119141,34.177833557128906
8545061,2018,2018-08-10,5600,2018-01-14,2240,4968,6007,7,5,3,5602,0,0,0,,0,06A,"RT 126","C ST",660.00,E,N,A,-,Y,VEN,7,126,-,-,20.710,H,-,W,Y,2,0,2,2,A,-,07,21658,A,N,C,E,A,A,H,-,C,D,0,,,,Y,Y,,A,01,1,1,0,0,0,0,0,0,0,"- ","- ",,,VENTURA,FILLMORE,-118.92514801025391,34.395282745361328
8545097,2018,2018-02-09,5608,2018-01-20,1520,503,,6,5,6,5608,0,0,0,,0,001,"NORTH VENTURA AV","PARK ROW",123.00,S,N,A,-,N,,,,,,,,,,N,3,0,1,1,A,-,03,22350,,N,F,A,A,A,H,-,A,D,0,,,,Y,Y,,F,21,0,1,0,0,0,0,0,0,0,"- ","- ",,,VENTURA,VENTURA,-119.29994964599609,34.284263610839844