CASE_ID,ACCIDENT_YEAR,PROC_DATE,JURIS,COLLISION_DATE,COLLISION_TIME,OFFICER_ID,REPORTING_DISTRICT,DAY_OF_WEEK,CHP_SHIFT,POPULATION,CNTY_CITY_LOC,SPECIAL_COND,BEAT_TYPE,CHP_BEAT_TYPE,CITY_DIVISION_LAPD,CHP_BEAT_CLASS,BEAT_NUMBER,PRIMARY_RD,SECONDARY_RD,DISTANCE,DIRECTION,INTERSECTION,WEATHER_1,WEATHER_2,STATE_HWY_IND,CALTRANS_COUNTY,CALTRANS_DISTRICT,STATE_ROUTE,ROUTE_SUFFIX,POSTMILE_PREFIX,POSTMILE,LOCATION_TYPE,RAMP_INTERSECTION,SIDE_OF_HWY,TOW_AWAY,COLLISION_SEVERITY,NUMBER_KILLED,NUMBER_INJURED,PARTY_COUNT,PRIMARY_COLL_FACTOR,PCF_CODE_OF_VIOL,PCF_VIOL_CATEGORY,PCF_VIOLATION,PCF_VIOL_SUBSECTION,HIT_AND_RUN,TYPE_OF_COLLISION,MVIW,PED_ACTION,ROAD_SURFACE,ROAD_COND_1,ROAD_COND_2,LIGHTING,CONTROL_DEVICE,CHP_ROAD_TYPE,PEDESTRIAN_ACCIDENT,BICYCLE_ACCIDENT,MOTORCYCLE_ACCIDENT,TRUCK_ACCIDENT,NOT_PRIVATE_PROPERTY,ALCOHOL_INVOLVED,STWD_VEHTYPE_AT_FAULT,CHP_VEHTYPE_AT_FAULT,COUNT_SEVERE_INJ,COUNT_VISIBLE_INJ,COUNT_COMPLAINT_PAIN,COUNT_PED_KILLED,COUNT_PED_INJURED,COUNT_BICYCLIST_KILLED,COUNT_BICYCLIST_INJURED,COUNT_MC_KILLED,COUNT_MC_INJURED,PRIMARY_RAMP,SECONDARY_RAMP,LATITUDE,LONGITUDE,COUNTY,CITY,POINT_X,POINT_Y
8735333,2018,2018-11-14,5604,2018-10-03,0831,5408,,3,5,6,5604,0,0,0,,0,032,"S ROSE AV","EAST 5TH ST",25.00,S,N,B,-,N,,,,,,,,,,N,4,0,1,3,A,-,03,22350,,F,C,C,A,A,H,-,A,A,0,,,,,Y,,-,"- ",0,0,1,0,0,0,0,0,0,"- ","- ",34.197029113769531,-119.15978240966797,VENTURA,OXNARD,-119.15988922119141,34.196929931640625
8735345,2018,2018-11-14,5604,2018-10-22,1419,5549,,1,5,6,5604,0,0,0,,0,032,"WOOLEY RD","INDUSTRIAL AV",0.00,,Y,A,-,N,,,,,,,,,,Y,4,0,1,2,A,-,09,21801,A,N,D,C,A,A,H,-,A,D,0,,,,,Y,,A,08,0,0,1,0,0,0,0,0,0,"- ","- ",,,VENTURA,OXNARD,-119.17299652099609,34.190128326416016
8737812,2018,2018-12-04,5600,2018-11-02,1702,5142,8131,5,5,5,5601,0,0,0,,0,08C,"PONDEROSA DR","ADOLFO RD",200.00,S,N,A,-,N,,,,,,,,,,Y,4,0,1,2,A,-,01,23152,A,N,C,C,A,A,H,-,A,D,0,,,,,Y,Y,A,01,0,0,1,0,0,0,0,0,0,"- ","- ",34.23455810546875,-119.02381896972656,VENTURA,CAMARILLO,-119.02420043945312,34.234462738037109
8738211,2018,2018-11-30,5600,2018-10-16,2054,2877,8111,2,5,5,5601,0,0,0,,0,8B01,"ARNEILL RD","PONDEROSA DR",0.00,,Y,A,-,N,,,,,,,,,,Y,3,0,3,2,A,-,01,23153,A,N,H,C,A,A,H,-,C,A,0,,,,,Y,Y,A,01,0,3,0,0,0,0,0,0,0,"- ","- ",34.131999969482422,-119.02200317382812,VENTURA,CAMARILLO,-119.03903961181641,34.223628997802734
8740024,2018,2018-12-13,5604,2018-10-10,0857,4919,,3,5,6,5604,0,0,0,,0,024,"VENTURA RD","BAY BL",0.00,,Y,A,-,N,,,,,,,,,,,4,0,1,2,A,-,12,21453,A,F,D,C,A,A,H,-,A,A,0,,,,,Y,,A,01,0,0,1,0,0,0,0,0,0,"- ","- ",,,VENTURA,OXNARD,-119.19509124755859,34.178230285644531
8740255,2018,2018-11-28,5604,2018-11-08,1550,4531,,4,5,6,5604,0,0,0,,0,012,"OXNARD BL","GONZALES RD",0.00,,Y,A,-,N,,,1,,,,,,,Y,4,0,1,2,A,-,12,21453,A,N,D,C,A,A,H,-,A,A,0,,,,,Y,,A,01,0,0,1,0,0,0,0,0,0,"- ","- ",34.219058990478516,-119.17717742919922,VENTURA,OXNARD,-119.17725372314453,34.219062805175781
8740337,2018,2019-06-04,5604,2018-09-29,1305,5561,,6,5,6,5604,0,0,0,,0,023,"6TH ST","META ST",0.00,,Y,A,-,N,,,,,,,,,,N,3,0,1,2,A,-,06,21750,,N,B,G,A,A,H,-,A,A,0,,Y,,,Y,,L,04,0,1,0,0,0,0,1,0,0,"- ","- ",34.196338653564453,-119.17595672607422,VENTURA,OXNARD,-119.17597961425781,34.19635009765625
8745860,2018,2018-11-30,5609,2018-11-10,1203,310,504,6,5,6,5609,0,0,0,,0,005,"ALAMO ST","MARRISAR DR",0.00,,Y,A,-,N,,,,,,,,,,Y,3,0,1,2,A,-,09,21804,A,N,D,C,A,A,H,-,A,A,0,,,,,Y,,A,01,0,1,0,0,0,0,0,0,0,"- ","- ",,,VENTURA,"SIMI VALLEY",-118.71482989,34.286330049999997
8745880,2018,2018-11-30,5600,2018-11-04,1943,2740,9084,7,5,6,5607,0,0,0,,0,09B,"HODENCAMP RD","HILLCREST DR",450.00,N,N,A,-,N,,,,,,,,,,Y,3,0,1,2,C,-,18,,,N,C,C,A,A,H,-,D,D,0,,,,,Y,,-,"- ",0,1,0,0,0,0,0,0,0,"- ","- ",,,VENTURA,"THOUSAND OAKS",-118.86841583251953,34.18243408203125
8746186,2018,2019-01-17,5608,2018-11-09,1432,443,VENTU,5,5,6,5608,0,0,0,,0,001,"MAIN ST","FIR ST",0.00,,Y,A,-,N,,,,,,,,,,Y,3,0,1,2,A,-,09,21802,A,N,H,A,A,A,H,-,A,A,0,,,,,Y,,-,,0,1,0,0,0,0,0,0,0,"- ","- ",,,VENTURA,VENTURA,-119.29001617431641,34.280841827392578
8746280,2018,2019-01-23,5608,2018-11-14,1730,400,,3,5,6,5608,0,0,0,,0,002,"E MAIN ST","ANACAPA ST",3.00,W,N,A,-,N,,,,,,,,,,N,4,0,1,3,A,-,03,22350,,N,C,C,A,A,H,-,C,D,0,,,,,Y,,A,01,0,0,1,0,0,0,0,0,0,"- ","- ",,,VENTURA,VENTURA,-119.27021026611328,34.278022766113281
8746542,2018,2019-01-17,5600,2018-11-27,0807,4221,9012,2,5,6,5607,0,0,0,,0,09A,"CALLE PINATA","CALLE CONTENTO",60.00,S,N,A,-,N,,,,,,,,,,Y,3,0,1,2,A,-,08,22107,,N,B,E,A,A,H,-,A,D,0,,,,,Y,,A,07,0,1,0,0,0,0,0,0,0,"- ","- ",,,VENTURA,"THOUSAND OAKS",-118.86371612548828,34.233505249023438
8747824,2018,2019-01-18,5600,2018-11-08,1612,4646,9016,4,5,6,5607,0,0,0,,0,09A,"AVENIDA DE LOS ARBOLES","MOUNTCLEF BL",256.00,E,N,A,-,N,,,,,,,,,,Y,3,0,1,3,A,-,05,21650,,N,B,C,A,A,H,-,B,D,0,,,,,Y,,A,01,0,1,0,0,0,0,0,0,0,"- ","- ",,,VENTURA,"THOUSAND OAKS",-118.87547302246094,34.218730926513672
8747853,2018,2019-01-22,5604,2018-11-08,1515,4950,,4,5,6,5604,0,0,0,,0,032,"CHANNEL ISLANDS BL","STATHAM BL",40.00,W,N,A,-,N,,,,,,,,,,Y,4,0,1,2,A,-,03,22350,,N,C,C,A,A,G,-,A,D,0,,,,,Y,,A,07,0,0,1,0,0,0,0,0,0,"- ","- ",34.173370361328125,-119.16562652587891,VENTURA,OXNARD,-119.16577911376953,34.173431396484375
8747857,2018,2019-01-22,5604,2018-11-08,1803,4531,,4,5,6,5604,0,0,0,,0,012,"ORANGE DR","VENTURA BL",0.00,,Y,A,-,N,,,,,,,,,,Y,4,0,1,2,A,-,09,21802,A,N,D,C,A,A,H,-,B,A,0,,,,,Y,,A,01,0,0,1,0,0,0,0,0,0,"- ","- ",34.222488403320312,-119.13424682617188,VENTURA,OXNARD,-119.13426208496094,34.222499847412109
8747865,2018,2019-02-14,5604,2018-11-19,1458,4282,,1,5,6,5604,0,0,0,,0,012,"OXNARD BL","RT 101",0.00,,Y,A,-,Y,VEN,7,101,-,-,22.031,R,4,S,Y,4,0,1,2,A,-,04,21703,,N,C,C,A,A,H,-,A,A,0,,,,,Y,,A,01,0,0,1,0,0,0,0,0,0,"- ","- ",,,VENTURA,OXNARD,-119.17362976074219,34.232097625732422
8750306,2018,2018-12-05,5609,2018-11-17,2130,435,,6,5,6,5609,0,0,0,,0,,"COUNTRY CLUB DR","WOODRANCH  APTS",100.00,W,N,A,-,N,,,,,,,,,,N,3,0,1,1,A,-,08,22107,,M,E,I,A,A,H,-,C,D,0,,,,,Y,,A,01,0,1,0,0,0,0,0,0,0,"- ","- ",,,VENTURA,"SIMI VALLEY",-118.812255859375,34.252490997314453
8751846,2018,2019-01-17,5600,2018-11-15,1635,3579,9040,4,5,6,5607,0,0,0,,0,9G01,"HILLCREST DR","BOARDWALK AV",0.00,,Y,A,-,N,,,,,,,,,,Y,4,0,2,2,A,-,09,21802,A,N,D,D,A,A,H,-,B,D,0,,,,,Y,,A,01,0,0,2,0,0,0,0,0,0,"- ","- ",,,VENTURA,"THOUSAND OAKS",-118.87286376953125,34.181221008300781
8752045,2018,2018-12-07,5600,2018-10-28,1207,5070,9110,7,5,6,5607,0,0,0,,0,09C,"BORCHARD RD","LOS VIENTOS DR",53.00,W,N,A,-,N,,,,,,,,,,N,3,0,1,1,A,-,03,22350,A,N,F,A,A,A,B,-,A,A,0,,Y,,,Y,,L,04,0,1,0,0,0,0,1,0,0,"- ","- ",,,VENTURA,"THOUSAND OAKS",-118.96115112304688,34.179275512695312
8752907,2018,2018-12-24,5604,2018-11-02,1937,5396,,5,5,6,5604,0,0,0,,0,032,"COMMERCIAL AV","WOOLEY RD",0.00,,Y,A,-,N,,,,,,,,,,Y,2,0,5,2,A,-,09,21801,A,N,A,C,A,A,H,-,C,A,0,,,,,Y,,A,01,1,0,4,0,0,0,0,0,0,"- ","- ",34.189960479736328,-119.17105865478516,VENTURA,OXNARD,-119.17108154296875,34.189971923828125
8753057,2018,2019-01-25,5604,2018-12-06,1025,5189,,4,5,6,5604,0,0,0,,0,012,"ENTRADA RD","MARTIN LUTHER KING JR DR",500.00,N,N,B,-,N,,,,,,,,,,Y,3,0,2,2,A,-,03,22350,,N,A,C,A,B,H,-,A,D,0,,,,,Y,,A,01,0,1,1,0,0,0,0,0,0,"- ","- ",34.218288421630859,-119.17030334472656,VENTURA,OXNARD,-119.17525482177734,34.216770172119141
8753634,2018,2019-01-08,5608,2018-12-11,1130,519,VENTU,2,5,6,5608,0,0,0,,0,004,"MCGRATH ST","GOODYEAR AV",0.00,,Y,A,-,N,,,,,,,,,,N,4,0,3,2,A,-,09,21802,A,N,D,C,A,A,H,-,A,A,0,,,,Y,Y,,A,01,0,0,3,0,0,0,0,0,0,"- ","- ",,,VENTURA,VENTURA,-119.23236846923828,34.254440307617188
8753700,2018,2019-01-31,5608,2018-12-01,0900,513,,6,5,6,5608,0,0,0,,0,001,"MAIN ST","CHESTNUT ST",60.00,W,N,A,-,N,,,,,,,,,,N,4,0,1,3,A,-,08,22107,,F,B,G,A,A,H,-,A,D,0,,Y,,,Y,,D,22,0,0,1,0,0,0,1,0,0,"- ","- ",,,VENTURA,VENTURA,-119.291748046875,34.280830383300781
8753716,2018,2019-01-31,5608,2018-12-10,1146,474,,1,5,6,5608,0,0,0,,0,004,AVOCET,VICTORIA,16.00,W,N,A,-,N,,,,,,,,,,N,3,0,1,2,A,-,10,21950,A,N,G,B,B,A,H,-,A,A,0,Y,,,,Y,,D,22,0,1,0,0,1,0,0,0,0,"- ","- ",,,VENTURA,VENTURA,-119.21109008789062,34.258491516113281
8756245,2018,2019-01-30,5608,2018-11-29,1435,442,,4,5,6,5608,0,0,0,,0,001,"NORTH VENTURA AV","MAIN ST",66.00,N,N,B,-,N,,,,,,,,,,N,3,0,1,2,A,-,08,22107,,N,C,G,A,B,H,-,A,A,0,,Y,,,Y,,L,04,0,1,0,0,0,0,1,0,0,"- ","- ",,,VENTURA,VENTURA,-119.30076599121094,34.28125
8756999,2018,2018-12-17,5600,2018-11-24,0820,4722,9046,6,5,6,5607,0,0,0,,0,9A01,"JANSS RD","YOUNG AV",92.00,E,N,A,-,N,,,,,,,,,,Y,4,0,1,2,A,-,21,22106,,N,B,C,A,A,H,-,A,D,0,,,,,Y,,A,07,0,0,1,0,0,0,0,0,0,"- ","- ",,,VENTURA,"THOUSAND OAKS",-118.88131713867188,34.206336975097656
8758877,2018,2018-12-21,5609,2018-11-23,1833,435,,5,5,6,5609,0,0,0,,0,,"LOS ANGELES AV","YOSEMITE AV",212.00,W,N,A,-,N,,,,,,,,,,Y,3,0,1,2,A,-,01,23152,A,N,A,C,A,A,H,-,C,D,0,,,,,Y,Y,A,07,0,1,0,0,0,0,0,0,0,"- ","- ",34.271751403808594,-118.67838287353516,VENTURA,"SIMI VALLEY",-118.67910003662109,34.271751403808594
8762408,2018,2019-01-02,5604,2018-10-21,1855,4755,,7,5,6,5604,0,0,0,,0,014,"COLLECTION BL","DANVERS RIVER ST",150.00,S,N,A,-,N,,,,,,,,,,N,4,0,1,2,B,-,22,,,F,D,B,F,A,H,-,C,D,0,Y,,,,Y,,A,07,0,0,1,0,1,0,0,0,0,"- ","- ",34.243160247802734,-119.17797088623047,VENTURA,OXNARD,,
8764081,2018,2019-01-30,5600,2018-11-24,1120,5106,8132,6,5,5,5601,0,0,0,,0,08C,"LEWIS RD","ADOLFO RD",0.00,,Y,A,-,Y,VEN,7,34,-,-,14.951,I,6,E,N,3,0,1,2,A,-,05,21650,,N,D,G,A,A,H,-,A,A,0,,Y,,,Y,,L,04,0,1,0,0,0,0,1,0,0,"- ","- ",34.135150909423828,-119.01107025146484,VENTURA,CAMARILLO,-119.01949310302734,34.231204986572266
8766435,2018,2019-01-03,5608,2018-12-17,0940,365,,1,5,6,5608,0,0,0,,0,002,"FOOTHILL RD","HAMILTON AV",360.00,E,N,B,-,N,,,,,,,,,,Y,3,0,1,1,A,-,03,22350,,N,E,I,A,B,H,-,A,D,0,,,,,Y,,-,,0,1,0,0,0,0,0,0,0,"- ","- ",,,VENTURA,VENTURA,-119.2393798828125,34.282432556152344
8768188,2018,2019-01-30,5600,2018-12-11,1240,1936,9074,2,5,6,5607,0,0,0,,0,09G,"RANCHO RD","RT 101",0.00,,Y,A,-,Y,VEN,7,101,-,-,2.855,R,4,N,Y,4,0,1,2,A,-,03,22350,,N,D,C,A,A,H,-,A,A,0,,,,,Y,,A,01,0,0,1,0,0,0,0,0,0,"- ",NF,,,VENTURA,"THOUSAND OAKS",-118.85536193847656,34.175926208496094
8769135,2018,2019-01-22,5600,2018-12-26,1303,2913,9144,3,5,6,5607,0,0,0,,0,09D,"WESTLAKE EDISON RD","PEACOCK CT",62.00,N,N,A,-,N,,,,,,,,,,Y,4,0,1,2,A,-,03,22350,,N,C,C,A,A,H,-,A,A,0,,,,,Y,,A,01,0,0,1,0,0,0,0,0,0,"- ","- ",,,VENTURA,"THOUSAND OAKS",,
8769265,2018,2019-01-26,5600,2018-12-31,1615,5103,9142,1,5,6,5607,0,0,0,,0,9D01,"KANAN RD","DAWN MEADOW ST",121.00,E,N,A,-,N,,,,,,,,,,Y,3,0,1,3,A,-,08,22107,,N,B,C,A,A,H,-,B,D,0,,,Y,,Y,,C,02,0,1,0,0,0,0,0,0,1,"- ","- ",,,VENTURA,"THOUSAND OAKS",-118.80575561523438,34.195980072021484
8769273,2018,2019-01-26,5600,2018-12-24,1241,5388,9050,1,5,6,5607,0,0,0,,0,09B,"MOORPARK RD","GAINSBOROUGH RD",401.00,N,N,A,-,N,,,,,,,,,,Y,4,0,2,2,A,-,04,21703,,N,C,C,A,A,H,-,A,A,0,,,,,Y,,A,01,0,0,2,0,0,0,0,0,0,"- ","- ",,,VENTURA,"THOUSAND OAKS",-118.87152099609375,34.195838928222656
8770231,2018,2019-01-11,5604,2018-12-12,0559,5392,,3,5,6,5604,0,0,0,,0,042,"PLEASANT VALLEY RD","LONGFELLOW WY",0.00,,Y,A,-,N,,,,,,,,,,Y,3,0,1,2,A,-,04,21703,,F,C,C,A,A,H,-,B,A,0,,,,,Y,,A,01,0,1,0,0,0,0,0,0,0,"- ","- ",34.154628753662109,-119.16783142089844,VENTURA,OXNARD,-119.16780853271484,34.154739379882812
8773083,2018,2019-02-02,5609,2018-12-12,0645,452,318,3,5,6,5609,0,0,0,,0,003,"ROYAL AV","CLAYTON WY",0.00,,Y,A,-,N,,,,,,,,,,Y,4,0,1,3,A,-,03,22350,,N,C,C,A,A,H,-,B,D,0,,,,,Y,,D,22,0,0,1,0,0,0,0,0,0,"- ","- ",34.264568328857422,-118.77694702148438,VENTURA,"SIMI VALLEY",-118.77696990966797,34.264469146728516
8773119,2018,2019-02-02,5609,2018-12-07,0757,452,407,5,5,6,5609,0,0,0,,0,004,"ALAMO ST","LEMON DR",0.00,,Y,A,-,N,,,,,,,,,,Y,4,0,1,2,A,-,12,21457,A,N,B,C,A,A,H,-,A,B,0,,,,,Y,,D,22,0,0,1,0,0,0,0,0,0,"- ","- ",34.286369323730469,-118.72643280029297,VENTURA,"SIMI VALLEY",-118.72651672363281,34.286441802978516
8774105,2019,2019-02-25,5608,2019-01-02,1118,474,,3,5,6,5608,0,0,0,,0,002,MARKET,DONLAN,0.00,,Y,A,-,N,,,,,,,,,,N,3,0,1,2,A,-,10,21950,A,N,G,B,B,A,H,-,A,A,0,Y,,,,Y,,-,,0,1,0,0,1,0,0,0,0,"- ","- ",,,VENTURA,VENTURA,-119.23722076416016,34.257740020751953
8776043,2019,2019-02-04,5604,2019-01-02,1454,5490,,3,5,6,5604,0,0,0,,0,023,"OXNARD BL","7TH ST",0.00,,Y,A,-,N,,,,,,,,,,N,4,0,3,2,D,-,00,,,N,D,C,A,A,H,-,A,A,0,,,,,Y,,-,"- ",0,0,3,0,0,0,0,0,0,"- ","- ",,,VENTURA,OXNARD,-119.17748260498047,34.195041656494141
8776103,2018,2019-01-16,5604,2018-12-28,0529,5405,,5,5,6,5604,0,0,0,,0,012,"ROSE AV","LOCKWOOD ST",50.00,N,N,A,-,N,,,,,,,,,,Y,4,0,2,3,A,-,03,22350,,N,C,C,A,A,H,-,C,A,0,,,,,Y,,A,08,0,0,2,0,0,0,0,0,0,"- ","- ",34.222118377685547,-119.15824127197266,VENTURA,OXNARD,-119.15830993652344,34.222248077392578
8776119,2018,2019-01-16,5604,2018-12-17,1557,5378,,1,5,6,5604,0,0,0,,0,011,"GONZALES RD","OXNARD BL",50.00,W,N,C,-,N,,,1,,,,,,,N,4,0,1,2,A,-,04,21703,,N,C,C,A,B,H,-,A,A,0,,,,,Y,,A,01,0,0,1,0,0,0,0,0,0,"- ","- ",34.219058990478516,-119.17717742919922,VENTURA,OXNARD,-119.17725372314453,34.219062805175781
8776191,2018,2019-01-30,5604,2018-12-18,1750,5535,,2,5,6,5604,0,0,0,,0,042,"CYPRESS RD","PLEASANT VALLEY RD",0.00,,Y,A,-,N,,,,,,,,,,Y,4,0,1,2,A,-,09,21801,A,N,A,C,A,A,H,-,B,A,0,,,,,Y,,A,01,0,0,1,0,0,0,0,0,0,"- ","- ",34.154670715332031,-119.17298126220703,VENTURA,OXNARD,-119.17299652099609,34.154720306396484
8776533,2019,2019-02-02,5600,2019-01-05,2237,4938,9006,6,5,6,5607,0,0,0,,0,09A,"MOORPARK RD","CALLE CONTENTO",980.00,N,N,B,C,N,,,,,,,,,,Y,3,0,2,2,A,-,04,21703,,N,-,C,A,B,H,-,D,D,0,,,,,Y,,A,01,0,1,1,0,0,0,0,0,0,"- ","- ",,,VENTURA,"THOUSAND OAKS",-118.86277008056641,34.235885620117188
8777666,2018,2019-01-30,5600,2018-11-28,2254,5388,9032,3,5,6,5607,0,0,0,,0,09A,"CALLE PENSAMIENTO","CALLE JAZMIN",590.00,E,N,C,-,N,,,,,,,,,,Y,3,0,1,2,A,-,03,22350,,F,C,E,A,B,H,-,C,D,0,,,,,Y,,D,22,0,1,0,0,0,0,0,0,0,"- ","- ",,,VENTURA,"THOUSAND OAKS",-118.86572265625,34.212116241455078
8777815,2018,2019-01-28,5609,2018-12-26,1310,452,3,3,5,6,5609,0,0,0,,0,003,"PATRICIA AV","HUBBARD ST",13.00,E,N,A,-,N,,,,,,,,,,Y,3,0,2,2,A,-,08,22107,,N,G,B,F,A,H,-,A,D,0,Y,,,,Y,,A,01,0,1,1,0,1,0,0,0,0,"- ","- ",34.270038604736328,-118.77005004882812,VENTURA,"SIMI VALLEY",-118.77006530761719,34.269981384277344
8779353,2019,2019-03-07,5608,2019-01-26,1957,517,,6,5,6,5608,0,0,0,,0,001,"E MAIN ST","ALISO LN",148.00,W,N,A,-,N,,,,,,,,,,Y,2,0,1,4,A,-,08,22107,,N,B,E,A,A,H,-,C,D,0,,,,,Y,,A,01,1,0,0,0,0,0,0,0,0,"- ","- ",,,VENTURA,VENTURA,-119.27955627441406,34.280380249023438
8781821,2019,2019-03-15,5600,2019-01-25,0833,4617,9128,5,5,6,5607,0,0,0,,0,09H,"LYNN RD","HILLCREST DR",685.00,N,N,A,-,N,,,,,,,,,,N,4,0,1,3,A,-,03,22350,,N,C,C,A,A,H,-,A,A,0,,,,,Y,,D,22,0,0,1,0,0,0,0,0,0,"- ","- ",,,VENTURA,"THOUSAND OAKS",-118.89321136474609,34.187435150146484
8783217,2018,2019-01-25,5604,2018-12-18,0548,5403,,2,5,6,5604,0,0,0,,0,014,"VENTURA RD","WAGON WHEEL RD",960.00,N,N,A,-,N,,,,,,,,,,Y,4,0,1,1,A,-,03,22350,,N,E,I,A,B,H,-,C,D,0,,,,,Y,,A,01,0,0,1,0,0,0,0,0,0,"- ","- ",34.241519927978516,-119.18743133544922,VENTURA,OXNARD,-119.18914031982422,34.242141723632812
8783237,2018,2019-01-25,5604,2018-12-17,1341,5474,,1,5,6,5604,0,0,0,,0,042,"E PLEASANT VALLEY RD","E BARD RD E",0.00,,Y,C,-,N,,,,,,,,,,Y,3,0,3,3,A,-,09,21801,A,N,D,C,A,B,H,-,A,A,0,,,,,Y,,A,01,0,2,1,0,0,0,0,0,0,"- ","- ",34.161098480224609,-119.15206146240234,VENTURA,OXNARD,-119.15213775634766,34.161548614501953
8783965,2018,2019-01-29,5604,2018-12-08,1107,5454,,6,5,6,5604,0,0,0,,0,031,"COOPER RD","HAYES AV",0.00,,Y,A,-,N,,,,,,,,,,,4,0,1,2,A,-,10,21950,A,F,G,B,B,A,H,-,A,D,0,Y,,,,Y,,A,07,0,0,1,0,1,0,0,0,0,"- ","- ",34.204540252685547,-119.17534637451172,VENTURA,OXNARD,-119.17534637451172,34.204551696777344
8784735,2019,2019-02-26,5609,2019-01-19,0451,453,SIMIV,6,5,6,5609,0,0,0,,0,003,"SEQUOIA AV","ASPEN ST",412.00,N,N,A,-,N,,,,,,,,,,Y,4,0,1,1,A,-,01,23152,A,N,E,J,A,A,H,-,C,D,0,,,,Y,Y,Y,F,26,0,0,1,0,0,0,0,0,0,"- ","- ",,,VENTURA,"SIMI VALLEY",-118.73152160644531,34.249786376953125
8786508,2019,2019-02-07,5600,2019-01-03,1826,4874,6025,4,5,3,5602,0,0,0,,0,6B01,"CENTRAL AV","SESPE AV",0.00,,Y,A,-,N,,,,,,,,,,N,4,0,1,2,A,-,10,21950,A,N,G,B,B,A,H,-,C,A,0,Y,,,,Y,,A,01,0,0,1,0,1,0,0,0,0,"- ","- ",,,VENTURA,FILLMORE,-118.91374969482422,34.400680541992188
8787741,2019,2019-02-26,5600,2019-01-08,1456,2913,9109,2,5,6,5607,0,0,0,,0,09H,"CONEJO SPECTRUM ST","RANCHO CONEJO BL",296.00,S,N,A,-,N,,,,,,,,,,Y,2,0,1,1,A,-,08,22107,,N,E,I,A,A,H,-,A,D,0,,,Y,,Y,,C,02,1,0,0,0,0,0,0,0,1,"- ","- ",,,VENTURA,"THOUSAND OAKS",-118.92829132080078,34.203758239746094
8787745,2019,2019-02-26,5600,2019-01-10,0637,4221,9113,4,5,6,5607,0,0,0,,0,9H01,"LAWRENCE DR","TELLER RD",0.00,,Y,E,-,N,,,,,,,,,,Y,3,0,2,2,A,-,09,21800,C,N,D,D,A,B,H,-,C,D,0,,,,,Y,,-,"- ",0,1,1,0,0,0,0,0,0,"- ","- ",,,VENTURA,"THOUSAND OAKS",-118.929931640625,34.18988037109375
8789777,2019,2019-02-07,5604,2019-01-08,1700,4721,,2,5,6,5604,0,0,0,,0,042,"W PLEASANTA VALLEY RD","S C ST S",0.00,,Y,A,-,N,,,,,,,,,,Y,3,0,3,4,A,-,09,21801,A,N,D,C,A,A,H,-,B,A,0,,,,,Y,,A,01,0,1,2,0,0,0,0,0,0,"- ","- ",34.154720306396484,-119.18058776855469,VENTURA,OXNARD,-119.18060302734375,34.154720306396484
8789821,2019,2019-02-07,5604,2019-01-22,2015,4925,,2,5,6,5604,0,0,0,,0,022,"VENTURA RD","W 5TH ST W",0.00,,Y,A,-,N,,,,,,,,,,N,3,0,1,2,A,-,11,21950,B,N,G,B,B,A,H,-,B,A,0,Y,,,,Y,,N,60,0,1,0,0,1,0,0,0,0,"- ","- ",34.197669982910156,-119.19473266601562,VENTURA,OXNARD,-119.19487762451172,34.197711944580078
8789829,2019,2019-02-07,5604,2019-01-19,0140,5405,,6,5,6,5604,0,0,0,,0,014,"VINEYARD AV","N OXNARD BL N",0.00,,Y,A,-,N,,,,,,,,,,Y,4,0,1,2,A,-,01,23152,A,N,D,C,A,A,H,-,D,A,0,,,,,Y,Y,A,07,0,0,1,0,0,0,0,0,0,"- ","- ",34.2264404296875,-119.17748260498047,VENTURA,OXNARD,-119.17755126953125,34.226509094238281
8790759,2019,2019-02-04,5604,2019-01-02,1217,5530,,3,5,6,5604,0,0,0,,0,041,"SAVIERS RD","YUCCA ST",70.00,N,N,A,-,N,,,,,,,,,,N,4,0,1,3,A,-,03,22350,,N,C,C,A,A,H,-,A,D,0,,,,,Y,,A,07,0,0,1,0,0,0,0,0,0,"- ","- ",34.165931701660156,-119.17761993408203,VENTURA,OXNARD,-119.17772674560547,34.166133880615234
8792201,2019,2019-02-25,5608,2019-01-31,0807,476,,4,5,6,5608,0,0,0,,0,002,"MAIN ST","SEAWARD AV",0.00,W,N,C,-,N,,,,,,,,,,N,4,0,1,2,A,-,03,22350,,N,C,C,A,B,H,-,A,A,0,,,,,Y,,-,,0,0,1,0,0,0,0,0,0,"- ","- ",,,VENTURA,VENTURA,-119.26526641845703,34.276500701904297
8795207,2019,2019-02-12,5600,2019-01-24,1553,4221,9080,4,5,6,5607,0,0,0,,0,09H,"HILLCREST DR","MCCLOUD AV",15.00,W,N,A,-,N,,,,,,,,,,Y,3,0,1,2,A,-,10,21950,A,N,G,B,B,A,H,-,A,A,0,Y,,,,Y,,A,01,0,1,0,0,1,0,0,0,0,"- ","- ",,,VENTURA,"THOUSAND OAKS",-118.88739776611328,34.187004089355469
8795624,2019,2019-02-11,5604,2019-01-30,1920,4750,,3,5,6,5604,0,0,0,,0,024,"5TH ST","VENTURA RD",600.00,W,N,A,-,N,,,,,,,,,,Y,4,0,2,2,A,-,03,22350,,N,C,C,A,A,H,-,B,C,0,,,,,Y,,A,01,0,0,2,0,0,0,0,0,0,"- ","- ",34.195999145507812,-119.19989776611328,VENTURA,OXNARD,-119.19683837890625,34.197490692138672
8795652,2019,2019-02-11,5604,2019-01-26,0737,5486,,6,5,6,5604,0,0,0,,0,014,"OXNARD BL","TOWN CENTER",200.00,S,N,A,-,N,,,,,,,,,,Y,3,0,2,2,A,-,12,21453,A,N,D,C,A,A,H,-,A,A,0,,,,,Y,,A,07,0,1,1,0,0,0,0,0,0,"- ","- ",,,VENTURA,OXNARD,-119.18025207519531,34.241531372070312