CASE_ID,ACCIDENT_YEAR,PROC_DATE,JURIS,COLLISION_DATE,COLLISION_TIME,OFFICER_ID,REPORTING_DISTRICT,DAY_OF_WEEK,CHP_SHIFT,POPULATION,CNTY_CITY_LOC,SPECIAL_COND,BEAT_TYPE,CHP_BEAT_TYPE,CITY_DIVISION_LAPD,CHP_BEAT_CLASS,BEAT_NUMBER,PRIMARY_RD,SECONDARY_RD,DISTANCE,DIRECTION,INTERSECTION,WEATHER_1,WEATHER_2,STATE_HWY_IND,CALTRANS_COUNTY,CALTRANS_DISTRICT,STATE_ROUTE,ROUTE_SUFFIX,POSTMILE_PREFIX,POSTMILE,LOCATION_TYPE,RAMP_INTERSECTION,SIDE_OF_HWY,TOW_AWAY,COLLISION_SEVERITY,NUMBER_KILLED,NUMBER_INJURED,PARTY_COUNT,PRIMARY_COLL_FACTOR,PCF_CODE_OF_VIOL,PCF_VIOL_CATEGORY,PCF_VIOLATION,PCF_VIOL_SUBSECTION,HIT_AND_RUN,TYPE_OF_COLLISION,MVIW,PED_ACTION,ROAD_SURFACE,ROAD_COND_1,ROAD_COND_2,LIGHTING,CONTROL_DEVICE,CHP_ROAD_TYPE,PEDESTRIAN_ACCIDENT,BICYCLE_ACCIDENT,MOTORCYCLE_ACCIDENT,TRUCK_ACCIDENT,NOT_PRIVATE_PROPERTY,ALCOHOL_INVOLVED,STWD_VEHTYPE_AT_FAULT,CHP_VEHTYPE_AT_FAULT,COUNT_SEVERE_INJ,COUNT_VISIBLE_INJ,COUNT_COMPLAINT_PAIN,COUNT_PED_KILLED,COUNT_PED_INJURED,COUNT_BICYCLIST_KILLED,COUNT_BICYCLIST_INJURED,COUNT_MC_KILLED,COUNT_MC_INJURED,PRIMARY_RAMP,SECONDARY_RAMP,LATITUDE,LONGITUDE,COUNTY,CITY,POINT_X,POINT_Y
9629530,2023,2023-11-20,5605,2023-10-18,2041,231,PATRO,3,5,3,5605,0,0,0,,0,003,"VENTURA RD","PLEASANT VALLEY RD",40.00,S,N,A,-,N,,,,,,,,,,Y,2,0,2,2,A,-,01,23152,A,N,C,C,A,A,H,-,C,A,0,,,,,Y,Y,D,22,1,1,0,0,0,0,0,0,0,"- ","- ",34.154861450195312,-119.19522857666016,VENTURA,"PORT HUENEME",-119.19533538818359,34.154708862304688
9631570,2023,2023-11-28,5608,2023-09-26,1542,409,,2,5,6,5608,0,0,0,,0,002,"MARKET ST","WALTER ST",0.00,,Y,A,-,N,,,,,,,,,,N,3,0,1,2,A,-,09,21804,A,N,D,G,A,A,H,-,A,A,0,,Y,,,Y,,A,07,0,1,0,0,0,0,1,0,0,"- ","- ",,,VENTURA,VENTURA,-119.23892211914062,34.259002685546875
9631944,2023,2023-11-02,5608,2023-09-21,"741 ",530,,4,5,6,5608,0,0,0,,0,001,"SOUTH CHESTNUT ST","EAST SANTA CLARA ST",0.00,,Y,B,-,N,,,,,,,,,,N,3,0,1,2,A,-,12,21453,A,N,D,G,A,A,H,-,A,A,0,,Y,,,Y,,L,04,0,1,0,0,0,0,1,0,0,"- ","- ",34.279468536376953,-119.29160308837891,VENTURA,VENTURA,-119.29154968261719,34.279541015625
9633948,2023,2024-01-09,5608,2023-11-27,"827 ",561,,1,5,6,5608,0,0,0,,0,003,"TELEGRAPH RD","COLLEGE DR",0.00,,Y,A,G,N,,,,,,,,,,N,3,0,2,2,A,-,12,21453,A,N,D,C,A,A,H,-,A,A,0,,,,,Y,,A,07,0,2,0,0,0,0,0,0,0,"- ","- ",,,VENTURA,VENTURA,-119.24304962158203,34.273799896240234
9639359,2023,2023-11-29,5604,2023-10-25,1730,5569,,3,5,6,5604,0,0,0,,0,022,"PALM DR","N A ST",40.00,E,N,A,-,N,,,,,,,,,,Y,2,0,1,5,A,-,03,22350,,N,C,E,A,A,H,-,A,D,0,,,,,Y,,A,07,1,0,0,0,0,0,0,0,0,"- ","- ",34.204620361328125,-119.17849731445312,VENTURA,OXNARD,-119.17841339111328,34.205116271972656
9641223,2023,2023-11-27,5604,2023-10-20,1317,5639,,5,5,6,5604,0,0,0,,0,041,"SAVIERS RD","E BARD RD E",0.00,,Y,A,-,N,,,,,,,,,,Y,3,0,1,2,A,-,09,21801,A,N,D,C,A,A,H,-,A,A,0,,,,,Y,,A,08,0,1,0,0,0,0,0,0,0,"- ","- ",,,VENTURA,OXNARD,-119.17762756347656,34.161003112792969
9641978,2023,2023-12-14,5608,2023-10-24,1513,397,VENTU,2,5,6,5608,0,0,0,,0,002,"PIERPONT BL","MONMOUTH DR",0.00,,Y,A,-,N,,,,,,,,,,N,3,0,1,2,A,-,11,21956,A,N,D,B,E,A,H,-,A,D,0,Y,,,,Y,,N,60,0,1,0,0,1,0,0,0,0,"- ","- ",,,VENTURA,VENTURA,-119.27446746826172,34.267051696777344
9642292,2023,2024-01-23,5608,2023-11-06,1755,506,,1,5,6,5608,0,0,0,,0,004,"JOHNSON DR","NORTH BANK DR",500.00,N,N,A,-,N,,,,,,,,,,Y,3,0,3,2,A,-,09,21801,A,N,D,C,A,A,H,-,C,A,0,,,,,Y,,-,"- ",0,3,0,0,0,0,0,0,0,"- ","- ",,,VENTURA,VENTURA,-119.19589996337891,34.248016357421875
9643288,2023,2023-12-11,5604,2023-10-11,"158 ",5431,,3,5,6,5604,0,0,0,,0,022,"W WOOLEY RD","A ST",50.00,W,N,B,-,N,,,,,,,,,,Y,4,0,1,1,A,-,08,22107,,N,E,I,A,A,H,-,C,A,0,,,,,Y,,A,01,0,0,1,0,0,0,0,0,0,"- ","- ",34.190109252929688,-119.17864227294922,VENTURA,OXNARD,-119.17884826660156,34.190139770507812
9643291,2023,2023-12-11,5604,2023-10-19,1923,5405,,4,5,6,5604,0,0,0,,0,024,"W JUNIPER ST","C ST",20.00,W,N,A,-,N,,,,,,,,,,Y,4,0,1,2,A,-,03,22350,1,F,C,C,A,A,H,-,E,D,0,,,,,Y,,A,01,0,0,1,0,0,0,0,0,0,"- ","- ",34.170528411865234,-119.18115234375,VENTURA,OXNARD,-119.18136596679688,34.179561614990234
9643353,2023,2023-12-04,5604,2023-09-23,1424,5293,,6,5,6,5604,0,0,0,,0,024,"W HEMLOCK ST","S L ST S",0.00,,Y,A,-,N,,,,,,,,,,N,3,0,1,2,A,-,03,22350,,N,B,E,A,A,H,-,A,D,0,,,,,Y,,A,01,0,1,0,0,0,0,0,0,0,"- ","- ",,,VENTURA,OXNARD,-119.18910980224609,34.181072235107422
9644463,2023,2023-12-22,5604,2023-11-02,"554 ",5459,,4,5,6,5604,0,0,0,,0,024,"W WOOLEY DR","VENTURA RD",0.00,,Y,A,-,N,,,,,,,,,,N,3,0,1,2,A,-,08,22107,,N,H,-,A,A,H,-,C,A,0,,Y,,,Y,,-,99,0,1,0,0,0,0,1,0,0,"- ","- ",34.190319061279297,-119.19510650634766,VENTURA,OXNARD,-119.19512176513672,34.190296173095703
9650076,2023,2024-02-27,5608,2023-12-01,1711,496,,5,5,6,5608,0,0,0,,0,002,"HARBOR BL","OLIVAS PARK DR",0.00,,Y,A,-,N,,,,,,,,,,Y,3,0,2,2,A,-,09,21453,C,N,D,C,A,A,H,-,B,A,0,,,,,Y,,A,01,0,2,0,0,0,0,0,0,0,"- ","- ",34.244258880615234,-119.25672149658203,VENTURA,VENTURA,-119.25675964355469,34.244289398193359
9653277,2023,2024-01-16,5604,2023-11-20,1324,5648,,1,5,6,5604,0,0,0,,0,032,"E CHANNEL ISLANDS BL","STATHAM BL",30.00,W,N,A,-,N,,,,,,,,,,N,4,0,1,1,A,-,07,21658,A,N,A,I,A,A,A,-,A,A,0,,,,,Y,,-,,0,0,1,0,0,0,0,0,0,"- ","- ",34.173370361328125,-119.16562652587891,VENTURA,OXNARD,-119.16574859619141,34.173320770263672
9653634,2023,2024-02-23,5604,2023-12-03,"30  ",5615,,7,5,6,5604,0,0,0,,0,032,"S OXNARD BL","WOOLEY RD",10.00,S,N,A,-,N,,,,,,,,,,Y,4,0,1,2,A,-,03,22350,,F,C,C,A,A,H,-,C,A,0,,,,,Y,,A,01,0,0,1,0,0,0,0,0,0,"- ","- ",,,VENTURA,OXNARD,-119.17754364013672,34.190059661865234
9657308,2024,2024-04-11,5604,2024-01-13,1830,5243,,6,5,6,5604,0,0,0,,0,032,"WOOLEY RD","W OXNARD BL",0.00,,Y,A,-,N,,,,,,,,,,Y,2,0,1,2,A,-,11,21461,5,N,G,B,B,A,H,-,C,A,0,Y,,,,Y,,N,60,1,0,0,0,1,0,0,0,0,"- ","- ",,,VENTURA,OXNARD,-119.17742919921875,34.190010070800781
9657469,2023,2024-03-30,5604,2023-12-29,2058,5396,,5,5,6,5604,0,0,0,,0,021,"W WOOLEY RD","CHESAPEAKE DR",50.00,W,N,A,-,N,,,,,,,,,,Y,3,0,1,2,A,-,01,23152,A,N,C,C,A,A,H,-,C,D,0,,,,,Y,Y,A,01,0,1,0,0,0,0,0,0,0,"- ","- ",34.190349578857422,-119.23249816894531,VENTURA,OXNARD,-119.23271179199219,34.190387725830078
9661831,2024,2024-05-09,5604,2024-01-24,1700,5643,,3,5,6,5604,0,0,0,,0,014,"RT 232","OLIVE ST",50.00,E,N,F,-,Y,VEN,7,232,-,-,0.700,H,-,S,N,4,0,1,2,D,-,00,,,N,B,C,A,A,H,-,A,D,0,,,,,Y,,-,"- ",0,0,1,0,0,0,0,0,0,"- ","- ",34.233478546142578,-119.16976165771484,VENTURA,OXNARD,-119.17093658447266,34.235050201416016
9667011,2024,2024-03-01,5608,2024-01-22,1404,508,,1,5,6,5608,0,0,0,,0,004,"AUTO CENTER DR","PERKIN AV",430.00,W,N,C,-,N,,,,,,,,,,Y,3,0,2,3,A,-,03,22350,,N,C,C,A,B,H,-,A,D,0,,,,,Y,,D,22,0,2,0,0,0,0,0,0,0,"- ","- ",,,VENTURA,VENTURA,-119.20113372802734,34.246482849121094
9667138,2024,2024-03-26,5608,2024-01-29,2028,441,,1,5,6,5608,0,0,0,,0,004,"MOON DR","ALAMEDA AV",0.00,,Y,A,-,N,,,,,,,,,,N,3,0,1,2,A,-,12,22450,A,N,D,G,A,A,H,-,D,A,0,,Y,,,Y,,L,04,0,1,0,0,0,0,1,0,0,"- ","- ",,,VENTURA,VENTURA,-119.2091064453125,34.25604248046875
9667145,2024,2024-03-25,5604,2024-01-29,1517,5354,,1,5,6,5604,0,0,0,,0,024,"E HEMLOCK ST","S C ST S",0.00,,Y,A,-,N,,,,,,,,,,N,4,0,1,2,A,-,05,21650,1,N,D,G,A,A,H,-,A,D,0,,Y,,,Y,,A,01,0,0,1,0,0,0,1,0,0,"- ","- ",,,VENTURA,OXNARD,-119.18128204345703,34.18115234375
9667149,2024,2024-03-25,5604,2024-01-26,1543,5723,,5,5,6,5604,0,0,0,,0,041,"S ROSE AV","RAIDERS WY",0.00,,Y,A,-,N,,,,,,,,,,N,4,0,2,3,A,-,10,21950,A,N,A,B,B,A,H,-,A,A,0,Y,,,,Y,,A,01,0,0,2,0,2,0,0,0,0,"- ","- ",,,VENTURA,OXNARD,-119.16017150878906,34.171669006347656
9667170,2023,2024-02-21,5604,2023-12-11,"540 ",5643,,1,5,6,5604,0,0,0,,0,022,"S OXNARD BL","W 5TH ST W",0.00,,Y,A,G,N,,,,,,,,,,Y,4,0,2,2,A,-,09,21801,A,N,B,C,A,A,H,-,C,A,0,,,,,Y,,A,01,0,0,2,0,0,0,0,0,0,"- ","- ",,,VENTURA,OXNARD,-119.17746734619141,34.197685241699219
9668815,2024,2024-04-08,5604,2024-02-13,1548,5772,,2,5,6,5604,0,0,0,,0,024,"S VENTURA RD","E BAY BL E",0.00,,Y,A,-,N,,,,,,,,,,Y,2,0,1,2,A,-,09,21801,A,N,D,C,A,A,H,-,A,A,0,,,Y,,Y,,A,01,1,0,0,0,0,0,0,0,1,"- ","- ",,,VENTURA,OXNARD,-119.19509124755859,34.178230285644531
9668826,2024,2024-04-08,5604,2024-02-24,2235,5714,,6,5,6,5604,0,0,0,,0,014,"N H ST","ERICA PL",100.00,N,N,A,-,N,,,,,,,,,,Y,4,0,1,2,A,-,01,23152,B,F,B,C,A,A,H,-,C,A,0,,,,,Y,Y,A,01,0,0,1,0,0,0,0,0,0,"- ","- ",34.224491119384766,-119.18653869628906,VENTURA,OXNARD,-119.18625640869141,34.223983764648438
9668844,2024,2024-04-11,5604,2024-02-09,"457 ",5586,,5,5,6,5604,0,0,0,,0,031,"N OXNARD BLVD","GLENWOOD DR",500.00,N,N,A,-,N,,,,,,,,,,Y,3,0,1,2,A,-,14,21201,D,N,G,G,A,A,H,-,C,D,0,,Y,,,Y,,L,04,0,1,0,0,0,0,1,0,0,"- ","- ",34.214321136474609,-119.17720031738281,VENTURA,OXNARD,-119.17740631103516,34.215709686279297
9668845,2024,2024-04-16,5604,2024-02-10,1941,5696,,6,5,6,5604,0,0,0,,0,022,"N VENTURA RD","DORIS AV",0.00,,Y,A,-,N,,,,,,,,,,Y,4,0,2,3,A,-,08,22107,,N,D,C,A,A,H,-,C,A,0,,,,,Y,,A,01,0,0,2,0,0,0,0,0,0,"- ","- ",34.208328247070312,-119.19467163085938,VENTURA,OXNARD,-119.19464111328125,34.208362579345703
9669028,2024,2024-04-29,5604,2024-02-06,2246,5624,,2,5,6,5604,0,0,0,,0,012,"E GONZALES RD","N RICE AVE N",0.00,,Y,A,-,N,,,,,,,,,,Y,4,0,2,2,D,-,00,,,N,A,C,A,B,H,-,C,A,0,,,,,Y,,-,"- ",0,0,2,0,0,0,0,0,0,"- ","- ",34.218879699707031,-119.15827941894531,VENTURA,OXNARD,-119.14210510253906,34.218727111816406
9672706,2024,2024-04-16,5604,2024-02-18,2125,5714,,7,5,6,5604,0,0,0,,0,022,"N A ST","MAGNOLIA AV",0.00,,Y,C,-,N,,,,,,,,,,Y,4,0,1,2,A,-,01,23152,A,N,B,C,A,B,H,-,C,A,0,,,,,Y,Y,A,01,0,0,1,0,0,0,0,0,0,"- ","- ",34.203971862792969,-119.17851257324219,VENTURA,OXNARD,-119.17852783203125,34.203994750976562
9680722,2024,2024-05-21,5604,2024-03-05,1443,5693,,2,5,6,5604,0,0,0,,0,011,"W GONZALES RD","VENTURA RD",250.00,E,N,A,-,N,,,,,,,,,,N,4,0,1,2,A,-,04,21703,,N,C,C,A,A,H,-,A,A,0,,,,,Y,,A,01,0,0,1,0,0,0,0,0,0,"- ","- ",,,VENTURA,OXNARD,-119.19381713867188,34.219211578369141
9683492,2024,2024-07-10,5604,2024-03-13,"806 ",5354,,3,5,6,5604,0,0,0,,0,031,"CAMINO DEL SOL","KOHALA ST",0.00,,Y,A,-,N,,,,,,,,,,Y,4,0,2,2,A,-,12,21453,A,N,D,C,A,A,H,-,A,A,0,,,,,Y,,A,08,0,0,2,0,0,0,0,0,0,"- ","- ",,,VENTURA,OXNARD,-119.15125274658203,34.206291198730469
9683643,2024,2024-04-10,5604,2024-02-09,1700,5390,,5,5,6,5604,0,0,0,,0,023,"WEST 5TH ST","N C ST N",0.00,,Y,A,-,N,,,,,,,,,,Y,4,0,1,2,A,-,03,22350,,F,D,C,A,A,H,-,B,A,0,,,,,Y,,A,01,0,0,1,0,0,0,0,0,0,"- ","- ",34.197521209716797,-119.18109893798828,VENTURA,OXNARD,-119.18110656738281,34.197517395019531
9684205,2024,2024-05-09,5608,2024-03-02,"334 ",496,,6,5,6,5608,0,0,0,,0,003,"LOMA VISTA RD","FAIRFAX AV",30.00,E,N,B,-,N,,,,,,,,,,Y,3,0,1,1,A,-,03,22350,,N,E,I,A,B,H,-,C,D,0,,,,,Y,,A,01,0,1,0,0,0,0,0,0,0,"- ","- ",,,VENTURA,VENTURA,-119.22264862060547,34.280559539794922
9684743,2024,2024-05-09,5608,2024-03-08,1306,523,,5,5,6,5608,0,0,0,,0,002,"HARBOR BL","MONMOUTH WY",20.00,E,N,A,-,N,,,,,,,,,,Y,3,0,1,2,A,-,08,22107,,N,D,C,A,A,H,-,A,A,0,,,,,Y,,A,01,0,1,0,0,0,0,0,0,0,"- ","- ",34.267288208007812,-119.27269744873047,VENTURA,VENTURA,-119.27283477783203,34.267433166503906
9685709,2023,2024-06-19,5605,2023-03-16,1252,147,PATRO,4,5,3,5605,0,0,0,,0,003,"PORT HUENEME RD","SURFSIDE DR",0.00,,Y,A,-,N,,,,,,,,,,Y,2,0,1,2,A,-,09,21801,A,N,D,C,A,A,H,-,A,A,0,,,,Y,Y,,D,22,1,0,0,0,0,0,0,0,0,"- ","- ",34.147228240966797,-119.19066619873047,VENTURA,"PORT HUENEME",-119.19049072265625,34.147602081298828
9685729,2024,2024-06-25,5608,2024-04-18,1355,452,,4,5,6,5608,0,0,0,,0,002,"HARBOR BL",SPINNAKER,300.00,W,N,A,-,N,,,,,,,,,,N,4,0,1,2,A,-,03,22350,,N,C,C,A,A,H,-,A,A,0,,,,,Y,,D,22,0,0,1,0,0,0,0,0,0,"- ","- ",,,VENTURA,VENTURA,-119.25694274902344,34.244281768798828
9685917,2024,2024-06-27,5608,2024-04-09,"825 ",465,,2,5,6,5608,0,0,0,,0,004,"VENTURA BL","NORTHBANK DR",0.00,,Y,A,-,N,,,,,,,,,,Y,3,0,1,3,A,-,09,21802,A,N,D,C,A,A,H,-,A,D,0,,,,,Y,,-,,0,1,0,0,0,0,0,0,0,"- ","- ",,,VENTURA,VENTURA,-119.19602966308594,34.245685577392578
9686041,2024,2024-07-15,5604,2024-04-30,2041,5415,,2,5,6,5604,0,0,0,,0,011,"N C ST","GONZALES RD",0.00,,Y,A,-,N,,,,,,,,,,Y,3,0,2,2,A,-,12,21453,A,N,D,C,A,A,H,-,C,A,0,,,,,Y,,A,08,0,1,1,0,0,0,0,0,0,"- ","- ",34.219089508056641,-119.18083953857422,VENTURA,OXNARD,-119.18083953857422,34.219089508056641
9686259,2024,2024-07-23,5608,2024-05-17,1326,469,,5,5,6,5608,0,0,0,,0,004,"RAMELLI AV","RALSTON ST",0.00,,Y,A,-,N,,,,,,,,,,Y,3,0,1,2,A,-,09,21801,A,N,D,C,A,A,H,-,A,D,0,,,,,Y,,A,01,0,1,0,0,0,0,0,0,0,"- ","- ",,,VENTURA,VENTURA,-119.19222259521484,34.261856079101562
9686375,2024,2024-07-18,5604,2024-05-28,2030,5377,,2,5,6,5604,0,0,0,,0,041,"E CHANNEL ISLANDS BL","ROSE AV",10.00,W,N,A,-,N,,,,,,,,,,N,4,0,1,2,A,-,03,22350,,F,C,C,A,A,H,-,B,A,0,,,,,Y,,D,22,0,0,1,0,0,0,0,0,0,"- ","- ",34.173770904541016,-119.15962219238281,VENTURA,OXNARD,-119.16020202636719,34.173221588134766
9686636,2024,2024-08-30,5608,2024-06-05,1237,519,,3,5,6,5608,0,0,0,,0,004,"PERKIN AV","AUTO CENTER DR",179.00,S,N,A,-,N,,,,,,,,,,N,4,0,1,2,A,-,00,23103,A,N,C,E,A,A,H,-,A,D,0,,,,,Y,,A,01,0,0,1,0,0,0,0,0,0,"- ","- ",,,VENTURA,VENTURA,-119.20020294189453,34.245433807373047
9689785,2024,2024-05-24,5608,2024-03-19,1842,503,,2,5,6,5608,0,0,0,,0,003,"TELEGRAPH RD","MILLS RD",10.00,W,N,A,-,N,,,,,,,,,,N,4,0,2,2,A,-,11,21456,B,N,D,G,A,A,H,-,A,A,0,,Y,,,Y,,L,04,0,0,2,0,0,0,2,0,0,"- ","- ",,,VENTURA,VENTURA,-119.24785614013672,34.273075103759766
9691479,2024,2024-06-26,5604,2024-03-22,1410,5773,,5,5,6,5604,0,0,0,,0,022,"S OXNARD BLVD","COOPER RD",0.00,,Y,A,-,N,,,,,,,,,,Y,4,0,2,2,A,-,12,21453,A,N,D,C,A,A,H,-,A,A,0,,,,,Y,,D,22,0,0,2,0,0,0,0,0,0,"- ","- ",,,VENTURA,OXNARD,-119.17739105224609,34.204563140869141
9694250,2024,2024-06-28,5604,2024-03-18,"635 ",5475,,1,5,6,5604,0,0,0,,0,041,"S OXNARD BL","PLEASANTA VALLEY",500.00,N,N,A,-,N,,,,,,,,,,Y,4,0,2,2,A,-,03,22350,,N,C,C,A,A,H,-,A,A,0,,,,,Y,,A,07,0,0,2,0,0,0,0,0,0,"- ","- ",34.172569274902344,-119.15660095214844,VENTURA,OXNARD,-119.14550018310547,34.166217803955078
9697136,2024,2024-05-04,5608,2024-03-28,1255,456,VENTU,4,5,6,5608,0,0,0,,0,004,"AUTO CENTER DR","PERKING AV",600.00,E,N,A,-,N,,,,,,,,,,Y,3,0,2,2,A,-,09,21804,,N,D,C,A,A,H,-,A,D,0,,,,,Y,,A,01,0,2,0,0,0,0,0,0,0,"- ","- ",,,VENTURA,VENTURA,-119.1982421875,34.2449951171875
9701943,2024,2024-07-30,5608,2024-05-13,"156 ",539,,1,5,6,5608,0,0,0,,0,001,"E MAIN ST","NORTH VENTURA AV",399.00,E,N,A,-,N,,,,,,,,,,N,3,0,1,2,A,-,15,21201,A,N,D,G,A,A,H,-,C,D,0,,Y,,,Y,,L,04,0,1,0,0,0,0,1,0,0,"- ","- ",,,VENTURA,VENTURA,-119.29946136474609,34.2808837890625
9702386,2024,2024-07-17,5608,2024-06-18,"834 ",553,,2,5,6,5608,0,0,0,,0,001,"THOMPSON AV","OAK ST",217.00,W,N,A,-,N,,,,,,,,,,N,4,0,1,2,A,-,11,21954,A,N,G,B,D,A,H,-,A,D,0,Y,,,,Y,,N,60,0,0,1,0,1,0,0,0,0,"- ","- ",,,VENTURA,VENTURA,-119.29537963867188,34.278270721435547
9706967,2024,2024-07-25,5604,2024-05-17,2157,5415,,5,5,6,5604,0,0,0,,0,014,"W ESPLANADE DR","VINEYARD AV",0.00,,Y,A,-,N,,,,,,,,,,Y,4,0,2,2,A,-,06,21751,,F,B,C,A,A,H,-,C,A,0,,,,,Y,,A,01,0,0,2,0,0,0,0,0,0,"- ","- ",34.229999542236328,-119.17465209960938,VENTURA,OXNARD,-119.17465972900391,34.229995727539062
9707348,2024,2024-07-25,5608,2024-05-18,1338,542,,6,5,6,5608,0,0,0,,0,001,"E SANTA CLARA ST","VENTURA AV",200.00,W,N,A,-,N,,,,,,,,,,Y,4,0,1,3,A,-,04,21703,,N,C,C,A,A,H,-,A,D,0,,,,,Y,,A,01,0,0,1,0,0,0,0,0,0,"- ","- ",,,VENTURA,VENTURA,-119.30077362060547,34.279518127441406
9707352,2024,2024-07-25,5608,2024-05-12,1025,561,,7,5,6,5608,0,0,0,,0,004,"JOHNSON DR","BRISTOL RD",0.00,,Y,B,-,N,,,,,,,,,,Y,3,0,2,2,A,-,08,22107,,N,D,C,A,A,H,-,A,A,0,,,,,Y,,A,07,0,2,0,0,0,0,0,0,0,"- ","- ",,,VENTURA,VENTURA,-119.19760894775391,34.254604339599609
9710616,2024,2024-08-20,5608,2024-07-03,1326,496,,3,5,6,5608,0,0,0,,0,003,"TELEGRAPH RD","ESTATES AV",0.00,,Y,A,-,N,,,,,,,,,,Y,4,0,2,2,A,-,12,21453,A,N,D,C,A,A,H,-,A,A,0,,,,,Y,,A,01,0,0,2,0,0,0,0,0,0,"- ","- ",,,VENTURA,VENTURA,-119.23068237304688,34.275619506835938
9713010,2024,2024-08-14,5608,2024-06-11,1325,565,,2,5,6,5608,0,0,0,,0,003,"TELEGRAPH RD","N BRYN MAWR ST",0.00,,Y,B,-,N,,,,,,,,,,Y,3,0,2,2,A,-,09,21801,A,N,D,C,A,A,H,-,A,A,0,,,,,Y,,A,01,0,1,1,0,0,0,0,0,0,"- ","- ",37.276958465576172,-119.22223663330078,VENTURA,VENTURA,-119.22217559814453,34.276939392089844
9713067,2024,2024-08-14,5604,2024-06-04,1047,5773,,2,5,6,5604,0,0,0,,0,022,"DORIS AV","N N ST",0.00,,Y,B,-,N,,,,,,,,,,Y,3,0,1,2,A,-,09,21802,A,N,D,C,A,A,H,-,A,A,0,,,,,Y,,A,01,0,1,0,0,0,0,0,0,0,"- ","- ",34.208110809326172,-119.19332122802734,VENTURA,OXNARD,-119.19332122802734,34.208091735839844
9716324,2024,2024-08-20,5604,2024-06-15,1532,5608,,6,5,6,5604,0,0,0,,0,021,"SOUTH VICTORIA AV","DUNKIRK DR",0.00,,Y,A,-,N,,,,,,,,,,Y,2,0,5,2,A,-,08,22100,A,N,A,C,A,A,H,-,A,D,0,,,,,Y,,A,01,1,2,2,0,0,0,0,0,0,"- ","- ",34.197639465332031,-119.22116088867188,VENTURA,OXNARD,,
9716444,2024,2024-07-25,5604,2024-06-14,1812,5407,,5,5,6,5604,0,0,0,,0,024,"S VENTURA RD","W BAY BLVD W",0.00,,Y,A,-,N,,,,,,,,,,N,3,0,1,2,A,-,09,21800,A,F,E,A,A,A,H,-,A,A,0,,,Y,,Y,,A,01,0,1,0,0,0,0,0,0,1,"- ","- ",34.178230285644531,-119.19496917724609,VENTURA,OXNARD,-119.19509124755859,34.178230285644531
9716500,2024,2024-07-26,5604,2024-06-08,1150,5730,,6,5,6,5604,0,0,0,,0,041,"BRYCE CANYON AVE","F ST",0.00,,Y,A,-,N,,,,,,,,,,N,3,0,1,2,D,-,00,,,N,A,C,A,A,H,-,A,A,0,,,,,Y,,-,"- ",0,1,0,0,0,0,0,0,0,"- ","- ",34.175579071044922,-119.19126129150391,VENTURA,OXNARD,-119.18403625488281,34.169815063476562
9716507,2024,2024-07-31,5604,2024-06-09,1828,5675,,7,5,6,5604,0,0,0,,0,012,"ROSE AV","LOCKWOOD ST",100.00,N,N,A,-,N,,,,,,,,,,Y,4,0,1,2,A,-,01,23153,A,F,B,C,A,A,A,-,A,A,0,,,,,Y,Y,A,01,0,0,1,0,0,0,0,0,0,"- ","- ",34.222000122070312,-119.15799713134766,VENTURA,OXNARD,-119.1583251953125,34.222381591796875
9717888,2024,2024-08-14,5604,2024-06-13,1337,5354,,4,5,6,5604,0,0,0,,0,031,"ROSE AV","CAMINO DEL SOL",0.00,,Y,A,-,N,,,,,,,,,,Y,3,0,2,2,A,-,12,21453,A,N,D,C,A,A,H,-,A,A,0,,,,,Y,,A,07,0,1,1,0,0,0,0,0,0,"- ","- ",,,VENTURA,OXNARD,-119.15969085693359,34.206352233886719
9719486,2024,2024-08-02,5608,2024-06-28,1106,542,,5,5,6,5608,0,0,0,,0,002,"SEAWARD AV","HARBOR BL",150.00,N,N,A,-,N,,,,,,,,,,N,4,0,1,1,A,-,08,22107,,N,H,A,A,A,H,-,A,A,0,,,Y,,Y,,C,02,0,0,1,0,0,0,0,0,1,"- ","- ",,,VENTURA,VENTURA,-119.269775390625,34.264987945556641
9725469,2024,2024-09-17,5608,2024-08-02,1605,535,,5,5,6,5608,0,0,0,,0,004,"WELLS RD","DARLING RD",0.00,,Y,A,-,N,,,,,,,,,,Y,3,0,1,2,A,-,04,21703,,N,C,C,A,A,H,-,A,A,0,,,,,Y,,A,01,0,1,0,0,0,0,0,0,0,"- ","- ",,,VENTURA,VENTURA,-119.15362548828125,34.286617279052734
9726085,2024,2024-08-29,5604,2024-07-06,1439,5567,,6,5,6,5604,0,0,0,,0,032,"E HEMLOCK ST","GISLER AV",0.00,,Y,A,-,N,,,,,,,,,,Y,3,0,5,2,A,-,09,21801,A,N,D,C,A,A,H,-,A,A,0,,,,,Y,,A,01,0,1,4,0,0,0,0,0,0,"- ","- ",34.180290222167969,-119.17212677001953,VENTURA,OXNARD,-119.17214965820312,34.180282592773438
9726087,2024,2024-08-29,5604,2024-07-10,"540 ",5018,,3,5,6,5604,0,0,0,,0,011,"N H ST","RODERICK ST",0.00,,Y,A,-,N,,,,,,,,,,Y,4,0,1,2,A,-,12,22450,A,F,D,C,A,A,H,-,A,D,0,,,,,Y,,A,01,0,0,1,0,0,0,0,0,0,"- ","- ",34.209819793701172,-119.18801116943359,VENTURA,OXNARD,-119.18801116943359,34.2098388671875
9727933,2024,2024-10-03,5608,2024-08-18,"618 ",544,,7,5,6,5608,0,0,0,,0,001,"NORTH VENTURA AV","BARNETT ST",9.00,N,N,B,-,N,,,,,,,,,,Y,3,0,1,2,A,-,08,22107,A,N,G,B,F,A,H,-,B,D,0,Y,,,,Y,,D,22,0,1,0,0,1,0,0,0,0,"- ","- ",,,VENTURA,VENTURA,-119.29768371582031,34.291755676269531